# Bruker SAA-SPH-1UM -- near-field cutaway as drawn in afm-3d.html.
# Dome bottom (R = 1000 nm) out to r = 100 nm, then a 170 nm schematic shaft.
# The real column is 2000 nm across; this shaft is NOT its true width.
# Sag at r = 100 nm is only 5.01 nm. Units: nanometres. +Y up, apex at origin.
# Generated by make_saa_sph_obj.py
#
# vertices: 12418   triangles: 24832

o saa_sph_1um_cutaway
v 0.000000 0.000000 0.000000
v 1.041667 0.000543 0.000000
v 1.040412 0.000543 0.051112
v 1.036651 0.000543 0.102101
v 1.030392 0.000543 0.152844
v 1.021651 0.000543 0.203219
v 1.010449 0.000543 0.253104
v 0.996813 0.000543 0.302380
v 0.980775 0.000543 0.350927
v 0.962375 0.000543 0.398629
v 0.941656 0.000543 0.445370
v 0.918668 0.000543 0.491038
v 0.893467 0.000543 0.535524
v 0.866114 0.000543 0.578719
v 0.836675 0.000543 0.620520
v 0.805219 0.000543 0.660826
v 0.771824 0.000543 0.699541
v 0.736570 0.000543 0.736570
v 0.699541 0.000543 0.771824
v 0.660826 0.000543 0.805219
v 0.620520 0.000543 0.836675
v 0.578719 0.000543 0.866114
v 0.535524 0.000543 0.893467
v 0.491038 0.000543 0.918668
v 0.445370 0.000543 0.941656
v 0.398629 0.000543 0.962375
v 0.350927 0.000543 0.980775
v 0.302380 0.000543 0.996813
v 0.253104 0.000543 1.010449
v 0.203219 0.000543 1.021651
v 0.152844 0.000543 1.030392
v 0.102101 0.000543 1.036651
v 0.051112 0.000543 1.040412
v 0.000000 0.000543 1.041667
v -0.051112 0.000543 1.040412
v -0.102101 0.000543 1.036651
v -0.152844 0.000543 1.030392
v -0.203219 0.000543 1.021651
v -0.253104 0.000543 1.010449
v -0.302380 0.000543 0.996813
v -0.350927 0.000543 0.980775
v -0.398629 0.000543 0.962375
v -0.445370 0.000543 0.941656
v -0.491038 0.000543 0.918668
v -0.535524 0.000543 0.893467
v -0.578719 0.000543 0.866114
v -0.620520 0.000543 0.836675
v -0.660826 0.000543 0.805219
v -0.699541 0.000543 0.771824
v -0.736570 0.000543 0.736570
v -0.771824 0.000543 0.699541
v -0.805219 0.000543 0.660826
v -0.836675 0.000543 0.620520
v -0.866114 0.000543 0.578719
v -0.893467 0.000543 0.535524
v -0.918668 0.000543 0.491038
v -0.941656 0.000543 0.445370
v -0.962375 0.000543 0.398629
v -0.980775 0.000543 0.350927
v -0.996813 0.000543 0.302380
v -1.010449 0.000543 0.253104
v -1.021651 0.000543 0.203219
v -1.030392 0.000543 0.152844
v -1.036651 0.000543 0.102101
v -1.040412 0.000543 0.051112
v -1.041667 0.000543 0.000000
v -1.040412 0.000543 -0.051112
v -1.036651 0.000543 -0.102101
v -1.030392 0.000543 -0.152844
v -1.021651 0.000543 -0.203219
v -1.010449 0.000543 -0.253104
v -0.996813 0.000543 -0.302380
v -0.980775 0.000543 -0.350927
v -0.962375 0.000543 -0.398629
v -0.941656 0.000543 -0.445370
v -0.918668 0.000543 -0.491038
v -0.893467 0.000543 -0.535524
v -0.866114 0.000543 -0.578719
v -0.836675 0.000543 -0.620520
v -0.805219 0.000543 -0.660826
v -0.771824 0.000543 -0.699541
v -0.736570 0.000543 -0.736570
v -0.699541 0.000543 -0.771824
v -0.660826 0.000543 -0.805219
v -0.620520 0.000543 -0.836675
v -0.578719 0.000543 -0.866114
v -0.535524 0.000543 -0.893467
v -0.491038 0.000543 -0.918668
v -0.445370 0.000543 -0.941656
v -0.398629 0.000543 -0.962375
v -0.350927 0.000543 -0.980775
v -0.302380 0.000543 -0.996813
v -0.253104 0.000543 -1.010449
v -0.203219 0.000543 -1.021651
v -0.152844 0.000543 -1.030392
v -0.102101 0.000543 -1.036651
v -0.051112 0.000543 -1.040412
v -0.000000 0.000543 -1.041667
v 0.051112 0.000543 -1.040412
v 0.102101 0.000543 -1.036651
v 0.152844 0.000543 -1.030392
v 0.203219 0.000543 -1.021651
v 0.253104 0.000543 -1.010449
v 0.302380 0.000543 -0.996813
v 0.350927 0.000543 -0.980775
v 0.398629 0.000543 -0.962375
v 0.445370 0.000543 -0.941656
v 0.491038 0.000543 -0.918668
v 0.535524 0.000543 -0.893467
v 0.578719 0.000543 -0.866114
v 0.620520 0.000543 -0.836675
v 0.660826 0.000543 -0.805219
v 0.699541 0.000543 -0.771824
v 0.736570 0.000543 -0.736570
v 0.771824 0.000543 -0.699541
v 0.805219 0.000543 -0.660826
v 0.836675 0.000543 -0.620520
v 0.866114 0.000543 -0.578719
v 0.893467 0.000543 -0.535524
v 0.918668 0.000543 -0.491038
v 0.941656 0.000543 -0.445370
v 0.962375 0.000543 -0.398629
v 0.980775 0.000543 -0.350927
v 0.996813 0.000543 -0.302380
v 1.010449 0.000543 -0.253104
v 1.021651 0.000543 -0.203219
v 1.030392 0.000543 -0.152844
v 1.036651 0.000543 -0.102101
v 1.040412 0.000543 -0.051112
v 2.083333 0.002170 0.000000
v 2.080824 0.002170 0.102224
v 2.073302 0.002170 0.204202
v 2.060784 0.002170 0.305688
v 2.043303 0.002170 0.406438
v 2.020898 0.002170 0.506209
v 1.993626 0.002170 0.604760
v 1.961550 0.002170 0.701854
v 1.924749 0.002170 0.797257
v 1.883311 0.002170 0.890740
v 1.837336 0.002170 0.982077
v 1.786935 0.002170 1.071047
v 1.732228 0.002170 1.157438
v 1.673349 0.002170 1.241040
v 1.610438 0.002170 1.321653
v 1.543648 0.002170 1.399081
v 1.473139 0.002170 1.473139
v 1.399081 0.002170 1.543648
v 1.321653 0.002170 1.610438
v 1.241040 0.002170 1.673349
v 1.157438 0.002170 1.732228
v 1.071047 0.002170 1.786935
v 0.982077 0.002170 1.837336
v 0.890740 0.002170 1.883311
v 0.797257 0.002170 1.924749
v 0.701854 0.002170 1.961550
v 0.604760 0.002170 1.993626
v 0.506209 0.002170 2.020898
v 0.406438 0.002170 2.043303
v 0.305688 0.002170 2.060784
v 0.204202 0.002170 2.073302
v 0.102224 0.002170 2.080824
v 0.000000 0.002170 2.083333
v -0.102224 0.002170 2.080824
v -0.204202 0.002170 2.073302
v -0.305688 0.002170 2.060784
v -0.406438 0.002170 2.043303
v -0.506209 0.002170 2.020898
v -0.604760 0.002170 1.993626
v -0.701854 0.002170 1.961550
v -0.797257 0.002170 1.924749
v -0.890740 0.002170 1.883311
v -0.982077 0.002170 1.837336
v -1.071047 0.002170 1.786935
v -1.157438 0.002170 1.732228
v -1.241040 0.002170 1.673349
v -1.321653 0.002170 1.610438
v -1.399081 0.002170 1.543648
v -1.473139 0.002170 1.473139
v -1.543648 0.002170 1.399081
v -1.610438 0.002170 1.321653
v -1.673349 0.002170 1.241040
v -1.732228 0.002170 1.157438
v -1.786935 0.002170 1.071047
v -1.837336 0.002170 0.982077
v -1.883311 0.002170 0.890740
v -1.924749 0.002170 0.797257
v -1.961550 0.002170 0.701854
v -1.993626 0.002170 0.604760
v -2.020898 0.002170 0.506209
v -2.043303 0.002170 0.406438
v -2.060784 0.002170 0.305688
v -2.073302 0.002170 0.204202
v -2.080824 0.002170 0.102224
v -2.083333 0.002170 0.000000
v -2.080824 0.002170 -0.102224
v -2.073302 0.002170 -0.204202
v -2.060784 0.002170 -0.305688
v -2.043303 0.002170 -0.406438
v -2.020898 0.002170 -0.506209
v -1.993626 0.002170 -0.604760
v -1.961550 0.002170 -0.701854
v -1.924749 0.002170 -0.797257
v -1.883311 0.002170 -0.890740
v -1.837336 0.002170 -0.982077
v -1.786935 0.002170 -1.071047
v -1.732228 0.002170 -1.157438
v -1.673349 0.002170 -1.241040
v -1.610438 0.002170 -1.321653
v -1.543648 0.002170 -1.399081
v -1.473139 0.002170 -1.473139
v -1.399081 0.002170 -1.543648
v -1.321653 0.002170 -1.610438
v -1.241040 0.002170 -1.673349
v -1.157438 0.002170 -1.732228
v -1.071047 0.002170 -1.786935
v -0.982077 0.002170 -1.837336
v -0.890740 0.002170 -1.883311
v -0.797257 0.002170 -1.924749
v -0.701854 0.002170 -1.961550
v -0.604760 0.002170 -1.993626
v -0.506209 0.002170 -2.020898
v -0.406438 0.002170 -2.043303
v -0.305688 0.002170 -2.060784
v -0.204202 0.002170 -2.073302
v -0.102224 0.002170 -2.080824
v -0.000000 0.002170 -2.083333
v 0.102224 0.002170 -2.080824
v 0.204202 0.002170 -2.073302
v 0.305688 0.002170 -2.060784
v 0.406438 0.002170 -2.043303
v 0.506209 0.002170 -2.020898
v 0.604760 0.002170 -1.993626
v 0.701854 0.002170 -1.961550
v 0.797257 0.002170 -1.924749
v 0.890740 0.002170 -1.883311
v 0.982077 0.002170 -1.837336
v 1.071047 0.002170 -1.786935
v 1.157438 0.002170 -1.732228
v 1.241040 0.002170 -1.673349
v 1.321653 0.002170 -1.610438
v 1.399081 0.002170 -1.543648
v 1.473139 0.002170 -1.473139
v 1.543648 0.002170 -1.399081
v 1.610438 0.002170 -1.321653
v 1.673349 0.002170 -1.241040
v 1.732228 0.002170 -1.157438
v 1.786935 0.002170 -1.071047
v 1.837336 0.002170 -0.982077
v 1.883311 0.002170 -0.890740
v 1.924749 0.002170 -0.797257
v 1.961550 0.002170 -0.701854
v 1.993626 0.002170 -0.604760
v 2.020898 0.002170 -0.506209
v 2.043303 0.002170 -0.406438
v 2.060784 0.002170 -0.305688
v 2.073302 0.002170 -0.204202
v 2.080824 0.002170 -0.102224
v 3.125000 0.004883 0.000000
v 3.121236 0.004883 0.153336
v 3.109952 0.004883 0.306304
v 3.091177 0.004883 0.458533
v 3.064954 0.004883 0.609657
v 3.031348 0.004883 0.759313
v 2.990439 0.004883 0.907140
v 2.942325 0.004883 1.052781
v 2.887124 0.004883 1.195886
v 2.824967 0.004883 1.336110
v 2.756004 0.004883 1.473115
v 2.680402 0.004883 1.606571
v 2.598343 0.004883 1.736157
v 2.510024 0.004883 1.861560
v 2.415658 0.004883 1.982479
v 2.315472 0.004883 2.098622
v 2.209709 0.004883 2.209709
v 2.098622 0.004883 2.315472
v 1.982479 0.004883 2.415658
v 1.861560 0.004883 2.510024
v 1.736157 0.004883 2.598343
v 1.606571 0.004883 2.680402
v 1.473115 0.004883 2.756004
v 1.336110 0.004883 2.824967
v 1.195886 0.004883 2.887124
v 1.052781 0.004883 2.942325
v 0.907140 0.004883 2.990439
v 0.759313 0.004883 3.031348
v 0.609657 0.004883 3.064954
v 0.458533 0.004883 3.091177
v 0.306304 0.004883 3.109952
v 0.153336 0.004883 3.121236
v 0.000000 0.004883 3.125000
v -0.153336 0.004883 3.121236
v -0.306304 0.004883 3.109952
v -0.458533 0.004883 3.091177
v -0.609657 0.004883 3.064954
v -0.759313 0.004883 3.031348
v -0.907140 0.004883 2.990439
v -1.052781 0.004883 2.942325
v -1.195886 0.004883 2.887124
v -1.336110 0.004883 2.824967
v -1.473115 0.004883 2.756004
v -1.606571 0.004883 2.680402
v -1.736157 0.004883 2.598343
v -1.861560 0.004883 2.510024
v -1.982479 0.004883 2.415658
v -2.098622 0.004883 2.315472
v -2.209709 0.004883 2.209709
v -2.315472 0.004883 2.098622
v -2.415658 0.004883 1.982479
v -2.510024 0.004883 1.861560
v -2.598343 0.004883 1.736157
v -2.680402 0.004883 1.606571
v -2.756004 0.004883 1.473115
v -2.824967 0.004883 1.336110
v -2.887124 0.004883 1.195886
v -2.942325 0.004883 1.052781
v -2.990439 0.004883 0.907140
v -3.031348 0.004883 0.759313
v -3.064954 0.004883 0.609657
v -3.091177 0.004883 0.458533
v -3.109952 0.004883 0.306304
v -3.121236 0.004883 0.153336
v -3.125000 0.004883 0.000000
v -3.121236 0.004883 -0.153336
v -3.109952 0.004883 -0.306304
v -3.091177 0.004883 -0.458533
v -3.064954 0.004883 -0.609657
v -3.031348 0.004883 -0.759313
v -2.990439 0.004883 -0.907140
v -2.942325 0.004883 -1.052781
v -2.887124 0.004883 -1.195886
v -2.824967 0.004883 -1.336110
v -2.756004 0.004883 -1.473115
v -2.680402 0.004883 -1.606571
v -2.598343 0.004883 -1.736157
v -2.510024 0.004883 -1.861560
v -2.415658 0.004883 -1.982479
v -2.315472 0.004883 -2.098622
v -2.209709 0.004883 -2.209709
v -2.098622 0.004883 -2.315472
v -1.982479 0.004883 -2.415658
v -1.861560 0.004883 -2.510024
v -1.736157 0.004883 -2.598343
v -1.606571 0.004883 -2.680402
v -1.473115 0.004883 -2.756004
v -1.336110 0.004883 -2.824967
v -1.195886 0.004883 -2.887124
v -1.052781 0.004883 -2.942325
v -0.907140 0.004883 -2.990439
v -0.759313 0.004883 -3.031348
v -0.609657 0.004883 -3.064954
v -0.458533 0.004883 -3.091177
v -0.306304 0.004883 -3.109952
v -0.153336 0.004883 -3.121236
v -0.000000 0.004883 -3.125000
v 0.153336 0.004883 -3.121236
v 0.306304 0.004883 -3.109952
v 0.458533 0.004883 -3.091177
v 0.609657 0.004883 -3.064954
v 0.759313 0.004883 -3.031348
v 0.907140 0.004883 -2.990439
v 1.052781 0.004883 -2.942325
v 1.195886 0.004883 -2.887124
v 1.336110 0.004883 -2.824967
v 1.473115 0.004883 -2.756004
v 1.606571 0.004883 -2.680402
v 1.736157 0.004883 -2.598343
v 1.861560 0.004883 -2.510024
v 1.982479 0.004883 -2.415658
v 2.098622 0.004883 -2.315472
v 2.209709 0.004883 -2.209709
v 2.315472 0.004883 -2.098622
v 2.415658 0.004883 -1.982479
v 2.510024 0.004883 -1.861560
v 2.598343 0.004883 -1.736157
v 2.680402 0.004883 -1.606571
v 2.756004 0.004883 -1.473115
v 2.824967 0.004883 -1.336110
v 2.887124 0.004883 -1.195886
v 2.942325 0.004883 -1.052781
v 2.990439 0.004883 -0.907140
v 3.031348 0.004883 -0.759313
v 3.064954 0.004883 -0.609657
v 3.091177 0.004883 -0.458533
v 3.109952 0.004883 -0.306304
v 3.121236 0.004883 -0.153336
v 4.166667 0.008681 0.000000
v 4.161648 0.008681 0.204449
v 4.146603 0.008681 0.408405
v 4.121569 0.008681 0.611377
v 4.086605 0.008681 0.812876
v 4.041797 0.008681 1.012417
v 3.987251 0.008681 1.209519
v 3.923100 0.008681 1.403708
v 3.849498 0.008681 1.594514
v 3.766622 0.008681 1.781480
v 3.674672 0.008681 1.964153
v 3.573869 0.008681 2.142095
v 3.464457 0.008681 2.314876
v 3.346698 0.008681 2.482080
v 3.220877 0.008681 2.643305
v 3.087296 0.008681 2.798162
v 2.946278 0.008681 2.946278
v 2.798162 0.008681 3.087296
v 2.643305 0.008681 3.220877
v 2.482080 0.008681 3.346698
v 2.314876 0.008681 3.464457
v 2.142095 0.008681 3.573869
v 1.964153 0.008681 3.674672
v 1.781480 0.008681 3.766622
v 1.594514 0.008681 3.849498
v 1.403708 0.008681 3.923100
v 1.209519 0.008681 3.987251
v 1.012417 0.008681 4.041797
v 0.812876 0.008681 4.086605
v 0.611377 0.008681 4.121569
v 0.408405 0.008681 4.146603
v 0.204449 0.008681 4.161648
v 0.000000 0.008681 4.166667
v -0.204449 0.008681 4.161648
v -0.408405 0.008681 4.146603
v -0.611377 0.008681 4.121569
v -0.812876 0.008681 4.086605
v -1.012417 0.008681 4.041797
v -1.209519 0.008681 3.987251
v -1.403708 0.008681 3.923100
v -1.594514 0.008681 3.849498
v -1.781480 0.008681 3.766622
v -1.964153 0.008681 3.674672
v -2.142095 0.008681 3.573869
v -2.314876 0.008681 3.464457
v -2.482080 0.008681 3.346698
v -2.643305 0.008681 3.220877
v -2.798162 0.008681 3.087296
v -2.946278 0.008681 2.946278
v -3.087296 0.008681 2.798162
v -3.220877 0.008681 2.643305
v -3.346698 0.008681 2.482080
v -3.464457 0.008681 2.314876
v -3.573869 0.008681 2.142095
v -3.674672 0.008681 1.964153
v -3.766622 0.008681 1.781480
v -3.849498 0.008681 1.594514
v -3.923100 0.008681 1.403708
v -3.987251 0.008681 1.209519
v -4.041797 0.008681 1.012417
v -4.086605 0.008681 0.812876
v -4.121569 0.008681 0.611377
v -4.146603 0.008681 0.408405
v -4.161648 0.008681 0.204449
v -4.166667 0.008681 0.000000
v -4.161648 0.008681 -0.204449
v -4.146603 0.008681 -0.408405
v -4.121569 0.008681 -0.611377
v -4.086605 0.008681 -0.812876
v -4.041797 0.008681 -1.012417
v -3.987251 0.008681 -1.209519
v -3.923100 0.008681 -1.403708
v -3.849498 0.008681 -1.594514
v -3.766622 0.008681 -1.781480
v -3.674672 0.008681 -1.964153
v -3.573869 0.008681 -2.142095
v -3.464457 0.008681 -2.314876
v -3.346698 0.008681 -2.482080
v -3.220877 0.008681 -2.643305
v -3.087296 0.008681 -2.798162
v -2.946278 0.008681 -2.946278
v -2.798162 0.008681 -3.087296
v -2.643305 0.008681 -3.220877
v -2.482080 0.008681 -3.346698
v -2.314876 0.008681 -3.464457
v -2.142095 0.008681 -3.573869
v -1.964153 0.008681 -3.674672
v -1.781480 0.008681 -3.766622
v -1.594514 0.008681 -3.849498
v -1.403708 0.008681 -3.923100
v -1.209519 0.008681 -3.987251
v -1.012417 0.008681 -4.041797
v -0.812876 0.008681 -4.086605
v -0.611377 0.008681 -4.121569
v -0.408405 0.008681 -4.146603
v -0.204449 0.008681 -4.161648
v -0.000000 0.008681 -4.166667
v 0.204449 0.008681 -4.161648
v 0.408405 0.008681 -4.146603
v 0.611377 0.008681 -4.121569
v 0.812876 0.008681 -4.086605
v 1.012417 0.008681 -4.041797
v 1.209519 0.008681 -3.987251
v 1.403708 0.008681 -3.923100
v 1.594514 0.008681 -3.849498
v 1.781480 0.008681 -3.766622
v 1.964153 0.008681 -3.674672
v 2.142095 0.008681 -3.573869
v 2.314876 0.008681 -3.464457
v 2.482080 0.008681 -3.346698
v 2.643305 0.008681 -3.220877
v 2.798162 0.008681 -3.087296
v 2.946278 0.008681 -2.946278
v 3.087296 0.008681 -2.798162
v 3.220877 0.008681 -2.643305
v 3.346698 0.008681 -2.482080
v 3.464457 0.008681 -2.314876
v 3.573869 0.008681 -2.142095
v 3.674672 0.008681 -1.964153
v 3.766622 0.008681 -1.781480
v 3.849498 0.008681 -1.594514
v 3.923100 0.008681 -1.403708
v 3.987251 0.008681 -1.209519
v 4.041797 0.008681 -1.012417
v 4.086605 0.008681 -0.812876
v 4.121569 0.008681 -0.611377
v 4.146603 0.008681 -0.408405
v 4.161648 0.008681 -0.204449
v 5.208333 0.013563 0.000000
v 5.202060 0.013563 0.255561
v 5.183254 0.013563 0.510506
v 5.151961 0.013563 0.764221
v 5.108257 0.013563 1.016095
v 5.052246 0.013563 1.265522
v 4.984064 0.013563 1.511899
v 4.903875 0.013563 1.754635
v 4.811873 0.013563 1.993143
v 4.708278 0.013563 2.226849
v 4.593340 0.013563 2.455191
v 4.467337 0.013563 2.677618
v 4.330571 0.013563 2.893595
v 4.183373 0.013563 3.102601
v 4.026096 0.013563 3.304132
v 3.859120 0.013563 3.497703
v 3.682848 0.013563 3.682848
v 3.497703 0.013563 3.859120
v 3.304132 0.013563 4.026096
v 3.102601 0.013563 4.183373
v 2.893595 0.013563 4.330571
v 2.677618 0.013563 4.467337
v 2.455191 0.013563 4.593340
v 2.226849 0.013563 4.708278
v 1.993143 0.013563 4.811873
v 1.754635 0.013563 4.903875
v 1.511899 0.013563 4.984064
v 1.265522 0.013563 5.052246
v 1.016095 0.013563 5.108257
v 0.764221 0.013563 5.151961
v 0.510506 0.013563 5.183254
v 0.255561 0.013563 5.202060
v 0.000000 0.013563 5.208333
v -0.255561 0.013563 5.202060
v -0.510506 0.013563 5.183254
v -0.764221 0.013563 5.151961
v -1.016095 0.013563 5.108257
v -1.265522 0.013563 5.052246
v -1.511899 0.013563 4.984064
v -1.754635 0.013563 4.903875
v -1.993143 0.013563 4.811873
v -2.226849 0.013563 4.708278
v -2.455191 0.013563 4.593340
v -2.677618 0.013563 4.467337
v -2.893595 0.013563 4.330571
v -3.102601 0.013563 4.183373
v -3.304132 0.013563 4.026096
v -3.497703 0.013563 3.859120
v -3.682848 0.013563 3.682848
v -3.859120 0.013563 3.497703
v -4.026096 0.013563 3.304132
v -4.183373 0.013563 3.102601
v -4.330571 0.013563 2.893595
v -4.467337 0.013563 2.677618
v -4.593340 0.013563 2.455191
v -4.708278 0.013563 2.226849
v -4.811873 0.013563 1.993143
v -4.903875 0.013563 1.754635
v -4.984064 0.013563 1.511899
v -5.052246 0.013563 1.265522
v -5.108257 0.013563 1.016095
v -5.151961 0.013563 0.764221
v -5.183254 0.013563 0.510506
v -5.202060 0.013563 0.255561
v -5.208333 0.013563 0.000000
v -5.202060 0.013563 -0.255561
v -5.183254 0.013563 -0.510506
v -5.151961 0.013563 -0.764221
v -5.108257 0.013563 -1.016095
v -5.052246 0.013563 -1.265522
v -4.984064 0.013563 -1.511899
v -4.903875 0.013563 -1.754635
v -4.811873 0.013563 -1.993143
v -4.708278 0.013563 -2.226849
v -4.593340 0.013563 -2.455191
v -4.467337 0.013563 -2.677618
v -4.330571 0.013563 -2.893595
v -4.183373 0.013563 -3.102601
v -4.026096 0.013563 -3.304132
v -3.859120 0.013563 -3.497703
v -3.682848 0.013563 -3.682848
v -3.497703 0.013563 -3.859120
v -3.304132 0.013563 -4.026096
v -3.102601 0.013563 -4.183373
v -2.893595 0.013563 -4.330571
v -2.677618 0.013563 -4.467337
v -2.455191 0.013563 -4.593340
v -2.226849 0.013563 -4.708278
v -1.993143 0.013563 -4.811873
v -1.754635 0.013563 -4.903875
v -1.511899 0.013563 -4.984064
v -1.265522 0.013563 -5.052246
v -1.016095 0.013563 -5.108257
v -0.764221 0.013563 -5.151961
v -0.510506 0.013563 -5.183254
v -0.255561 0.013563 -5.202060
v -0.000000 0.013563 -5.208333
v 0.255561 0.013563 -5.202060
v 0.510506 0.013563 -5.183254
v 0.764221 0.013563 -5.151961
v 1.016095 0.013563 -5.108257
v 1.265522 0.013563 -5.052246
v 1.511899 0.013563 -4.984064
v 1.754635 0.013563 -4.903875
v 1.993143 0.013563 -4.811873
v 2.226849 0.013563 -4.708278
v 2.455191 0.013563 -4.593340
v 2.677618 0.013563 -4.467337
v 2.893595 0.013563 -4.330571
v 3.102601 0.013563 -4.183373
v 3.304132 0.013563 -4.026096
v 3.497703 0.013563 -3.859120
v 3.682848 0.013563 -3.682848
v 3.859120 0.013563 -3.497703
v 4.026096 0.013563 -3.304132
v 4.183373 0.013563 -3.102601
v 4.330571 0.013563 -2.893595
v 4.467337 0.013563 -2.677618
v 4.593340 0.013563 -2.455191
v 4.708278 0.013563 -2.226849
v 4.811873 0.013563 -1.993143
v 4.903875 0.013563 -1.754635
v 4.984064 0.013563 -1.511899
v 5.052246 0.013563 -1.265522
v 5.108257 0.013563 -1.016095
v 5.151961 0.013563 -0.764221
v 5.183254 0.013563 -0.510506
v 5.202060 0.013563 -0.255561
v 6.250000 0.019531 0.000000
v 6.242472 0.019531 0.306673
v 6.219905 0.019531 0.612607
v 6.182353 0.019531 0.917065
v 6.129908 0.019531 1.219315
v 6.062695 0.019531 1.518626
v 5.980877 0.019531 1.814279
v 5.884650 0.019531 2.105562
v 5.774247 0.019531 2.391771
v 5.649933 0.019531 2.672219
v 5.512008 0.019531 2.946230
v 5.360804 0.019531 3.213142
v 5.196685 0.019531 3.472314
v 5.020047 0.019531 3.723121
v 4.831315 0.019531 3.964958
v 4.630945 0.019531 4.197243
v 4.419417 0.019531 4.419417
v 4.197243 0.019531 4.630945
v 3.964958 0.019531 4.831315
v 3.723121 0.019531 5.020047
v 3.472314 0.019531 5.196685
v 3.213142 0.019531 5.360804
v 2.946230 0.019531 5.512008
v 2.672219 0.019531 5.649933
v 2.391771 0.019531 5.774247
v 2.105562 0.019531 5.884650
v 1.814279 0.019531 5.980877
v 1.518626 0.019531 6.062695
v 1.219315 0.019531 6.129908
v 0.917065 0.019531 6.182353
v 0.612607 0.019531 6.219905
v 0.306673 0.019531 6.242472
v 0.000000 0.019531 6.250000
v -0.306673 0.019531 6.242472
v -0.612607 0.019531 6.219905
v -0.917065 0.019531 6.182353
v -1.219315 0.019531 6.129908
v -1.518626 0.019531 6.062695
v -1.814279 0.019531 5.980877
v -2.105562 0.019531 5.884650
v -2.391771 0.019531 5.774247
v -2.672219 0.019531 5.649933
v -2.946230 0.019531 5.512008
v -3.213142 0.019531 5.360804
v -3.472314 0.019531 5.196685
v -3.723121 0.019531 5.020047
v -3.964958 0.019531 4.831315
v -4.197243 0.019531 4.630945
v -4.419417 0.019531 4.419417
v -4.630945 0.019531 4.197243
v -4.831315 0.019531 3.964958
v -5.020047 0.019531 3.723121
v -5.196685 0.019531 3.472314
v -5.360804 0.019531 3.213142
v -5.512008 0.019531 2.946230
v -5.649933 0.019531 2.672219
v -5.774247 0.019531 2.391771
v -5.884650 0.019531 2.105562
v -5.980877 0.019531 1.814279
v -6.062695 0.019531 1.518626
v -6.129908 0.019531 1.219315
v -6.182353 0.019531 0.917065
v -6.219905 0.019531 0.612607
v -6.242472 0.019531 0.306673
v -6.250000 0.019531 0.000000
v -6.242472 0.019531 -0.306673
v -6.219905 0.019531 -0.612607
v -6.182353 0.019531 -0.917065
v -6.129908 0.019531 -1.219315
v -6.062695 0.019531 -1.518626
v -5.980877 0.019531 -1.814279
v -5.884650 0.019531 -2.105562
v -5.774247 0.019531 -2.391771
v -5.649933 0.019531 -2.672219
v -5.512008 0.019531 -2.946230
v -5.360804 0.019531 -3.213142
v -5.196685 0.019531 -3.472314
v -5.020047 0.019531 -3.723121
v -4.831315 0.019531 -3.964958
v -4.630945 0.019531 -4.197243
v -4.419417 0.019531 -4.419417
v -4.197243 0.019531 -4.630945
v -3.964958 0.019531 -4.831315
v -3.723121 0.019531 -5.020047
v -3.472314 0.019531 -5.196685
v -3.213142 0.019531 -5.360804
v -2.946230 0.019531 -5.512008
v -2.672219 0.019531 -5.649933
v -2.391771 0.019531 -5.774247
v -2.105562 0.019531 -5.884650
v -1.814279 0.019531 -5.980877
v -1.518626 0.019531 -6.062695
v -1.219315 0.019531 -6.129908
v -0.917065 0.019531 -6.182353
v -0.612607 0.019531 -6.219905
v -0.306673 0.019531 -6.242472
v -0.000000 0.019531 -6.250000
v 0.306673 0.019531 -6.242472
v 0.612607 0.019531 -6.219905
v 0.917065 0.019531 -6.182353
v 1.219315 0.019531 -6.129908
v 1.518626 0.019531 -6.062695
v 1.814279 0.019531 -5.980877
v 2.105562 0.019531 -5.884650
v 2.391771 0.019531 -5.774247
v 2.672219 0.019531 -5.649933
v 2.946230 0.019531 -5.512008
v 3.213142 0.019531 -5.360804
v 3.472314 0.019531 -5.196685
v 3.723121 0.019531 -5.020047
v 3.964958 0.019531 -4.831315
v 4.197243 0.019531 -4.630945
v 4.419417 0.019531 -4.419417
v 4.630945 0.019531 -4.197243
v 4.831315 0.019531 -3.964958
v 5.020047 0.019531 -3.723121
v 5.196685 0.019531 -3.472314
v 5.360804 0.019531 -3.213142
v 5.512008 0.019531 -2.946230
v 5.649933 0.019531 -2.672219
v 5.774247 0.019531 -2.391771
v 5.884650 0.019531 -2.105562
v 5.980877 0.019531 -1.814279
v 6.062695 0.019531 -1.518626
v 6.129908 0.019531 -1.219315
v 6.182353 0.019531 -0.917065
v 6.219905 0.019531 -0.612607
v 6.242472 0.019531 -0.306673
v 7.291667 0.026585 0.000000
v 7.282884 0.026585 0.357785
v 7.256555 0.026585 0.714708
v 7.212745 0.026585 1.069910
v 7.151559 0.026585 1.422534
v 7.073145 0.026585 1.771730
v 6.977690 0.026585 2.116659
v 6.865425 0.026585 2.456489
v 6.736622 0.026585 2.790400
v 6.591589 0.026585 3.117589
v 6.430676 0.026585 3.437268
v 6.254271 0.026585 3.748666
v 6.062799 0.026585 4.051033
v 5.856722 0.026585 4.343641
v 5.636535 0.026585 4.625784
v 5.402769 0.026585 4.896784
v 5.155987 0.026585 5.155987
v 4.896784 0.026585 5.402769
v 4.625784 0.026585 5.636535
v 4.343641 0.026585 5.856722
v 4.051033 0.026585 6.062799
v 3.748666 0.026585 6.254271
v 3.437268 0.026585 6.430676
v 3.117589 0.026585 6.591589
v 2.790400 0.026585 6.736622
v 2.456489 0.026585 6.865425
v 2.116659 0.026585 6.977690
v 1.771730 0.026585 7.073145
v 1.422534 0.026585 7.151559
v 1.069910 0.026585 7.212745
v 0.714708 0.026585 7.256555
v 0.357785 0.026585 7.282884
v 0.000000 0.026585 7.291667
v -0.357785 0.026585 7.282884
v -0.714708 0.026585 7.256555
v -1.069910 0.026585 7.212745
v -1.422534 0.026585 7.151559
v -1.771730 0.026585 7.073145
v -2.116659 0.026585 6.977690
v -2.456489 0.026585 6.865425
v -2.790400 0.026585 6.736622
v -3.117589 0.026585 6.591589
v -3.437268 0.026585 6.430676
v -3.748666 0.026585 6.254271
v -4.051033 0.026585 6.062799
v -4.343641 0.026585 5.856722
v -4.625784 0.026585 5.636535
v -4.896784 0.026585 5.402769
v -5.155987 0.026585 5.155987
v -5.402769 0.026585 4.896784
v -5.636535 0.026585 4.625784
v -5.856722 0.026585 4.343641
v -6.062799 0.026585 4.051033
v -6.254271 0.026585 3.748666
v -6.430676 0.026585 3.437268
v -6.591589 0.026585 3.117589
v -6.736622 0.026585 2.790400
v -6.865425 0.026585 2.456489
v -6.977690 0.026585 2.116659
v -7.073145 0.026585 1.771730
v -7.151559 0.026585 1.422534
v -7.212745 0.026585 1.069910
v -7.256555 0.026585 0.714708
v -7.282884 0.026585 0.357785
v -7.291667 0.026585 0.000000
v -7.282884 0.026585 -0.357785
v -7.256555 0.026585 -0.714708
v -7.212745 0.026585 -1.069910
v -7.151559 0.026585 -1.422534
v -7.073145 0.026585 -1.771730
v -6.977690 0.026585 -2.116659
v -6.865425 0.026585 -2.456489
v -6.736622 0.026585 -2.790400
v -6.591589 0.026585 -3.117589
v -6.430676 0.026585 -3.437268
v -6.254271 0.026585 -3.748666
v -6.062799 0.026585 -4.051033
v -5.856722 0.026585 -4.343641
v -5.636535 0.026585 -4.625784
v -5.402769 0.026585 -4.896784
v -5.155987 0.026585 -5.155987
v -4.896784 0.026585 -5.402769
v -4.625784 0.026585 -5.636535
v -4.343641 0.026585 -5.856722
v -4.051033 0.026585 -6.062799
v -3.748666 0.026585 -6.254271
v -3.437268 0.026585 -6.430676
v -3.117589 0.026585 -6.591589
v -2.790400 0.026585 -6.736622
v -2.456489 0.026585 -6.865425
v -2.116659 0.026585 -6.977690
v -1.771730 0.026585 -7.073145
v -1.422534 0.026585 -7.151559
v -1.069910 0.026585 -7.212745
v -0.714708 0.026585 -7.256555
v -0.357785 0.026585 -7.282884
v -0.000000 0.026585 -7.291667
v 0.357785 0.026585 -7.282884
v 0.714708 0.026585 -7.256555
v 1.069910 0.026585 -7.212745
v 1.422534 0.026585 -7.151559
v 1.771730 0.026585 -7.073145
v 2.116659 0.026585 -6.977690
v 2.456489 0.026585 -6.865425
v 2.790400 0.026585 -6.736622
v 3.117589 0.026585 -6.591589
v 3.437268 0.026585 -6.430676
v 3.748666 0.026585 -6.254271
v 4.051033 0.026585 -6.062799
v 4.343641 0.026585 -5.856722
v 4.625784 0.026585 -5.636535
v 4.896784 0.026585 -5.402769
v 5.155987 0.026585 -5.155987
v 5.402769 0.026585 -4.896784
v 5.636535 0.026585 -4.625784
v 5.856722 0.026585 -4.343641
v 6.062799 0.026585 -4.051033
v 6.254271 0.026585 -3.748666
v 6.430676 0.026585 -3.437268
v 6.591589 0.026585 -3.117589
v 6.736622 0.026585 -2.790400
v 6.865425 0.026585 -2.456489
v 6.977690 0.026585 -2.116659
v 7.073145 0.026585 -1.771730
v 7.151559 0.026585 -1.422534
v 7.212745 0.026585 -1.069910
v 7.256555 0.026585 -0.714708
v 7.282884 0.026585 -0.357785
v 8.333333 0.034723 0.000000
v 8.323295 0.034723 0.408897
v 8.293206 0.034723 0.816810
v 8.243138 0.034723 1.222754
v 8.173211 0.034723 1.625753
v 8.083594 0.034723 2.024835
v 7.974503 0.034723 2.419039
v 7.846201 0.034723 2.807415
v 7.698996 0.034723 3.189029
v 7.533244 0.034723 3.562959
v 7.349344 0.034723 3.928306
v 7.147738 0.034723 4.284190
v 6.928913 0.034723 4.629752
v 6.693396 0.034723 4.964161
v 6.441754 0.034723 5.286611
v 6.174593 0.034723 5.596325
v 5.892557 0.034723 5.892557
v 5.596325 0.034723 6.174593
v 5.286611 0.034723 6.441754
v 4.964161 0.034723 6.693396
v 4.629752 0.034723 6.928913
v 4.284190 0.034723 7.147738
v 3.928306 0.034723 7.349344
v 3.562959 0.034723 7.533244
v 3.189029 0.034723 7.698996
v 2.807415 0.034723 7.846201
v 2.419039 0.034723 7.974503
v 2.024835 0.034723 8.083594
v 1.625753 0.034723 8.173211
v 1.222754 0.034723 8.243138
v 0.816810 0.034723 8.293206
v 0.408897 0.034723 8.323295
v 0.000000 0.034723 8.333333
v -0.408897 0.034723 8.323295
v -0.816810 0.034723 8.293206
v -1.222754 0.034723 8.243138
v -1.625753 0.034723 8.173211
v -2.024835 0.034723 8.083594
v -2.419039 0.034723 7.974503
v -2.807415 0.034723 7.846201
v -3.189029 0.034723 7.698996
v -3.562959 0.034723 7.533244
v -3.928306 0.034723 7.349344
v -4.284190 0.034723 7.147738
v -4.629752 0.034723 6.928913
v -4.964161 0.034723 6.693396
v -5.286611 0.034723 6.441754
v -5.596325 0.034723 6.174593
v -5.892557 0.034723 5.892557
v -6.174593 0.034723 5.596325
v -6.441754 0.034723 5.286611
v -6.693396 0.034723 4.964161
v -6.928913 0.034723 4.629752
v -7.147738 0.034723 4.284190
v -7.349344 0.034723 3.928306
v -7.533244 0.034723 3.562959
v -7.698996 0.034723 3.189029
v -7.846201 0.034723 2.807415
v -7.974503 0.034723 2.419039
v -8.083594 0.034723 2.024835
v -8.173211 0.034723 1.625753
v -8.243138 0.034723 1.222754
v -8.293206 0.034723 0.816810
v -8.323295 0.034723 0.408897
v -8.333333 0.034723 0.000000
v -8.323295 0.034723 -0.408897
v -8.293206 0.034723 -0.816810
v -8.243138 0.034723 -1.222754
v -8.173211 0.034723 -1.625753
v -8.083594 0.034723 -2.024835
v -7.974503 0.034723 -2.419039
v -7.846201 0.034723 -2.807415
v -7.698996 0.034723 -3.189029
v -7.533244 0.034723 -3.562959
v -7.349344 0.034723 -3.928306
v -7.147738 0.034723 -4.284190
v -6.928913 0.034723 -4.629752
v -6.693396 0.034723 -4.964161
v -6.441754 0.034723 -5.286611
v -6.174593 0.034723 -5.596325
v -5.892557 0.034723 -5.892557
v -5.596325 0.034723 -6.174593
v -5.286611 0.034723 -6.441754
v -4.964161 0.034723 -6.693396
v -4.629752 0.034723 -6.928913
v -4.284190 0.034723 -7.147738
v -3.928306 0.034723 -7.349344
v -3.562959 0.034723 -7.533244
v -3.189029 0.034723 -7.698996
v -2.807415 0.034723 -7.846201
v -2.419039 0.034723 -7.974503
v -2.024835 0.034723 -8.083594
v -1.625753 0.034723 -8.173211
v -1.222754 0.034723 -8.243138
v -0.816810 0.034723 -8.293206
v -0.408897 0.034723 -8.323295
v -0.000000 0.034723 -8.333333
v 0.408897 0.034723 -8.323295
v 0.816810 0.034723 -8.293206
v 1.222754 0.034723 -8.243138
v 1.625753 0.034723 -8.173211
v 2.024835 0.034723 -8.083594
v 2.419039 0.034723 -7.974503
v 2.807415 0.034723 -7.846201
v 3.189029 0.034723 -7.698996
v 3.562959 0.034723 -7.533244
v 3.928306 0.034723 -7.349344
v 4.284190 0.034723 -7.147738
v 4.629752 0.034723 -6.928913
v 4.964161 0.034723 -6.693396
v 5.286611 0.034723 -6.441754
v 5.596325 0.034723 -6.174593
v 5.892557 0.034723 -5.892557
v 6.174593 0.034723 -5.596325
v 6.441754 0.034723 -5.286611
v 6.693396 0.034723 -4.964161
v 6.928913 0.034723 -4.629752
v 7.147738 0.034723 -4.284190
v 7.349344 0.034723 -3.928306
v 7.533244 0.034723 -3.562959
v 7.698996 0.034723 -3.189029
v 7.846201 0.034723 -2.807415
v 7.974503 0.034723 -2.419039
v 8.083594 0.034723 -2.024835
v 8.173211 0.034723 -1.625753
v 8.243138 0.034723 -1.222754
v 8.293206 0.034723 -0.816810
v 8.323295 0.034723 -0.408897
v 9.375000 0.043946 0.000000
v 9.363707 0.043946 0.460009
v 9.329857 0.043946 0.918911
v 9.273530 0.043946 1.375598
v 9.194862 0.043946 1.828972
v 9.094043 0.043946 2.277939
v 8.971316 0.043946 2.721419
v 8.826976 0.043946 3.158342
v 8.661371 0.043946 3.587657
v 8.474900 0.043946 4.008329
v 8.268012 0.043946 4.419344
v 8.041206 0.043946 4.819713
v 7.795028 0.043946 5.208471
v 7.530071 0.043946 5.584681
v 7.246973 0.043946 5.947437
v 6.946417 0.043946 6.295865
v 6.629126 0.043946 6.629126
v 6.295865 0.043946 6.946417
v 5.947437 0.043946 7.246973
v 5.584681 0.043946 7.530071
v 5.208471 0.043946 7.795028
v 4.819713 0.043946 8.041206
v 4.419344 0.043946 8.268012
v 4.008329 0.043946 8.474900
v 3.587657 0.043946 8.661371
v 3.158342 0.043946 8.826976
v 2.721419 0.043946 8.971316
v 2.277939 0.043946 9.094043
v 1.828972 0.043946 9.194862
v 1.375598 0.043946 9.273530
v 0.918911 0.043946 9.329857
v 0.460009 0.043946 9.363707
v 0.000000 0.043946 9.375000
v -0.460009 0.043946 9.363707
v -0.918911 0.043946 9.329857
v -1.375598 0.043946 9.273530
v -1.828972 0.043946 9.194862
v -2.277939 0.043946 9.094043
v -2.721419 0.043946 8.971316
v -3.158342 0.043946 8.826976
v -3.587657 0.043946 8.661371
v -4.008329 0.043946 8.474900
v -4.419344 0.043946 8.268012
v -4.819713 0.043946 8.041206
v -5.208471 0.043946 7.795028
v -5.584681 0.043946 7.530071
v -5.947437 0.043946 7.246973
v -6.295865 0.043946 6.946417
v -6.629126 0.043946 6.629126
v -6.946417 0.043946 6.295865
v -7.246973 0.043946 5.947437
v -7.530071 0.043946 5.584681
v -7.795028 0.043946 5.208471
v -8.041206 0.043946 4.819713
v -8.268012 0.043946 4.419344
v -8.474900 0.043946 4.008329
v -8.661371 0.043946 3.587657
v -8.826976 0.043946 3.158342
v -8.971316 0.043946 2.721419
v -9.094043 0.043946 2.277939
v -9.194862 0.043946 1.828972
v -9.273530 0.043946 1.375598
v -9.329857 0.043946 0.918911
v -9.363707 0.043946 0.460009
v -9.375000 0.043946 0.000000
v -9.363707 0.043946 -0.460009
v -9.329857 0.043946 -0.918911
v -9.273530 0.043946 -1.375598
v -9.194862 0.043946 -1.828972
v -9.094043 0.043946 -2.277939
v -8.971316 0.043946 -2.721419
v -8.826976 0.043946 -3.158342
v -8.661371 0.043946 -3.587657
v -8.474900 0.043946 -4.008329
v -8.268012 0.043946 -4.419344
v -8.041206 0.043946 -4.819713
v -7.795028 0.043946 -5.208471
v -7.530071 0.043946 -5.584681
v -7.246973 0.043946 -5.947437
v -6.946417 0.043946 -6.295865
v -6.629126 0.043946 -6.629126
v -6.295865 0.043946 -6.946417
v -5.947437 0.043946 -7.246973
v -5.584681 0.043946 -7.530071
v -5.208471 0.043946 -7.795028
v -4.819713 0.043946 -8.041206
v -4.419344 0.043946 -8.268012
v -4.008329 0.043946 -8.474900
v -3.587657 0.043946 -8.661371
v -3.158342 0.043946 -8.826976
v -2.721419 0.043946 -8.971316
v -2.277939 0.043946 -9.094043
v -1.828972 0.043946 -9.194862
v -1.375598 0.043946 -9.273530
v -0.918911 0.043946 -9.329857
v -0.460009 0.043946 -9.363707
v -0.000000 0.043946 -9.375000
v 0.460009 0.043946 -9.363707
v 0.918911 0.043946 -9.329857
v 1.375598 0.043946 -9.273530
v 1.828972 0.043946 -9.194862
v 2.277939 0.043946 -9.094043
v 2.721419 0.043946 -8.971316
v 3.158342 0.043946 -8.826976
v 3.587657 0.043946 -8.661371
v 4.008329 0.043946 -8.474900
v 4.419344 0.043946 -8.268012
v 4.819713 0.043946 -8.041206
v 5.208471 0.043946 -7.795028
v 5.584681 0.043946 -7.530071
v 5.947437 0.043946 -7.246973
v 6.295865 0.043946 -6.946417
v 6.629126 0.043946 -6.629126
v 6.946417 0.043946 -6.295865
v 7.246973 0.043946 -5.947437
v 7.530071 0.043946 -5.584681
v 7.795028 0.043946 -5.208471
v 8.041206 0.043946 -4.819713
v 8.268012 0.043946 -4.419344
v 8.474900 0.043946 -4.008329
v 8.661371 0.043946 -3.587657
v 8.826976 0.043946 -3.158342
v 8.971316 0.043946 -2.721419
v 9.094043 0.043946 -2.277939
v 9.194862 0.043946 -1.828972
v 9.273530 0.043946 -1.375598
v 9.329857 0.043946 -0.918911
v 9.363707 0.043946 -0.460009
v 10.416667 0.054255 0.000000
v 10.404119 0.054255 0.511122
v 10.366508 0.054255 1.021012
v 10.303922 0.054255 1.528442
v 10.216513 0.054255 2.032191
v 10.104492 0.054255 2.531044
v 9.968128 0.054255 3.023799
v 9.807751 0.054255 3.509269
v 9.623745 0.054255 3.986286
v 9.416555 0.054255 4.453699
v 9.186680 0.054255 4.910383
v 8.934673 0.054255 5.355237
v 8.661142 0.054255 5.787190
v 8.366745 0.054255 6.205201
v 8.052192 0.054255 6.608263
v 7.718241 0.054255 6.995406
v 7.365696 0.054255 7.365696
v 6.995406 0.054255 7.718241
v 6.608263 0.054255 8.052192
v 6.205201 0.054255 8.366745
v 5.787190 0.054255 8.661142
v 5.355237 0.054255 8.934673
v 4.910383 0.054255 9.186680
v 4.453699 0.054255 9.416555
v 3.986286 0.054255 9.623745
v 3.509269 0.054255 9.807751
v 3.023799 0.054255 9.968128
v 2.531044 0.054255 10.104492
v 2.032191 0.054255 10.216513
v 1.528442 0.054255 10.303922
v 1.021012 0.054255 10.366508
v 0.511122 0.054255 10.404119
v 0.000000 0.054255 10.416667
v -0.511122 0.054255 10.404119
v -1.021012 0.054255 10.366508
v -1.528442 0.054255 10.303922
v -2.032191 0.054255 10.216513
v -2.531044 0.054255 10.104492
v -3.023799 0.054255 9.968128
v -3.509269 0.054255 9.807751
v -3.986286 0.054255 9.623745
v -4.453699 0.054255 9.416555
v -4.910383 0.054255 9.186680
v -5.355237 0.054255 8.934673
v -5.787190 0.054255 8.661142
v -6.205201 0.054255 8.366745
v -6.608263 0.054255 8.052192
v -6.995406 0.054255 7.718241
v -7.365696 0.054255 7.365696
v -7.718241 0.054255 6.995406
v -8.052192 0.054255 6.608263
v -8.366745 0.054255 6.205201
v -8.661142 0.054255 5.787190
v -8.934673 0.054255 5.355237
v -9.186680 0.054255 4.910383
v -9.416555 0.054255 4.453699
v -9.623745 0.054255 3.986286
v -9.807751 0.054255 3.509269
v -9.968128 0.054255 3.023799
v -10.104492 0.054255 2.531044
v -10.216513 0.054255 2.032191
v -10.303922 0.054255 1.528442
v -10.366508 0.054255 1.021012
v -10.404119 0.054255 0.511122
v -10.416667 0.054255 0.000000
v -10.404119 0.054255 -0.511122
v -10.366508 0.054255 -1.021012
v -10.303922 0.054255 -1.528442
v -10.216513 0.054255 -2.032191
v -10.104492 0.054255 -2.531044
v -9.968128 0.054255 -3.023799
v -9.807751 0.054255 -3.509269
v -9.623745 0.054255 -3.986286
v -9.416555 0.054255 -4.453699
v -9.186680 0.054255 -4.910383
v -8.934673 0.054255 -5.355237
v -8.661142 0.054255 -5.787190
v -8.366745 0.054255 -6.205201
v -8.052192 0.054255 -6.608263
v -7.718241 0.054255 -6.995406
v -7.365696 0.054255 -7.365696
v -6.995406 0.054255 -7.718241
v -6.608263 0.054255 -8.052192
v -6.205201 0.054255 -8.366745
v -5.787190 0.054255 -8.661142
v -5.355237 0.054255 -8.934673
v -4.910383 0.054255 -9.186680
v -4.453699 0.054255 -9.416555
v -3.986286 0.054255 -9.623745
v -3.509269 0.054255 -9.807751
v -3.023799 0.054255 -9.968128
v -2.531044 0.054255 -10.104492
v -2.032191 0.054255 -10.216513
v -1.528442 0.054255 -10.303922
v -1.021012 0.054255 -10.366508
v -0.511122 0.054255 -10.404119
v -0.000000 0.054255 -10.416667
v 0.511122 0.054255 -10.404119
v 1.021012 0.054255 -10.366508
v 1.528442 0.054255 -10.303922
v 2.032191 0.054255 -10.216513
v 2.531044 0.054255 -10.104492
v 3.023799 0.054255 -9.968128
v 3.509269 0.054255 -9.807751
v 3.986286 0.054255 -9.623745
v 4.453699 0.054255 -9.416555
v 4.910383 0.054255 -9.186680
v 5.355237 0.054255 -8.934673
v 5.787190 0.054255 -8.661142
v 6.205201 0.054255 -8.366745
v 6.608263 0.054255 -8.052192
v 6.995406 0.054255 -7.718241
v 7.365696 0.054255 -7.365696
v 7.718241 0.054255 -6.995406
v 8.052192 0.054255 -6.608263
v 8.366745 0.054255 -6.205201
v 8.661142 0.054255 -5.787190
v 8.934673 0.054255 -5.355237
v 9.186680 0.054255 -4.910383
v 9.416555 0.054255 -4.453699
v 9.623745 0.054255 -3.986286
v 9.807751 0.054255 -3.509269
v 9.968128 0.054255 -3.023799
v 10.104492 0.054255 -2.531044
v 10.216513 0.054255 -2.032191
v 10.303922 0.054255 -1.528442
v 10.366508 0.054255 -1.021012
v 10.404119 0.054255 -0.511122
v 11.458333 0.065649 0.000000
v 11.444531 0.065649 0.562234
v 11.403158 0.065649 1.123113
v 11.334314 0.065649 1.681287
v 11.238165 0.065649 2.235410
v 11.114941 0.065649 2.784148
v 10.964941 0.065649 3.326179
v 10.788526 0.065649 3.860196
v 10.586120 0.065649 4.384914
v 10.358211 0.065649 4.899069
v 10.105348 0.065649 5.401421
v 9.828140 0.065649 5.890761
v 9.527256 0.065649 6.365909
v 9.203420 0.065649 6.825721
v 8.857411 0.065649 7.269090
v 8.490065 0.065649 7.694946
v 8.102265 0.065649 8.102265
v 7.694946 0.065649 8.490065
v 7.269090 0.065649 8.857411
v 6.825721 0.065649 9.203420
v 6.365909 0.065649 9.527256
v 5.890761 0.065649 9.828140
v 5.401421 0.065649 10.105348
v 4.899069 0.065649 10.358211
v 4.384914 0.065649 10.586120
v 3.860196 0.065649 10.788526
v 3.326179 0.065649 10.964941
v 2.784148 0.065649 11.114941
v 2.235410 0.065649 11.238165
v 1.681287 0.065649 11.334314
v 1.123113 0.065649 11.403158
v 0.562234 0.065649 11.444531
v 0.000000 0.065649 11.458333
v -0.562234 0.065649 11.444531
v -1.123113 0.065649 11.403158
v -1.681287 0.065649 11.334314
v -2.235410 0.065649 11.238165
v -2.784148 0.065649 11.114941
v -3.326179 0.065649 10.964941
v -3.860196 0.065649 10.788526
v -4.384914 0.065649 10.586120
v -4.899069 0.065649 10.358211
v -5.401421 0.065649 10.105348
v -5.890761 0.065649 9.828140
v -6.365909 0.065649 9.527256
v -6.825721 0.065649 9.203420
v -7.269090 0.065649 8.857411
v -7.694946 0.065649 8.490065
v -8.102265 0.065649 8.102265
v -8.490065 0.065649 7.694946
v -8.857411 0.065649 7.269090
v -9.203420 0.065649 6.825721
v -9.527256 0.065649 6.365909
v -9.828140 0.065649 5.890761
v -10.105348 0.065649 5.401421
v -10.358211 0.065649 4.899069
v -10.586120 0.065649 4.384914
v -10.788526 0.065649 3.860196
v -10.964941 0.065649 3.326179
v -11.114941 0.065649 2.784148
v -11.238165 0.065649 2.235410
v -11.334314 0.065649 1.681287
v -11.403158 0.065649 1.123113
v -11.444531 0.065649 0.562234
v -11.458333 0.065649 0.000000
v -11.444531 0.065649 -0.562234
v -11.403158 0.065649 -1.123113
v -11.334314 0.065649 -1.681287
v -11.238165 0.065649 -2.235410
v -11.114941 0.065649 -2.784148
v -10.964941 0.065649 -3.326179
v -10.788526 0.065649 -3.860196
v -10.586120 0.065649 -4.384914
v -10.358211 0.065649 -4.899069
v -10.105348 0.065649 -5.401421
v -9.828140 0.065649 -5.890761
v -9.527256 0.065649 -6.365909
v -9.203420 0.065649 -6.825721
v -8.857411 0.065649 -7.269090
v -8.490065 0.065649 -7.694946
v -8.102265 0.065649 -8.102265
v -7.694946 0.065649 -8.490065
v -7.269090 0.065649 -8.857411
v -6.825721 0.065649 -9.203420
v -6.365909 0.065649 -9.527256
v -5.890761 0.065649 -9.828140
v -5.401421 0.065649 -10.105348
v -4.899069 0.065649 -10.358211
v -4.384914 0.065649 -10.586120
v -3.860196 0.065649 -10.788526
v -3.326179 0.065649 -10.964941
v -2.784148 0.065649 -11.114941
v -2.235410 0.065649 -11.238165
v -1.681287 0.065649 -11.334314
v -1.123113 0.065649 -11.403158
v -0.562234 0.065649 -11.444531
v -0.000000 0.065649 -11.458333
v 0.562234 0.065649 -11.444531
v 1.123113 0.065649 -11.403158
v 1.681287 0.065649 -11.334314
v 2.235410 0.065649 -11.238165
v 2.784148 0.065649 -11.114941
v 3.326179 0.065649 -10.964941
v 3.860196 0.065649 -10.788526
v 4.384914 0.065649 -10.586120
v 4.899069 0.065649 -10.358211
v 5.401421 0.065649 -10.105348
v 5.890761 0.065649 -9.828140
v 6.365909 0.065649 -9.527256
v 6.825721 0.065649 -9.203420
v 7.269090 0.065649 -8.857411
v 7.694946 0.065649 -8.490065
v 8.102265 0.065649 -8.102265
v 8.490065 0.065649 -7.694946
v 8.857411 0.065649 -7.269090
v 9.203420 0.065649 -6.825721
v 9.527256 0.065649 -6.365909
v 9.828140 0.065649 -5.890761
v 10.105348 0.065649 -5.401421
v 10.358211 0.065649 -4.899069
v 10.586120 0.065649 -4.384914
v 10.788526 0.065649 -3.860196
v 10.964941 0.065649 -3.326179
v 11.114941 0.065649 -2.784148
v 11.238165 0.065649 -2.235410
v 11.334314 0.065649 -1.681287
v 11.403158 0.065649 -1.123113
v 11.444531 0.065649 -0.562234
v 12.500000 0.078128 0.000000
v 12.484943 0.078128 0.613346
v 12.439809 0.078128 1.225214
v 12.364706 0.078128 1.834131
v 12.259816 0.078128 2.438629
v 12.125391 0.078128 3.037252
v 11.961754 0.078128 3.628558
v 11.769301 0.078128 4.211123
v 11.548494 0.078128 4.783543
v 11.299866 0.078128 5.344439
v 11.024016 0.078128 5.892459
v 10.721608 0.078128 6.426284
v 10.393370 0.078128 6.944628
v 10.040094 0.078128 7.446241
v 9.662631 0.078128 7.929916
v 9.261889 0.078128 8.394487
v 8.838835 0.078128 8.838835
v 8.394487 0.078128 9.261889
v 7.929916 0.078128 9.662631
v 7.446241 0.078128 10.040094
v 6.944628 0.078128 10.393370
v 6.426284 0.078128 10.721608
v 5.892459 0.078128 11.024016
v 5.344439 0.078128 11.299866
v 4.783543 0.078128 11.548494
v 4.211123 0.078128 11.769301
v 3.628558 0.078128 11.961754
v 3.037252 0.078128 12.125391
v 2.438629 0.078128 12.259816
v 1.834131 0.078128 12.364706
v 1.225214 0.078128 12.439809
v 0.613346 0.078128 12.484943
v 0.000000 0.078128 12.500000
v -0.613346 0.078128 12.484943
v -1.225214 0.078128 12.439809
v -1.834131 0.078128 12.364706
v -2.438629 0.078128 12.259816
v -3.037252 0.078128 12.125391
v -3.628558 0.078128 11.961754
v -4.211123 0.078128 11.769301
v -4.783543 0.078128 11.548494
v -5.344439 0.078128 11.299866
v -5.892459 0.078128 11.024016
v -6.426284 0.078128 10.721608
v -6.944628 0.078128 10.393370
v -7.446241 0.078128 10.040094
v -7.929916 0.078128 9.662631
v -8.394487 0.078128 9.261889
v -8.838835 0.078128 8.838835
v -9.261889 0.078128 8.394487
v -9.662631 0.078128 7.929916
v -10.040094 0.078128 7.446241
v -10.393370 0.078128 6.944628
v -10.721608 0.078128 6.426284
v -11.024016 0.078128 5.892459
v -11.299866 0.078128 5.344439
v -11.548494 0.078128 4.783543
v -11.769301 0.078128 4.211123
v -11.961754 0.078128 3.628558
v -12.125391 0.078128 3.037252
v -12.259816 0.078128 2.438629
v -12.364706 0.078128 1.834131
v -12.439809 0.078128 1.225214
v -12.484943 0.078128 0.613346
v -12.500000 0.078128 0.000000
v -12.484943 0.078128 -0.613346
v -12.439809 0.078128 -1.225214
v -12.364706 0.078128 -1.834131
v -12.259816 0.078128 -2.438629
v -12.125391 0.078128 -3.037252
v -11.961754 0.078128 -3.628558
v -11.769301 0.078128 -4.211123
v -11.548494 0.078128 -4.783543
v -11.299866 0.078128 -5.344439
v -11.024016 0.078128 -5.892459
v -10.721608 0.078128 -6.426284
v -10.393370 0.078128 -6.944628
v -10.040094 0.078128 -7.446241
v -9.662631 0.078128 -7.929916
v -9.261889 0.078128 -8.394487
v -8.838835 0.078128 -8.838835
v -8.394487 0.078128 -9.261889
v -7.929916 0.078128 -9.662631
v -7.446241 0.078128 -10.040094
v -6.944628 0.078128 -10.393370
v -6.426284 0.078128 -10.721608
v -5.892459 0.078128 -11.024016
v -5.344439 0.078128 -11.299866
v -4.783543 0.078128 -11.548494
v -4.211123 0.078128 -11.769301
v -3.628558 0.078128 -11.961754
v -3.037252 0.078128 -12.125391
v -2.438629 0.078128 -12.259816
v -1.834131 0.078128 -12.364706
v -1.225214 0.078128 -12.439809
v -0.613346 0.078128 -12.484943
v -0.000000 0.078128 -12.500000
v 0.613346 0.078128 -12.484943
v 1.225214 0.078128 -12.439809
v 1.834131 0.078128 -12.364706
v 2.438629 0.078128 -12.259816
v 3.037252 0.078128 -12.125391
v 3.628558 0.078128 -11.961754
v 4.211123 0.078128 -11.769301
v 4.783543 0.078128 -11.548494
v 5.344439 0.078128 -11.299866
v 5.892459 0.078128 -11.024016
v 6.426284 0.078128 -10.721608
v 6.944628 0.078128 -10.393370
v 7.446241 0.078128 -10.040094
v 7.929916 0.078128 -9.662631
v 8.394487 0.078128 -9.261889
v 8.838835 0.078128 -8.838835
v 9.261889 0.078128 -8.394487
v 9.662631 0.078128 -7.929916
v 10.040094 0.078128 -7.446241
v 10.393370 0.078128 -6.944628
v 10.721608 0.078128 -6.426284
v 11.024016 0.078128 -5.892459
v 11.299866 0.078128 -5.344439
v 11.548494 0.078128 -4.783543
v 11.769301 0.078128 -4.211123
v 11.961754 0.078128 -3.628558
v 12.125391 0.078128 -3.037252
v 12.259816 0.078128 -2.438629
v 12.364706 0.078128 -1.834131
v 12.439809 0.078128 -1.225214
v 12.484943 0.078128 -0.613346
v 13.541667 0.091693 0.000000
v 13.525355 0.091693 0.664458
v 13.476460 0.091693 1.327315
v 13.395099 0.091693 1.986975
v 13.281467 0.091693 2.641848
v 13.135840 0.091693 3.290357
v 12.958567 0.091693 3.930938
v 12.750076 0.091693 4.562050
v 12.510869 0.091693 5.182171
v 12.241522 0.091693 5.789809
v 11.942684 0.091693 6.383497
v 11.615075 0.091693 6.961808
v 11.259484 0.091693 7.523347
v 10.876769 0.091693 8.066761
v 10.467850 0.091693 8.590742
v 10.033713 0.091693 9.094028
v 9.575404 0.091693 9.575404
v 9.094028 0.091693 10.033713
v 8.590742 0.091693 10.467850
v 8.066761 0.091693 10.876769
v 7.523347 0.091693 11.259484
v 6.961808 0.091693 11.615075
v 6.383497 0.091693 11.942684
v 5.789809 0.091693 12.241522
v 5.182171 0.091693 12.510869
v 4.562050 0.091693 12.750076
v 3.930938 0.091693 12.958567
v 3.290357 0.091693 13.135840
v 2.641848 0.091693 13.281467
v 1.986975 0.091693 13.395099
v 1.327315 0.091693 13.476460
v 0.664458 0.091693 13.525355
v 0.000000 0.091693 13.541667
v -0.664458 0.091693 13.525355
v -1.327315 0.091693 13.476460
v -1.986975 0.091693 13.395099
v -2.641848 0.091693 13.281467
v -3.290357 0.091693 13.135840
v -3.930938 0.091693 12.958567
v -4.562050 0.091693 12.750076
v -5.182171 0.091693 12.510869
v -5.789809 0.091693 12.241522
v -6.383497 0.091693 11.942684
v -6.961808 0.091693 11.615075
v -7.523347 0.091693 11.259484
v -8.066761 0.091693 10.876769
v -8.590742 0.091693 10.467850
v -9.094028 0.091693 10.033713
v -9.575404 0.091693 9.575404
v -10.033713 0.091693 9.094028
v -10.467850 0.091693 8.590742
v -10.876769 0.091693 8.066761
v -11.259484 0.091693 7.523347
v -11.615075 0.091693 6.961808
v -11.942684 0.091693 6.383497
v -12.241522 0.091693 5.789809
v -12.510869 0.091693 5.182171
v -12.750076 0.091693 4.562050
v -12.958567 0.091693 3.930938
v -13.135840 0.091693 3.290357
v -13.281467 0.091693 2.641848
v -13.395099 0.091693 1.986975
v -13.476460 0.091693 1.327315
v -13.525355 0.091693 0.664458
v -13.541667 0.091693 0.000000
v -13.525355 0.091693 -0.664458
v -13.476460 0.091693 -1.327315
v -13.395099 0.091693 -1.986975
v -13.281467 0.091693 -2.641848
v -13.135840 0.091693 -3.290357
v -12.958567 0.091693 -3.930938
v -12.750076 0.091693 -4.562050
v -12.510869 0.091693 -5.182171
v -12.241522 0.091693 -5.789809
v -11.942684 0.091693 -6.383497
v -11.615075 0.091693 -6.961808
v -11.259484 0.091693 -7.523347
v -10.876769 0.091693 -8.066761
v -10.467850 0.091693 -8.590742
v -10.033713 0.091693 -9.094028
v -9.575404 0.091693 -9.575404
v -9.094028 0.091693 -10.033713
v -8.590742 0.091693 -10.467850
v -8.066761 0.091693 -10.876769
v -7.523347 0.091693 -11.259484
v -6.961808 0.091693 -11.615075
v -6.383497 0.091693 -11.942684
v -5.789809 0.091693 -12.241522
v -5.182171 0.091693 -12.510869
v -4.562050 0.091693 -12.750076
v -3.930938 0.091693 -12.958567
v -3.290357 0.091693 -13.135840
v -2.641848 0.091693 -13.281467
v -1.986975 0.091693 -13.395099
v -1.327315 0.091693 -13.476460
v -0.664458 0.091693 -13.525355
v -0.000000 0.091693 -13.541667
v 0.664458 0.091693 -13.525355
v 1.327315 0.091693 -13.476460
v 1.986975 0.091693 -13.395099
v 2.641848 0.091693 -13.281467
v 3.290357 0.091693 -13.135840
v 3.930938 0.091693 -12.958567
v 4.562050 0.091693 -12.750076
v 5.182171 0.091693 -12.510869
v 5.789809 0.091693 -12.241522
v 6.383497 0.091693 -11.942684
v 6.961808 0.091693 -11.615075
v 7.523347 0.091693 -11.259484
v 8.066761 0.091693 -10.876769
v 8.590742 0.091693 -10.467850
v 9.094028 0.091693 -10.033713
v 9.575404 0.091693 -9.575404
v 10.033713 0.091693 -9.094028
v 10.467850 0.091693 -8.590742
v 10.876769 0.091693 -8.066761
v 11.259484 0.091693 -7.523347
v 11.615075 0.091693 -6.961808
v 11.942684 0.091693 -6.383497
v 12.241522 0.091693 -5.789809
v 12.510869 0.091693 -5.182171
v 12.750076 0.091693 -4.562050
v 12.958567 0.091693 -3.930938
v 13.135840 0.091693 -3.290357
v 13.281467 0.091693 -2.641848
v 13.395099 0.091693 -1.986975
v 13.476460 0.091693 -1.327315
v 13.525355 0.091693 -0.664458
v 14.583333 0.106342 0.000000
v 14.565767 0.106342 0.715570
v 14.513111 0.106342 1.429417
v 14.425491 0.106342 2.139819
v 14.303119 0.106342 2.845067
v 14.146289 0.106342 3.543461
v 13.955380 0.106342 4.233318
v 13.730851 0.106342 4.912977
v 13.473243 0.106342 5.580800
v 13.183177 0.106342 6.235178
v 12.861352 0.106342 6.874536
v 12.508542 0.106342 7.497332
v 12.125599 0.106342 8.102066
v 11.713443 0.106342 8.687282
v 11.273069 0.106342 9.251569
v 10.805537 0.106342 9.793568
v 10.311974 0.106342 10.311974
v 9.793568 0.106342 10.805537
v 9.251569 0.106342 11.273069
v 8.687282 0.106342 11.713443
v 8.102066 0.106342 12.125599
v 7.497332 0.106342 12.508542
v 6.874536 0.106342 12.861352
v 6.235178 0.106342 13.183177
v 5.580800 0.106342 13.473243
v 4.912977 0.106342 13.730851
v 4.233318 0.106342 13.955380
v 3.543461 0.106342 14.146289
v 2.845067 0.106342 14.303119
v 2.139819 0.106342 14.425491
v 1.429417 0.106342 14.513111
v 0.715570 0.106342 14.565767
v 0.000000 0.106342 14.583333
v -0.715570 0.106342 14.565767
v -1.429417 0.106342 14.513111
v -2.139819 0.106342 14.425491
v -2.845067 0.106342 14.303119
v -3.543461 0.106342 14.146289
v -4.233318 0.106342 13.955380
v -4.912977 0.106342 13.730851
v -5.580800 0.106342 13.473243
v -6.235178 0.106342 13.183177
v -6.874536 0.106342 12.861352
v -7.497332 0.106342 12.508542
v -8.102066 0.106342 12.125599
v -8.687282 0.106342 11.713443
v -9.251569 0.106342 11.273069
v -9.793568 0.106342 10.805537
v -10.311974 0.106342 10.311974
v -10.805537 0.106342 9.793568
v -11.273069 0.106342 9.251569
v -11.713443 0.106342 8.687282
v -12.125599 0.106342 8.102066
v -12.508542 0.106342 7.497332
v -12.861352 0.106342 6.874536
v -13.183177 0.106342 6.235178
v -13.473243 0.106342 5.580800
v -13.730851 0.106342 4.912977
v -13.955380 0.106342 4.233318
v -14.146289 0.106342 3.543461
v -14.303119 0.106342 2.845067
v -14.425491 0.106342 2.139819
v -14.513111 0.106342 1.429417
v -14.565767 0.106342 0.715570
v -14.583333 0.106342 0.000000
v -14.565767 0.106342 -0.715570
v -14.513111 0.106342 -1.429417
v -14.425491 0.106342 -2.139819
v -14.303119 0.106342 -2.845067
v -14.146289 0.106342 -3.543461
v -13.955380 0.106342 -4.233318
v -13.730851 0.106342 -4.912977
v -13.473243 0.106342 -5.580800
v -13.183177 0.106342 -6.235178
v -12.861352 0.106342 -6.874536
v -12.508542 0.106342 -7.497332
v -12.125599 0.106342 -8.102066
v -11.713443 0.106342 -8.687282
v -11.273069 0.106342 -9.251569
v -10.805537 0.106342 -9.793568
v -10.311974 0.106342 -10.311974
v -9.793568 0.106342 -10.805537
v -9.251569 0.106342 -11.273069
v -8.687282 0.106342 -11.713443
v -8.102066 0.106342 -12.125599
v -7.497332 0.106342 -12.508542
v -6.874536 0.106342 -12.861352
v -6.235178 0.106342 -13.183177
v -5.580800 0.106342 -13.473243
v -4.912977 0.106342 -13.730851
v -4.233318 0.106342 -13.955380
v -3.543461 0.106342 -14.146289
v -2.845067 0.106342 -14.303119
v -2.139819 0.106342 -14.425491
v -1.429417 0.106342 -14.513111
v -0.715570 0.106342 -14.565767
v -0.000000 0.106342 -14.583333
v 0.715570 0.106342 -14.565767
v 1.429417 0.106342 -14.513111
v 2.139819 0.106342 -14.425491
v 2.845067 0.106342 -14.303119
v 3.543461 0.106342 -14.146289
v 4.233318 0.106342 -13.955380
v 4.912977 0.106342 -13.730851
v 5.580800 0.106342 -13.473243
v 6.235178 0.106342 -13.183177
v 6.874536 0.106342 -12.861352
v 7.497332 0.106342 -12.508542
v 8.102066 0.106342 -12.125599
v 8.687282 0.106342 -11.713443
v 9.251569 0.106342 -11.273069
v 9.793568 0.106342 -10.805537
v 10.311974 0.106342 -10.311974
v 10.805537 0.106342 -9.793568
v 11.273069 0.106342 -9.251569
v 11.713443 0.106342 -8.687282
v 12.125599 0.106342 -8.102066
v 12.508542 0.106342 -7.497332
v 12.861352 0.106342 -6.874536
v 13.183177 0.106342 -6.235178
v 13.473243 0.106342 -5.580800
v 13.730851 0.106342 -4.912977
v 13.955380 0.106342 -4.233318
v 14.146289 0.106342 -3.543461
v 14.303119 0.106342 -2.845067
v 14.425491 0.106342 -2.139819
v 14.513111 0.106342 -1.429417
v 14.565767 0.106342 -0.715570
v 15.625000 0.122078 0.000000
v 15.606179 0.122078 0.766682
v 15.549761 0.122078 1.531518
v 15.455883 0.122078 2.292664
v 15.324770 0.122078 3.048286
v 15.156738 0.122078 3.796565
v 14.952193 0.122078 4.535698
v 14.711626 0.122078 5.263904
v 14.435618 0.122078 5.979429
v 14.124833 0.122078 6.680548
v 13.780020 0.122078 7.365574
v 13.402010 0.122078 8.032855
v 12.991713 0.122078 8.680785
v 12.550118 0.122078 9.307802
v 12.078288 0.122078 9.912395
v 11.577361 0.122078 10.493109
v 11.048543 0.122078 11.048543
v 10.493109 0.122078 11.577361
v 9.912395 0.122078 12.078288
v 9.307802 0.122078 12.550118
v 8.680785 0.122078 12.991713
v 8.032855 0.122078 13.402010
v 7.365574 0.122078 13.780020
v 6.680548 0.122078 14.124833
v 5.979429 0.122078 14.435618
v 5.263904 0.122078 14.711626
v 4.535698 0.122078 14.952193
v 3.796565 0.122078 15.156738
v 3.048286 0.122078 15.324770
v 2.292664 0.122078 15.455883
v 1.531518 0.122078 15.549761
v 0.766682 0.122078 15.606179
v 0.000000 0.122078 15.625000
v -0.766682 0.122078 15.606179
v -1.531518 0.122078 15.549761
v -2.292664 0.122078 15.455883
v -3.048286 0.122078 15.324770
v -3.796565 0.122078 15.156738
v -4.535698 0.122078 14.952193
v -5.263904 0.122078 14.711626
v -5.979429 0.122078 14.435618
v -6.680548 0.122078 14.124833
v -7.365574 0.122078 13.780020
v -8.032855 0.122078 13.402010
v -8.680785 0.122078 12.991713
v -9.307802 0.122078 12.550118
v -9.912395 0.122078 12.078288
v -10.493109 0.122078 11.577361
v -11.048543 0.122078 11.048543
v -11.577361 0.122078 10.493109
v -12.078288 0.122078 9.912395
v -12.550118 0.122078 9.307802
v -12.991713 0.122078 8.680785
v -13.402010 0.122078 8.032855
v -13.780020 0.122078 7.365574
v -14.124833 0.122078 6.680548
v -14.435618 0.122078 5.979429
v -14.711626 0.122078 5.263904
v -14.952193 0.122078 4.535698
v -15.156738 0.122078 3.796565
v -15.324770 0.122078 3.048286
v -15.455883 0.122078 2.292664
v -15.549761 0.122078 1.531518
v -15.606179 0.122078 0.766682
v -15.625000 0.122078 0.000000
v -15.606179 0.122078 -0.766682
v -15.549761 0.122078 -1.531518
v -15.455883 0.122078 -2.292664
v -15.324770 0.122078 -3.048286
v -15.156738 0.122078 -3.796565
v -14.952193 0.122078 -4.535698
v -14.711626 0.122078 -5.263904
v -14.435618 0.122078 -5.979429
v -14.124833 0.122078 -6.680548
v -13.780020 0.122078 -7.365574
v -13.402010 0.122078 -8.032855
v -12.991713 0.122078 -8.680785
v -12.550118 0.122078 -9.307802
v -12.078288 0.122078 -9.912395
v -11.577361 0.122078 -10.493109
v -11.048543 0.122078 -11.048543
v -10.493109 0.122078 -11.577361
v -9.912395 0.122078 -12.078288
v -9.307802 0.122078 -12.550118
v -8.680785 0.122078 -12.991713
v -8.032855 0.122078 -13.402010
v -7.365574 0.122078 -13.780020
v -6.680548 0.122078 -14.124833
v -5.979429 0.122078 -14.435618
v -5.263904 0.122078 -14.711626
v -4.535698 0.122078 -14.952193
v -3.796565 0.122078 -15.156738
v -3.048286 0.122078 -15.324770
v -2.292664 0.122078 -15.455883
v -1.531518 0.122078 -15.549761
v -0.766682 0.122078 -15.606179
v -0.000000 0.122078 -15.625000
v 0.766682 0.122078 -15.606179
v 1.531518 0.122078 -15.549761
v 2.292664 0.122078 -15.455883
v 3.048286 0.122078 -15.324770
v 3.796565 0.122078 -15.156738
v 4.535698 0.122078 -14.952193
v 5.263904 0.122078 -14.711626
v 5.979429 0.122078 -14.435618
v 6.680548 0.122078 -14.124833
v 7.365574 0.122078 -13.780020
v 8.032855 0.122078 -13.402010
v 8.680785 0.122078 -12.991713
v 9.307802 0.122078 -12.550118
v 9.912395 0.122078 -12.078288
v 10.493109 0.122078 -11.577361
v 11.048543 0.122078 -11.048543
v 11.577361 0.122078 -10.493109
v 12.078288 0.122078 -9.912395
v 12.550118 0.122078 -9.307802
v 12.991713 0.122078 -8.680785
v 13.402010 0.122078 -8.032855
v 13.780020 0.122078 -7.365574
v 14.124833 0.122078 -6.680548
v 14.435618 0.122078 -5.979429
v 14.711626 0.122078 -5.263904
v 14.952193 0.122078 -4.535698
v 15.156738 0.122078 -3.796565
v 15.324770 0.122078 -3.048286
v 15.455883 0.122078 -2.292664
v 15.549761 0.122078 -1.531518
v 15.606179 0.122078 -0.766682
v 16.666667 0.138899 0.000000
v 16.646591 0.138899 0.817795
v 16.586412 0.138899 1.633619
v 16.486275 0.138899 2.445508
v 16.346421 0.138899 3.251505
v 16.167188 0.138899 4.049670
v 15.949006 0.138899 4.838078
v 15.692401 0.138899 5.614831
v 15.397992 0.138899 6.378057
v 15.066488 0.138899 7.125918
v 14.698688 0.138899 7.856612
v 14.295477 0.138899 8.568379
v 13.857827 0.138899 9.259504
v 13.386792 0.138899 9.928322
v 12.883508 0.138899 10.573221
v 12.349185 0.138899 11.192649
v 11.785113 0.138899 11.785113
v 11.192649 0.138899 12.349185
v 10.573221 0.138899 12.883508
v 9.928322 0.138899 13.386792
v 9.259504 0.138899 13.857827
v 8.568379 0.138899 14.295477
v 7.856612 0.138899 14.698688
v 7.125918 0.138899 15.066488
v 6.378057 0.138899 15.397992
v 5.614831 0.138899 15.692401
v 4.838078 0.138899 15.949006
v 4.049670 0.138899 16.167188
v 3.251505 0.138899 16.346421
v 2.445508 0.138899 16.486275
v 1.633619 0.138899 16.586412
v 0.817795 0.138899 16.646591
v 0.000000 0.138899 16.666667
v -0.817795 0.138899 16.646591
v -1.633619 0.138899 16.586412
v -2.445508 0.138899 16.486275
v -3.251505 0.138899 16.346421
v -4.049670 0.138899 16.167188
v -4.838078 0.138899 15.949006
v -5.614831 0.138899 15.692401
v -6.378057 0.138899 15.397992
v -7.125918 0.138899 15.066488
v -7.856612 0.138899 14.698688
v -8.568379 0.138899 14.295477
v -9.259504 0.138899 13.857827
v -9.928322 0.138899 13.386792
v -10.573221 0.138899 12.883508
v -11.192649 0.138899 12.349185
v -11.785113 0.138899 11.785113
v -12.349185 0.138899 11.192649
v -12.883508 0.138899 10.573221
v -13.386792 0.138899 9.928322
v -13.857827 0.138899 9.259504
v -14.295477 0.138899 8.568379
v -14.698688 0.138899 7.856612
v -15.066488 0.138899 7.125918
v -15.397992 0.138899 6.378057
v -15.692401 0.138899 5.614831
v -15.949006 0.138899 4.838078
v -16.167188 0.138899 4.049670
v -16.346421 0.138899 3.251505
v -16.486275 0.138899 2.445508
v -16.586412 0.138899 1.633619
v -16.646591 0.138899 0.817795
v -16.666667 0.138899 0.000000
v -16.646591 0.138899 -0.817795
v -16.586412 0.138899 -1.633619
v -16.486275 0.138899 -2.445508
v -16.346421 0.138899 -3.251505
v -16.167188 0.138899 -4.049670
v -15.949006 0.138899 -4.838078
v -15.692401 0.138899 -5.614831
v -15.397992 0.138899 -6.378057
v -15.066488 0.138899 -7.125918
v -14.698688 0.138899 -7.856612
v -14.295477 0.138899 -8.568379
v -13.857827 0.138899 -9.259504
v -13.386792 0.138899 -9.928322
v -12.883508 0.138899 -10.573221
v -12.349185 0.138899 -11.192649
v -11.785113 0.138899 -11.785113
v -11.192649 0.138899 -12.349185
v -10.573221 0.138899 -12.883508
v -9.928322 0.138899 -13.386792
v -9.259504 0.138899 -13.857827
v -8.568379 0.138899 -14.295477
v -7.856612 0.138899 -14.698688
v -7.125918 0.138899 -15.066488
v -6.378057 0.138899 -15.397992
v -5.614831 0.138899 -15.692401
v -4.838078 0.138899 -15.949006
v -4.049670 0.138899 -16.167188
v -3.251505 0.138899 -16.346421
v -2.445508 0.138899 -16.486275
v -1.633619 0.138899 -16.586412
v -0.817795 0.138899 -16.646591
v -0.000000 0.138899 -16.666667
v 0.817795 0.138899 -16.646591
v 1.633619 0.138899 -16.586412
v 2.445508 0.138899 -16.486275
v 3.251505 0.138899 -16.346421
v 4.049670 0.138899 -16.167188
v 4.838078 0.138899 -15.949006
v 5.614831 0.138899 -15.692401
v 6.378057 0.138899 -15.397992
v 7.125918 0.138899 -15.066488
v 7.856612 0.138899 -14.698688
v 8.568379 0.138899 -14.295477
v 9.259504 0.138899 -13.857827
v 9.928322 0.138899 -13.386792
v 10.573221 0.138899 -12.883508
v 11.192649 0.138899 -12.349185
v 11.785113 0.138899 -11.785113
v 12.349185 0.138899 -11.192649
v 12.883508 0.138899 -10.573221
v 13.386792 0.138899 -9.928322
v 13.857827 0.138899 -9.259504
v 14.295477 0.138899 -8.568379
v 14.698688 0.138899 -7.856612
v 15.066488 0.138899 -7.125918
v 15.397992 0.138899 -6.378057
v 15.692401 0.138899 -5.614831
v 15.949006 0.138899 -4.838078
v 16.167188 0.138899 -4.049670
v 16.346421 0.138899 -3.251505
v 16.486275 0.138899 -2.445508
v 16.586412 0.138899 -1.633619
v 16.646591 0.138899 -0.817795
v 17.708333 0.156805 0.000000
v 17.687003 0.156805 0.868907
v 17.623063 0.156805 1.735720
v 17.516667 0.156805 2.598352
v 17.368073 0.156805 3.454724
v 17.177637 0.156805 4.302774
v 16.945818 0.156805 5.140458
v 16.673176 0.156805 5.965758
v 16.360367 0.156805 6.776686
v 16.008144 0.156805 7.571288
v 15.617356 0.156805 8.347651
v 15.188944 0.156805 9.103903
v 14.723941 0.156805 9.838223
v 14.223467 0.156805 10.548842
v 13.688727 0.156805 11.234048
v 13.121010 0.156805 11.892190
v 12.521683 0.156805 12.521683
v 11.892190 0.156805 13.121010
v 11.234048 0.156805 13.688727
v 10.548842 0.156805 14.223467
v 9.838223 0.156805 14.723941
v 9.103903 0.156805 15.188944
v 8.347651 0.156805 15.617356
v 7.571288 0.156805 16.008144
v 6.776686 0.156805 16.360367
v 5.965758 0.156805 16.673176
v 5.140458 0.156805 16.945818
v 4.302774 0.156805 17.177637
v 3.454724 0.156805 17.368073
v 2.598352 0.156805 17.516667
v 1.735720 0.156805 17.623063
v 0.868907 0.156805 17.687003
v 0.000000 0.156805 17.708333
v -0.868907 0.156805 17.687003
v -1.735720 0.156805 17.623063
v -2.598352 0.156805 17.516667
v -3.454724 0.156805 17.368073
v -4.302774 0.156805 17.177637
v -5.140458 0.156805 16.945818
v -5.965758 0.156805 16.673176
v -6.776686 0.156805 16.360367
v -7.571288 0.156805 16.008144
v -8.347651 0.156805 15.617356
v -9.103903 0.156805 15.188944
v -9.838223 0.156805 14.723941
v -10.548842 0.156805 14.223467
v -11.234048 0.156805 13.688727
v -11.892190 0.156805 13.121010
v -12.521683 0.156805 12.521683
v -13.121010 0.156805 11.892190
v -13.688727 0.156805 11.234048
v -14.223467 0.156805 10.548842
v -14.723941 0.156805 9.838223
v -15.188944 0.156805 9.103903
v -15.617356 0.156805 8.347651
v -16.008144 0.156805 7.571288
v -16.360367 0.156805 6.776686
v -16.673176 0.156805 5.965758
v -16.945818 0.156805 5.140458
v -17.177637 0.156805 4.302774
v -17.368073 0.156805 3.454724
v -17.516667 0.156805 2.598352
v -17.623063 0.156805 1.735720
v -17.687003 0.156805 0.868907
v -17.708333 0.156805 0.000000
v -17.687003 0.156805 -0.868907
v -17.623063 0.156805 -1.735720
v -17.516667 0.156805 -2.598352
v -17.368073 0.156805 -3.454724
v -17.177637 0.156805 -4.302774
v -16.945818 0.156805 -5.140458
v -16.673176 0.156805 -5.965758
v -16.360367 0.156805 -6.776686
v -16.008144 0.156805 -7.571288
v -15.617356 0.156805 -8.347651
v -15.188944 0.156805 -9.103903
v -14.723941 0.156805 -9.838223
v -14.223467 0.156805 -10.548842
v -13.688727 0.156805 -11.234048
v -13.121010 0.156805 -11.892190
v -12.521683 0.156805 -12.521683
v -11.892190 0.156805 -13.121010
v -11.234048 0.156805 -13.688727
v -10.548842 0.156805 -14.223467
v -9.838223 0.156805 -14.723941
v -9.103903 0.156805 -15.188944
v -8.347651 0.156805 -15.617356
v -7.571288 0.156805 -16.008144
v -6.776686 0.156805 -16.360367
v -5.965758 0.156805 -16.673176
v -5.140458 0.156805 -16.945818
v -4.302774 0.156805 -17.177637
v -3.454724 0.156805 -17.368073
v -2.598352 0.156805 -17.516667
v -1.735720 0.156805 -17.623063
v -0.868907 0.156805 -17.687003
v -0.000000 0.156805 -17.708333
v 0.868907 0.156805 -17.687003
v 1.735720 0.156805 -17.623063
v 2.598352 0.156805 -17.516667
v 3.454724 0.156805 -17.368073
v 4.302774 0.156805 -17.177637
v 5.140458 0.156805 -16.945818
v 5.965758 0.156805 -16.673176
v 6.776686 0.156805 -16.360367
v 7.571288 0.156805 -16.008144
v 8.347651 0.156805 -15.617356
v 9.103903 0.156805 -15.188944
v 9.838223 0.156805 -14.723941
v 10.548842 0.156805 -14.223467
v 11.234048 0.156805 -13.688727
v 11.892190 0.156805 -13.121010
v 12.521683 0.156805 -12.521683
v 13.121010 0.156805 -11.892190
v 13.688727 0.156805 -11.234048
v 14.223467 0.156805 -10.548842
v 14.723941 0.156805 -9.838223
v 15.188944 0.156805 -9.103903
v 15.617356 0.156805 -8.347651
v 16.008144 0.156805 -7.571288
v 16.360367 0.156805 -6.776686
v 16.673176 0.156805 -5.965758
v 16.945818 0.156805 -5.140458
v 17.177637 0.156805 -4.302774
v 17.368073 0.156805 -3.454724
v 17.516667 0.156805 -2.598352
v 17.623063 0.156805 -1.735720
v 17.687003 0.156805 -0.868907
v 18.750000 0.175797 0.000000
v 18.727415 0.175797 0.920019
v 18.659714 0.175797 1.837821
v 18.547060 0.175797 2.751196
v 18.389724 0.175797 3.657944
v 18.188086 0.175797 4.555878
v 17.942631 0.175797 5.442838
v 17.653951 0.175797 6.316685
v 17.322741 0.175797 7.175314
v 16.949799 0.175797 8.016658
v 16.536024 0.175797 8.838689
v 16.082411 0.175797 9.639426
v 15.590055 0.175797 10.416942
v 15.060141 0.175797 11.169362
v 14.493946 0.175797 11.894874
v 13.892834 0.175797 12.591730
v 13.258252 0.175797 13.258252
v 12.591730 0.175797 13.892834
v 11.894874 0.175797 14.493946
v 11.169362 0.175797 15.060141
v 10.416942 0.175797 15.590055
v 9.639426 0.175797 16.082411
v 8.838689 0.175797 16.536024
v 8.016658 0.175797 16.949799
v 7.175314 0.175797 17.322741
v 6.316685 0.175797 17.653951
v 5.442838 0.175797 17.942631
v 4.555878 0.175797 18.188086
v 3.657944 0.175797 18.389724
v 2.751196 0.175797 18.547060
v 1.837821 0.175797 18.659714
v 0.920019 0.175797 18.727415
v 0.000000 0.175797 18.750000
v -0.920019 0.175797 18.727415
v -1.837821 0.175797 18.659714
v -2.751196 0.175797 18.547060
v -3.657944 0.175797 18.389724
v -4.555878 0.175797 18.188086
v -5.442838 0.175797 17.942631
v -6.316685 0.175797 17.653951
v -7.175314 0.175797 17.322741
v -8.016658 0.175797 16.949799
v -8.838689 0.175797 16.536024
v -9.639426 0.175797 16.082411
v -10.416942 0.175797 15.590055
v -11.169362 0.175797 15.060141
v -11.894874 0.175797 14.493946
v -12.591730 0.175797 13.892834
v -13.258252 0.175797 13.258252
v -13.892834 0.175797 12.591730
v -14.493946 0.175797 11.894874
v -15.060141 0.175797 11.169362
v -15.590055 0.175797 10.416942
v -16.082411 0.175797 9.639426
v -16.536024 0.175797 8.838689
v -16.949799 0.175797 8.016658
v -17.322741 0.175797 7.175314
v -17.653951 0.175797 6.316685
v -17.942631 0.175797 5.442838
v -18.188086 0.175797 4.555878
v -18.389724 0.175797 3.657944
v -18.547060 0.175797 2.751196
v -18.659714 0.175797 1.837821
v -18.727415 0.175797 0.920019
v -18.750000 0.175797 0.000000
v -18.727415 0.175797 -0.920019
v -18.659714 0.175797 -1.837821
v -18.547060 0.175797 -2.751196
v -18.389724 0.175797 -3.657944
v -18.188086 0.175797 -4.555878
v -17.942631 0.175797 -5.442838
v -17.653951 0.175797 -6.316685
v -17.322741 0.175797 -7.175314
v -16.949799 0.175797 -8.016658
v -16.536024 0.175797 -8.838689
v -16.082411 0.175797 -9.639426
v -15.590055 0.175797 -10.416942
v -15.060141 0.175797 -11.169362
v -14.493946 0.175797 -11.894874
v -13.892834 0.175797 -12.591730
v -13.258252 0.175797 -13.258252
v -12.591730 0.175797 -13.892834
v -11.894874 0.175797 -14.493946
v -11.169362 0.175797 -15.060141
v -10.416942 0.175797 -15.590055
v -9.639426 0.175797 -16.082411
v -8.838689 0.175797 -16.536024
v -8.016658 0.175797 -16.949799
v -7.175314 0.175797 -17.322741
v -6.316685 0.175797 -17.653951
v -5.442838 0.175797 -17.942631
v -4.555878 0.175797 -18.188086
v -3.657944 0.175797 -18.389724
v -2.751196 0.175797 -18.547060
v -1.837821 0.175797 -18.659714
v -0.920019 0.175797 -18.727415
v -0.000000 0.175797 -18.750000
v 0.920019 0.175797 -18.727415
v 1.837821 0.175797 -18.659714
v 2.751196 0.175797 -18.547060
v 3.657944 0.175797 -18.389724
v 4.555878 0.175797 -18.188086
v 5.442838 0.175797 -17.942631
v 6.316685 0.175797 -17.653951
v 7.175314 0.175797 -17.322741
v 8.016658 0.175797 -16.949799
v 8.838689 0.175797 -16.536024
v 9.639426 0.175797 -16.082411
v 10.416942 0.175797 -15.590055
v 11.169362 0.175797 -15.060141
v 11.894874 0.175797 -14.493946
v 12.591730 0.175797 -13.892834
v 13.258252 0.175797 -13.258252
v 13.892834 0.175797 -12.591730
v 14.493946 0.175797 -11.894874
v 15.060141 0.175797 -11.169362
v 15.590055 0.175797 -10.416942
v 16.082411 0.175797 -9.639426
v 16.536024 0.175797 -8.838689
v 16.949799 0.175797 -8.016658
v 17.322741 0.175797 -7.175314
v 17.653951 0.175797 -6.316685
v 17.942631 0.175797 -5.442838
v 18.188086 0.175797 -4.555878
v 18.389724 0.175797 -3.657944
v 18.547060 0.175797 -2.751196
v 18.659714 0.175797 -1.837821
v 18.727415 0.175797 -0.920019
v 19.791667 0.195874 0.000000
v 19.767827 0.195874 0.971131
v 19.696364 0.195874 1.939923
v 19.577452 0.195874 2.904041
v 19.411375 0.195874 3.861163
v 19.198535 0.195874 4.808983
v 18.939444 0.195874 5.745218
v 18.634726 0.195874 6.667612
v 18.285116 0.195874 7.573943
v 17.891455 0.195874 8.462028
v 17.454692 0.195874 9.329727
v 16.975879 0.195874 10.174950
v 16.456169 0.195874 10.995661
v 15.896816 0.195874 11.789882
v 15.299165 0.195874 12.555700
v 14.664658 0.195874 13.291271
v 13.994822 0.195874 13.994822
v 13.291271 0.195874 14.664658
v 12.555700 0.195874 15.299165
v 11.789882 0.195874 15.896816
v 10.995661 0.195874 16.456169
v 10.174950 0.195874 16.975879
v 9.329727 0.195874 17.454692
v 8.462028 0.195874 17.891455
v 7.573943 0.195874 18.285116
v 6.667612 0.195874 18.634726
v 5.745218 0.195874 18.939444
v 4.808983 0.195874 19.198535
v 3.861163 0.195874 19.411375
v 2.904041 0.195874 19.577452
v 1.939923 0.195874 19.696364
v 0.971131 0.195874 19.767827
v 0.000000 0.195874 19.791667
v -0.971131 0.195874 19.767827
v -1.939923 0.195874 19.696364
v -2.904041 0.195874 19.577452
v -3.861163 0.195874 19.411375
v -4.808983 0.195874 19.198535
v -5.745218 0.195874 18.939444
v -6.667612 0.195874 18.634726
v -7.573943 0.195874 18.285116
v -8.462028 0.195874 17.891455
v -9.329727 0.195874 17.454692
v -10.174950 0.195874 16.975879
v -10.995661 0.195874 16.456169
v -11.789882 0.195874 15.896816
v -12.555700 0.195874 15.299165
v -13.291271 0.195874 14.664658
v -13.994822 0.195874 13.994822
v -14.664658 0.195874 13.291271
v -15.299165 0.195874 12.555700
v -15.896816 0.195874 11.789882
v -16.456169 0.195874 10.995661
v -16.975879 0.195874 10.174950
v -17.454692 0.195874 9.329727
v -17.891455 0.195874 8.462028
v -18.285116 0.195874 7.573943
v -18.634726 0.195874 6.667612
v -18.939444 0.195874 5.745218
v -19.198535 0.195874 4.808983
v -19.411375 0.195874 3.861163
v -19.577452 0.195874 2.904041
v -19.696364 0.195874 1.939923
v -19.767827 0.195874 0.971131
v -19.791667 0.195874 0.000000
v -19.767827 0.195874 -0.971131
v -19.696364 0.195874 -1.939923
v -19.577452 0.195874 -2.904041
v -19.411375 0.195874 -3.861163
v -19.198535 0.195874 -4.808983
v -18.939444 0.195874 -5.745218
v -18.634726 0.195874 -6.667612
v -18.285116 0.195874 -7.573943
v -17.891455 0.195874 -8.462028
v -17.454692 0.195874 -9.329727
v -16.975879 0.195874 -10.174950
v -16.456169 0.195874 -10.995661
v -15.896816 0.195874 -11.789882
v -15.299165 0.195874 -12.555700
v -14.664658 0.195874 -13.291271
v -13.994822 0.195874 -13.994822
v -13.291271 0.195874 -14.664658
v -12.555700 0.195874 -15.299165
v -11.789882 0.195874 -15.896816
v -10.995661 0.195874 -16.456169
v -10.174950 0.195874 -16.975879
v -9.329727 0.195874 -17.454692
v -8.462028 0.195874 -17.891455
v -7.573943 0.195874 -18.285116
v -6.667612 0.195874 -18.634726
v -5.745218 0.195874 -18.939444
v -4.808983 0.195874 -19.198535
v -3.861163 0.195874 -19.411375
v -2.904041 0.195874 -19.577452
v -1.939923 0.195874 -19.696364
v -0.971131 0.195874 -19.767827
v -0.000000 0.195874 -19.791667
v 0.971131 0.195874 -19.767827
v 1.939923 0.195874 -19.696364
v 2.904041 0.195874 -19.577452
v 3.861163 0.195874 -19.411375
v 4.808983 0.195874 -19.198535
v 5.745218 0.195874 -18.939444
v 6.667612 0.195874 -18.634726
v 7.573943 0.195874 -18.285116
v 8.462028 0.195874 -17.891455
v 9.329727 0.195874 -17.454692
v 10.174950 0.195874 -16.975879
v 10.995661 0.195874 -16.456169
v 11.789882 0.195874 -15.896816
v 12.555700 0.195874 -15.299165
v 13.291271 0.195874 -14.664658
v 13.994822 0.195874 -13.994822
v 14.664658 0.195874 -13.291271
v 15.299165 0.195874 -12.555700
v 15.896816 0.195874 -11.789882
v 16.456169 0.195874 -10.995661
v 16.975879 0.195874 -10.174950
v 17.454692 0.195874 -9.329727
v 17.891455 0.195874 -8.462028
v 18.285116 0.195874 -7.573943
v 18.634726 0.195874 -6.667612
v 18.939444 0.195874 -5.745218
v 19.198535 0.195874 -4.808983
v 19.411375 0.195874 -3.861163
v 19.577452 0.195874 -2.904041
v 19.696364 0.195874 -1.939923
v 19.767827 0.195874 -0.971131
v 20.833333 0.217037 0.000000
v 20.808239 0.217037 1.022243
v 20.733015 0.217037 2.042024
v 20.607844 0.217037 3.056885
v 20.433027 0.217037 4.064382
v 20.208984 0.217037 5.062087
v 19.936257 0.217037 6.047597
v 19.615501 0.217037 7.018539
v 19.247490 0.217037 7.972572
v 18.833110 0.217037 8.907398
v 18.373360 0.217037 9.820765
v 17.869346 0.217037 10.710474
v 17.322284 0.217037 11.574380
v 16.733490 0.217037 12.410402
v 16.104384 0.217037 13.216527
v 15.436482 0.217037 13.990812
v 14.731391 0.217037 14.731391
v 13.990812 0.217037 15.436482
v 13.216527 0.217037 16.104384
v 12.410402 0.217037 16.733490
v 11.574380 0.217037 17.322284
v 10.710474 0.217037 17.869346
v 9.820765 0.217037 18.373360
v 8.907398 0.217037 18.833110
v 7.972572 0.217037 19.247490
v 7.018539 0.217037 19.615501
v 6.047597 0.217037 19.936257
v 5.062087 0.217037 20.208984
v 4.064382 0.217037 20.433027
v 3.056885 0.217037 20.607844
v 2.042024 0.217037 20.733015
v 1.022243 0.217037 20.808239
v 0.000000 0.217037 20.833333
v -1.022243 0.217037 20.808239
v -2.042024 0.217037 20.733015
v -3.056885 0.217037 20.607844
v -4.064382 0.217037 20.433027
v -5.062087 0.217037 20.208984
v -6.047597 0.217037 19.936257
v -7.018539 0.217037 19.615501
v -7.972572 0.217037 19.247490
v -8.907398 0.217037 18.833110
v -9.820765 0.217037 18.373360
v -10.710474 0.217037 17.869346
v -11.574380 0.217037 17.322284
v -12.410402 0.217037 16.733490
v -13.216527 0.217037 16.104384
v -13.990812 0.217037 15.436482
v -14.731391 0.217037 14.731391
v -15.436482 0.217037 13.990812
v -16.104384 0.217037 13.216527
v -16.733490 0.217037 12.410402
v -17.322284 0.217037 11.574380
v -17.869346 0.217037 10.710474
v -18.373360 0.217037 9.820765
v -18.833110 0.217037 8.907398
v -19.247490 0.217037 7.972572
v -19.615501 0.217037 7.018539
v -19.936257 0.217037 6.047597
v -20.208984 0.217037 5.062087
v -20.433027 0.217037 4.064382
v -20.607844 0.217037 3.056885
v -20.733015 0.217037 2.042024
v -20.808239 0.217037 1.022243
v -20.833333 0.217037 0.000000
v -20.808239 0.217037 -1.022243
v -20.733015 0.217037 -2.042024
v -20.607844 0.217037 -3.056885
v -20.433027 0.217037 -4.064382
v -20.208984 0.217037 -5.062087
v -19.936257 0.217037 -6.047597
v -19.615501 0.217037 -7.018539
v -19.247490 0.217037 -7.972572
v -18.833110 0.217037 -8.907398
v -18.373360 0.217037 -9.820765
v -17.869346 0.217037 -10.710474
v -17.322284 0.217037 -11.574380
v -16.733490 0.217037 -12.410402
v -16.104384 0.217037 -13.216527
v -15.436482 0.217037 -13.990812
v -14.731391 0.217037 -14.731391
v -13.990812 0.217037 -15.436482
v -13.216527 0.217037 -16.104384
v -12.410402 0.217037 -16.733490
v -11.574380 0.217037 -17.322284
v -10.710474 0.217037 -17.869346
v -9.820765 0.217037 -18.373360
v -8.907398 0.217037 -18.833110
v -7.972572 0.217037 -19.247490
v -7.018539 0.217037 -19.615501
v -6.047597 0.217037 -19.936257
v -5.062087 0.217037 -20.208984
v -4.064382 0.217037 -20.433027
v -3.056885 0.217037 -20.607844
v -2.042024 0.217037 -20.733015
v -1.022243 0.217037 -20.808239
v -0.000000 0.217037 -20.833333
v 1.022243 0.217037 -20.808239
v 2.042024 0.217037 -20.733015
v 3.056885 0.217037 -20.607844
v 4.064382 0.217037 -20.433027
v 5.062087 0.217037 -20.208984
v 6.047597 0.217037 -19.936257
v 7.018539 0.217037 -19.615501
v 7.972572 0.217037 -19.247490
v 8.907398 0.217037 -18.833110
v 9.820765 0.217037 -18.373360
v 10.710474 0.217037 -17.869346
v 11.574380 0.217037 -17.322284
v 12.410402 0.217037 -16.733490
v 13.216527 0.217037 -16.104384
v 13.990812 0.217037 -15.436482
v 14.731391 0.217037 -14.731391
v 15.436482 0.217037 -13.990812
v 16.104384 0.217037 -13.216527
v 16.733490 0.217037 -12.410402
v 17.322284 0.217037 -11.574380
v 17.869346 0.217037 -10.710474
v 18.373360 0.217037 -9.820765
v 18.833110 0.217037 -8.907398
v 19.247490 0.217037 -7.972572
v 19.615501 0.217037 -7.018539
v 19.936257 0.217037 -6.047597
v 20.208984 0.217037 -5.062087
v 20.433027 0.217037 -4.064382
v 20.607844 0.217037 -3.056885
v 20.733015 0.217037 -2.042024
v 20.808239 0.217037 -1.022243
v 21.875000 0.239286 0.000000
v 21.848651 0.239286 1.073355
v 21.769666 0.239286 2.144125
v 21.638236 0.239286 3.209729
v 21.454678 0.239286 4.267601
v 21.219434 0.239286 5.315191
v 20.933070 0.239286 6.349977
v 20.596276 0.239286 7.369466
v 20.209865 0.239286 8.371200
v 19.774766 0.239286 9.352768
v 19.292028 0.239286 10.311804
v 18.762813 0.239286 11.245998
v 18.188398 0.239286 12.153099
v 17.570165 0.239286 13.030922
v 16.909604 0.239286 13.877353
v 16.208306 0.239286 14.690352
v 15.467961 0.239286 15.467961
v 14.690352 0.239286 16.208306
v 13.877353 0.239286 16.909604
v 13.030922 0.239286 17.570165
v 12.153099 0.239286 18.188398
v 11.245998 0.239286 18.762813
v 10.311804 0.239286 19.292028
v 9.352768 0.239286 19.774766
v 8.371200 0.239286 20.209865
v 7.369466 0.239286 20.596276
v 6.349977 0.239286 20.933070
v 5.315191 0.239286 21.219434
v 4.267601 0.239286 21.454678
v 3.209729 0.239286 21.638236
v 2.144125 0.239286 21.769666
v 1.073355 0.239286 21.848651
v 0.000000 0.239286 21.875000
v -1.073355 0.239286 21.848651
v -2.144125 0.239286 21.769666
v -3.209729 0.239286 21.638236
v -4.267601 0.239286 21.454678
v -5.315191 0.239286 21.219434
v -6.349977 0.239286 20.933070
v -7.369466 0.239286 20.596276
v -8.371200 0.239286 20.209865
v -9.352768 0.239286 19.774766
v -10.311804 0.239286 19.292028
v -11.245998 0.239286 18.762813
v -12.153099 0.239286 18.188398
v -13.030922 0.239286 17.570165
v -13.877353 0.239286 16.909604
v -14.690352 0.239286 16.208306
v -15.467961 0.239286 15.467961
v -16.208306 0.239286 14.690352
v -16.909604 0.239286 13.877353
v -17.570165 0.239286 13.030922
v -18.188398 0.239286 12.153099
v -18.762813 0.239286 11.245998
v -19.292028 0.239286 10.311804
v -19.774766 0.239286 9.352768
v -20.209865 0.239286 8.371200
v -20.596276 0.239286 7.369466
v -20.933070 0.239286 6.349977
v -21.219434 0.239286 5.315191
v -21.454678 0.239286 4.267601
v -21.638236 0.239286 3.209729
v -21.769666 0.239286 2.144125
v -21.848651 0.239286 1.073355
v -21.875000 0.239286 0.000000
v -21.848651 0.239286 -1.073355
v -21.769666 0.239286 -2.144125
v -21.638236 0.239286 -3.209729
v -21.454678 0.239286 -4.267601
v -21.219434 0.239286 -5.315191
v -20.933070 0.239286 -6.349977
v -20.596276 0.239286 -7.369466
v -20.209865 0.239286 -8.371200
v -19.774766 0.239286 -9.352768
v -19.292028 0.239286 -10.311804
v -18.762813 0.239286 -11.245998
v -18.188398 0.239286 -12.153099
v -17.570165 0.239286 -13.030922
v -16.909604 0.239286 -13.877353
v -16.208306 0.239286 -14.690352
v -15.467961 0.239286 -15.467961
v -14.690352 0.239286 -16.208306
v -13.877353 0.239286 -16.909604
v -13.030922 0.239286 -17.570165
v -12.153099 0.239286 -18.188398
v -11.245998 0.239286 -18.762813
v -10.311804 0.239286 -19.292028
v -9.352768 0.239286 -19.774766
v -8.371200 0.239286 -20.209865
v -7.369466 0.239286 -20.596276
v -6.349977 0.239286 -20.933070
v -5.315191 0.239286 -21.219434
v -4.267601 0.239286 -21.454678
v -3.209729 0.239286 -21.638236
v -2.144125 0.239286 -21.769666
v -1.073355 0.239286 -21.848651
v -0.000000 0.239286 -21.875000
v 1.073355 0.239286 -21.848651
v 2.144125 0.239286 -21.769666
v 3.209729 0.239286 -21.638236
v 4.267601 0.239286 -21.454678
v 5.315191 0.239286 -21.219434
v 6.349977 0.239286 -20.933070
v 7.369466 0.239286 -20.596276
v 8.371200 0.239286 -20.209865
v 9.352768 0.239286 -19.774766
v 10.311804 0.239286 -19.292028
v 11.245998 0.239286 -18.762813
v 12.153099 0.239286 -18.188398
v 13.030922 0.239286 -17.570165
v 13.877353 0.239286 -16.909604
v 14.690352 0.239286 -16.208306
v 15.467961 0.239286 -15.467961
v 16.208306 0.239286 -14.690352
v 16.909604 0.239286 -13.877353
v 17.570165 0.239286 -13.030922
v 18.188398 0.239286 -12.153099
v 18.762813 0.239286 -11.245998
v 19.292028 0.239286 -10.311804
v 19.774766 0.239286 -9.352768
v 20.209865 0.239286 -8.371200
v 20.596276 0.239286 -7.369466
v 20.933070 0.239286 -6.349977
v 21.219434 0.239286 -5.315191
v 21.454678 0.239286 -4.267601
v 21.638236 0.239286 -3.209729
v 21.769666 0.239286 -2.144125
v 21.848651 0.239286 -1.073355
v 22.916667 0.262621 0.000000
v 22.889063 0.262621 1.124468
v 22.806317 0.262621 2.246226
v 22.668628 0.262621 3.362573
v 22.476329 0.262621 4.470820
v 22.229883 0.262621 5.568296
v 21.929883 0.262621 6.652357
v 21.577051 0.262621 7.720392
v 21.172239 0.262621 8.769829
v 20.716421 0.262621 9.798138
v 20.210696 0.262621 10.802842
v 19.656281 0.262621 11.781521
v 19.054512 0.262621 12.731818
v 18.406839 0.262621 13.651442
v 17.714823 0.262621 14.538179
v 16.980130 0.262621 15.389893
v 16.204530 0.262621 16.204530
v 15.389893 0.262621 16.980130
v 14.538179 0.262621 17.714823
v 13.651442 0.262621 18.406839
v 12.731818 0.262621 19.054512
v 11.781521 0.262621 19.656281
v 10.802842 0.262621 20.210696
v 9.798138 0.262621 20.716421
v 8.769829 0.262621 21.172239
v 7.720392 0.262621 21.577051
v 6.652357 0.262621 21.929883
v 5.568296 0.262621 22.229883
v 4.470820 0.262621 22.476329
v 3.362573 0.262621 22.668628
v 2.246226 0.262621 22.806317
v 1.124468 0.262621 22.889063
v 0.000000 0.262621 22.916667
v -1.124468 0.262621 22.889063
v -2.246226 0.262621 22.806317
v -3.362573 0.262621 22.668628
v -4.470820 0.262621 22.476329
v -5.568296 0.262621 22.229883
v -6.652357 0.262621 21.929883
v -7.720392 0.262621 21.577051
v -8.769829 0.262621 21.172239
v -9.798138 0.262621 20.716421
v -10.802842 0.262621 20.210696
v -11.781521 0.262621 19.656281
v -12.731818 0.262621 19.054512
v -13.651442 0.262621 18.406839
v -14.538179 0.262621 17.714823
v -15.389893 0.262621 16.980130
v -16.204530 0.262621 16.204530
v -16.980130 0.262621 15.389893
v -17.714823 0.262621 14.538179
v -18.406839 0.262621 13.651442
v -19.054512 0.262621 12.731818
v -19.656281 0.262621 11.781521
v -20.210696 0.262621 10.802842
v -20.716421 0.262621 9.798138
v -21.172239 0.262621 8.769829
v -21.577051 0.262621 7.720392
v -21.929883 0.262621 6.652357
v -22.229883 0.262621 5.568296
v -22.476329 0.262621 4.470820
v -22.668628 0.262621 3.362573
v -22.806317 0.262621 2.246226
v -22.889063 0.262621 1.124468
v -22.916667 0.262621 0.000000
v -22.889063 0.262621 -1.124468
v -22.806317 0.262621 -2.246226
v -22.668628 0.262621 -3.362573
v -22.476329 0.262621 -4.470820
v -22.229883 0.262621 -5.568296
v -21.929883 0.262621 -6.652357
v -21.577051 0.262621 -7.720392
v -21.172239 0.262621 -8.769829
v -20.716421 0.262621 -9.798138
v -20.210696 0.262621 -10.802842
v -19.656281 0.262621 -11.781521
v -19.054512 0.262621 -12.731818
v -18.406839 0.262621 -13.651442
v -17.714823 0.262621 -14.538179
v -16.980130 0.262621 -15.389893
v -16.204530 0.262621 -16.204530
v -15.389893 0.262621 -16.980130
v -14.538179 0.262621 -17.714823
v -13.651442 0.262621 -18.406839
v -12.731818 0.262621 -19.054512
v -11.781521 0.262621 -19.656281
v -10.802842 0.262621 -20.210696
v -9.798138 0.262621 -20.716421
v -8.769829 0.262621 -21.172239
v -7.720392 0.262621 -21.577051
v -6.652357 0.262621 -21.929883
v -5.568296 0.262621 -22.229883
v -4.470820 0.262621 -22.476329
v -3.362573 0.262621 -22.668628
v -2.246226 0.262621 -22.806317
v -1.124468 0.262621 -22.889063
v -0.000000 0.262621 -22.916667
v 1.124468 0.262621 -22.889063
v 2.246226 0.262621 -22.806317
v 3.362573 0.262621 -22.668628
v 4.470820 0.262621 -22.476329
v 5.568296 0.262621 -22.229883
v 6.652357 0.262621 -21.929883
v 7.720392 0.262621 -21.577051
v 8.769829 0.262621 -21.172239
v 9.798138 0.262621 -20.716421
v 10.802842 0.262621 -20.210696
v 11.781521 0.262621 -19.656281
v 12.731818 0.262621 -19.054512
v 13.651442 0.262621 -18.406839
v 14.538179 0.262621 -17.714823
v 15.389893 0.262621 -16.980130
v 16.204530 0.262621 -16.204530
v 16.980130 0.262621 -15.389893
v 17.714823 0.262621 -14.538179
v 18.406839 0.262621 -13.651442
v 19.054512 0.262621 -12.731818
v 19.656281 0.262621 -11.781521
v 20.210696 0.262621 -10.802842
v 20.716421 0.262621 -9.798138
v 21.172239 0.262621 -8.769829
v 21.577051 0.262621 -7.720392
v 21.929883 0.262621 -6.652357
v 22.229883 0.262621 -5.568296
v 22.476329 0.262621 -4.470820
v 22.668628 0.262621 -3.362573
v 22.806317 0.262621 -2.246226
v 22.889063 0.262621 -1.124468
v 23.958333 0.287042 0.000000
v 23.929474 0.287042 1.175580
v 23.842967 0.287042 2.348327
v 23.699021 0.287042 3.515418
v 23.497981 0.287042 4.674039
v 23.240332 0.287042 5.821400
v 22.926696 0.287042 6.954737
v 22.557827 0.287042 8.071319
v 22.134614 0.287042 9.168457
v 21.658077 0.287042 10.243507
v 21.129364 0.287042 11.293880
v 20.549748 0.287042 12.317045
v 19.920626 0.287042 13.310537
v 19.243514 0.287042 14.271963
v 18.520042 0.287042 15.199006
v 17.751954 0.287042 16.089433
v 16.941100 0.287042 16.941100
v 16.089433 0.287042 17.751954
v 15.199006 0.287042 18.520042
v 14.271963 0.287042 19.243514
v 13.310537 0.287042 19.920626
v 12.317045 0.287042 20.549748
v 11.293880 0.287042 21.129364
v 10.243507 0.287042 21.658077
v 9.168457 0.287042 22.134614
v 8.071319 0.287042 22.557827
v 6.954737 0.287042 22.926696
v 5.821400 0.287042 23.240332
v 4.674039 0.287042 23.497981
v 3.515418 0.287042 23.699021
v 2.348327 0.287042 23.842967
v 1.175580 0.287042 23.929474
v 0.000000 0.287042 23.958333
v -1.175580 0.287042 23.929474
v -2.348327 0.287042 23.842967
v -3.515418 0.287042 23.699021
v -4.674039 0.287042 23.497981
v -5.821400 0.287042 23.240332
v -6.954737 0.287042 22.926696
v -8.071319 0.287042 22.557827
v -9.168457 0.287042 22.134614
v -10.243507 0.287042 21.658077
v -11.293880 0.287042 21.129364
v -12.317045 0.287042 20.549748
v -13.310537 0.287042 19.920626
v -14.271963 0.287042 19.243514
v -15.199006 0.287042 18.520042
v -16.089433 0.287042 17.751954
v -16.941100 0.287042 16.941100
v -17.751954 0.287042 16.089433
v -18.520042 0.287042 15.199006
v -19.243514 0.287042 14.271963
v -19.920626 0.287042 13.310537
v -20.549748 0.287042 12.317045
v -21.129364 0.287042 11.293880
v -21.658077 0.287042 10.243507
v -22.134614 0.287042 9.168457
v -22.557827 0.287042 8.071319
v -22.926696 0.287042 6.954737
v -23.240332 0.287042 5.821400
v -23.497981 0.287042 4.674039
v -23.699021 0.287042 3.515418
v -23.842967 0.287042 2.348327
v -23.929474 0.287042 1.175580
v -23.958333 0.287042 0.000000
v -23.929474 0.287042 -1.175580
v -23.842967 0.287042 -2.348327
v -23.699021 0.287042 -3.515418
v -23.497981 0.287042 -4.674039
v -23.240332 0.287042 -5.821400
v -22.926696 0.287042 -6.954737
v -22.557827 0.287042 -8.071319
v -22.134614 0.287042 -9.168457
v -21.658077 0.287042 -10.243507
v -21.129364 0.287042 -11.293880
v -20.549748 0.287042 -12.317045
v -19.920626 0.287042 -13.310537
v -19.243514 0.287042 -14.271963
v -18.520042 0.287042 -15.199006
v -17.751954 0.287042 -16.089433
v -16.941100 0.287042 -16.941100
v -16.089433 0.287042 -17.751954
v -15.199006 0.287042 -18.520042
v -14.271963 0.287042 -19.243514
v -13.310537 0.287042 -19.920626
v -12.317045 0.287042 -20.549748
v -11.293880 0.287042 -21.129364
v -10.243507 0.287042 -21.658077
v -9.168457 0.287042 -22.134614
v -8.071319 0.287042 -22.557827
v -6.954737 0.287042 -22.926696
v -5.821400 0.287042 -23.240332
v -4.674039 0.287042 -23.497981
v -3.515418 0.287042 -23.699021
v -2.348327 0.287042 -23.842967
v -1.175580 0.287042 -23.929474
v -0.000000 0.287042 -23.958333
v 1.175580 0.287042 -23.929474
v 2.348327 0.287042 -23.842967
v 3.515418 0.287042 -23.699021
v 4.674039 0.287042 -23.497981
v 5.821400 0.287042 -23.240332
v 6.954737 0.287042 -22.926696
v 8.071319 0.287042 -22.557827
v 9.168457 0.287042 -22.134614
v 10.243507 0.287042 -21.658077
v 11.293880 0.287042 -21.129364
v 12.317045 0.287042 -20.549748
v 13.310537 0.287042 -19.920626
v 14.271963 0.287042 -19.243514
v 15.199006 0.287042 -18.520042
v 16.089433 0.287042 -17.751954
v 16.941100 0.287042 -16.941100
v 17.751954 0.287042 -16.089433
v 18.520042 0.287042 -15.199006
v 19.243514 0.287042 -14.271963
v 19.920626 0.287042 -13.310537
v 20.549748 0.287042 -12.317045
v 21.129364 0.287042 -11.293880
v 21.658077 0.287042 -10.243507
v 22.134614 0.287042 -9.168457
v 22.557827 0.287042 -8.071319
v 22.926696 0.287042 -6.954737
v 23.240332 0.287042 -5.821400
v 23.497981 0.287042 -4.674039
v 23.699021 0.287042 -3.515418
v 23.842967 0.287042 -2.348327
v 23.929474 0.287042 -1.175580
v 25.000000 0.312549 0.000000
v 24.969886 0.312549 1.226692
v 24.879618 0.312549 2.450429
v 24.729413 0.312549 3.668262
v 24.519632 0.312549 4.877258
v 24.250781 0.312549 6.074504
v 23.923508 0.312549 7.257117
v 23.538602 0.312549 8.422246
v 23.096988 0.312549 9.567086
v 22.599732 0.312549 10.688877
v 22.048032 0.312549 11.784918
v 21.443215 0.312549 12.852569
v 20.786740 0.312549 13.889256
v 20.080188 0.312549 14.892483
v 19.325261 0.312549 15.859832
v 18.523778 0.312549 16.788974
v 17.677670 0.312549 17.677670
v 16.788974 0.312549 18.523778
v 15.859832 0.312549 19.325261
v 14.892483 0.312549 20.080188
v 13.889256 0.312549 20.786740
v 12.852569 0.312549 21.443215
v 11.784918 0.312549 22.048032
v 10.688877 0.312549 22.599732
v 9.567086 0.312549 23.096988
v 8.422246 0.312549 23.538602
v 7.257117 0.312549 23.923508
v 6.074504 0.312549 24.250781
v 4.877258 0.312549 24.519632
v 3.668262 0.312549 24.729413
v 2.450429 0.312549 24.879618
v 1.226692 0.312549 24.969886
v 0.000000 0.312549 25.000000
v -1.226692 0.312549 24.969886
v -2.450429 0.312549 24.879618
v -3.668262 0.312549 24.729413
v -4.877258 0.312549 24.519632
v -6.074504 0.312549 24.250781
v -7.257117 0.312549 23.923508
v -8.422246 0.312549 23.538602
v -9.567086 0.312549 23.096988
v -10.688877 0.312549 22.599732
v -11.784918 0.312549 22.048032
v -12.852569 0.312549 21.443215
v -13.889256 0.312549 20.786740
v -14.892483 0.312549 20.080188
v -15.859832 0.312549 19.325261
v -16.788974 0.312549 18.523778
v -17.677670 0.312549 17.677670
v -18.523778 0.312549 16.788974
v -19.325261 0.312549 15.859832
v -20.080188 0.312549 14.892483
v -20.786740 0.312549 13.889256
v -21.443215 0.312549 12.852569
v -22.048032 0.312549 11.784918
v -22.599732 0.312549 10.688877
v -23.096988 0.312549 9.567086
v -23.538602 0.312549 8.422246
v -23.923508 0.312549 7.257117
v -24.250781 0.312549 6.074504
v -24.519632 0.312549 4.877258
v -24.729413 0.312549 3.668262
v -24.879618 0.312549 2.450429
v -24.969886 0.312549 1.226692
v -25.000000 0.312549 0.000000
v -24.969886 0.312549 -1.226692
v -24.879618 0.312549 -2.450429
v -24.729413 0.312549 -3.668262
v -24.519632 0.312549 -4.877258
v -24.250781 0.312549 -6.074504
v -23.923508 0.312549 -7.257117
v -23.538602 0.312549 -8.422246
v -23.096988 0.312549 -9.567086
v -22.599732 0.312549 -10.688877
v -22.048032 0.312549 -11.784918
v -21.443215 0.312549 -12.852569
v -20.786740 0.312549 -13.889256
v -20.080188 0.312549 -14.892483
v -19.325261 0.312549 -15.859832
v -18.523778 0.312549 -16.788974
v -17.677670 0.312549 -17.677670
v -16.788974 0.312549 -18.523778
v -15.859832 0.312549 -19.325261
v -14.892483 0.312549 -20.080188
v -13.889256 0.312549 -20.786740
v -12.852569 0.312549 -21.443215
v -11.784918 0.312549 -22.048032
v -10.688877 0.312549 -22.599732
v -9.567086 0.312549 -23.096988
v -8.422246 0.312549 -23.538602
v -7.257117 0.312549 -23.923508
v -6.074504 0.312549 -24.250781
v -4.877258 0.312549 -24.519632
v -3.668262 0.312549 -24.729413
v -2.450429 0.312549 -24.879618
v -1.226692 0.312549 -24.969886
v -0.000000 0.312549 -25.000000
v 1.226692 0.312549 -24.969886
v 2.450429 0.312549 -24.879618
v 3.668262 0.312549 -24.729413
v 4.877258 0.312549 -24.519632
v 6.074504 0.312549 -24.250781
v 7.257117 0.312549 -23.923508
v 8.422246 0.312549 -23.538602
v 9.567086 0.312549 -23.096988
v 10.688877 0.312549 -22.599732
v 11.784918 0.312549 -22.048032
v 12.852569 0.312549 -21.443215
v 13.889256 0.312549 -20.786740
v 14.892483 0.312549 -20.080188
v 15.859832 0.312549 -19.325261
v 16.788974 0.312549 -18.523778
v 17.677670 0.312549 -17.677670
v 18.523778 0.312549 -16.788974
v 19.325261 0.312549 -15.859832
v 20.080188 0.312549 -14.892483
v 20.786740 0.312549 -13.889256
v 21.443215 0.312549 -12.852569
v 22.048032 0.312549 -11.784918
v 22.599732 0.312549 -10.688877
v 23.096988 0.312549 -9.567086
v 23.538602 0.312549 -8.422246
v 23.923508 0.312549 -7.257117
v 24.250781 0.312549 -6.074504
v 24.519632 0.312549 -4.877258
v 24.729413 0.312549 -3.668262
v 24.879618 0.312549 -2.450429
v 24.969886 0.312549 -1.226692
v 26.041667 0.339142 0.000000
v 26.010298 0.339142 1.277804
v 25.916269 0.339142 2.552530
v 25.759805 0.339142 3.821106
v 25.541283 0.339142 5.080477
v 25.261231 0.339142 6.327609
v 24.920321 0.339142 7.559497
v 24.519377 0.339142 8.773173
v 24.059363 0.339142 9.965714
v 23.541388 0.339142 11.134247
v 22.966700 0.339142 12.275957
v 22.336683 0.339142 13.388092
v 21.652854 0.339142 14.467975
v 20.916863 0.339142 15.513003
v 20.130481 0.339142 16.520658
v 19.295602 0.339142 17.488514
v 18.414239 0.339142 18.414239
v 17.488514 0.339142 19.295602
v 16.520658 0.339142 20.130481
v 15.513003 0.339142 20.916863
v 14.467975 0.339142 21.652854
v 13.388092 0.339142 22.336683
v 12.275957 0.339142 22.966700
v 11.134247 0.339142 23.541388
v 9.965714 0.339142 24.059363
v 8.773173 0.339142 24.519377
v 7.559497 0.339142 24.920321
v 6.327609 0.339142 25.261231
v 5.080477 0.339142 25.541283
v 3.821106 0.339142 25.759805
v 2.552530 0.339142 25.916269
v 1.277804 0.339142 26.010298
v 0.000000 0.339142 26.041667
v -1.277804 0.339142 26.010298
v -2.552530 0.339142 25.916269
v -3.821106 0.339142 25.759805
v -5.080477 0.339142 25.541283
v -6.327609 0.339142 25.261231
v -7.559497 0.339142 24.920321
v -8.773173 0.339142 24.519377
v -9.965714 0.339142 24.059363
v -11.134247 0.339142 23.541388
v -12.275957 0.339142 22.966700
v -13.388092 0.339142 22.336683
v -14.467975 0.339142 21.652854
v -15.513003 0.339142 20.916863
v -16.520658 0.339142 20.130481
v -17.488514 0.339142 19.295602
v -18.414239 0.339142 18.414239
v -19.295602 0.339142 17.488514
v -20.130481 0.339142 16.520658
v -20.916863 0.339142 15.513003
v -21.652854 0.339142 14.467975
v -22.336683 0.339142 13.388092
v -22.966700 0.339142 12.275957
v -23.541388 0.339142 11.134247
v -24.059363 0.339142 9.965714
v -24.519377 0.339142 8.773173
v -24.920321 0.339142 7.559497
v -25.261231 0.339142 6.327609
v -25.541283 0.339142 5.080477
v -25.759805 0.339142 3.821106
v -25.916269 0.339142 2.552530
v -26.010298 0.339142 1.277804
v -26.041667 0.339142 0.000000
v -26.010298 0.339142 -1.277804
v -25.916269 0.339142 -2.552530
v -25.759805 0.339142 -3.821106
v -25.541283 0.339142 -5.080477
v -25.261231 0.339142 -6.327609
v -24.920321 0.339142 -7.559497
v -24.519377 0.339142 -8.773173
v -24.059363 0.339142 -9.965714
v -23.541388 0.339142 -11.134247
v -22.966700 0.339142 -12.275957
v -22.336683 0.339142 -13.388092
v -21.652854 0.339142 -14.467975
v -20.916863 0.339142 -15.513003
v -20.130481 0.339142 -16.520658
v -19.295602 0.339142 -17.488514
v -18.414239 0.339142 -18.414239
v -17.488514 0.339142 -19.295602
v -16.520658 0.339142 -20.130481
v -15.513003 0.339142 -20.916863
v -14.467975 0.339142 -21.652854
v -13.388092 0.339142 -22.336683
v -12.275957 0.339142 -22.966700
v -11.134247 0.339142 -23.541388
v -9.965714 0.339142 -24.059363
v -8.773173 0.339142 -24.519377
v -7.559497 0.339142 -24.920321
v -6.327609 0.339142 -25.261231
v -5.080477 0.339142 -25.541283
v -3.821106 0.339142 -25.759805
v -2.552530 0.339142 -25.916269
v -1.277804 0.339142 -26.010298
v -0.000000 0.339142 -26.041667
v 1.277804 0.339142 -26.010298
v 2.552530 0.339142 -25.916269
v 3.821106 0.339142 -25.759805
v 5.080477 0.339142 -25.541283
v 6.327609 0.339142 -25.261231
v 7.559497 0.339142 -24.920321
v 8.773173 0.339142 -24.519377
v 9.965714 0.339142 -24.059363
v 11.134247 0.339142 -23.541388
v 12.275957 0.339142 -22.966700
v 13.388092 0.339142 -22.336683
v 14.467975 0.339142 -21.652854
v 15.513003 0.339142 -20.916863
v 16.520658 0.339142 -20.130481
v 17.488514 0.339142 -19.295602
v 18.414239 0.339142 -18.414239
v 19.295602 0.339142 -17.488514
v 20.130481 0.339142 -16.520658
v 20.916863 0.339142 -15.513003
v 21.652854 0.339142 -14.467975
v 22.336683 0.339142 -13.388092
v 22.966700 0.339142 -12.275957
v 23.541388 0.339142 -11.134247
v 24.059363 0.339142 -9.965714
v 24.519377 0.339142 -8.773173
v 24.920321 0.339142 -7.559497
v 25.261231 0.339142 -6.327609
v 25.541283 0.339142 -5.080477
v 25.759805 0.339142 -3.821106
v 25.916269 0.339142 -2.552530
v 26.010298 0.339142 -1.277804
v 27.083333 0.366821 0.000000
v 27.050710 0.366821 1.328916
v 26.952920 0.366821 2.654631
v 26.790197 0.366821 3.973950
v 26.562935 0.366821 5.283696
v 26.271680 0.366821 6.580713
v 25.917134 0.366821 7.861877
v 25.500152 0.366821 9.124100
v 25.021737 0.366821 10.364343
v 24.483043 0.366821 11.579617
v 23.885368 0.366821 12.766995
v 23.230150 0.366821 13.923616
v 22.518969 0.366821 15.046694
v 21.753537 0.366821 16.133523
v 20.935700 0.366821 17.181485
v 20.067426 0.366821 18.188055
v 19.150809 0.366821 19.150809
v 18.188055 0.366821 20.067426
v 17.181485 0.366821 20.935700
v 16.133523 0.366821 21.753537
v 15.046694 0.366821 22.518969
v 13.923616 0.366821 23.230150
v 12.766995 0.366821 23.885368
v 11.579617 0.366821 24.483043
v 10.364343 0.366821 25.021737
v 9.124100 0.366821 25.500152
v 7.861877 0.366821 25.917134
v 6.580713 0.366821 26.271680
v 5.283696 0.366821 26.562935
v 3.973950 0.366821 26.790197
v 2.654631 0.366821 26.952920
v 1.328916 0.366821 27.050710
v 0.000000 0.366821 27.083333
v -1.328916 0.366821 27.050710
v -2.654631 0.366821 26.952920
v -3.973950 0.366821 26.790197
v -5.283696 0.366821 26.562935
v -6.580713 0.366821 26.271680
v -7.861877 0.366821 25.917134
v -9.124100 0.366821 25.500152
v -10.364343 0.366821 25.021737
v -11.579617 0.366821 24.483043
v -12.766995 0.366821 23.885368
v -13.923616 0.366821 23.230150
v -15.046694 0.366821 22.518969
v -16.133523 0.366821 21.753537
v -17.181485 0.366821 20.935700
v -18.188055 0.366821 20.067426
v -19.150809 0.366821 19.150809
v -20.067426 0.366821 18.188055
v -20.935700 0.366821 17.181485
v -21.753537 0.366821 16.133523
v -22.518969 0.366821 15.046694
v -23.230150 0.366821 13.923616
v -23.885368 0.366821 12.766995
v -24.483043 0.366821 11.579617
v -25.021737 0.366821 10.364343
v -25.500152 0.366821 9.124100
v -25.917134 0.366821 7.861877
v -26.271680 0.366821 6.580713
v -26.562935 0.366821 5.283696
v -26.790197 0.366821 3.973950
v -26.952920 0.366821 2.654631
v -27.050710 0.366821 1.328916
v -27.083333 0.366821 0.000000
v -27.050710 0.366821 -1.328916
v -26.952920 0.366821 -2.654631
v -26.790197 0.366821 -3.973950
v -26.562935 0.366821 -5.283696
v -26.271680 0.366821 -6.580713
v -25.917134 0.366821 -7.861877
v -25.500152 0.366821 -9.124100
v -25.021737 0.366821 -10.364343
v -24.483043 0.366821 -11.579617
v -23.885368 0.366821 -12.766995
v -23.230150 0.366821 -13.923616
v -22.518969 0.366821 -15.046694
v -21.753537 0.366821 -16.133523
v -20.935700 0.366821 -17.181485
v -20.067426 0.366821 -18.188055
v -19.150809 0.366821 -19.150809
v -18.188055 0.366821 -20.067426
v -17.181485 0.366821 -20.935700
v -16.133523 0.366821 -21.753537
v -15.046694 0.366821 -22.518969
v -13.923616 0.366821 -23.230150
v -12.766995 0.366821 -23.885368
v -11.579617 0.366821 -24.483043
v -10.364343 0.366821 -25.021737
v -9.124100 0.366821 -25.500152
v -7.861877 0.366821 -25.917134
v -6.580713 0.366821 -26.271680
v -5.283696 0.366821 -26.562935
v -3.973950 0.366821 -26.790197
v -2.654631 0.366821 -26.952920
v -1.328916 0.366821 -27.050710
v -0.000000 0.366821 -27.083333
v 1.328916 0.366821 -27.050710
v 2.654631 0.366821 -26.952920
v 3.973950 0.366821 -26.790197
v 5.283696 0.366821 -26.562935
v 6.580713 0.366821 -26.271680
v 7.861877 0.366821 -25.917134
v 9.124100 0.366821 -25.500152
v 10.364343 0.366821 -25.021737
v 11.579617 0.366821 -24.483043
v 12.766995 0.366821 -23.885368
v 13.923616 0.366821 -23.230150
v 15.046694 0.366821 -22.518969
v 16.133523 0.366821 -21.753537
v 17.181485 0.366821 -20.935700
v 18.188055 0.366821 -20.067426
v 19.150809 0.366821 -19.150809
v 20.067426 0.366821 -18.188055
v 20.935700 0.366821 -17.181485
v 21.753537 0.366821 -16.133523
v 22.518969 0.366821 -15.046694
v 23.230150 0.366821 -13.923616
v 23.885368 0.366821 -12.766995
v 24.483043 0.366821 -11.579617
v 25.021737 0.366821 -10.364343
v 25.500152 0.366821 -9.124100
v 25.917134 0.366821 -7.861877
v 26.271680 0.366821 -6.580713
v 26.562935 0.366821 -5.283696
v 26.790197 0.366821 -3.973950
v 26.952920 0.366821 -2.654631
v 27.050710 0.366821 -1.328916
v 28.125000 0.395586 0.000000
v 28.091122 0.395586 1.380028
v 27.989570 0.395586 2.756732
v 27.820589 0.395586 4.126795
v 27.584586 0.395586 5.486915
v 27.282129 0.395586 6.833818
v 26.913947 0.395586 8.164257
v 26.480927 0.395586 9.475027
v 25.984112 0.395586 10.762972
v 25.424699 0.395586 12.024987
v 24.804036 0.395586 13.258033
v 24.123617 0.395586 14.459140
v 23.385083 0.395586 15.625413
v 22.590212 0.395586 16.754043
v 21.740919 0.395586 17.842311
v 20.839250 0.395586 18.887596
v 19.887378 0.395586 19.887378
v 18.887596 0.395586 20.839250
v 17.842311 0.395586 21.740919
v 16.754043 0.395586 22.590212
v 15.625413 0.395586 23.385083
v 14.459140 0.395586 24.123617
v 13.258033 0.395586 24.804036
v 12.024987 0.395586 25.424699
v 10.762972 0.395586 25.984112
v 9.475027 0.395586 26.480927
v 8.164257 0.395586 26.913947
v 6.833818 0.395586 27.282129
v 5.486915 0.395586 27.584586
v 4.126795 0.395586 27.820589
v 2.756732 0.395586 27.989570
v 1.380028 0.395586 28.091122
v 0.000000 0.395586 28.125000
v -1.380028 0.395586 28.091122
v -2.756732 0.395586 27.989570
v -4.126795 0.395586 27.820589
v -5.486915 0.395586 27.584586
v -6.833818 0.395586 27.282129
v -8.164257 0.395586 26.913947
v -9.475027 0.395586 26.480927
v -10.762972 0.395586 25.984112
v -12.024987 0.395586 25.424699
v -13.258033 0.395586 24.804036
v -14.459140 0.395586 24.123617
v -15.625413 0.395586 23.385083
v -16.754043 0.395586 22.590212
v -17.842311 0.395586 21.740919
v -18.887596 0.395586 20.839250
v -19.887378 0.395586 19.887378
v -20.839250 0.395586 18.887596
v -21.740919 0.395586 17.842311
v -22.590212 0.395586 16.754043
v -23.385083 0.395586 15.625413
v -24.123617 0.395586 14.459140
v -24.804036 0.395586 13.258033
v -25.424699 0.395586 12.024987
v -25.984112 0.395586 10.762972
v -26.480927 0.395586 9.475027
v -26.913947 0.395586 8.164257
v -27.282129 0.395586 6.833818
v -27.584586 0.395586 5.486915
v -27.820589 0.395586 4.126795
v -27.989570 0.395586 2.756732
v -28.091122 0.395586 1.380028
v -28.125000 0.395586 0.000000
v -28.091122 0.395586 -1.380028
v -27.989570 0.395586 -2.756732
v -27.820589 0.395586 -4.126795
v -27.584586 0.395586 -5.486915
v -27.282129 0.395586 -6.833818
v -26.913947 0.395586 -8.164257
v -26.480927 0.395586 -9.475027
v -25.984112 0.395586 -10.762972
v -25.424699 0.395586 -12.024987
v -24.804036 0.395586 -13.258033
v -24.123617 0.395586 -14.459140
v -23.385083 0.395586 -15.625413
v -22.590212 0.395586 -16.754043
v -21.740919 0.395586 -17.842311
v -20.839250 0.395586 -18.887596
v -19.887378 0.395586 -19.887378
v -18.887596 0.395586 -20.839250
v -17.842311 0.395586 -21.740919
v -16.754043 0.395586 -22.590212
v -15.625413 0.395586 -23.385083
v -14.459140 0.395586 -24.123617
v -13.258033 0.395586 -24.804036
v -12.024987 0.395586 -25.424699
v -10.762972 0.395586 -25.984112
v -9.475027 0.395586 -26.480927
v -8.164257 0.395586 -26.913947
v -6.833818 0.395586 -27.282129
v -5.486915 0.395586 -27.584586
v -4.126795 0.395586 -27.820589
v -2.756732 0.395586 -27.989570
v -1.380028 0.395586 -28.091122
v -0.000000 0.395586 -28.125000
v 1.380028 0.395586 -28.091122
v 2.756732 0.395586 -27.989570
v 4.126795 0.395586 -27.820589
v 5.486915 0.395586 -27.584586
v 6.833818 0.395586 -27.282129
v 8.164257 0.395586 -26.913947
v 9.475027 0.395586 -26.480927
v 10.762972 0.395586 -25.984112
v 12.024987 0.395586 -25.424699
v 13.258033 0.395586 -24.804036
v 14.459140 0.395586 -24.123617
v 15.625413 0.395586 -23.385083
v 16.754043 0.395586 -22.590212
v 17.842311 0.395586 -21.740919
v 18.887596 0.395586 -20.839250
v 19.887378 0.395586 -19.887378
v 20.839250 0.395586 -18.887596
v 21.740919 0.395586 -17.842311
v 22.590212 0.395586 -16.754043
v 23.385083 0.395586 -15.625413
v 24.123617 0.395586 -14.459140
v 24.804036 0.395586 -13.258033
v 25.424699 0.395586 -12.024987
v 25.984112 0.395586 -10.762972
v 26.480927 0.395586 -9.475027
v 26.913947 0.395586 -8.164257
v 27.282129 0.395586 -6.833818
v 27.584586 0.395586 -5.486915
v 27.820589 0.395586 -4.126795
v 27.989570 0.395586 -2.756732
v 28.091122 0.395586 -1.380028
v 29.166667 0.425438 0.000000
v 29.131534 0.425438 1.431141
v 29.026221 0.425438 2.858833
v 28.850982 0.425438 4.279639
v 28.606237 0.425438 5.690134
v 28.292578 0.425438 7.086922
v 27.910760 0.425438 8.466636
v 27.461702 0.425438 9.825954
v 26.946486 0.425438 11.161600
v 26.366354 0.425438 12.470357
v 25.722704 0.425438 13.749071
v 25.017084 0.425438 14.994663
v 24.251197 0.425438 16.204132
v 23.426886 0.425438 17.374563
v 22.546138 0.425438 18.503137
v 21.611074 0.425438 19.587136
v 20.623948 0.425438 20.623948
v 19.587136 0.425438 21.611074
v 18.503137 0.425438 22.546138
v 17.374563 0.425438 23.426886
v 16.204132 0.425438 24.251197
v 14.994663 0.425438 25.017084
v 13.749071 0.425438 25.722704
v 12.470357 0.425438 26.366354
v 11.161600 0.425438 26.946486
v 9.825954 0.425438 27.461702
v 8.466636 0.425438 27.910760
v 7.086922 0.425438 28.292578
v 5.690134 0.425438 28.606237
v 4.279639 0.425438 28.850982
v 2.858833 0.425438 29.026221
v 1.431141 0.425438 29.131534
v 0.000000 0.425438 29.166667
v -1.431141 0.425438 29.131534
v -2.858833 0.425438 29.026221
v -4.279639 0.425438 28.850982
v -5.690134 0.425438 28.606237
v -7.086922 0.425438 28.292578
v -8.466636 0.425438 27.910760
v -9.825954 0.425438 27.461702
v -11.161600 0.425438 26.946486
v -12.470357 0.425438 26.366354
v -13.749071 0.425438 25.722704
v -14.994663 0.425438 25.017084
v -16.204132 0.425438 24.251197
v -17.374563 0.425438 23.426886
v -18.503137 0.425438 22.546138
v -19.587136 0.425438 21.611074
v -20.623948 0.425438 20.623948
v -21.611074 0.425438 19.587136
v -22.546138 0.425438 18.503137
v -23.426886 0.425438 17.374563
v -24.251197 0.425438 16.204132
v -25.017084 0.425438 14.994663
v -25.722704 0.425438 13.749071
v -26.366354 0.425438 12.470357
v -26.946486 0.425438 11.161600
v -27.461702 0.425438 9.825954
v -27.910760 0.425438 8.466636
v -28.292578 0.425438 7.086922
v -28.606237 0.425438 5.690134
v -28.850982 0.425438 4.279639
v -29.026221 0.425438 2.858833
v -29.131534 0.425438 1.431141
v -29.166667 0.425438 0.000000
v -29.131534 0.425438 -1.431141
v -29.026221 0.425438 -2.858833
v -28.850982 0.425438 -4.279639
v -28.606237 0.425438 -5.690134
v -28.292578 0.425438 -7.086922
v -27.910760 0.425438 -8.466636
v -27.461702 0.425438 -9.825954
v -26.946486 0.425438 -11.161600
v -26.366354 0.425438 -12.470357
v -25.722704 0.425438 -13.749071
v -25.017084 0.425438 -14.994663
v -24.251197 0.425438 -16.204132
v -23.426886 0.425438 -17.374563
v -22.546138 0.425438 -18.503137
v -21.611074 0.425438 -19.587136
v -20.623948 0.425438 -20.623948
v -19.587136 0.425438 -21.611074
v -18.503137 0.425438 -22.546138
v -17.374563 0.425438 -23.426886
v -16.204132 0.425438 -24.251197
v -14.994663 0.425438 -25.017084
v -13.749071 0.425438 -25.722704
v -12.470357 0.425438 -26.366354
v -11.161600 0.425438 -26.946486
v -9.825954 0.425438 -27.461702
v -8.466636 0.425438 -27.910760
v -7.086922 0.425438 -28.292578
v -5.690134 0.425438 -28.606237
v -4.279639 0.425438 -28.850982
v -2.858833 0.425438 -29.026221
v -1.431141 0.425438 -29.131534
v -0.000000 0.425438 -29.166667
v 1.431141 0.425438 -29.131534
v 2.858833 0.425438 -29.026221
v 4.279639 0.425438 -28.850982
v 5.690134 0.425438 -28.606237
v 7.086922 0.425438 -28.292578
v 8.466636 0.425438 -27.910760
v 9.825954 0.425438 -27.461702
v 11.161600 0.425438 -26.946486
v 12.470357 0.425438 -26.366354
v 13.749071 0.425438 -25.722704
v 14.994663 0.425438 -25.017084
v 16.204132 0.425438 -24.251197
v 17.374563 0.425438 -23.426886
v 18.503137 0.425438 -22.546138
v 19.587136 0.425438 -21.611074
v 20.623948 0.425438 -20.623948
v 21.611074 0.425438 -19.587136
v 22.546138 0.425438 -18.503137
v 23.426886 0.425438 -17.374563
v 24.251197 0.425438 -16.204132
v 25.017084 0.425438 -14.994663
v 25.722704 0.425438 -13.749071
v 26.366354 0.425438 -12.470357
v 26.946486 0.425438 -11.161600
v 27.461702 0.425438 -9.825954
v 27.910760 0.425438 -8.466636
v 28.292578 0.425438 -7.086922
v 28.606237 0.425438 -5.690134
v 28.850982 0.425438 -4.279639
v 29.026221 0.425438 -2.858833
v 29.131534 0.425438 -1.431141
v 30.208333 0.456376 0.000000
v 30.171946 0.456376 1.482253
v 30.062872 0.456376 2.960934
v 29.881374 0.456376 4.432483
v 29.627889 0.456376 5.893353
v 29.303027 0.456376 7.340026
v 28.907573 0.456376 8.769016
v 28.442477 0.456376 10.176881
v 27.908861 0.456376 11.560229
v 27.308010 0.456376 12.915727
v 26.641372 0.456376 14.240110
v 25.910552 0.456376 15.530187
v 25.117311 0.456376 16.782851
v 24.263561 0.456376 17.995083
v 23.351357 0.456376 19.163964
v 22.382899 0.456376 20.286677
v 21.360517 0.456376 21.360517
v 20.286677 0.456376 22.382899
v 19.163964 0.456376 23.351357
v 17.995083 0.456376 24.263561
v 16.782851 0.456376 25.117311
v 15.530187 0.456376 25.910552
v 14.240110 0.456376 26.641372
v 12.915727 0.456376 27.308010
v 11.560229 0.456376 27.908861
v 10.176881 0.456376 28.442477
v 8.769016 0.456376 28.907573
v 7.340026 0.456376 29.303027
v 5.893353 0.456376 29.627889
v 4.432483 0.456376 29.881374
v 2.960934 0.456376 30.062872
v 1.482253 0.456376 30.171946
v 0.000000 0.456376 30.208333
v -1.482253 0.456376 30.171946
v -2.960934 0.456376 30.062872
v -4.432483 0.456376 29.881374
v -5.893353 0.456376 29.627889
v -7.340026 0.456376 29.303027
v -8.769016 0.456376 28.907573
v -10.176881 0.456376 28.442477
v -11.560229 0.456376 27.908861
v -12.915727 0.456376 27.308010
v -14.240110 0.456376 26.641372
v -15.530187 0.456376 25.910552
v -16.782851 0.456376 25.117311
v -17.995083 0.456376 24.263561
v -19.163964 0.456376 23.351357
v -20.286677 0.456376 22.382899
v -21.360517 0.456376 21.360517
v -22.382899 0.456376 20.286677
v -23.351357 0.456376 19.163964
v -24.263561 0.456376 17.995083
v -25.117311 0.456376 16.782851
v -25.910552 0.456376 15.530187
v -26.641372 0.456376 14.240110
v -27.308010 0.456376 12.915727
v -27.908861 0.456376 11.560229
v -28.442477 0.456376 10.176881
v -28.907573 0.456376 8.769016
v -29.303027 0.456376 7.340026
v -29.627889 0.456376 5.893353
v -29.881374 0.456376 4.432483
v -30.062872 0.456376 2.960934
v -30.171946 0.456376 1.482253
v -30.208333 0.456376 0.000000
v -30.171946 0.456376 -1.482253
v -30.062872 0.456376 -2.960934
v -29.881374 0.456376 -4.432483
v -29.627889 0.456376 -5.893353
v -29.303027 0.456376 -7.340026
v -28.907573 0.456376 -8.769016
v -28.442477 0.456376 -10.176881
v -27.908861 0.456376 -11.560229
v -27.308010 0.456376 -12.915727
v -26.641372 0.456376 -14.240110
v -25.910552 0.456376 -15.530187
v -25.117311 0.456376 -16.782851
v -24.263561 0.456376 -17.995083
v -23.351357 0.456376 -19.163964
v -22.382899 0.456376 -20.286677
v -21.360517 0.456376 -21.360517
v -20.286677 0.456376 -22.382899
v -19.163964 0.456376 -23.351357
v -17.995083 0.456376 -24.263561
v -16.782851 0.456376 -25.117311
v -15.530187 0.456376 -25.910552
v -14.240110 0.456376 -26.641372
v -12.915727 0.456376 -27.308010
v -11.560229 0.456376 -27.908861
v -10.176881 0.456376 -28.442477
v -8.769016 0.456376 -28.907573
v -7.340026 0.456376 -29.303027
v -5.893353 0.456376 -29.627889
v -4.432483 0.456376 -29.881374
v -2.960934 0.456376 -30.062872
v -1.482253 0.456376 -30.171946
v -0.000000 0.456376 -30.208333
v 1.482253 0.456376 -30.171946
v 2.960934 0.456376 -30.062872
v 4.432483 0.456376 -29.881374
v 5.893353 0.456376 -29.627889
v 7.340026 0.456376 -29.303027
v 8.769016 0.456376 -28.907573
v 10.176881 0.456376 -28.442477
v 11.560229 0.456376 -27.908861
v 12.915727 0.456376 -27.308010
v 14.240110 0.456376 -26.641372
v 15.530187 0.456376 -25.910552
v 16.782851 0.456376 -25.117311
v 17.995083 0.456376 -24.263561
v 19.163964 0.456376 -23.351357
v 20.286677 0.456376 -22.382899
v 21.360517 0.456376 -21.360517
v 22.382899 0.456376 -20.286677
v 23.351357 0.456376 -19.163964
v 24.263561 0.456376 -17.995083
v 25.117311 0.456376 -16.782851
v 25.910552 0.456376 -15.530187
v 26.641372 0.456376 -14.240110
v 27.308010 0.456376 -12.915727
v 27.908861 0.456376 -11.560229
v 28.442477 0.456376 -10.176881
v 28.907573 0.456376 -8.769016
v 29.303027 0.456376 -7.340026
v 29.627889 0.456376 -5.893353
v 29.881374 0.456376 -4.432483
v 30.062872 0.456376 -2.960934
v 30.171946 0.456376 -1.482253
v 31.250000 0.488401 0.000000
v 31.212358 0.488401 1.533365
v 31.099523 0.488401 3.063036
v 30.911766 0.488401 4.585327
v 30.649540 0.488401 6.096573
v 30.313477 0.488401 7.593131
v 29.904385 0.488401 9.071396
v 29.423252 0.488401 10.527808
v 28.871235 0.488401 11.958857
v 28.249665 0.488401 13.361097
v 27.560040 0.488401 14.731148
v 26.804019 0.488401 16.065711
v 25.983425 0.488401 17.361570
v 25.100235 0.488401 18.615603
v 24.156577 0.488401 19.824790
v 23.154723 0.488401 20.986217
v 22.097087 0.488401 22.097087
v 20.986217 0.488401 23.154723
v 19.824790 0.488401 24.156577
v 18.615603 0.488401 25.100235
v 17.361570 0.488401 25.983425
v 16.065711 0.488401 26.804019
v 14.731148 0.488401 27.560040
v 13.361097 0.488401 28.249665
v 11.958857 0.488401 28.871235
v 10.527808 0.488401 29.423252
v 9.071396 0.488401 29.904385
v 7.593131 0.488401 30.313477
v 6.096573 0.488401 30.649540
v 4.585327 0.488401 30.911766
v 3.063036 0.488401 31.099523
v 1.533365 0.488401 31.212358
v 0.000000 0.488401 31.250000
v -1.533365 0.488401 31.212358
v -3.063036 0.488401 31.099523
v -4.585327 0.488401 30.911766
v -6.096573 0.488401 30.649540
v -7.593131 0.488401 30.313477
v -9.071396 0.488401 29.904385
v -10.527808 0.488401 29.423252
v -11.958857 0.488401 28.871235
v -13.361097 0.488401 28.249665
v -14.731148 0.488401 27.560040
v -16.065711 0.488401 26.804019
v -17.361570 0.488401 25.983425
v -18.615603 0.488401 25.100235
v -19.824790 0.488401 24.156577
v -20.986217 0.488401 23.154723
v -22.097087 0.488401 22.097087
v -23.154723 0.488401 20.986217
v -24.156577 0.488401 19.824790
v -25.100235 0.488401 18.615603
v -25.983425 0.488401 17.361570
v -26.804019 0.488401 16.065711
v -27.560040 0.488401 14.731148
v -28.249665 0.488401 13.361097
v -28.871235 0.488401 11.958857
v -29.423252 0.488401 10.527808
v -29.904385 0.488401 9.071396
v -30.313477 0.488401 7.593131
v -30.649540 0.488401 6.096573
v -30.911766 0.488401 4.585327
v -31.099523 0.488401 3.063036
v -31.212358 0.488401 1.533365
v -31.250000 0.488401 0.000000
v -31.212358 0.488401 -1.533365
v -31.099523 0.488401 -3.063036
v -30.911766 0.488401 -4.585327
v -30.649540 0.488401 -6.096573
v -30.313477 0.488401 -7.593131
v -29.904385 0.488401 -9.071396
v -29.423252 0.488401 -10.527808
v -28.871235 0.488401 -11.958857
v -28.249665 0.488401 -13.361097
v -27.560040 0.488401 -14.731148
v -26.804019 0.488401 -16.065711
v -25.983425 0.488401 -17.361570
v -25.100235 0.488401 -18.615603
v -24.156577 0.488401 -19.824790
v -23.154723 0.488401 -20.986217
v -22.097087 0.488401 -22.097087
v -20.986217 0.488401 -23.154723
v -19.824790 0.488401 -24.156577
v -18.615603 0.488401 -25.100235
v -17.361570 0.488401 -25.983425
v -16.065711 0.488401 -26.804019
v -14.731148 0.488401 -27.560040
v -13.361097 0.488401 -28.249665
v -11.958857 0.488401 -28.871235
v -10.527808 0.488401 -29.423252
v -9.071396 0.488401 -29.904385
v -7.593131 0.488401 -30.313477
v -6.096573 0.488401 -30.649540
v -4.585327 0.488401 -30.911766
v -3.063036 0.488401 -31.099523
v -1.533365 0.488401 -31.212358
v -0.000000 0.488401 -31.250000
v 1.533365 0.488401 -31.212358
v 3.063036 0.488401 -31.099523
v 4.585327 0.488401 -30.911766
v 6.096573 0.488401 -30.649540
v 7.593131 0.488401 -30.313477
v 9.071396 0.488401 -29.904385
v 10.527808 0.488401 -29.423252
v 11.958857 0.488401 -28.871235
v 13.361097 0.488401 -28.249665
v 14.731148 0.488401 -27.560040
v 16.065711 0.488401 -26.804019
v 17.361570 0.488401 -25.983425
v 18.615603 0.488401 -25.100235
v 19.824790 0.488401 -24.156577
v 20.986217 0.488401 -23.154723
v 22.097087 0.488401 -22.097087
v 23.154723 0.488401 -20.986217
v 24.156577 0.488401 -19.824790
v 25.100235 0.488401 -18.615603
v 25.983425 0.488401 -17.361570
v 26.804019 0.488401 -16.065711
v 27.560040 0.488401 -14.731148
v 28.249665 0.488401 -13.361097
v 28.871235 0.488401 -11.958857
v 29.423252 0.488401 -10.527808
v 29.904385 0.488401 -9.071396
v 30.313477 0.488401 -7.593131
v 30.649540 0.488401 -6.096573
v 30.911766 0.488401 -4.585327
v 31.099523 0.488401 -3.063036
v 31.212358 0.488401 -1.533365
v 32.291667 0.521512 0.000000
v 32.252770 0.521512 1.584477
v 32.136173 0.521512 3.165137
v 31.942158 0.521512 4.738172
v 31.671191 0.521512 6.299792
v 31.323926 0.521512 7.846235
v 30.901198 0.521512 9.373776
v 30.404027 0.521512 10.878735
v 29.833610 0.521512 12.357486
v 29.191321 0.521512 13.806467
v 28.478707 0.521512 15.222186
v 27.697486 0.521512 16.601234
v 26.849540 0.521512 17.940289
v 25.936910 0.521512 19.236123
v 24.961796 0.521512 20.485616
v 23.926547 0.521512 21.685758
v 22.833656 0.521512 22.833656
v 21.685758 0.521512 23.926547
v 20.485616 0.521512 24.961796
v 19.236123 0.521512 25.936910
v 17.940289 0.521512 26.849540
v 16.601234 0.521512 27.697486
v 15.222186 0.521512 28.478707
v 13.806467 0.521512 29.191321
v 12.357486 0.521512 29.833610
v 10.878735 0.521512 30.404027
v 9.373776 0.521512 30.901198
v 7.846235 0.521512 31.323926
v 6.299792 0.521512 31.671191
v 4.738172 0.521512 31.942158
v 3.165137 0.521512 32.136173
v 1.584477 0.521512 32.252770
v 0.000000 0.521512 32.291667
v -1.584477 0.521512 32.252770
v -3.165137 0.521512 32.136173
v -4.738172 0.521512 31.942158
v -6.299792 0.521512 31.671191
v -7.846235 0.521512 31.323926
v -9.373776 0.521512 30.901198
v -10.878735 0.521512 30.404027
v -12.357486 0.521512 29.833610
v -13.806467 0.521512 29.191321
v -15.222186 0.521512 28.478707
v -16.601234 0.521512 27.697486
v -17.940289 0.521512 26.849540
v -19.236123 0.521512 25.936910
v -20.485616 0.521512 24.961796
v -21.685758 0.521512 23.926547
v -22.833656 0.521512 22.833656
v -23.926547 0.521512 21.685758
v -24.961796 0.521512 20.485616
v -25.936910 0.521512 19.236123
v -26.849540 0.521512 17.940289
v -27.697486 0.521512 16.601234
v -28.478707 0.521512 15.222186
v -29.191321 0.521512 13.806467
v -29.833610 0.521512 12.357486
v -30.404027 0.521512 10.878735
v -30.901198 0.521512 9.373776
v -31.323926 0.521512 7.846235
v -31.671191 0.521512 6.299792
v -31.942158 0.521512 4.738172
v -32.136173 0.521512 3.165137
v -32.252770 0.521512 1.584477
v -32.291667 0.521512 0.000000
v -32.252770 0.521512 -1.584477
v -32.136173 0.521512 -3.165137
v -31.942158 0.521512 -4.738172
v -31.671191 0.521512 -6.299792
v -31.323926 0.521512 -7.846235
v -30.901198 0.521512 -9.373776
v -30.404027 0.521512 -10.878735
v -29.833610 0.521512 -12.357486
v -29.191321 0.521512 -13.806467
v -28.478707 0.521512 -15.222186
v -27.697486 0.521512 -16.601234
v -26.849540 0.521512 -17.940289
v -25.936910 0.521512 -19.236123
v -24.961796 0.521512 -20.485616
v -23.926547 0.521512 -21.685758
v -22.833656 0.521512 -22.833656
v -21.685758 0.521512 -23.926547
v -20.485616 0.521512 -24.961796
v -19.236123 0.521512 -25.936910
v -17.940289 0.521512 -26.849540
v -16.601234 0.521512 -27.697486
v -15.222186 0.521512 -28.478707
v -13.806467 0.521512 -29.191321
v -12.357486 0.521512 -29.833610
v -10.878735 0.521512 -30.404027
v -9.373776 0.521512 -30.901198
v -7.846235 0.521512 -31.323926
v -6.299792 0.521512 -31.671191
v -4.738172 0.521512 -31.942158
v -3.165137 0.521512 -32.136173
v -1.584477 0.521512 -32.252770
v -0.000000 0.521512 -32.291667
v 1.584477 0.521512 -32.252770
v 3.165137 0.521512 -32.136173
v 4.738172 0.521512 -31.942158
v 6.299792 0.521512 -31.671191
v 7.846235 0.521512 -31.323926
v 9.373776 0.521512 -30.901198
v 10.878735 0.521512 -30.404027
v 12.357486 0.521512 -29.833610
v 13.806467 0.521512 -29.191321
v 15.222186 0.521512 -28.478707
v 16.601234 0.521512 -27.697486
v 17.940289 0.521512 -26.849540
v 19.236123 0.521512 -25.936910
v 20.485616 0.521512 -24.961796
v 21.685758 0.521512 -23.926547
v 22.833656 0.521512 -22.833656
v 23.926547 0.521512 -21.685758
v 24.961796 0.521512 -20.485616
v 25.936910 0.521512 -19.236123
v 26.849540 0.521512 -17.940289
v 27.697486 0.521512 -16.601234
v 28.478707 0.521512 -15.222186
v 29.191321 0.521512 -13.806467
v 29.833610 0.521512 -12.357486
v 30.404027 0.521512 -10.878735
v 30.901198 0.521512 -9.373776
v 31.323926 0.521512 -7.846235
v 31.671191 0.521512 -6.299792
v 31.942158 0.521512 -4.738172
v 32.136173 0.521512 -3.165137
v 32.252770 0.521512 -1.584477
v 33.333333 0.555710 0.000000
v 33.293182 0.555710 1.635589
v 33.172824 0.555710 3.267238
v 32.972550 0.555710 4.891016
v 32.692843 0.555710 6.503011
v 32.334375 0.555710 8.099339
v 31.898011 0.555710 9.676156
v 31.384802 0.555710 11.229662
v 30.795984 0.555710 12.756114
v 30.132976 0.555710 14.251836
v 29.397375 0.555710 15.713225
v 28.590954 0.555710 17.136758
v 27.715654 0.555710 18.519008
v 26.773584 0.555710 19.856643
v 25.767015 0.555710 21.146443
v 24.698371 0.555710 22.385298
v 23.570226 0.555710 23.570226
v 22.385298 0.555710 24.698371
v 21.146443 0.555710 25.767015
v 19.856643 0.555710 26.773584
v 18.519008 0.555710 27.715654
v 17.136758 0.555710 28.590954
v 15.713225 0.555710 29.397375
v 14.251836 0.555710 30.132976
v 12.756114 0.555710 30.795984
v 11.229662 0.555710 31.384802
v 9.676156 0.555710 31.898011
v 8.099339 0.555710 32.334375
v 6.503011 0.555710 32.692843
v 4.891016 0.555710 32.972550
v 3.267238 0.555710 33.172824
v 1.635589 0.555710 33.293182
v 0.000000 0.555710 33.333333
v -1.635589 0.555710 33.293182
v -3.267238 0.555710 33.172824
v -4.891016 0.555710 32.972550
v -6.503011 0.555710 32.692843
v -8.099339 0.555710 32.334375
v -9.676156 0.555710 31.898011
v -11.229662 0.555710 31.384802
v -12.756114 0.555710 30.795984
v -14.251836 0.555710 30.132976
v -15.713225 0.555710 29.397375
v -17.136758 0.555710 28.590954
v -18.519008 0.555710 27.715654
v -19.856643 0.555710 26.773584
v -21.146443 0.555710 25.767015
v -22.385298 0.555710 24.698371
v -23.570226 0.555710 23.570226
v -24.698371 0.555710 22.385298
v -25.767015 0.555710 21.146443
v -26.773584 0.555710 19.856643
v -27.715654 0.555710 18.519008
v -28.590954 0.555710 17.136758
v -29.397375 0.555710 15.713225
v -30.132976 0.555710 14.251836
v -30.795984 0.555710 12.756114
v -31.384802 0.555710 11.229662
v -31.898011 0.555710 9.676156
v -32.334375 0.555710 8.099339
v -32.692843 0.555710 6.503011
v -32.972550 0.555710 4.891016
v -33.172824 0.555710 3.267238
v -33.293182 0.555710 1.635589
v -33.333333 0.555710 0.000000
v -33.293182 0.555710 -1.635589
v -33.172824 0.555710 -3.267238
v -32.972550 0.555710 -4.891016
v -32.692843 0.555710 -6.503011
v -32.334375 0.555710 -8.099339
v -31.898011 0.555710 -9.676156
v -31.384802 0.555710 -11.229662
v -30.795984 0.555710 -12.756114
v -30.132976 0.555710 -14.251836
v -29.397375 0.555710 -15.713225
v -28.590954 0.555710 -17.136758
v -27.715654 0.555710 -18.519008
v -26.773584 0.555710 -19.856643
v -25.767015 0.555710 -21.146443
v -24.698371 0.555710 -22.385298
v -23.570226 0.555710 -23.570226
v -22.385298 0.555710 -24.698371
v -21.146443 0.555710 -25.767015
v -19.856643 0.555710 -26.773584
v -18.519008 0.555710 -27.715654
v -17.136758 0.555710 -28.590954
v -15.713225 0.555710 -29.397375
v -14.251836 0.555710 -30.132976
v -12.756114 0.555710 -30.795984
v -11.229662 0.555710 -31.384802
v -9.676156 0.555710 -31.898011
v -8.099339 0.555710 -32.334375
v -6.503011 0.555710 -32.692843
v -4.891016 0.555710 -32.972550
v -3.267238 0.555710 -33.172824
v -1.635589 0.555710 -33.293182
v -0.000000 0.555710 -33.333333
v 1.635589 0.555710 -33.293182
v 3.267238 0.555710 -33.172824
v 4.891016 0.555710 -32.972550
v 6.503011 0.555710 -32.692843
v 8.099339 0.555710 -32.334375
v 9.676156 0.555710 -31.898011
v 11.229662 0.555710 -31.384802
v 12.756114 0.555710 -30.795984
v 14.251836 0.555710 -30.132976
v 15.713225 0.555710 -29.397375
v 17.136758 0.555710 -28.590954
v 18.519008 0.555710 -27.715654
v 19.856643 0.555710 -26.773584
v 21.146443 0.555710 -25.767015
v 22.385298 0.555710 -24.698371
v 23.570226 0.555710 -23.570226
v 24.698371 0.555710 -22.385298
v 25.767015 0.555710 -21.146443
v 26.773584 0.555710 -19.856643
v 27.715654 0.555710 -18.519008
v 28.590954 0.555710 -17.136758
v 29.397375 0.555710 -15.713225
v 30.132976 0.555710 -14.251836
v 30.795984 0.555710 -12.756114
v 31.384802 0.555710 -11.229662
v 31.898011 0.555710 -9.676156
v 32.334375 0.555710 -8.099339
v 32.692843 0.555710 -6.503011
v 32.972550 0.555710 -4.891016
v 33.172824 0.555710 -3.267238
v 33.293182 0.555710 -1.635589
v 34.375000 0.590995 0.000000
v 34.333594 0.590995 1.686701
v 34.209475 0.590995 3.369339
v 34.002943 0.590995 5.043860
v 33.714494 0.590995 6.706230
v 33.344824 0.590995 8.352444
v 32.894824 0.590995 9.978536
v 32.365577 0.590995 11.580589
v 31.758359 0.590995 13.154743
v 31.074632 0.590995 14.697206
v 30.316043 0.590995 16.204263
v 29.484421 0.590995 17.672282
v 28.581768 0.590995 19.097727
v 27.610259 0.590995 20.477164
v 26.572234 0.590995 21.807269
v 25.470195 0.590995 23.084839
v 24.306796 0.590995 24.306796
v 23.084839 0.590995 25.470195
v 21.807269 0.590995 26.572234
v 20.477164 0.590995 27.610259
v 19.097727 0.590995 28.581768
v 17.672282 0.590995 29.484421
v 16.204263 0.590995 30.316043
v 14.697206 0.590995 31.074632
v 13.154743 0.590995 31.758359
v 11.580589 0.590995 32.365577
v 9.978536 0.590995 32.894824
v 8.352444 0.590995 33.344824
v 6.706230 0.590995 33.714494
v 5.043860 0.590995 34.002943
v 3.369339 0.590995 34.209475
v 1.686701 0.590995 34.333594
v 0.000000 0.590995 34.375000
v -1.686701 0.590995 34.333594
v -3.369339 0.590995 34.209475
v -5.043860 0.590995 34.002943
v -6.706230 0.590995 33.714494
v -8.352444 0.590995 33.344824
v -9.978536 0.590995 32.894824
v -11.580589 0.590995 32.365577
v -13.154743 0.590995 31.758359
v -14.697206 0.590995 31.074632
v -16.204263 0.590995 30.316043
v -17.672282 0.590995 29.484421
v -19.097727 0.590995 28.581768
v -20.477164 0.590995 27.610259
v -21.807269 0.590995 26.572234
v -23.084839 0.590995 25.470195
v -24.306796 0.590995 24.306796
v -25.470195 0.590995 23.084839
v -26.572234 0.590995 21.807269
v -27.610259 0.590995 20.477164
v -28.581768 0.590995 19.097727
v -29.484421 0.590995 17.672282
v -30.316043 0.590995 16.204263
v -31.074632 0.590995 14.697206
v -31.758359 0.590995 13.154743
v -32.365577 0.590995 11.580589
v -32.894824 0.590995 9.978536
v -33.344824 0.590995 8.352444
v -33.714494 0.590995 6.706230
v -34.002943 0.590995 5.043860
v -34.209475 0.590995 3.369339
v -34.333594 0.590995 1.686701
v -34.375000 0.590995 0.000000
v -34.333594 0.590995 -1.686701
v -34.209475 0.590995 -3.369339
v -34.002943 0.590995 -5.043860
v -33.714494 0.590995 -6.706230
v -33.344824 0.590995 -8.352444
v -32.894824 0.590995 -9.978536
v -32.365577 0.590995 -11.580589
v -31.758359 0.590995 -13.154743
v -31.074632 0.590995 -14.697206
v -30.316043 0.590995 -16.204263
v -29.484421 0.590995 -17.672282
v -28.581768 0.590995 -19.097727
v -27.610259 0.590995 -20.477164
v -26.572234 0.590995 -21.807269
v -25.470195 0.590995 -23.084839
v -24.306796 0.590995 -24.306796
v -23.084839 0.590995 -25.470195
v -21.807269 0.590995 -26.572234
v -20.477164 0.590995 -27.610259
v -19.097727 0.590995 -28.581768
v -17.672282 0.590995 -29.484421
v -16.204263 0.590995 -30.316043
v -14.697206 0.590995 -31.074632
v -13.154743 0.590995 -31.758359
v -11.580589 0.590995 -32.365577
v -9.978536 0.590995 -32.894824
v -8.352444 0.590995 -33.344824
v -6.706230 0.590995 -33.714494
v -5.043860 0.590995 -34.002943
v -3.369339 0.590995 -34.209475
v -1.686701 0.590995 -34.333594
v -0.000000 0.590995 -34.375000
v 1.686701 0.590995 -34.333594
v 3.369339 0.590995 -34.209475
v 5.043860 0.590995 -34.002943
v 6.706230 0.590995 -33.714494
v 8.352444 0.590995 -33.344824
v 9.978536 0.590995 -32.894824
v 11.580589 0.590995 -32.365577
v 13.154743 0.590995 -31.758359
v 14.697206 0.590995 -31.074632
v 16.204263 0.590995 -30.316043
v 17.672282 0.590995 -29.484421
v 19.097727 0.590995 -28.581768
v 20.477164 0.590995 -27.610259
v 21.807269 0.590995 -26.572234
v 23.084839 0.590995 -25.470195
v 24.306796 0.590995 -24.306796
v 25.470195 0.590995 -23.084839
v 26.572234 0.590995 -21.807269
v 27.610259 0.590995 -20.477164
v 28.581768 0.590995 -19.097727
v 29.484421 0.590995 -17.672282
v 30.316043 0.590995 -16.204263
v 31.074632 0.590995 -14.697206
v 31.758359 0.590995 -13.154743
v 32.365577 0.590995 -11.580589
v 32.894824 0.590995 -9.978536
v 33.344824 0.590995 -8.352444
v 33.714494 0.590995 -6.706230
v 34.002943 0.590995 -5.043860
v 34.209475 0.590995 -3.369339
v 34.333594 0.590995 -1.686701
v 35.416667 0.627367 0.000000
v 35.374006 0.627367 1.737813
v 35.246126 0.627367 3.471440
v 35.033335 0.627367 5.196704
v 34.736145 0.627367 6.909449
v 34.355274 0.627367 8.605548
v 33.891637 0.627367 10.280916
v 33.346352 0.627367 11.931516
v 32.720733 0.627367 13.553372
v 32.016287 0.627367 15.142576
v 31.234711 0.627367 16.695301
v 30.377888 0.627367 18.207806
v 29.447882 0.627367 19.676446
v 28.446933 0.627367 21.097684
v 27.377454 0.627367 22.468095
v 26.242019 0.627367 23.784380
v 25.043365 0.627367 25.043365
v 23.784380 0.627367 26.242019
v 22.468095 0.627367 27.377454
v 21.097684 0.627367 28.446933
v 19.676446 0.627367 29.447882
v 18.207806 0.627367 30.377888
v 16.695301 0.627367 31.234711
v 15.142576 0.627367 32.016287
v 13.553372 0.627367 32.720733
v 11.931516 0.627367 33.346352
v 10.280916 0.627367 33.891637
v 8.605548 0.627367 34.355274
v 6.909449 0.627367 34.736145
v 5.196704 0.627367 35.033335
v 3.471440 0.627367 35.246126
v 1.737813 0.627367 35.374006
v 0.000000 0.627367 35.416667
v -1.737813 0.627367 35.374006
v -3.471440 0.627367 35.246126
v -5.196704 0.627367 35.033335
v -6.909449 0.627367 34.736145
v -8.605548 0.627367 34.355274
v -10.280916 0.627367 33.891637
v -11.931516 0.627367 33.346352
v -13.553372 0.627367 32.720733
v -15.142576 0.627367 32.016287
v -16.695301 0.627367 31.234711
v -18.207806 0.627367 30.377888
v -19.676446 0.627367 29.447882
v -21.097684 0.627367 28.446933
v -22.468095 0.627367 27.377454
v -23.784380 0.627367 26.242019
v -25.043365 0.627367 25.043365
v -26.242019 0.627367 23.784380
v -27.377454 0.627367 22.468095
v -28.446933 0.627367 21.097684
v -29.447882 0.627367 19.676446
v -30.377888 0.627367 18.207806
v -31.234711 0.627367 16.695301
v -32.016287 0.627367 15.142576
v -32.720733 0.627367 13.553372
v -33.346352 0.627367 11.931516
v -33.891637 0.627367 10.280916
v -34.355274 0.627367 8.605548
v -34.736145 0.627367 6.909449
v -35.033335 0.627367 5.196704
v -35.246126 0.627367 3.471440
v -35.374006 0.627367 1.737813
v -35.416667 0.627367 0.000000
v -35.374006 0.627367 -1.737813
v -35.246126 0.627367 -3.471440
v -35.033335 0.627367 -5.196704
v -34.736145 0.627367 -6.909449
v -34.355274 0.627367 -8.605548
v -33.891637 0.627367 -10.280916
v -33.346352 0.627367 -11.931516
v -32.720733 0.627367 -13.553372
v -32.016287 0.627367 -15.142576
v -31.234711 0.627367 -16.695301
v -30.377888 0.627367 -18.207806
v -29.447882 0.627367 -19.676446
v -28.446933 0.627367 -21.097684
v -27.377454 0.627367 -22.468095
v -26.242019 0.627367 -23.784380
v -25.043365 0.627367 -25.043365
v -23.784380 0.627367 -26.242019
v -22.468095 0.627367 -27.377454
v -21.097684 0.627367 -28.446933
v -19.676446 0.627367 -29.447882
v -18.207806 0.627367 -30.377888
v -16.695301 0.627367 -31.234711
v -15.142576 0.627367 -32.016287
v -13.553372 0.627367 -32.720733
v -11.931516 0.627367 -33.346352
v -10.280916 0.627367 -33.891637
v -8.605548 0.627367 -34.355274
v -6.909449 0.627367 -34.736145
v -5.196704 0.627367 -35.033335
v -3.471440 0.627367 -35.246126
v -1.737813 0.627367 -35.374006
v -0.000000 0.627367 -35.416667
v 1.737813 0.627367 -35.374006
v 3.471440 0.627367 -35.246126
v 5.196704 0.627367 -35.033335
v 6.909449 0.627367 -34.736145
v 8.605548 0.627367 -34.355274
v 10.280916 0.627367 -33.891637
v 11.931516 0.627367 -33.346352
v 13.553372 0.627367 -32.720733
v 15.142576 0.627367 -32.016287
v 16.695301 0.627367 -31.234711
v 18.207806 0.627367 -30.377888
v 19.676446 0.627367 -29.447882
v 21.097684 0.627367 -28.446933
v 22.468095 0.627367 -27.377454
v 23.784380 0.627367 -26.242019
v 25.043365 0.627367 -25.043365
v 26.242019 0.627367 -23.784380
v 27.377454 0.627367 -22.468095
v 28.446933 0.627367 -21.097684
v 29.447882 0.627367 -19.676446
v 30.377888 0.627367 -18.207806
v 31.234711 0.627367 -16.695301
v 32.016287 0.627367 -15.142576
v 32.720733 0.627367 -13.553372
v 33.346352 0.627367 -11.931516
v 33.891637 0.627367 -10.280916
v 34.355274 0.627367 -8.605548
v 34.736145 0.627367 -6.909449
v 35.033335 0.627367 -5.196704
v 35.246126 0.627367 -3.471440
v 35.374006 0.627367 -1.737813
v 36.458333 0.664826 0.000000
v 36.414418 0.664826 1.788926
v 36.282776 0.664826 3.573542
v 36.063727 0.664826 5.349549
v 35.757797 0.664826 7.112668
v 35.365723 0.664826 8.858652
v 34.888450 0.664826 10.583296
v 34.327127 0.664826 12.282443
v 33.683108 0.664826 13.952000
v 32.957943 0.664826 15.587946
v 32.153379 0.664826 17.186339
v 31.271356 0.664826 18.743329
v 30.313996 0.664826 20.255165
v 29.283608 0.664826 21.718204
v 28.182673 0.664826 23.128922
v 27.013843 0.664826 24.483920
v 25.779935 0.664826 25.779935
v 24.483920 0.664826 27.013843
v 23.128922 0.664826 28.182673
v 21.718204 0.664826 29.283608
v 20.255165 0.664826 30.313996
v 18.743329 0.664826 31.271356
v 17.186339 0.664826 32.153379
v 15.587946 0.664826 32.957943
v 13.952000 0.664826 33.683108
v 12.282443 0.664826 34.327127
v 10.583296 0.664826 34.888450
v 8.858652 0.664826 35.365723
v 7.112668 0.664826 35.757797
v 5.349549 0.664826 36.063727
v 3.573542 0.664826 36.282776
v 1.788926 0.664826 36.414418
v 0.000000 0.664826 36.458333
v -1.788926 0.664826 36.414418
v -3.573542 0.664826 36.282776
v -5.349549 0.664826 36.063727
v -7.112668 0.664826 35.757797
v -8.858652 0.664826 35.365723
v -10.583296 0.664826 34.888450
v -12.282443 0.664826 34.327127
v -13.952000 0.664826 33.683108
v -15.587946 0.664826 32.957943
v -17.186339 0.664826 32.153379
v -18.743329 0.664826 31.271356
v -20.255165 0.664826 30.313996
v -21.718204 0.664826 29.283608
v -23.128922 0.664826 28.182673
v -24.483920 0.664826 27.013843
v -25.779935 0.664826 25.779935
v -27.013843 0.664826 24.483920
v -28.182673 0.664826 23.128922
v -29.283608 0.664826 21.718204
v -30.313996 0.664826 20.255165
v -31.271356 0.664826 18.743329
v -32.153379 0.664826 17.186339
v -32.957943 0.664826 15.587946
v -33.683108 0.664826 13.952000
v -34.327127 0.664826 12.282443
v -34.888450 0.664826 10.583296
v -35.365723 0.664826 8.858652
v -35.757797 0.664826 7.112668
v -36.063727 0.664826 5.349549
v -36.282776 0.664826 3.573542
v -36.414418 0.664826 1.788926
v -36.458333 0.664826 0.000000
v -36.414418 0.664826 -1.788926
v -36.282776 0.664826 -3.573542
v -36.063727 0.664826 -5.349549
v -35.757797 0.664826 -7.112668
v -35.365723 0.664826 -8.858652
v -34.888450 0.664826 -10.583296
v -34.327127 0.664826 -12.282443
v -33.683108 0.664826 -13.952000
v -32.957943 0.664826 -15.587946
v -32.153379 0.664826 -17.186339
v -31.271356 0.664826 -18.743329
v -30.313996 0.664826 -20.255165
v -29.283608 0.664826 -21.718204
v -28.182673 0.664826 -23.128922
v -27.013843 0.664826 -24.483920
v -25.779935 0.664826 -25.779935
v -24.483920 0.664826 -27.013843
v -23.128922 0.664826 -28.182673
v -21.718204 0.664826 -29.283608
v -20.255165 0.664826 -30.313996
v -18.743329 0.664826 -31.271356
v -17.186339 0.664826 -32.153379
v -15.587946 0.664826 -32.957943
v -13.952000 0.664826 -33.683108
v -12.282443 0.664826 -34.327127
v -10.583296 0.664826 -34.888450
v -8.858652 0.664826 -35.365723
v -7.112668 0.664826 -35.757797
v -5.349549 0.664826 -36.063727
v -3.573542 0.664826 -36.282776
v -1.788926 0.664826 -36.414418
v -0.000000 0.664826 -36.458333
v 1.788926 0.664826 -36.414418
v 3.573542 0.664826 -36.282776
v 5.349549 0.664826 -36.063727
v 7.112668 0.664826 -35.757797
v 8.858652 0.664826 -35.365723
v 10.583296 0.664826 -34.888450
v 12.282443 0.664826 -34.327127
v 13.952000 0.664826 -33.683108
v 15.587946 0.664826 -32.957943
v 17.186339 0.664826 -32.153379
v 18.743329 0.664826 -31.271356
v 20.255165 0.664826 -30.313996
v 21.718204 0.664826 -29.283608
v 23.128922 0.664826 -28.182673
v 24.483920 0.664826 -27.013843
v 25.779935 0.664826 -25.779935
v 27.013843 0.664826 -24.483920
v 28.182673 0.664826 -23.128922
v 29.283608 0.664826 -21.718204
v 30.313996 0.664826 -20.255165
v 31.271356 0.664826 -18.743329
v 32.153379 0.664826 -17.186339
v 32.957943 0.664826 -15.587946
v 33.683108 0.664826 -13.952000
v 34.327127 0.664826 -12.282443
v 34.888450 0.664826 -10.583296
v 35.365723 0.664826 -8.858652
v 35.757797 0.664826 -7.112668
v 36.063727 0.664826 -5.349549
v 36.282776 0.664826 -3.573542
v 36.414418 0.664826 -1.788926
v 37.500000 0.703372 0.000000
v 37.454830 0.703372 1.840038
v 37.319427 0.703372 3.675643
v 37.094119 0.703372 5.502393
v 36.779448 0.703372 7.315887
v 36.376172 0.703372 9.111757
v 35.885263 0.703372 10.885675
v 35.307902 0.703372 12.633370
v 34.645482 0.703372 14.350629
v 33.899598 0.703372 16.033316
v 33.072047 0.703372 17.677378
v 32.164823 0.703372 19.278853
v 31.180110 0.703372 20.833884
v 30.120282 0.703372 22.338724
v 28.987892 0.703372 23.789748
v 27.785667 0.703372 25.183461
v 26.516504 0.703372 26.516504
v 25.183461 0.703372 27.785667
v 23.789748 0.703372 28.987892
v 22.338724 0.703372 30.120282
v 20.833884 0.703372 31.180110
v 19.278853 0.703372 32.164823
v 17.677378 0.703372 33.072047
v 16.033316 0.703372 33.899598
v 14.350629 0.703372 34.645482
v 12.633370 0.703372 35.307902
v 10.885675 0.703372 35.885263
v 9.111757 0.703372 36.376172
v 7.315887 0.703372 36.779448
v 5.502393 0.703372 37.094119
v 3.675643 0.703372 37.319427
v 1.840038 0.703372 37.454830
v 0.000000 0.703372 37.500000
v -1.840038 0.703372 37.454830
v -3.675643 0.703372 37.319427
v -5.502393 0.703372 37.094119
v -7.315887 0.703372 36.779448
v -9.111757 0.703372 36.376172
v -10.885675 0.703372 35.885263
v -12.633370 0.703372 35.307902
v -14.350629 0.703372 34.645482
v -16.033316 0.703372 33.899598
v -17.677378 0.703372 33.072047
v -19.278853 0.703372 32.164823
v -20.833884 0.703372 31.180110
v -22.338724 0.703372 30.120282
v -23.789748 0.703372 28.987892
v -25.183461 0.703372 27.785667
v -26.516504 0.703372 26.516504
v -27.785667 0.703372 25.183461
v -28.987892 0.703372 23.789748
v -30.120282 0.703372 22.338724
v -31.180110 0.703372 20.833884
v -32.164823 0.703372 19.278853
v -33.072047 0.703372 17.677378
v -33.899598 0.703372 16.033316
v -34.645482 0.703372 14.350629
v -35.307902 0.703372 12.633370
v -35.885263 0.703372 10.885675
v -36.376172 0.703372 9.111757
v -36.779448 0.703372 7.315887
v -37.094119 0.703372 5.502393
v -37.319427 0.703372 3.675643
v -37.454830 0.703372 1.840038
v -37.500000 0.703372 0.000000
v -37.454830 0.703372 -1.840038
v -37.319427 0.703372 -3.675643
v -37.094119 0.703372 -5.502393
v -36.779448 0.703372 -7.315887
v -36.376172 0.703372 -9.111757
v -35.885263 0.703372 -10.885675
v -35.307902 0.703372 -12.633370
v -34.645482 0.703372 -14.350629
v -33.899598 0.703372 -16.033316
v -33.072047 0.703372 -17.677378
v -32.164823 0.703372 -19.278853
v -31.180110 0.703372 -20.833884
v -30.120282 0.703372 -22.338724
v -28.987892 0.703372 -23.789748
v -27.785667 0.703372 -25.183461
v -26.516504 0.703372 -26.516504
v -25.183461 0.703372 -27.785667
v -23.789748 0.703372 -28.987892
v -22.338724 0.703372 -30.120282
v -20.833884 0.703372 -31.180110
v -19.278853 0.703372 -32.164823
v -17.677378 0.703372 -33.072047
v -16.033316 0.703372 -33.899598
v -14.350629 0.703372 -34.645482
v -12.633370 0.703372 -35.307902
v -10.885675 0.703372 -35.885263
v -9.111757 0.703372 -36.376172
v -7.315887 0.703372 -36.779448
v -5.502393 0.703372 -37.094119
v -3.675643 0.703372 -37.319427
v -1.840038 0.703372 -37.454830
v -0.000000 0.703372 -37.500000
v 1.840038 0.703372 -37.454830
v 3.675643 0.703372 -37.319427
v 5.502393 0.703372 -37.094119
v 7.315887 0.703372 -36.779448
v 9.111757 0.703372 -36.376172
v 10.885675 0.703372 -35.885263
v 12.633370 0.703372 -35.307902
v 14.350629 0.703372 -34.645482
v 16.033316 0.703372 -33.899598
v 17.677378 0.703372 -33.072047
v 19.278853 0.703372 -32.164823
v 20.833884 0.703372 -31.180110
v 22.338724 0.703372 -30.120282
v 23.789748 0.703372 -28.987892
v 25.183461 0.703372 -27.785667
v 26.516504 0.703372 -26.516504
v 27.785667 0.703372 -25.183461
v 28.987892 0.703372 -23.789748
v 30.120282 0.703372 -22.338724
v 31.180110 0.703372 -20.833884
v 32.164823 0.703372 -19.278853
v 33.072047 0.703372 -17.677378
v 33.899598 0.703372 -16.033316
v 34.645482 0.703372 -14.350629
v 35.307902 0.703372 -12.633370
v 35.885263 0.703372 -10.885675
v 36.376172 0.703372 -9.111757
v 36.779448 0.703372 -7.315887
v 37.094119 0.703372 -5.502393
v 37.319427 0.703372 -3.675643
v 37.454830 0.703372 -1.840038
v 38.541667 0.743006 0.000000
v 38.495242 0.743006 1.891150
v 38.356078 0.743006 3.777744
v 38.124511 0.743006 5.655237
v 37.801099 0.743006 7.519106
v 37.386621 0.743006 9.364861
v 36.882075 0.743006 11.188055
v 36.288678 0.743006 12.984296
v 35.607857 0.743006 14.749257
v 34.841254 0.743006 16.478686
v 33.990715 0.743006 18.168416
v 33.058290 0.743006 19.814377
v 32.046225 0.743006 21.412603
v 30.956957 0.743006 22.959244
v 29.793111 0.743006 24.450574
v 28.557491 0.743006 25.883001
v 27.253074 0.743006 27.253074
v 25.883001 0.743006 28.557491
v 24.450574 0.743006 29.793111
v 22.959244 0.743006 30.956957
v 21.412603 0.743006 32.046225
v 19.814377 0.743006 33.058290
v 18.168416 0.743006 33.990715
v 16.478686 0.743006 34.841254
v 14.749257 0.743006 35.607857
v 12.984296 0.743006 36.288678
v 11.188055 0.743006 36.882075
v 9.364861 0.743006 37.386621
v 7.519106 0.743006 37.801099
v 5.655237 0.743006 38.124511
v 3.777744 0.743006 38.356078
v 1.891150 0.743006 38.495242
v 0.000000 0.743006 38.541667
v -1.891150 0.743006 38.495242
v -3.777744 0.743006 38.356078
v -5.655237 0.743006 38.124511
v -7.519106 0.743006 37.801099
v -9.364861 0.743006 37.386621
v -11.188055 0.743006 36.882075
v -12.984296 0.743006 36.288678
v -14.749257 0.743006 35.607857
v -16.478686 0.743006 34.841254
v -18.168416 0.743006 33.990715
v -19.814377 0.743006 33.058290
v -21.412603 0.743006 32.046225
v -22.959244 0.743006 30.956957
v -24.450574 0.743006 29.793111
v -25.883001 0.743006 28.557491
v -27.253074 0.743006 27.253074
v -28.557491 0.743006 25.883001
v -29.793111 0.743006 24.450574
v -30.956957 0.743006 22.959244
v -32.046225 0.743006 21.412603
v -33.058290 0.743006 19.814377
v -33.990715 0.743006 18.168416
v -34.841254 0.743006 16.478686
v -35.607857 0.743006 14.749257
v -36.288678 0.743006 12.984296
v -36.882075 0.743006 11.188055
v -37.386621 0.743006 9.364861
v -37.801099 0.743006 7.519106
v -38.124511 0.743006 5.655237
v -38.356078 0.743006 3.777744
v -38.495242 0.743006 1.891150
v -38.541667 0.743006 0.000000
v -38.495242 0.743006 -1.891150
v -38.356078 0.743006 -3.777744
v -38.124511 0.743006 -5.655237
v -37.801099 0.743006 -7.519106
v -37.386621 0.743006 -9.364861
v -36.882075 0.743006 -11.188055
v -36.288678 0.743006 -12.984296
v -35.607857 0.743006 -14.749257
v -34.841254 0.743006 -16.478686
v -33.990715 0.743006 -18.168416
v -33.058290 0.743006 -19.814377
v -32.046225 0.743006 -21.412603
v -30.956957 0.743006 -22.959244
v -29.793111 0.743006 -24.450574
v -28.557491 0.743006 -25.883001
v -27.253074 0.743006 -27.253074
v -25.883001 0.743006 -28.557491
v -24.450574 0.743006 -29.793111
v -22.959244 0.743006 -30.956957
v -21.412603 0.743006 -32.046225
v -19.814377 0.743006 -33.058290
v -18.168416 0.743006 -33.990715
v -16.478686 0.743006 -34.841254
v -14.749257 0.743006 -35.607857
v -12.984296 0.743006 -36.288678
v -11.188055 0.743006 -36.882075
v -9.364861 0.743006 -37.386621
v -7.519106 0.743006 -37.801099
v -5.655237 0.743006 -38.124511
v -3.777744 0.743006 -38.356078
v -1.891150 0.743006 -38.495242
v -0.000000 0.743006 -38.541667
v 1.891150 0.743006 -38.495242
v 3.777744 0.743006 -38.356078
v 5.655237 0.743006 -38.124511
v 7.519106 0.743006 -37.801099
v 9.364861 0.743006 -37.386621
v 11.188055 0.743006 -36.882075
v 12.984296 0.743006 -36.288678
v 14.749257 0.743006 -35.607857
v 16.478686 0.743006 -34.841254
v 18.168416 0.743006 -33.990715
v 19.814377 0.743006 -33.058290
v 21.412603 0.743006 -32.046225
v 22.959244 0.743006 -30.956957
v 24.450574 0.743006 -29.793111
v 25.883001 0.743006 -28.557491
v 27.253074 0.743006 -27.253074
v 28.557491 0.743006 -25.883001
v 29.793111 0.743006 -24.450574
v 30.956957 0.743006 -22.959244
v 32.046225 0.743006 -21.412603
v 33.058290 0.743006 -19.814377
v 33.990715 0.743006 -18.168416
v 34.841254 0.743006 -16.478686
v 35.607857 0.743006 -14.749257
v 36.288678 0.743006 -12.984296
v 36.882075 0.743006 -11.188055
v 37.386621 0.743006 -9.364861
v 37.801099 0.743006 -7.519106
v 38.124511 0.743006 -5.655237
v 38.356078 0.743006 -3.777744
v 38.495242 0.743006 -1.891150
v 39.583333 0.783727 0.000000
v 39.535653 0.783727 1.942262
v 39.392729 0.783727 3.879845
v 39.154904 0.783727 5.808081
v 38.822751 0.783727 7.722325
v 38.397070 0.783727 9.617965
v 37.878888 0.783727 11.490435
v 37.269453 0.783727 13.335223
v 36.570231 0.783727 15.147886
v 35.782910 0.783727 16.924056
v 34.909383 0.783727 18.659454
v 33.951757 0.783727 20.349900
v 32.912339 0.783727 21.991322
v 31.793631 0.783727 23.579764
v 30.598330 0.783727 25.111401
v 29.329315 0.783727 26.582542
v 27.989643 0.783727 27.989643
v 26.582542 0.783727 29.329315
v 25.111401 0.783727 30.598330
v 23.579764 0.783727 31.793631
v 21.991322 0.783727 32.912339
v 20.349900 0.783727 33.951757
v 18.659454 0.783727 34.909383
v 16.924056 0.783727 35.782910
v 15.147886 0.783727 36.570231
v 13.335223 0.783727 37.269453
v 11.490435 0.783727 37.878888
v 9.617965 0.783727 38.397070
v 7.722325 0.783727 38.822751
v 5.808081 0.783727 39.154904
v 3.879845 0.783727 39.392729
v 1.942262 0.783727 39.535653
v 0.000000 0.783727 39.583333
v -1.942262 0.783727 39.535653
v -3.879845 0.783727 39.392729
v -5.808081 0.783727 39.154904
v -7.722325 0.783727 38.822751
v -9.617965 0.783727 38.397070
v -11.490435 0.783727 37.878888
v -13.335223 0.783727 37.269453
v -15.147886 0.783727 36.570231
v -16.924056 0.783727 35.782910
v -18.659454 0.783727 34.909383
v -20.349900 0.783727 33.951757
v -21.991322 0.783727 32.912339
v -23.579764 0.783727 31.793631
v -25.111401 0.783727 30.598330
v -26.582542 0.783727 29.329315
v -27.989643 0.783727 27.989643
v -29.329315 0.783727 26.582542
v -30.598330 0.783727 25.111401
v -31.793631 0.783727 23.579764
v -32.912339 0.783727 21.991322
v -33.951757 0.783727 20.349900
v -34.909383 0.783727 18.659454
v -35.782910 0.783727 16.924056
v -36.570231 0.783727 15.147886
v -37.269453 0.783727 13.335223
v -37.878888 0.783727 11.490435
v -38.397070 0.783727 9.617965
v -38.822751 0.783727 7.722325
v -39.154904 0.783727 5.808081
v -39.392729 0.783727 3.879845
v -39.535653 0.783727 1.942262
v -39.583333 0.783727 0.000000
v -39.535653 0.783727 -1.942262
v -39.392729 0.783727 -3.879845
v -39.154904 0.783727 -5.808081
v -38.822751 0.783727 -7.722325
v -38.397070 0.783727 -9.617965
v -37.878888 0.783727 -11.490435
v -37.269453 0.783727 -13.335223
v -36.570231 0.783727 -15.147886
v -35.782910 0.783727 -16.924056
v -34.909383 0.783727 -18.659454
v -33.951757 0.783727 -20.349900
v -32.912339 0.783727 -21.991322
v -31.793631 0.783727 -23.579764
v -30.598330 0.783727 -25.111401
v -29.329315 0.783727 -26.582542
v -27.989643 0.783727 -27.989643
v -26.582542 0.783727 -29.329315
v -25.111401 0.783727 -30.598330
v -23.579764 0.783727 -31.793631
v -21.991322 0.783727 -32.912339
v -20.349900 0.783727 -33.951757
v -18.659454 0.783727 -34.909383
v -16.924056 0.783727 -35.782910
v -15.147886 0.783727 -36.570231
v -13.335223 0.783727 -37.269453
v -11.490435 0.783727 -37.878888
v -9.617965 0.783727 -38.397070
v -7.722325 0.783727 -38.822751
v -5.808081 0.783727 -39.154904
v -3.879845 0.783727 -39.392729
v -1.942262 0.783727 -39.535653
v -0.000000 0.783727 -39.583333
v 1.942262 0.783727 -39.535653
v 3.879845 0.783727 -39.392729
v 5.808081 0.783727 -39.154904
v 7.722325 0.783727 -38.822751
v 9.617965 0.783727 -38.397070
v 11.490435 0.783727 -37.878888
v 13.335223 0.783727 -37.269453
v 15.147886 0.783727 -36.570231
v 16.924056 0.783727 -35.782910
v 18.659454 0.783727 -34.909383
v 20.349900 0.783727 -33.951757
v 21.991322 0.783727 -32.912339
v 23.579764 0.783727 -31.793631
v 25.111401 0.783727 -30.598330
v 26.582542 0.783727 -29.329315
v 27.989643 0.783727 -27.989643
v 29.329315 0.783727 -26.582542
v 30.598330 0.783727 -25.111401
v 31.793631 0.783727 -23.579764
v 32.912339 0.783727 -21.991322
v 33.951757 0.783727 -20.349900
v 34.909383 0.783727 -18.659454
v 35.782910 0.783727 -16.924056
v 36.570231 0.783727 -15.147886
v 37.269453 0.783727 -13.335223
v 37.878888 0.783727 -11.490435
v 38.397070 0.783727 -9.617965
v 38.822751 0.783727 -7.722325
v 39.154904 0.783727 -5.808081
v 39.392729 0.783727 -3.879845
v 39.535653 0.783727 -1.942262
v 40.625000 0.825536 0.000000
v 40.576065 0.825536 1.993374
v 40.429380 0.825536 3.981946
v 40.185296 0.825536 5.960926
v 39.844402 0.825536 7.925544
v 39.407520 0.825536 9.871070
v 38.875701 0.825536 11.792815
v 38.250228 0.825536 13.686150
v 37.532606 0.825536 15.546514
v 36.724565 0.825536 17.369426
v 35.828051 0.825536 19.150492
v 34.845225 0.825536 20.885424
v 33.778453 0.825536 22.570041
v 32.630306 0.825536 24.200284
v 31.403550 0.825536 25.772227
v 30.101139 0.825536 27.282083
v 28.726213 0.825536 28.726213
v 27.282083 0.825536 30.101139
v 25.772227 0.825536 31.403550
v 24.200284 0.825536 32.630306
v 22.570041 0.825536 33.778453
v 20.885424 0.825536 34.845225
v 19.150492 0.825536 35.828051
v 17.369426 0.825536 36.724565
v 15.546514 0.825536 37.532606
v 13.686150 0.825536 38.250228
v 11.792815 0.825536 38.875701
v 9.871070 0.825536 39.407520
v 7.925544 0.825536 39.844402
v 5.960926 0.825536 40.185296
v 3.981946 0.825536 40.429380
v 1.993374 0.825536 40.576065
v 0.000000 0.825536 40.625000
v -1.993374 0.825536 40.576065
v -3.981946 0.825536 40.429380
v -5.960926 0.825536 40.185296
v -7.925544 0.825536 39.844402
v -9.871070 0.825536 39.407520
v -11.792815 0.825536 38.875701
v -13.686150 0.825536 38.250228
v -15.546514 0.825536 37.532606
v -17.369426 0.825536 36.724565
v -19.150492 0.825536 35.828051
v -20.885424 0.825536 34.845225
v -22.570041 0.825536 33.778453
v -24.200284 0.825536 32.630306
v -25.772227 0.825536 31.403550
v -27.282083 0.825536 30.101139
v -28.726213 0.825536 28.726213
v -30.101139 0.825536 27.282083
v -31.403550 0.825536 25.772227
v -32.630306 0.825536 24.200284
v -33.778453 0.825536 22.570041
v -34.845225 0.825536 20.885424
v -35.828051 0.825536 19.150492
v -36.724565 0.825536 17.369426
v -37.532606 0.825536 15.546514
v -38.250228 0.825536 13.686150
v -38.875701 0.825536 11.792815
v -39.407520 0.825536 9.871070
v -39.844402 0.825536 7.925544
v -40.185296 0.825536 5.960926
v -40.429380 0.825536 3.981946
v -40.576065 0.825536 1.993374
v -40.625000 0.825536 0.000000
v -40.576065 0.825536 -1.993374
v -40.429380 0.825536 -3.981946
v -40.185296 0.825536 -5.960926
v -39.844402 0.825536 -7.925544
v -39.407520 0.825536 -9.871070
v -38.875701 0.825536 -11.792815
v -38.250228 0.825536 -13.686150
v -37.532606 0.825536 -15.546514
v -36.724565 0.825536 -17.369426
v -35.828051 0.825536 -19.150492
v -34.845225 0.825536 -20.885424
v -33.778453 0.825536 -22.570041
v -32.630306 0.825536 -24.200284
v -31.403550 0.825536 -25.772227
v -30.101139 0.825536 -27.282083
v -28.726213 0.825536 -28.726213
v -27.282083 0.825536 -30.101139
v -25.772227 0.825536 -31.403550
v -24.200284 0.825536 -32.630306
v -22.570041 0.825536 -33.778453
v -20.885424 0.825536 -34.845225
v -19.150492 0.825536 -35.828051
v -17.369426 0.825536 -36.724565
v -15.546514 0.825536 -37.532606
v -13.686150 0.825536 -38.250228
v -11.792815 0.825536 -38.875701
v -9.871070 0.825536 -39.407520
v -7.925544 0.825536 -39.844402
v -5.960926 0.825536 -40.185296
v -3.981946 0.825536 -40.429380
v -1.993374 0.825536 -40.576065
v -0.000000 0.825536 -40.625000
v 1.993374 0.825536 -40.576065
v 3.981946 0.825536 -40.429380
v 5.960926 0.825536 -40.185296
v 7.925544 0.825536 -39.844402
v 9.871070 0.825536 -39.407520
v 11.792815 0.825536 -38.875701
v 13.686150 0.825536 -38.250228
v 15.546514 0.825536 -37.532606
v 17.369426 0.825536 -36.724565
v 19.150492 0.825536 -35.828051
v 20.885424 0.825536 -34.845225
v 22.570041 0.825536 -33.778453
v 24.200284 0.825536 -32.630306
v 25.772227 0.825536 -31.403550
v 27.282083 0.825536 -30.101139
v 28.726213 0.825536 -28.726213
v 30.101139 0.825536 -27.282083
v 31.403550 0.825536 -25.772227
v 32.630306 0.825536 -24.200284
v 33.778453 0.825536 -22.570041
v 34.845225 0.825536 -20.885424
v 35.828051 0.825536 -19.150492
v 36.724565 0.825536 -17.369426
v 37.532606 0.825536 -15.546514
v 38.250228 0.825536 -13.686150
v 38.875701 0.825536 -11.792815
v 39.407520 0.825536 -9.871070
v 39.844402 0.825536 -7.925544
v 40.185296 0.825536 -5.960926
v 40.429380 0.825536 -3.981946
v 40.576065 0.825536 -1.993374
v 41.666667 0.868433 0.000000
v 41.616477 0.868433 2.044486
v 41.466030 0.868433 4.084048
v 41.215688 0.868433 6.113770
v 40.866053 0.868433 8.128763
v 40.417969 0.868433 10.124174
v 39.872514 0.868433 12.095195
v 39.231003 0.868433 14.037077
v 38.494981 0.868433 15.945143
v 37.666221 0.868433 17.814796
v 36.746719 0.868433 19.641531
v 35.738692 0.868433 21.420948
v 34.644567 0.868433 23.148760
v 33.466980 0.868433 24.820804
v 32.208769 0.868433 26.433054
v 30.872964 0.868433 27.981623
v 29.462783 0.868433 29.462783
v 27.981623 0.868433 30.872964
v 26.433054 0.868433 32.208769
v 24.820804 0.868433 33.466980
v 23.148760 0.868433 34.644567
v 21.420948 0.868433 35.738692
v 19.641531 0.868433 36.746719
v 17.814796 0.868433 37.666221
v 15.945143 0.868433 38.494981
v 14.037077 0.868433 39.231003
v 12.095195 0.868433 39.872514
v 10.124174 0.868433 40.417969
v 8.128763 0.868433 40.866053
v 6.113770 0.868433 41.215688
v 4.084048 0.868433 41.466030
v 2.044486 0.868433 41.616477
v 0.000000 0.868433 41.666667
v -2.044486 0.868433 41.616477
v -4.084048 0.868433 41.466030
v -6.113770 0.868433 41.215688
v -8.128763 0.868433 40.866053
v -10.124174 0.868433 40.417969
v -12.095195 0.868433 39.872514
v -14.037077 0.868433 39.231003
v -15.945143 0.868433 38.494981
v -17.814796 0.868433 37.666221
v -19.641531 0.868433 36.746719
v -21.420948 0.868433 35.738692
v -23.148760 0.868433 34.644567
v -24.820804 0.868433 33.466980
v -26.433054 0.868433 32.208769
v -27.981623 0.868433 30.872964
v -29.462783 0.868433 29.462783
v -30.872964 0.868433 27.981623
v -32.208769 0.868433 26.433054
v -33.466980 0.868433 24.820804
v -34.644567 0.868433 23.148760
v -35.738692 0.868433 21.420948
v -36.746719 0.868433 19.641531
v -37.666221 0.868433 17.814796
v -38.494981 0.868433 15.945143
v -39.231003 0.868433 14.037077
v -39.872514 0.868433 12.095195
v -40.417969 0.868433 10.124174
v -40.866053 0.868433 8.128763
v -41.215688 0.868433 6.113770
v -41.466030 0.868433 4.084048
v -41.616477 0.868433 2.044486
v -41.666667 0.868433 0.000000
v -41.616477 0.868433 -2.044486
v -41.466030 0.868433 -4.084048
v -41.215688 0.868433 -6.113770
v -40.866053 0.868433 -8.128763
v -40.417969 0.868433 -10.124174
v -39.872514 0.868433 -12.095195
v -39.231003 0.868433 -14.037077
v -38.494981 0.868433 -15.945143
v -37.666221 0.868433 -17.814796
v -36.746719 0.868433 -19.641531
v -35.738692 0.868433 -21.420948
v -34.644567 0.868433 -23.148760
v -33.466980 0.868433 -24.820804
v -32.208769 0.868433 -26.433054
v -30.872964 0.868433 -27.981623
v -29.462783 0.868433 -29.462783
v -27.981623 0.868433 -30.872964
v -26.433054 0.868433 -32.208769
v -24.820804 0.868433 -33.466980
v -23.148760 0.868433 -34.644567
v -21.420948 0.868433 -35.738692
v -19.641531 0.868433 -36.746719
v -17.814796 0.868433 -37.666221
v -15.945143 0.868433 -38.494981
v -14.037077 0.868433 -39.231003
v -12.095195 0.868433 -39.872514
v -10.124174 0.868433 -40.417969
v -8.128763 0.868433 -40.866053
v -6.113770 0.868433 -41.215688
v -4.084048 0.868433 -41.466030
v -2.044486 0.868433 -41.616477
v -0.000000 0.868433 -41.666667
v 2.044486 0.868433 -41.616477
v 4.084048 0.868433 -41.466030
v 6.113770 0.868433 -41.215688
v 8.128763 0.868433 -40.866053
v 10.124174 0.868433 -40.417969
v 12.095195 0.868433 -39.872514
v 14.037077 0.868433 -39.231003
v 15.945143 0.868433 -38.494981
v 17.814796 0.868433 -37.666221
v 19.641531 0.868433 -36.746719
v 21.420948 0.868433 -35.738692
v 23.148760 0.868433 -34.644567
v 24.820804 0.868433 -33.466980
v 26.433054 0.868433 -32.208769
v 27.981623 0.868433 -30.872964
v 29.462783 0.868433 -29.462783
v 30.872964 0.868433 -27.981623
v 32.208769 0.868433 -26.433054
v 33.466980 0.868433 -24.820804
v 34.644567 0.868433 -23.148760
v 35.738692 0.868433 -21.420948
v 36.746719 0.868433 -19.641531
v 37.666221 0.868433 -17.814796
v 38.494981 0.868433 -15.945143
v 39.231003 0.868433 -14.037077
v 39.872514 0.868433 -12.095195
v 40.417969 0.868433 -10.124174
v 40.866053 0.868433 -8.128763
v 41.215688 0.868433 -6.113770
v 41.466030 0.868433 -4.084048
v 41.616477 0.868433 -2.044486
v 42.708333 0.912417 0.000000
v 42.656889 0.912417 2.095599
v 42.502681 0.912417 4.186149
v 42.246080 0.912417 6.266614
v 41.887705 0.912417 8.331983
v 41.428418 0.912417 10.377279
v 40.869327 0.912417 12.397575
v 40.211778 0.912417 14.388004
v 39.457355 0.912417 16.343772
v 38.607876 0.912417 18.260165
v 37.665387 0.912417 20.132569
v 36.632159 0.912417 21.956471
v 35.510681 0.912417 23.727479
v 34.303655 0.912417 25.441324
v 33.013988 0.912417 27.093880
v 31.644788 0.912417 28.681164
v 30.199352 0.912417 30.199352
v 28.681164 0.912417 31.644788
v 27.093880 0.912417 33.013988
v 25.441324 0.912417 34.303655
v 23.727479 0.912417 35.510681
v 21.956471 0.912417 36.632159
v 20.132569 0.912417 37.665387
v 18.260165 0.912417 38.607876
v 16.343772 0.912417 39.457355
v 14.388004 0.912417 40.211778
v 12.397575 0.912417 40.869327
v 10.377279 0.912417 41.428418
v 8.331983 0.912417 41.887705
v 6.266614 0.912417 42.246080
v 4.186149 0.912417 42.502681
v 2.095599 0.912417 42.656889
v 0.000000 0.912417 42.708333
v -2.095599 0.912417 42.656889
v -4.186149 0.912417 42.502681
v -6.266614 0.912417 42.246080
v -8.331983 0.912417 41.887705
v -10.377279 0.912417 41.428418
v -12.397575 0.912417 40.869327
v -14.388004 0.912417 40.211778
v -16.343772 0.912417 39.457355
v -18.260165 0.912417 38.607876
v -20.132569 0.912417 37.665387
v -21.956471 0.912417 36.632159
v -23.727479 0.912417 35.510681
v -25.441324 0.912417 34.303655
v -27.093880 0.912417 33.013988
v -28.681164 0.912417 31.644788
v -30.199352 0.912417 30.199352
v -31.644788 0.912417 28.681164
v -33.013988 0.912417 27.093880
v -34.303655 0.912417 25.441324
v -35.510681 0.912417 23.727479
v -36.632159 0.912417 21.956471
v -37.665387 0.912417 20.132569
v -38.607876 0.912417 18.260165
v -39.457355 0.912417 16.343772
v -40.211778 0.912417 14.388004
v -40.869327 0.912417 12.397575
v -41.428418 0.912417 10.377279
v -41.887705 0.912417 8.331983
v -42.246080 0.912417 6.266614
v -42.502681 0.912417 4.186149
v -42.656889 0.912417 2.095599
v -42.708333 0.912417 0.000000
v -42.656889 0.912417 -2.095599
v -42.502681 0.912417 -4.186149
v -42.246080 0.912417 -6.266614
v -41.887705 0.912417 -8.331983
v -41.428418 0.912417 -10.377279
v -40.869327 0.912417 -12.397575
v -40.211778 0.912417 -14.388004
v -39.457355 0.912417 -16.343772
v -38.607876 0.912417 -18.260165
v -37.665387 0.912417 -20.132569
v -36.632159 0.912417 -21.956471
v -35.510681 0.912417 -23.727479
v -34.303655 0.912417 -25.441324
v -33.013988 0.912417 -27.093880
v -31.644788 0.912417 -28.681164
v -30.199352 0.912417 -30.199352
v -28.681164 0.912417 -31.644788
v -27.093880 0.912417 -33.013988
v -25.441324 0.912417 -34.303655
v -23.727479 0.912417 -35.510681
v -21.956471 0.912417 -36.632159
v -20.132569 0.912417 -37.665387
v -18.260165 0.912417 -38.607876
v -16.343772 0.912417 -39.457355
v -14.388004 0.912417 -40.211778
v -12.397575 0.912417 -40.869327
v -10.377279 0.912417 -41.428418
v -8.331983 0.912417 -41.887705
v -6.266614 0.912417 -42.246080
v -4.186149 0.912417 -42.502681
v -2.095599 0.912417 -42.656889
v -0.000000 0.912417 -42.708333
v 2.095599 0.912417 -42.656889
v 4.186149 0.912417 -42.502681
v 6.266614 0.912417 -42.246080
v 8.331983 0.912417 -41.887705
v 10.377279 0.912417 -41.428418
v 12.397575 0.912417 -40.869327
v 14.388004 0.912417 -40.211778
v 16.343772 0.912417 -39.457355
v 18.260165 0.912417 -38.607876
v 20.132569 0.912417 -37.665387
v 21.956471 0.912417 -36.632159
v 23.727479 0.912417 -35.510681
v 25.441324 0.912417 -34.303655
v 27.093880 0.912417 -33.013988
v 28.681164 0.912417 -31.644788
v 30.199352 0.912417 -30.199352
v 31.644788 0.912417 -28.681164
v 33.013988 0.912417 -27.093880
v 34.303655 0.912417 -25.441324
v 35.510681 0.912417 -23.727479
v 36.632159 0.912417 -21.956471
v 37.665387 0.912417 -20.132569
v 38.607876 0.912417 -18.260165
v 39.457355 0.912417 -16.343772
v 40.211778 0.912417 -14.388004
v 40.869327 0.912417 -12.397575
v 41.428418 0.912417 -10.377279
v 41.887705 0.912417 -8.331983
v 42.246080 0.912417 -6.266614
v 42.502681 0.912417 -4.186149
v 42.656889 0.912417 -2.095599
v 43.750000 0.957490 0.000000
v 43.697301 0.957490 2.146711
v 43.539332 0.957490 4.288250
v 43.276472 0.957490 6.419458
v 42.909356 0.957490 8.535202
v 42.438867 0.957490 10.630383
v 41.866140 0.957490 12.699955
v 41.192553 0.957490 14.738931
v 40.419730 0.957490 16.742400
v 39.549532 0.957490 18.705535
v 38.584055 0.957490 20.623607
v 37.525627 0.957490 22.491995
v 36.376796 0.957490 24.306198
v 35.140330 0.957490 26.061845
v 33.819207 0.957490 27.754706
v 32.416612 0.957490 29.380704
v 30.935922 0.957490 30.935922
v 29.380704 0.957490 32.416612
v 27.754706 0.957490 33.819207
v 26.061845 0.957490 35.140330
v 24.306198 0.957490 36.376796
v 22.491995 0.957490 37.525627
v 20.623607 0.957490 38.584055
v 18.705535 0.957490 39.549532
v 16.742400 0.957490 40.419730
v 14.738931 0.957490 41.192553
v 12.699955 0.957490 41.866140
v 10.630383 0.957490 42.438867
v 8.535202 0.957490 42.909356
v 6.419458 0.957490 43.276472
v 4.288250 0.957490 43.539332
v 2.146711 0.957490 43.697301
v 0.000000 0.957490 43.750000
v -2.146711 0.957490 43.697301
v -4.288250 0.957490 43.539332
v -6.419458 0.957490 43.276472
v -8.535202 0.957490 42.909356
v -10.630383 0.957490 42.438867
v -12.699955 0.957490 41.866140
v -14.738931 0.957490 41.192553
v -16.742400 0.957490 40.419730
v -18.705535 0.957490 39.549532
v -20.623607 0.957490 38.584055
v -22.491995 0.957490 37.525627
v -24.306198 0.957490 36.376796
v -26.061845 0.957490 35.140330
v -27.754706 0.957490 33.819207
v -29.380704 0.957490 32.416612
v -30.935922 0.957490 30.935922
v -32.416612 0.957490 29.380704
v -33.819207 0.957490 27.754706
v -35.140330 0.957490 26.061845
v -36.376796 0.957490 24.306198
v -37.525627 0.957490 22.491995
v -38.584055 0.957490 20.623607
v -39.549532 0.957490 18.705535
v -40.419730 0.957490 16.742400
v -41.192553 0.957490 14.738931
v -41.866140 0.957490 12.699955
v -42.438867 0.957490 10.630383
v -42.909356 0.957490 8.535202
v -43.276472 0.957490 6.419458
v -43.539332 0.957490 4.288250
v -43.697301 0.957490 2.146711
v -43.750000 0.957490 0.000000
v -43.697301 0.957490 -2.146711
v -43.539332 0.957490 -4.288250
v -43.276472 0.957490 -6.419458
v -42.909356 0.957490 -8.535202
v -42.438867 0.957490 -10.630383
v -41.866140 0.957490 -12.699955
v -41.192553 0.957490 -14.738931
v -40.419730 0.957490 -16.742400
v -39.549532 0.957490 -18.705535
v -38.584055 0.957490 -20.623607
v -37.525627 0.957490 -22.491995
v -36.376796 0.957490 -24.306198
v -35.140330 0.957490 -26.061845
v -33.819207 0.957490 -27.754706
v -32.416612 0.957490 -29.380704
v -30.935922 0.957490 -30.935922
v -29.380704 0.957490 -32.416612
v -27.754706 0.957490 -33.819207
v -26.061845 0.957490 -35.140330
v -24.306198 0.957490 -36.376796
v -22.491995 0.957490 -37.525627
v -20.623607 0.957490 -38.584055
v -18.705535 0.957490 -39.549532
v -16.742400 0.957490 -40.419730
v -14.738931 0.957490 -41.192553
v -12.699955 0.957490 -41.866140
v -10.630383 0.957490 -42.438867
v -8.535202 0.957490 -42.909356
v -6.419458 0.957490 -43.276472
v -4.288250 0.957490 -43.539332
v -2.146711 0.957490 -43.697301
v -0.000000 0.957490 -43.750000
v 2.146711 0.957490 -43.697301
v 4.288250 0.957490 -43.539332
v 6.419458 0.957490 -43.276472
v 8.535202 0.957490 -42.909356
v 10.630383 0.957490 -42.438867
v 12.699955 0.957490 -41.866140
v 14.738931 0.957490 -41.192553
v 16.742400 0.957490 -40.419730
v 18.705535 0.957490 -39.549532
v 20.623607 0.957490 -38.584055
v 22.491995 0.957490 -37.525627
v 24.306198 0.957490 -36.376796
v 26.061845 0.957490 -35.140330
v 27.754706 0.957490 -33.819207
v 29.380704 0.957490 -32.416612
v 30.935922 0.957490 -30.935922
v 32.416612 0.957490 -29.380704
v 33.819207 0.957490 -27.754706
v 35.140330 0.957490 -26.061845
v 36.376796 0.957490 -24.306198
v 37.525627 0.957490 -22.491995
v 38.584055 0.957490 -20.623607
v 39.549532 0.957490 -18.705535
v 40.419730 0.957490 -16.742400
v 41.192553 0.957490 -14.738931
v 41.866140 0.957490 -12.699955
v 42.438867 0.957490 -10.630383
v 42.909356 0.957490 -8.535202
v 43.276472 0.957490 -6.419458
v 43.539332 0.957490 -4.288250
v 43.697301 0.957490 -2.146711
v 44.791667 1.003650 0.000000
v 44.737713 1.003650 2.197823
v 44.575983 1.003650 4.390351
v 44.306865 1.003650 6.572303
v 43.931007 1.003650 8.738421
v 43.449317 1.003650 10.883487
v 42.862953 1.003650 13.002335
v 42.173328 1.003650 15.089858
v 41.382104 1.003650 17.141029
v 40.491187 1.003650 19.150905
v 39.502723 1.003650 21.114646
v 38.419094 1.003650 23.027519
v 37.242910 1.003650 24.884917
v 35.977004 1.003650 26.682365
v 34.624427 1.003650 28.415533
v 33.188436 1.003650 30.080245
v 31.672491 1.003650 31.672491
v 30.080245 1.003650 33.188436
v 28.415533 1.003650 34.624427
v 26.682365 1.003650 35.977004
v 24.884917 1.003650 37.242910
v 23.027519 1.003650 38.419094
v 21.114646 1.003650 39.502723
v 19.150905 1.003650 40.491187
v 17.141029 1.003650 41.382104
v 15.089858 1.003650 42.173328
v 13.002335 1.003650 42.862953
v 10.883487 1.003650 43.449317
v 8.738421 1.003650 43.931007
v 6.572303 1.003650 44.306865
v 4.390351 1.003650 44.575983
v 2.197823 1.003650 44.737713
v 0.000000 1.003650 44.791667
v -2.197823 1.003650 44.737713
v -4.390351 1.003650 44.575983
v -6.572303 1.003650 44.306865
v -8.738421 1.003650 43.931007
v -10.883487 1.003650 43.449317
v -13.002335 1.003650 42.862953
v -15.089858 1.003650 42.173328
v -17.141029 1.003650 41.382104
v -19.150905 1.003650 40.491187
v -21.114646 1.003650 39.502723
v -23.027519 1.003650 38.419094
v -24.884917 1.003650 37.242910
v -26.682365 1.003650 35.977004
v -28.415533 1.003650 34.624427
v -30.080245 1.003650 33.188436
v -31.672491 1.003650 31.672491
v -33.188436 1.003650 30.080245
v -34.624427 1.003650 28.415533
v -35.977004 1.003650 26.682365
v -37.242910 1.003650 24.884917
v -38.419094 1.003650 23.027519
v -39.502723 1.003650 21.114646
v -40.491187 1.003650 19.150905
v -41.382104 1.003650 17.141029
v -42.173328 1.003650 15.089858
v -42.862953 1.003650 13.002335
v -43.449317 1.003650 10.883487
v -43.931007 1.003650 8.738421
v -44.306865 1.003650 6.572303
v -44.575983 1.003650 4.390351
v -44.737713 1.003650 2.197823
v -44.791667 1.003650 0.000000
v -44.737713 1.003650 -2.197823
v -44.575983 1.003650 -4.390351
v -44.306865 1.003650 -6.572303
v -43.931007 1.003650 -8.738421
v -43.449317 1.003650 -10.883487
v -42.862953 1.003650 -13.002335
v -42.173328 1.003650 -15.089858
v -41.382104 1.003650 -17.141029
v -40.491187 1.003650 -19.150905
v -39.502723 1.003650 -21.114646
v -38.419094 1.003650 -23.027519
v -37.242910 1.003650 -24.884917
v -35.977004 1.003650 -26.682365
v -34.624427 1.003650 -28.415533
v -33.188436 1.003650 -30.080245
v -31.672491 1.003650 -31.672491
v -30.080245 1.003650 -33.188436
v -28.415533 1.003650 -34.624427
v -26.682365 1.003650 -35.977004
v -24.884917 1.003650 -37.242910
v -23.027519 1.003650 -38.419094
v -21.114646 1.003650 -39.502723
v -19.150905 1.003650 -40.491187
v -17.141029 1.003650 -41.382104
v -15.089858 1.003650 -42.173328
v -13.002335 1.003650 -42.862953
v -10.883487 1.003650 -43.449317
v -8.738421 1.003650 -43.931007
v -6.572303 1.003650 -44.306865
v -4.390351 1.003650 -44.575983
v -2.197823 1.003650 -44.737713
v -0.000000 1.003650 -44.791667
v 2.197823 1.003650 -44.737713
v 4.390351 1.003650 -44.575983
v 6.572303 1.003650 -44.306865
v 8.738421 1.003650 -43.931007
v 10.883487 1.003650 -43.449317
v 13.002335 1.003650 -42.862953
v 15.089858 1.003650 -42.173328
v 17.141029 1.003650 -41.382104
v 19.150905 1.003650 -40.491187
v 21.114646 1.003650 -39.502723
v 23.027519 1.003650 -38.419094
v 24.884917 1.003650 -37.242910
v 26.682365 1.003650 -35.977004
v 28.415533 1.003650 -34.624427
v 30.080245 1.003650 -33.188436
v 31.672491 1.003650 -31.672491
v 33.188436 1.003650 -30.080245
v 34.624427 1.003650 -28.415533
v 35.977004 1.003650 -26.682365
v 37.242910 1.003650 -24.884917
v 38.419094 1.003650 -23.027519
v 39.502723 1.003650 -21.114646
v 40.491187 1.003650 -19.150905
v 41.382104 1.003650 -17.141029
v 42.173328 1.003650 -15.089858
v 42.862953 1.003650 -13.002335
v 43.449317 1.003650 -10.883487
v 43.931007 1.003650 -8.738421
v 44.306865 1.003650 -6.572303
v 44.575983 1.003650 -4.390351
v 44.737713 1.003650 -2.197823
v 45.833333 1.050899 0.000000
v 45.778125 1.050899 2.248935
v 45.612633 1.050899 4.492452
v 45.337257 1.050899 6.725147
v 44.952659 1.050899 8.941640
v 44.459766 1.050899 11.136592
v 43.859765 1.050899 13.304714
v 43.154103 1.050899 15.440785
v 42.344479 1.050899 17.539657
v 41.432843 1.050899 19.596275
v 40.421391 1.050899 21.605684
v 39.312561 1.050899 23.563042
v 38.109024 1.050899 25.463636
v 36.813679 1.050899 27.302885
v 35.429646 1.050899 29.076359
v 33.960260 1.050899 30.779785
v 32.409061 1.050899 32.409061
v 30.779785 1.050899 33.960260
v 29.076359 1.050899 35.429646
v 27.302885 1.050899 36.813679
v 25.463636 1.050899 38.109024
v 23.563042 1.050899 39.312561
v 21.605684 1.050899 40.421391
v 19.596275 1.050899 41.432843
v 17.539657 1.050899 42.344479
v 15.440785 1.050899 43.154103
v 13.304714 1.050899 43.859765
v 11.136592 1.050899 44.459766
v 8.941640 1.050899 44.952659
v 6.725147 1.050899 45.337257
v 4.492452 1.050899 45.612633
v 2.248935 1.050899 45.778125
v 0.000000 1.050899 45.833333
v -2.248935 1.050899 45.778125
v -4.492452 1.050899 45.612633
v -6.725147 1.050899 45.337257
v -8.941640 1.050899 44.952659
v -11.136592 1.050899 44.459766
v -13.304714 1.050899 43.859765
v -15.440785 1.050899 43.154103
v -17.539657 1.050899 42.344479
v -19.596275 1.050899 41.432843
v -21.605684 1.050899 40.421391
v -23.563042 1.050899 39.312561
v -25.463636 1.050899 38.109024
v -27.302885 1.050899 36.813679
v -29.076359 1.050899 35.429646
v -30.779785 1.050899 33.960260
v -32.409061 1.050899 32.409061
v -33.960260 1.050899 30.779785
v -35.429646 1.050899 29.076359
v -36.813679 1.050899 27.302885
v -38.109024 1.050899 25.463636
v -39.312561 1.050899 23.563042
v -40.421391 1.050899 21.605684
v -41.432843 1.050899 19.596275
v -42.344479 1.050899 17.539657
v -43.154103 1.050899 15.440785
v -43.859765 1.050899 13.304714
v -44.459766 1.050899 11.136592
v -44.952659 1.050899 8.941640
v -45.337257 1.050899 6.725147
v -45.612633 1.050899 4.492452
v -45.778125 1.050899 2.248935
v -45.833333 1.050899 0.000000
v -45.778125 1.050899 -2.248935
v -45.612633 1.050899 -4.492452
v -45.337257 1.050899 -6.725147
v -44.952659 1.050899 -8.941640
v -44.459766 1.050899 -11.136592
v -43.859765 1.050899 -13.304714
v -43.154103 1.050899 -15.440785
v -42.344479 1.050899 -17.539657
v -41.432843 1.050899 -19.596275
v -40.421391 1.050899 -21.605684
v -39.312561 1.050899 -23.563042
v -38.109024 1.050899 -25.463636
v -36.813679 1.050899 -27.302885
v -35.429646 1.050899 -29.076359
v -33.960260 1.050899 -30.779785
v -32.409061 1.050899 -32.409061
v -30.779785 1.050899 -33.960260
v -29.076359 1.050899 -35.429646
v -27.302885 1.050899 -36.813679
v -25.463636 1.050899 -38.109024
v -23.563042 1.050899 -39.312561
v -21.605684 1.050899 -40.421391
v -19.596275 1.050899 -41.432843
v -17.539657 1.050899 -42.344479
v -15.440785 1.050899 -43.154103
v -13.304714 1.050899 -43.859765
v -11.136592 1.050899 -44.459766
v -8.941640 1.050899 -44.952659
v -6.725147 1.050899 -45.337257
v -4.492452 1.050899 -45.612633
v -2.248935 1.050899 -45.778125
v -0.000000 1.050899 -45.833333
v 2.248935 1.050899 -45.778125
v 4.492452 1.050899 -45.612633
v 6.725147 1.050899 -45.337257
v 8.941640 1.050899 -44.952659
v 11.136592 1.050899 -44.459766
v 13.304714 1.050899 -43.859765
v 15.440785 1.050899 -43.154103
v 17.539657 1.050899 -42.344479
v 19.596275 1.050899 -41.432843
v 21.605684 1.050899 -40.421391
v 23.563042 1.050899 -39.312561
v 25.463636 1.050899 -38.109024
v 27.302885 1.050899 -36.813679
v 29.076359 1.050899 -35.429646
v 30.779785 1.050899 -33.960260
v 32.409061 1.050899 -32.409061
v 33.960260 1.050899 -30.779785
v 35.429646 1.050899 -29.076359
v 36.813679 1.050899 -27.302885
v 38.109024 1.050899 -25.463636
v 39.312561 1.050899 -23.563042
v 40.421391 1.050899 -21.605684
v 41.432843 1.050899 -19.596275
v 42.344479 1.050899 -17.539657
v 43.154103 1.050899 -15.440785
v 43.859765 1.050899 -13.304714
v 44.459766 1.050899 -11.136592
v 44.952659 1.050899 -8.941640
v 45.337257 1.050899 -6.725147
v 45.612633 1.050899 -4.492452
v 45.778125 1.050899 -2.248935
v 46.875000 1.099237 0.000000
v 46.818537 1.099237 2.300047
v 46.649284 1.099237 4.594553
v 46.367649 1.099237 6.877991
v 45.974310 1.099237 9.144859
v 45.470215 1.099237 11.389696
v 44.856578 1.099237 13.607094
v 44.134878 1.099237 15.791712
v 43.306853 1.099237 17.938286
v 42.374498 1.099237 20.041645
v 41.340059 1.099237 22.096722
v 40.206029 1.099237 24.098566
v 38.975138 1.099237 26.042355
v 37.650353 1.099237 27.923405
v 36.234865 1.099237 29.737185
v 34.732084 1.099237 31.479326
v 33.145630 1.099237 33.145630
v 31.479326 1.099237 34.732084
v 29.737185 1.099237 36.234865
v 27.923405 1.099237 37.650353
v 26.042355 1.099237 38.975138
v 24.098566 1.099237 40.206029
v 22.096722 1.099237 41.340059
v 20.041645 1.099237 42.374498
v 17.938286 1.099237 43.306853
v 15.791712 1.099237 44.134878
v 13.607094 1.099237 44.856578
v 11.389696 1.099237 45.470215
v 9.144859 1.099237 45.974310
v 6.877991 1.099237 46.367649
v 4.594553 1.099237 46.649284
v 2.300047 1.099237 46.818537
v 0.000000 1.099237 46.875000
v -2.300047 1.099237 46.818537
v -4.594553 1.099237 46.649284
v -6.877991 1.099237 46.367649
v -9.144859 1.099237 45.974310
v -11.389696 1.099237 45.470215
v -13.607094 1.099237 44.856578
v -15.791712 1.099237 44.134878
v -17.938286 1.099237 43.306853
v -20.041645 1.099237 42.374498
v -22.096722 1.099237 41.340059
v -24.098566 1.099237 40.206029
v -26.042355 1.099237 38.975138
v -27.923405 1.099237 37.650353
v -29.737185 1.099237 36.234865
v -31.479326 1.099237 34.732084
v -33.145630 1.099237 33.145630
v -34.732084 1.099237 31.479326
v -36.234865 1.099237 29.737185
v -37.650353 1.099237 27.923405
v -38.975138 1.099237 26.042355
v -40.206029 1.099237 24.098566
v -41.340059 1.099237 22.096722
v -42.374498 1.099237 20.041645
v -43.306853 1.099237 17.938286
v -44.134878 1.099237 15.791712
v -44.856578 1.099237 13.607094
v -45.470215 1.099237 11.389696
v -45.974310 1.099237 9.144859
v -46.367649 1.099237 6.877991
v -46.649284 1.099237 4.594553
v -46.818537 1.099237 2.300047
v -46.875000 1.099237 0.000000
v -46.818537 1.099237 -2.300047
v -46.649284 1.099237 -4.594553
v -46.367649 1.099237 -6.877991
v -45.974310 1.099237 -9.144859
v -45.470215 1.099237 -11.389696
v -44.856578 1.099237 -13.607094
v -44.134878 1.099237 -15.791712
v -43.306853 1.099237 -17.938286
v -42.374498 1.099237 -20.041645
v -41.340059 1.099237 -22.096722
v -40.206029 1.099237 -24.098566
v -38.975138 1.099237 -26.042355
v -37.650353 1.099237 -27.923405
v -36.234865 1.099237 -29.737185
v -34.732084 1.099237 -31.479326
v -33.145630 1.099237 -33.145630
v -31.479326 1.099237 -34.732084
v -29.737185 1.099237 -36.234865
v -27.923405 1.099237 -37.650353
v -26.042355 1.099237 -38.975138
v -24.098566 1.099237 -40.206029
v -22.096722 1.099237 -41.340059
v -20.041645 1.099237 -42.374498
v -17.938286 1.099237 -43.306853
v -15.791712 1.099237 -44.134878
v -13.607094 1.099237 -44.856578
v -11.389696 1.099237 -45.470215
v -9.144859 1.099237 -45.974310
v -6.877991 1.099237 -46.367649
v -4.594553 1.099237 -46.649284
v -2.300047 1.099237 -46.818537
v -0.000000 1.099237 -46.875000
v 2.300047 1.099237 -46.818537
v 4.594553 1.099237 -46.649284
v 6.877991 1.099237 -46.367649
v 9.144859 1.099237 -45.974310
v 11.389696 1.099237 -45.470215
v 13.607094 1.099237 -44.856578
v 15.791712 1.099237 -44.134878
v 17.938286 1.099237 -43.306853
v 20.041645 1.099237 -42.374498
v 22.096722 1.099237 -41.340059
v 24.098566 1.099237 -40.206029
v 26.042355 1.099237 -38.975138
v 27.923405 1.099237 -37.650353
v 29.737185 1.099237 -36.234865
v 31.479326 1.099237 -34.732084
v 33.145630 1.099237 -33.145630
v 34.732084 1.099237 -31.479326
v 36.234865 1.099237 -29.737185
v 37.650353 1.099237 -27.923405
v 38.975138 1.099237 -26.042355
v 40.206029 1.099237 -24.098566
v 41.340059 1.099237 -22.096722
v 42.374498 1.099237 -20.041645
v 43.306853 1.099237 -17.938286
v 44.134878 1.099237 -15.791712
v 44.856578 1.099237 -13.607094
v 45.470215 1.099237 -11.389696
v 45.974310 1.099237 -9.144859
v 46.367649 1.099237 -6.877991
v 46.649284 1.099237 -4.594553
v 46.818537 1.099237 -2.300047
v 47.916667 1.148663 0.000000
v 47.858949 1.148663 2.351159
v 47.685935 1.148663 4.696655
v 47.398041 1.148663 7.030835
v 46.995961 1.148663 9.348078
v 46.480664 1.148663 11.642800
v 45.853391 1.148663 13.909474
v 45.115653 1.148663 16.142639
v 44.269228 1.148663 18.336914
v 43.316154 1.148663 20.487015
v 42.258727 1.148663 22.587760
v 41.099496 1.148663 24.634090
v 39.841252 1.148663 26.621074
v 38.487028 1.148663 28.543925
v 37.040084 1.148663 30.398012
v 35.503908 1.148663 32.178867
v 33.882200 1.148663 33.882200
v 32.178867 1.148663 35.503908
v 30.398012 1.148663 37.040084
v 28.543925 1.148663 38.487028
v 26.621074 1.148663 39.841252
v 24.634090 1.148663 41.099496
v 22.587760 1.148663 42.258727
v 20.487015 1.148663 43.316154
v 18.336914 1.148663 44.269228
v 16.142639 1.148663 45.115653
v 13.909474 1.148663 45.853391
v 11.642800 1.148663 46.480664
v 9.348078 1.148663 46.995961
v 7.030835 1.148663 47.398041
v 4.696655 1.148663 47.685935
v 2.351159 1.148663 47.858949
v 0.000000 1.148663 47.916667
v -2.351159 1.148663 47.858949
v -4.696655 1.148663 47.685935
v -7.030835 1.148663 47.398041
v -9.348078 1.148663 46.995961
v -11.642800 1.148663 46.480664
v -13.909474 1.148663 45.853391
v -16.142639 1.148663 45.115653
v -18.336914 1.148663 44.269228
v -20.487015 1.148663 43.316154
v -22.587760 1.148663 42.258727
v -24.634090 1.148663 41.099496
v -26.621074 1.148663 39.841252
v -28.543925 1.148663 38.487028
v -30.398012 1.148663 37.040084
v -32.178867 1.148663 35.503908
v -33.882200 1.148663 33.882200
v -35.503908 1.148663 32.178867
v -37.040084 1.148663 30.398012
v -38.487028 1.148663 28.543925
v -39.841252 1.148663 26.621074
v -41.099496 1.148663 24.634090
v -42.258727 1.148663 22.587760
v -43.316154 1.148663 20.487015
v -44.269228 1.148663 18.336914
v -45.115653 1.148663 16.142639
v -45.853391 1.148663 13.909474
v -46.480664 1.148663 11.642800
v -46.995961 1.148663 9.348078
v -47.398041 1.148663 7.030835
v -47.685935 1.148663 4.696655
v -47.858949 1.148663 2.351159
v -47.916667 1.148663 0.000000
v -47.858949 1.148663 -2.351159
v -47.685935 1.148663 -4.696655
v -47.398041 1.148663 -7.030835
v -46.995961 1.148663 -9.348078
v -46.480664 1.148663 -11.642800
v -45.853391 1.148663 -13.909474
v -45.115653 1.148663 -16.142639
v -44.269228 1.148663 -18.336914
v -43.316154 1.148663 -20.487015
v -42.258727 1.148663 -22.587760
v -41.099496 1.148663 -24.634090
v -39.841252 1.148663 -26.621074
v -38.487028 1.148663 -28.543925
v -37.040084 1.148663 -30.398012
v -35.503908 1.148663 -32.178867
v -33.882200 1.148663 -33.882200
v -32.178867 1.148663 -35.503908
v -30.398012 1.148663 -37.040084
v -28.543925 1.148663 -38.487028
v -26.621074 1.148663 -39.841252
v -24.634090 1.148663 -41.099496
v -22.587760 1.148663 -42.258727
v -20.487015 1.148663 -43.316154
v -18.336914 1.148663 -44.269228
v -16.142639 1.148663 -45.115653
v -13.909474 1.148663 -45.853391
v -11.642800 1.148663 -46.480664
v -9.348078 1.148663 -46.995961
v -7.030835 1.148663 -47.398041
v -4.696655 1.148663 -47.685935
v -2.351159 1.148663 -47.858949
v -0.000000 1.148663 -47.916667
v 2.351159 1.148663 -47.858949
v 4.696655 1.148663 -47.685935
v 7.030835 1.148663 -47.398041
v 9.348078 1.148663 -46.995961
v 11.642800 1.148663 -46.480664
v 13.909474 1.148663 -45.853391
v 16.142639 1.148663 -45.115653
v 18.336914 1.148663 -44.269228
v 20.487015 1.148663 -43.316154
v 22.587760 1.148663 -42.258727
v 24.634090 1.148663 -41.099496
v 26.621074 1.148663 -39.841252
v 28.543925 1.148663 -38.487028
v 30.398012 1.148663 -37.040084
v 32.178867 1.148663 -35.503908
v 33.882200 1.148663 -33.882200
v 35.503908 1.148663 -32.178867
v 37.040084 1.148663 -30.398012
v 38.487028 1.148663 -28.543925
v 39.841252 1.148663 -26.621074
v 41.099496 1.148663 -24.634090
v 42.258727 1.148663 -22.587760
v 43.316154 1.148663 -20.487015
v 44.269228 1.148663 -18.336914
v 45.115653 1.148663 -16.142639
v 45.853391 1.148663 -13.909474
v 46.480664 1.148663 -11.642800
v 46.995961 1.148663 -9.348078
v 47.398041 1.148663 -7.030835
v 47.685935 1.148663 -4.696655
v 47.858949 1.148663 -2.351159
v 48.958333 1.199178 0.000000
v 48.899361 1.199178 2.402272
v 48.722586 1.199178 4.798756
v 48.428433 1.199178 7.183679
v 48.017613 1.199178 9.551297
v 47.491113 1.199178 11.895905
v 46.850204 1.199178 14.211854
v 46.096428 1.199178 16.493566
v 45.231602 1.199178 18.735543
v 44.257809 1.199178 20.932385
v 43.177395 1.199178 23.078799
v 41.992963 1.199178 25.169614
v 40.707366 1.199178 27.199793
v 39.323702 1.199178 29.164445
v 37.845303 1.199178 31.058838
v 36.275732 1.199178 32.878407
v 34.618769 1.199178 34.618769
v 32.878407 1.199178 36.275732
v 31.058838 1.199178 37.845303
v 29.164445 1.199178 39.323702
v 27.199793 1.199178 40.707366
v 25.169614 1.199178 41.992963
v 23.078799 1.199178 43.177395
v 20.932385 1.199178 44.257809
v 18.735543 1.199178 45.231602
v 16.493566 1.199178 46.096428
v 14.211854 1.199178 46.850204
v 11.895905 1.199178 47.491113
v 9.551297 1.199178 48.017613
v 7.183679 1.199178 48.428433
v 4.798756 1.199178 48.722586
v 2.402272 1.199178 48.899361
v 0.000000 1.199178 48.958333
v -2.402272 1.199178 48.899361
v -4.798756 1.199178 48.722586
v -7.183679 1.199178 48.428433
v -9.551297 1.199178 48.017613
v -11.895905 1.199178 47.491113
v -14.211854 1.199178 46.850204
v -16.493566 1.199178 46.096428
v -18.735543 1.199178 45.231602
v -20.932385 1.199178 44.257809
v -23.078799 1.199178 43.177395
v -25.169614 1.199178 41.992963
v -27.199793 1.199178 40.707366
v -29.164445 1.199178 39.323702
v -31.058838 1.199178 37.845303
v -32.878407 1.199178 36.275732
v -34.618769 1.199178 34.618769
v -36.275732 1.199178 32.878407
v -37.845303 1.199178 31.058838
v -39.323702 1.199178 29.164445
v -40.707366 1.199178 27.199793
v -41.992963 1.199178 25.169614
v -43.177395 1.199178 23.078799
v -44.257809 1.199178 20.932385
v -45.231602 1.199178 18.735543
v -46.096428 1.199178 16.493566
v -46.850204 1.199178 14.211854
v -47.491113 1.199178 11.895905
v -48.017613 1.199178 9.551297
v -48.428433 1.199178 7.183679
v -48.722586 1.199178 4.798756
v -48.899361 1.199178 2.402272
v -48.958333 1.199178 0.000000
v -48.899361 1.199178 -2.402272
v -48.722586 1.199178 -4.798756
v -48.428433 1.199178 -7.183679
v -48.017613 1.199178 -9.551297
v -47.491113 1.199178 -11.895905
v -46.850204 1.199178 -14.211854
v -46.096428 1.199178 -16.493566
v -45.231602 1.199178 -18.735543
v -44.257809 1.199178 -20.932385
v -43.177395 1.199178 -23.078799
v -41.992963 1.199178 -25.169614
v -40.707366 1.199178 -27.199793
v -39.323702 1.199178 -29.164445
v -37.845303 1.199178 -31.058838
v -36.275732 1.199178 -32.878407
v -34.618769 1.199178 -34.618769
v -32.878407 1.199178 -36.275732
v -31.058838 1.199178 -37.845303
v -29.164445 1.199178 -39.323702
v -27.199793 1.199178 -40.707366
v -25.169614 1.199178 -41.992963
v -23.078799 1.199178 -43.177395
v -20.932385 1.199178 -44.257809
v -18.735543 1.199178 -45.231602
v -16.493566 1.199178 -46.096428
v -14.211854 1.199178 -46.850204
v -11.895905 1.199178 -47.491113
v -9.551297 1.199178 -48.017613
v -7.183679 1.199178 -48.428433
v -4.798756 1.199178 -48.722586
v -2.402272 1.199178 -48.899361
v -0.000000 1.199178 -48.958333
v 2.402272 1.199178 -48.899361
v 4.798756 1.199178 -48.722586
v 7.183679 1.199178 -48.428433
v 9.551297 1.199178 -48.017613
v 11.895905 1.199178 -47.491113
v 14.211854 1.199178 -46.850204
v 16.493566 1.199178 -46.096428
v 18.735543 1.199178 -45.231602
v 20.932385 1.199178 -44.257809
v 23.078799 1.199178 -43.177395
v 25.169614 1.199178 -41.992963
v 27.199793 1.199178 -40.707366
v 29.164445 1.199178 -39.323702
v 31.058838 1.199178 -37.845303
v 32.878407 1.199178 -36.275732
v 34.618769 1.199178 -34.618769
v 36.275732 1.199178 -32.878407
v 37.845303 1.199178 -31.058838
v 39.323702 1.199178 -29.164445
v 40.707366 1.199178 -27.199793
v 41.992963 1.199178 -25.169614
v 43.177395 1.199178 -23.078799
v 44.257809 1.199178 -20.932385
v 45.231602 1.199178 -18.735543
v 46.096428 1.199178 -16.493566
v 46.850204 1.199178 -14.211854
v 47.491113 1.199178 -11.895905
v 48.017613 1.199178 -9.551297
v 48.428433 1.199178 -7.183679
v 48.722586 1.199178 -4.798756
v 48.899361 1.199178 -2.402272
v 50.000000 1.250782 0.000000
v 49.939773 1.250782 2.453384
v 49.759236 1.250782 4.900857
v 49.458825 1.250782 7.336524
v 49.039264 1.250782 9.754516
v 48.501563 1.250782 12.149009
v 47.847017 1.250782 14.514234
v 47.077203 1.250782 16.844493
v 46.193977 1.250782 19.134172
v 45.199465 1.250782 21.377755
v 44.096063 1.250782 23.569837
v 42.886431 1.250782 25.705137
v 41.573481 1.250782 27.778512
v 40.160377 1.250782 29.784965
v 38.650523 1.250782 31.719664
v 37.047556 1.250782 33.577948
v 35.355339 1.250782 35.355339
v 33.577948 1.250782 37.047556
v 31.719664 1.250782 38.650523
v 29.784965 1.250782 40.160377
v 27.778512 1.250782 41.573481
v 25.705137 1.250782 42.886431
v 23.569837 1.250782 44.096063
v 21.377755 1.250782 45.199465
v 19.134172 1.250782 46.193977
v 16.844493 1.250782 47.077203
v 14.514234 1.250782 47.847017
v 12.149009 1.250782 48.501563
v 9.754516 1.250782 49.039264
v 7.336524 1.250782 49.458825
v 4.900857 1.250782 49.759236
v 2.453384 1.250782 49.939773
v 0.000000 1.250782 50.000000
v -2.453384 1.250782 49.939773
v -4.900857 1.250782 49.759236
v -7.336524 1.250782 49.458825
v -9.754516 1.250782 49.039264
v -12.149009 1.250782 48.501563
v -14.514234 1.250782 47.847017
v -16.844493 1.250782 47.077203
v -19.134172 1.250782 46.193977
v -21.377755 1.250782 45.199465
v -23.569837 1.250782 44.096063
v -25.705137 1.250782 42.886431
v -27.778512 1.250782 41.573481
v -29.784965 1.250782 40.160377
v -31.719664 1.250782 38.650523
v -33.577948 1.250782 37.047556
v -35.355339 1.250782 35.355339
v -37.047556 1.250782 33.577948
v -38.650523 1.250782 31.719664
v -40.160377 1.250782 29.784965
v -41.573481 1.250782 27.778512
v -42.886431 1.250782 25.705137
v -44.096063 1.250782 23.569837
v -45.199465 1.250782 21.377755
v -46.193977 1.250782 19.134172
v -47.077203 1.250782 16.844493
v -47.847017 1.250782 14.514234
v -48.501563 1.250782 12.149009
v -49.039264 1.250782 9.754516
v -49.458825 1.250782 7.336524
v -49.759236 1.250782 4.900857
v -49.939773 1.250782 2.453384
v -50.000000 1.250782 0.000000
v -49.939773 1.250782 -2.453384
v -49.759236 1.250782 -4.900857
v -49.458825 1.250782 -7.336524
v -49.039264 1.250782 -9.754516
v -48.501563 1.250782 -12.149009
v -47.847017 1.250782 -14.514234
v -47.077203 1.250782 -16.844493
v -46.193977 1.250782 -19.134172
v -45.199465 1.250782 -21.377755
v -44.096063 1.250782 -23.569837
v -42.886431 1.250782 -25.705137
v -41.573481 1.250782 -27.778512
v -40.160377 1.250782 -29.784965
v -38.650523 1.250782 -31.719664
v -37.047556 1.250782 -33.577948
v -35.355339 1.250782 -35.355339
v -33.577948 1.250782 -37.047556
v -31.719664 1.250782 -38.650523
v -29.784965 1.250782 -40.160377
v -27.778512 1.250782 -41.573481
v -25.705137 1.250782 -42.886431
v -23.569837 1.250782 -44.096063
v -21.377755 1.250782 -45.199465
v -19.134172 1.250782 -46.193977
v -16.844493 1.250782 -47.077203
v -14.514234 1.250782 -47.847017
v -12.149009 1.250782 -48.501563
v -9.754516 1.250782 -49.039264
v -7.336524 1.250782 -49.458825
v -4.900857 1.250782 -49.759236
v -2.453384 1.250782 -49.939773
v -0.000000 1.250782 -50.000000
v 2.453384 1.250782 -49.939773
v 4.900857 1.250782 -49.759236
v 7.336524 1.250782 -49.458825
v 9.754516 1.250782 -49.039264
v 12.149009 1.250782 -48.501563
v 14.514234 1.250782 -47.847017
v 16.844493 1.250782 -47.077203
v 19.134172 1.250782 -46.193977
v 21.377755 1.250782 -45.199465
v 23.569837 1.250782 -44.096063
v 25.705137 1.250782 -42.886431
v 27.778512 1.250782 -41.573481
v 29.784965 1.250782 -40.160377
v 31.719664 1.250782 -38.650523
v 33.577948 1.250782 -37.047556
v 35.355339 1.250782 -35.355339
v 37.047556 1.250782 -33.577948
v 38.650523 1.250782 -31.719664
v 40.160377 1.250782 -29.784965
v 41.573481 1.250782 -27.778512
v 42.886431 1.250782 -25.705137
v 44.096063 1.250782 -23.569837
v 45.199465 1.250782 -21.377755
v 46.193977 1.250782 -19.134172
v 47.077203 1.250782 -16.844493
v 47.847017 1.250782 -14.514234
v 48.501563 1.250782 -12.149009
v 49.039264 1.250782 -9.754516
v 49.458825 1.250782 -7.336524
v 49.759236 1.250782 -4.900857
v 49.939773 1.250782 -2.453384
v 51.041667 1.303475 0.000000
v 50.980185 1.303475 2.504496
v 50.795887 1.303475 5.002958
v 50.489218 1.303475 7.489368
v 50.060915 1.303475 9.957735
v 49.512012 1.303475 12.402113
v 48.843830 1.303475 14.816614
v 48.057978 1.303475 17.195420
v 47.156351 1.303475 19.532800
v 46.141120 1.303475 21.823125
v 45.014731 1.303475 24.060875
v 43.779898 1.303475 26.240661
v 42.439595 1.303475 28.357231
v 40.997051 1.303475 30.405485
v 39.455742 1.303475 32.380491
v 37.819380 1.303475 34.277488
v 36.091909 1.303475 36.091909
v 34.277488 1.303475 37.819380
v 32.380491 1.303475 39.455742
v 30.405485 1.303475 40.997051
v 28.357231 1.303475 42.439595
v 26.240661 1.303475 43.779898
v 24.060875 1.303475 45.014731
v 21.823125 1.303475 46.141120
v 19.532800 1.303475 47.156351
v 17.195420 1.303475 48.057978
v 14.816614 1.303475 48.843830
v 12.402113 1.303475 49.512012
v 9.957735 1.303475 50.060915
v 7.489368 1.303475 50.489218
v 5.002958 1.303475 50.795887
v 2.504496 1.303475 50.980185
v 0.000000 1.303475 51.041667
v -2.504496 1.303475 50.980185
v -5.002958 1.303475 50.795887
v -7.489368 1.303475 50.489218
v -9.957735 1.303475 50.060915
v -12.402113 1.303475 49.512012
v -14.816614 1.303475 48.843830
v -17.195420 1.303475 48.057978
v -19.532800 1.303475 47.156351
v -21.823125 1.303475 46.141120
v -24.060875 1.303475 45.014731
v -26.240661 1.303475 43.779898
v -28.357231 1.303475 42.439595
v -30.405485 1.303475 40.997051
v -32.380491 1.303475 39.455742
v -34.277488 1.303475 37.819380
v -36.091909 1.303475 36.091909
v -37.819380 1.303475 34.277488
v -39.455742 1.303475 32.380491
v -40.997051 1.303475 30.405485
v -42.439595 1.303475 28.357231
v -43.779898 1.303475 26.240661
v -45.014731 1.303475 24.060875
v -46.141120 1.303475 21.823125
v -47.156351 1.303475 19.532800
v -48.057978 1.303475 17.195420
v -48.843830 1.303475 14.816614
v -49.512012 1.303475 12.402113
v -50.060915 1.303475 9.957735
v -50.489218 1.303475 7.489368
v -50.795887 1.303475 5.002958
v -50.980185 1.303475 2.504496
v -51.041667 1.303475 0.000000
v -50.980185 1.303475 -2.504496
v -50.795887 1.303475 -5.002958
v -50.489218 1.303475 -7.489368
v -50.060915 1.303475 -9.957735
v -49.512012 1.303475 -12.402113
v -48.843830 1.303475 -14.816614
v -48.057978 1.303475 -17.195420
v -47.156351 1.303475 -19.532800
v -46.141120 1.303475 -21.823125
v -45.014731 1.303475 -24.060875
v -43.779898 1.303475 -26.240661
v -42.439595 1.303475 -28.357231
v -40.997051 1.303475 -30.405485
v -39.455742 1.303475 -32.380491
v -37.819380 1.303475 -34.277488
v -36.091909 1.303475 -36.091909
v -34.277488 1.303475 -37.819380
v -32.380491 1.303475 -39.455742
v -30.405485 1.303475 -40.997051
v -28.357231 1.303475 -42.439595
v -26.240661 1.303475 -43.779898
v -24.060875 1.303475 -45.014731
v -21.823125 1.303475 -46.141120
v -19.532800 1.303475 -47.156351
v -17.195420 1.303475 -48.057978
v -14.816614 1.303475 -48.843830
v -12.402113 1.303475 -49.512012
v -9.957735 1.303475 -50.060915
v -7.489368 1.303475 -50.489218
v -5.002958 1.303475 -50.795887
v -2.504496 1.303475 -50.980185
v -0.000000 1.303475 -51.041667
v 2.504496 1.303475 -50.980185
v 5.002958 1.303475 -50.795887
v 7.489368 1.303475 -50.489218
v 9.957735 1.303475 -50.060915
v 12.402113 1.303475 -49.512012
v 14.816614 1.303475 -48.843830
v 17.195420 1.303475 -48.057978
v 19.532800 1.303475 -47.156351
v 21.823125 1.303475 -46.141120
v 24.060875 1.303475 -45.014731
v 26.240661 1.303475 -43.779898
v 28.357231 1.303475 -42.439595
v 30.405485 1.303475 -40.997051
v 32.380491 1.303475 -39.455742
v 34.277488 1.303475 -37.819380
v 36.091909 1.303475 -36.091909
v 37.819380 1.303475 -34.277488
v 39.455742 1.303475 -32.380491
v 40.997051 1.303475 -30.405485
v 42.439595 1.303475 -28.357231
v 43.779898 1.303475 -26.240661
v 45.014731 1.303475 -24.060875
v 46.141120 1.303475 -21.823125
v 47.156351 1.303475 -19.532800
v 48.057978 1.303475 -17.195420
v 48.843830 1.303475 -14.816614
v 49.512012 1.303475 -12.402113
v 50.060915 1.303475 -9.957735
v 50.489218 1.303475 -7.489368
v 50.795887 1.303475 -5.002958
v 50.980185 1.303475 -2.504496
v 52.083333 1.357258 0.000000
v 52.020597 1.357258 2.555608
v 51.832538 1.357258 5.105059
v 51.519610 1.357258 7.642212
v 51.082567 1.357258 10.160954
v 50.522461 1.357258 12.655218
v 49.840642 1.357258 15.118994
v 49.038753 1.357258 17.546347
v 48.118726 1.357258 19.931429
v 47.082776 1.357258 22.268494
v 45.933399 1.357258 24.551913
v 44.673365 1.357258 26.776185
v 43.305709 1.357258 28.935950
v 41.833726 1.357258 31.026005
v 40.260961 1.357258 33.041317
v 38.591204 1.357258 34.977029
v 36.828478 1.357258 36.828478
v 34.977029 1.357258 38.591204
v 33.041317 1.357258 40.260961
v 31.026005 1.357258 41.833726
v 28.935950 1.357258 43.305709
v 26.776185 1.357258 44.673365
v 24.551913 1.357258 45.933399
v 22.268494 1.357258 47.082776
v 19.931429 1.357258 48.118726
v 17.546347 1.357258 49.038753
v 15.118994 1.357258 49.840642
v 12.655218 1.357258 50.522461
v 10.160954 1.357258 51.082567
v 7.642212 1.357258 51.519610
v 5.105059 1.357258 51.832538
v 2.555608 1.357258 52.020597
v 0.000000 1.357258 52.083333
v -2.555608 1.357258 52.020597
v -5.105059 1.357258 51.832538
v -7.642212 1.357258 51.519610
v -10.160954 1.357258 51.082567
v -12.655218 1.357258 50.522461
v -15.118994 1.357258 49.840642
v -17.546347 1.357258 49.038753
v -19.931429 1.357258 48.118726
v -22.268494 1.357258 47.082776
v -24.551913 1.357258 45.933399
v -26.776185 1.357258 44.673365
v -28.935950 1.357258 43.305709
v -31.026005 1.357258 41.833726
v -33.041317 1.357258 40.260961
v -34.977029 1.357258 38.591204
v -36.828478 1.357258 36.828478
v -38.591204 1.357258 34.977029
v -40.260961 1.357258 33.041317
v -41.833726 1.357258 31.026005
v -43.305709 1.357258 28.935950
v -44.673365 1.357258 26.776185
v -45.933399 1.357258 24.551913
v -47.082776 1.357258 22.268494
v -48.118726 1.357258 19.931429
v -49.038753 1.357258 17.546347
v -49.840642 1.357258 15.118994
v -50.522461 1.357258 12.655218
v -51.082567 1.357258 10.160954
v -51.519610 1.357258 7.642212
v -51.832538 1.357258 5.105059
v -52.020597 1.357258 2.555608
v -52.083333 1.357258 0.000000
v -52.020597 1.357258 -2.555608
v -51.832538 1.357258 -5.105059
v -51.519610 1.357258 -7.642212
v -51.082567 1.357258 -10.160954
v -50.522461 1.357258 -12.655218
v -49.840642 1.357258 -15.118994
v -49.038753 1.357258 -17.546347
v -48.118726 1.357258 -19.931429
v -47.082776 1.357258 -22.268494
v -45.933399 1.357258 -24.551913
v -44.673365 1.357258 -26.776185
v -43.305709 1.357258 -28.935950
v -41.833726 1.357258 -31.026005
v -40.260961 1.357258 -33.041317
v -38.591204 1.357258 -34.977029
v -36.828478 1.357258 -36.828478
v -34.977029 1.357258 -38.591204
v -33.041317 1.357258 -40.260961
v -31.026005 1.357258 -41.833726
v -28.935950 1.357258 -43.305709
v -26.776185 1.357258 -44.673365
v -24.551913 1.357258 -45.933399
v -22.268494 1.357258 -47.082776
v -19.931429 1.357258 -48.118726
v -17.546347 1.357258 -49.038753
v -15.118994 1.357258 -49.840642
v -12.655218 1.357258 -50.522461
v -10.160954 1.357258 -51.082567
v -7.642212 1.357258 -51.519610
v -5.105059 1.357258 -51.832538
v -2.555608 1.357258 -52.020597
v -0.000000 1.357258 -52.083333
v 2.555608 1.357258 -52.020597
v 5.105059 1.357258 -51.832538
v 7.642212 1.357258 -51.519610
v 10.160954 1.357258 -51.082567
v 12.655218 1.357258 -50.522461
v 15.118994 1.357258 -49.840642
v 17.546347 1.357258 -49.038753
v 19.931429 1.357258 -48.118726
v 22.268494 1.357258 -47.082776
v 24.551913 1.357258 -45.933399
v 26.776185 1.357258 -44.673365
v 28.935950 1.357258 -43.305709
v 31.026005 1.357258 -41.833726
v 33.041317 1.357258 -40.260961
v 34.977029 1.357258 -38.591204
v 36.828478 1.357258 -36.828478
v 38.591204 1.357258 -34.977029
v 40.260961 1.357258 -33.041317
v 41.833726 1.357258 -31.026005
v 43.305709 1.357258 -28.935950
v 44.673365 1.357258 -26.776185
v 45.933399 1.357258 -24.551913
v 47.082776 1.357258 -22.268494
v 48.118726 1.357258 -19.931429
v 49.038753 1.357258 -17.546347
v 49.840642 1.357258 -15.118994
v 50.522461 1.357258 -12.655218
v 51.082567 1.357258 -10.160954
v 51.519610 1.357258 -7.642212
v 51.832538 1.357258 -5.105059
v 52.020597 1.357258 -2.555608
v 53.125000 1.412130 0.000000
v 53.061009 1.412130 2.606720
v 52.869189 1.412130 5.207161
v 52.550002 1.412130 7.795056
v 52.104218 1.412130 10.364173
v 51.532910 1.412130 12.908322
v 50.837455 1.412130 15.421373
v 50.019528 1.412130 17.897273
v 49.081100 1.412130 20.330057
v 48.024431 1.412130 22.713864
v 46.852067 1.412130 25.042952
v 45.566832 1.412130 27.311708
v 44.171823 1.412130 29.514669
v 42.670400 1.412130 31.646526
v 41.066180 1.412130 33.702143
v 39.363029 1.412130 35.676569
v 37.565048 1.412130 37.565048
v 35.676569 1.412130 39.363029
v 33.702143 1.412130 41.066180
v 31.646526 1.412130 42.670400
v 29.514669 1.412130 44.171823
v 27.311708 1.412130 45.566832
v 25.042952 1.412130 46.852067
v 22.713864 1.412130 48.024431
v 20.330057 1.412130 49.081100
v 17.897273 1.412130 50.019528
v 15.421373 1.412130 50.837455
v 12.908322 1.412130 51.532910
v 10.364173 1.412130 52.104218
v 7.795056 1.412130 52.550002
v 5.207161 1.412130 52.869189
v 2.606720 1.412130 53.061009
v 0.000000 1.412130 53.125000
v -2.606720 1.412130 53.061009
v -5.207161 1.412130 52.869189
v -7.795056 1.412130 52.550002
v -10.364173 1.412130 52.104218
v -12.908322 1.412130 51.532910
v -15.421373 1.412130 50.837455
v -17.897273 1.412130 50.019528
v -20.330057 1.412130 49.081100
v -22.713864 1.412130 48.024431
v -25.042952 1.412130 46.852067
v -27.311708 1.412130 45.566832
v -29.514669 1.412130 44.171823
v -31.646526 1.412130 42.670400
v -33.702143 1.412130 41.066180
v -35.676569 1.412130 39.363029
v -37.565048 1.412130 37.565048
v -39.363029 1.412130 35.676569
v -41.066180 1.412130 33.702143
v -42.670400 1.412130 31.646526
v -44.171823 1.412130 29.514669
v -45.566832 1.412130 27.311708
v -46.852067 1.412130 25.042952
v -48.024431 1.412130 22.713864
v -49.081100 1.412130 20.330057
v -50.019528 1.412130 17.897273
v -50.837455 1.412130 15.421373
v -51.532910 1.412130 12.908322
v -52.104218 1.412130 10.364173
v -52.550002 1.412130 7.795056
v -52.869189 1.412130 5.207161
v -53.061009 1.412130 2.606720
v -53.125000 1.412130 0.000000
v -53.061009 1.412130 -2.606720
v -52.869189 1.412130 -5.207161
v -52.550002 1.412130 -7.795056
v -52.104218 1.412130 -10.364173
v -51.532910 1.412130 -12.908322
v -50.837455 1.412130 -15.421373
v -50.019528 1.412130 -17.897273
v -49.081100 1.412130 -20.330057
v -48.024431 1.412130 -22.713864
v -46.852067 1.412130 -25.042952
v -45.566832 1.412130 -27.311708
v -44.171823 1.412130 -29.514669
v -42.670400 1.412130 -31.646526
v -41.066180 1.412130 -33.702143
v -39.363029 1.412130 -35.676569
v -37.565048 1.412130 -37.565048
v -35.676569 1.412130 -39.363029
v -33.702143 1.412130 -41.066180
v -31.646526 1.412130 -42.670400
v -29.514669 1.412130 -44.171823
v -27.311708 1.412130 -45.566832
v -25.042952 1.412130 -46.852067
v -22.713864 1.412130 -48.024431
v -20.330057 1.412130 -49.081100
v -17.897273 1.412130 -50.019528
v -15.421373 1.412130 -50.837455
v -12.908322 1.412130 -51.532910
v -10.364173 1.412130 -52.104218
v -7.795056 1.412130 -52.550002
v -5.207161 1.412130 -52.869189
v -2.606720 1.412130 -53.061009
v -0.000000 1.412130 -53.125000
v 2.606720 1.412130 -53.061009
v 5.207161 1.412130 -52.869189
v 7.795056 1.412130 -52.550002
v 10.364173 1.412130 -52.104218
v 12.908322 1.412130 -51.532910
v 15.421373 1.412130 -50.837455
v 17.897273 1.412130 -50.019528
v 20.330057 1.412130 -49.081100
v 22.713864 1.412130 -48.024431
v 25.042952 1.412130 -46.852067
v 27.311708 1.412130 -45.566832
v 29.514669 1.412130 -44.171823
v 31.646526 1.412130 -42.670400
v 33.702143 1.412130 -41.066180
v 35.676569 1.412130 -39.363029
v 37.565048 1.412130 -37.565048
v 39.363029 1.412130 -35.676569
v 41.066180 1.412130 -33.702143
v 42.670400 1.412130 -31.646526
v 44.171823 1.412130 -29.514669
v 45.566832 1.412130 -27.311708
v 46.852067 1.412130 -25.042952
v 48.024431 1.412130 -22.713864
v 49.081100 1.412130 -20.330057
v 50.019528 1.412130 -17.897273
v 50.837455 1.412130 -15.421373
v 51.532910 1.412130 -12.908322
v 52.104218 1.412130 -10.364173
v 52.550002 1.412130 -7.795056
v 52.869189 1.412130 -5.207161
v 53.061009 1.412130 -2.606720
v 54.166667 1.468092 0.000000
v 54.101421 1.468092 2.657832
v 53.905839 1.468092 5.309262
v 53.580394 1.468092 7.947901
v 53.125869 1.468092 10.567392
v 52.543360 1.468092 13.161426
v 51.834268 1.468092 15.723753
v 51.000304 1.468092 18.248200
v 50.043475 1.468092 20.728686
v 48.966087 1.468092 23.159234
v 47.770735 1.468092 25.533990
v 46.460300 1.468092 27.847232
v 45.037937 1.468092 30.093388
v 43.507075 1.468092 32.267046
v 41.871400 1.468092 34.362970
v 40.134853 1.468092 36.376110
v 38.301617 1.468092 38.301617
v 36.376110 1.468092 40.134853
v 34.362970 1.468092 41.871400
v 32.267046 1.468092 43.507075
v 30.093388 1.468092 45.037937
v 27.847232 1.468092 46.460300
v 25.533990 1.468092 47.770735
v 23.159234 1.468092 48.966087
v 20.728686 1.468092 50.043475
v 18.248200 1.468092 51.000304
v 15.723753 1.468092 51.834268
v 13.161426 1.468092 52.543360
v 10.567392 1.468092 53.125869
v 7.947901 1.468092 53.580394
v 5.309262 1.468092 53.905839
v 2.657832 1.468092 54.101421
v 0.000000 1.468092 54.166667
v -2.657832 1.468092 54.101421
v -5.309262 1.468092 53.905839
v -7.947901 1.468092 53.580394
v -10.567392 1.468092 53.125869
v -13.161426 1.468092 52.543360
v -15.723753 1.468092 51.834268
v -18.248200 1.468092 51.000304
v -20.728686 1.468092 50.043475
v -23.159234 1.468092 48.966087
v -25.533990 1.468092 47.770735
v -27.847232 1.468092 46.460300
v -30.093388 1.468092 45.037937
v -32.267046 1.468092 43.507075
v -34.362970 1.468092 41.871400
v -36.376110 1.468092 40.134853
v -38.301617 1.468092 38.301617
v -40.134853 1.468092 36.376110
v -41.871400 1.468092 34.362970
v -43.507075 1.468092 32.267046
v -45.037937 1.468092 30.093388
v -46.460300 1.468092 27.847232
v -47.770735 1.468092 25.533990
v -48.966087 1.468092 23.159234
v -50.043475 1.468092 20.728686
v -51.000304 1.468092 18.248200
v -51.834268 1.468092 15.723753
v -52.543360 1.468092 13.161426
v -53.125869 1.468092 10.567392
v -53.580394 1.468092 7.947901
v -53.905839 1.468092 5.309262
v -54.101421 1.468092 2.657832
v -54.166667 1.468092 0.000000
v -54.101421 1.468092 -2.657832
v -53.905839 1.468092 -5.309262
v -53.580394 1.468092 -7.947901
v -53.125869 1.468092 -10.567392
v -52.543360 1.468092 -13.161426
v -51.834268 1.468092 -15.723753
v -51.000304 1.468092 -18.248200
v -50.043475 1.468092 -20.728686
v -48.966087 1.468092 -23.159234
v -47.770735 1.468092 -25.533990
v -46.460300 1.468092 -27.847232
v -45.037937 1.468092 -30.093388
v -43.507075 1.468092 -32.267046
v -41.871400 1.468092 -34.362970
v -40.134853 1.468092 -36.376110
v -38.301617 1.468092 -38.301617
v -36.376110 1.468092 -40.134853
v -34.362970 1.468092 -41.871400
v -32.267046 1.468092 -43.507075
v -30.093388 1.468092 -45.037937
v -27.847232 1.468092 -46.460300
v -25.533990 1.468092 -47.770735
v -23.159234 1.468092 -48.966087
v -20.728686 1.468092 -50.043475
v -18.248200 1.468092 -51.000304
v -15.723753 1.468092 -51.834268
v -13.161426 1.468092 -52.543360
v -10.567392 1.468092 -53.125869
v -7.947901 1.468092 -53.580394
v -5.309262 1.468092 -53.905839
v -2.657832 1.468092 -54.101421
v -0.000000 1.468092 -54.166667
v 2.657832 1.468092 -54.101421
v 5.309262 1.468092 -53.905839
v 7.947901 1.468092 -53.580394
v 10.567392 1.468092 -53.125869
v 13.161426 1.468092 -52.543360
v 15.723753 1.468092 -51.834268
v 18.248200 1.468092 -51.000304
v 20.728686 1.468092 -50.043475
v 23.159234 1.468092 -48.966087
v 25.533990 1.468092 -47.770735
v 27.847232 1.468092 -46.460300
v 30.093388 1.468092 -45.037937
v 32.267046 1.468092 -43.507075
v 34.362970 1.468092 -41.871400
v 36.376110 1.468092 -40.134853
v 38.301617 1.468092 -38.301617
v 40.134853 1.468092 -36.376110
v 41.871400 1.468092 -34.362970
v 43.507075 1.468092 -32.267046
v 45.037937 1.468092 -30.093388
v 46.460300 1.468092 -27.847232
v 47.770735 1.468092 -25.533990
v 48.966087 1.468092 -23.159234
v 50.043475 1.468092 -20.728686
v 51.000304 1.468092 -18.248200
v 51.834268 1.468092 -15.723753
v 52.543360 1.468092 -13.161426
v 53.125869 1.468092 -10.567392
v 53.580394 1.468092 -7.947901
v 53.905839 1.468092 -5.309262
v 54.101421 1.468092 -2.657832
v 55.208333 1.525143 0.000000
v 55.141832 1.525143 2.708945
v 54.942490 1.525143 5.411363
v 54.610786 1.525143 8.100745
v 54.147521 1.525143 10.770612
v 53.553809 1.525143 13.414531
v 52.831081 1.525143 16.026133
v 51.981079 1.525143 18.599127
v 51.005849 1.525143 21.127314
v 49.907742 1.525143 23.604604
v 48.689403 1.525143 26.025028
v 47.353767 1.525143 28.382756
v 45.904052 1.525143 30.672107
v 44.343749 1.525143 32.887566
v 42.676619 1.525143 35.023796
v 40.906677 1.525143 37.075651
v 39.038187 1.525143 39.038187
v 37.075651 1.525143 40.906677
v 35.023796 1.525143 42.676619
v 32.887566 1.525143 44.343749
v 30.672107 1.525143 45.904052
v 28.382756 1.525143 47.353767
v 26.025028 1.525143 48.689403
v 23.604604 1.525143 49.907742
v 21.127314 1.525143 51.005849
v 18.599127 1.525143 51.981079
v 16.026133 1.525143 52.831081
v 13.414531 1.525143 53.553809
v 10.770612 1.525143 54.147521
v 8.100745 1.525143 54.610786
v 5.411363 1.525143 54.942490
v 2.708945 1.525143 55.141832
v 0.000000 1.525143 55.208333
v -2.708945 1.525143 55.141832
v -5.411363 1.525143 54.942490
v -8.100745 1.525143 54.610786
v -10.770612 1.525143 54.147521
v -13.414531 1.525143 53.553809
v -16.026133 1.525143 52.831081
v -18.599127 1.525143 51.981079
v -21.127314 1.525143 51.005849
v -23.604604 1.525143 49.907742
v -26.025028 1.525143 48.689403
v -28.382756 1.525143 47.353767
v -30.672107 1.525143 45.904052
v -32.887566 1.525143 44.343749
v -35.023796 1.525143 42.676619
v -37.075651 1.525143 40.906677
v -39.038187 1.525143 39.038187
v -40.906677 1.525143 37.075651
v -42.676619 1.525143 35.023796
v -44.343749 1.525143 32.887566
v -45.904052 1.525143 30.672107
v -47.353767 1.525143 28.382756
v -48.689403 1.525143 26.025028
v -49.907742 1.525143 23.604604
v -51.005849 1.525143 21.127314
v -51.981079 1.525143 18.599127
v -52.831081 1.525143 16.026133
v -53.553809 1.525143 13.414531
v -54.147521 1.525143 10.770612
v -54.610786 1.525143 8.100745
v -54.942490 1.525143 5.411363
v -55.141832 1.525143 2.708945
v -55.208333 1.525143 0.000000
v -55.141832 1.525143 -2.708945
v -54.942490 1.525143 -5.411363
v -54.610786 1.525143 -8.100745
v -54.147521 1.525143 -10.770612
v -53.553809 1.525143 -13.414531
v -52.831081 1.525143 -16.026133
v -51.981079 1.525143 -18.599127
v -51.005849 1.525143 -21.127314
v -49.907742 1.525143 -23.604604
v -48.689403 1.525143 -26.025028
v -47.353767 1.525143 -28.382756
v -45.904052 1.525143 -30.672107
v -44.343749 1.525143 -32.887566
v -42.676619 1.525143 -35.023796
v -40.906677 1.525143 -37.075651
v -39.038187 1.525143 -39.038187
v -37.075651 1.525143 -40.906677
v -35.023796 1.525143 -42.676619
v -32.887566 1.525143 -44.343749
v -30.672107 1.525143 -45.904052
v -28.382756 1.525143 -47.353767
v -26.025028 1.525143 -48.689403
v -23.604604 1.525143 -49.907742
v -21.127314 1.525143 -51.005849
v -18.599127 1.525143 -51.981079
v -16.026133 1.525143 -52.831081
v -13.414531 1.525143 -53.553809
v -10.770612 1.525143 -54.147521
v -8.100745 1.525143 -54.610786
v -5.411363 1.525143 -54.942490
v -2.708945 1.525143 -55.141832
v -0.000000 1.525143 -55.208333
v 2.708945 1.525143 -55.141832
v 5.411363 1.525143 -54.942490
v 8.100745 1.525143 -54.610786
v 10.770612 1.525143 -54.147521
v 13.414531 1.525143 -53.553809
v 16.026133 1.525143 -52.831081
v 18.599127 1.525143 -51.981079
v 21.127314 1.525143 -51.005849
v 23.604604 1.525143 -49.907742
v 26.025028 1.525143 -48.689403
v 28.382756 1.525143 -47.353767
v 30.672107 1.525143 -45.904052
v 32.887566 1.525143 -44.343749
v 35.023796 1.525143 -42.676619
v 37.075651 1.525143 -40.906677
v 39.038187 1.525143 -39.038187
v 40.906677 1.525143 -37.075651
v 42.676619 1.525143 -35.023796
v 44.343749 1.525143 -32.887566
v 45.904052 1.525143 -30.672107
v 47.353767 1.525143 -28.382756
v 48.689403 1.525143 -26.025028
v 49.907742 1.525143 -23.604604
v 51.005849 1.525143 -21.127314
v 51.981079 1.525143 -18.599127
v 52.831081 1.525143 -16.026133
v 53.553809 1.525143 -13.414531
v 54.147521 1.525143 -10.770612
v 54.610786 1.525143 -8.100745
v 54.942490 1.525143 -5.411363
v 55.141832 1.525143 -2.708945
v 56.250000 1.583285 0.000000
v 56.182244 1.583285 2.760057
v 55.979141 1.583285 5.513464
v 55.641179 1.583285 8.253589
v 55.169172 1.583285 10.973831
v 54.564258 1.583285 13.667635
v 53.827894 1.583285 16.328513
v 52.961854 1.583285 18.950054
v 51.968224 1.583285 21.525943
v 50.849398 1.583285 24.049974
v 49.608071 1.583285 26.516066
v 48.247234 1.583285 28.918279
v 46.770166 1.583285 31.250826
v 45.180424 1.583285 33.508086
v 43.481838 1.583285 35.684622
v 41.678501 1.583285 37.775191
v 39.774756 1.583285 39.774756
v 37.775191 1.583285 41.678501
v 35.684622 1.583285 43.481838
v 33.508086 1.583285 45.180424
v 31.250826 1.583285 46.770166
v 28.918279 1.583285 48.247234
v 26.516066 1.583285 49.608071
v 24.049974 1.583285 50.849398
v 21.525943 1.583285 51.968224
v 18.950054 1.583285 52.961854
v 16.328513 1.583285 53.827894
v 13.667635 1.583285 54.564258
v 10.973831 1.583285 55.169172
v 8.253589 1.583285 55.641179
v 5.513464 1.583285 55.979141
v 2.760057 1.583285 56.182244
v 0.000000 1.583285 56.250000
v -2.760057 1.583285 56.182244
v -5.513464 1.583285 55.979141
v -8.253589 1.583285 55.641179
v -10.973831 1.583285 55.169172
v -13.667635 1.583285 54.564258
v -16.328513 1.583285 53.827894
v -18.950054 1.583285 52.961854
v -21.525943 1.583285 51.968224
v -24.049974 1.583285 50.849398
v -26.516066 1.583285 49.608071
v -28.918279 1.583285 48.247234
v -31.250826 1.583285 46.770166
v -33.508086 1.583285 45.180424
v -35.684622 1.583285 43.481838
v -37.775191 1.583285 41.678501
v -39.774756 1.583285 39.774756
v -41.678501 1.583285 37.775191
v -43.481838 1.583285 35.684622
v -45.180424 1.583285 33.508086
v -46.770166 1.583285 31.250826
v -48.247234 1.583285 28.918279
v -49.608071 1.583285 26.516066
v -50.849398 1.583285 24.049974
v -51.968224 1.583285 21.525943
v -52.961854 1.583285 18.950054
v -53.827894 1.583285 16.328513
v -54.564258 1.583285 13.667635
v -55.169172 1.583285 10.973831
v -55.641179 1.583285 8.253589
v -55.979141 1.583285 5.513464
v -56.182244 1.583285 2.760057
v -56.250000 1.583285 0.000000
v -56.182244 1.583285 -2.760057
v -55.979141 1.583285 -5.513464
v -55.641179 1.583285 -8.253589
v -55.169172 1.583285 -10.973831
v -54.564258 1.583285 -13.667635
v -53.827894 1.583285 -16.328513
v -52.961854 1.583285 -18.950054
v -51.968224 1.583285 -21.525943
v -50.849398 1.583285 -24.049974
v -49.608071 1.583285 -26.516066
v -48.247234 1.583285 -28.918279
v -46.770166 1.583285 -31.250826
v -45.180424 1.583285 -33.508086
v -43.481838 1.583285 -35.684622
v -41.678501 1.583285 -37.775191
v -39.774756 1.583285 -39.774756
v -37.775191 1.583285 -41.678501
v -35.684622 1.583285 -43.481838
v -33.508086 1.583285 -45.180424
v -31.250826 1.583285 -46.770166
v -28.918279 1.583285 -48.247234
v -26.516066 1.583285 -49.608071
v -24.049974 1.583285 -50.849398
v -21.525943 1.583285 -51.968224
v -18.950054 1.583285 -52.961854
v -16.328513 1.583285 -53.827894
v -13.667635 1.583285 -54.564258
v -10.973831 1.583285 -55.169172
v -8.253589 1.583285 -55.641179
v -5.513464 1.583285 -55.979141
v -2.760057 1.583285 -56.182244
v -0.000000 1.583285 -56.250000
v 2.760057 1.583285 -56.182244
v 5.513464 1.583285 -55.979141
v 8.253589 1.583285 -55.641179
v 10.973831 1.583285 -55.169172
v 13.667635 1.583285 -54.564258
v 16.328513 1.583285 -53.827894
v 18.950054 1.583285 -52.961854
v 21.525943 1.583285 -51.968224
v 24.049974 1.583285 -50.849398
v 26.516066 1.583285 -49.608071
v 28.918279 1.583285 -48.247234
v 31.250826 1.583285 -46.770166
v 33.508086 1.583285 -45.180424
v 35.684622 1.583285 -43.481838
v 37.775191 1.583285 -41.678501
v 39.774756 1.583285 -39.774756
v 41.678501 1.583285 -37.775191
v 43.481838 1.583285 -35.684622
v 45.180424 1.583285 -33.508086
v 46.770166 1.583285 -31.250826
v 48.247234 1.583285 -28.918279
v 49.608071 1.583285 -26.516066
v 50.849398 1.583285 -24.049974
v 51.968224 1.583285 -21.525943
v 52.961854 1.583285 -18.950054
v 53.827894 1.583285 -16.328513
v 54.564258 1.583285 -13.667635
v 55.169172 1.583285 -10.973831
v 55.641179 1.583285 -8.253589
v 55.979141 1.583285 -5.513464
v 56.182244 1.583285 -2.760057
v 57.291667 1.642516 0.000000
v 57.222656 1.642516 2.811169
v 57.015792 1.642516 5.615565
v 56.671571 1.642516 8.406433
v 56.190823 1.642516 11.177050
v 55.574707 1.642516 13.920739
v 54.824707 1.642516 16.630893
v 53.942629 1.642516 19.300981
v 52.930598 1.642516 21.924572
v 51.791053 1.642516 24.495344
v 50.526739 1.642516 27.007105
v 49.140702 1.642516 29.453803
v 47.636280 1.642516 31.829545
v 46.017098 1.642516 34.128606
v 44.287057 1.642516 36.345449
v 42.450325 1.642516 38.474732
v 40.511326 1.642516 40.511326
v 38.474732 1.642516 42.450325
v 36.345449 1.642516 44.287057
v 34.128606 1.642516 46.017098
v 31.829545 1.642516 47.636280
v 29.453803 1.642516 49.140702
v 27.007105 1.642516 50.526739
v 24.495344 1.642516 51.791053
v 21.924572 1.642516 52.930598
v 19.300981 1.642516 53.942629
v 16.630893 1.642516 54.824707
v 13.920739 1.642516 55.574707
v 11.177050 1.642516 56.190823
v 8.406433 1.642516 56.671571
v 5.615565 1.642516 57.015792
v 2.811169 1.642516 57.222656
v 0.000000 1.642516 57.291667
v -2.811169 1.642516 57.222656
v -5.615565 1.642516 57.015792
v -8.406433 1.642516 56.671571
v -11.177050 1.642516 56.190823
v -13.920739 1.642516 55.574707
v -16.630893 1.642516 54.824707
v -19.300981 1.642516 53.942629
v -21.924572 1.642516 52.930598
v -24.495344 1.642516 51.791053
v -27.007105 1.642516 50.526739
v -29.453803 1.642516 49.140702
v -31.829545 1.642516 47.636280
v -34.128606 1.642516 46.017098
v -36.345449 1.642516 44.287057
v -38.474732 1.642516 42.450325
v -40.511326 1.642516 40.511326
v -42.450325 1.642516 38.474732
v -44.287057 1.642516 36.345449
v -46.017098 1.642516 34.128606
v -47.636280 1.642516 31.829545
v -49.140702 1.642516 29.453803
v -50.526739 1.642516 27.007105
v -51.791053 1.642516 24.495344
v -52.930598 1.642516 21.924572
v -53.942629 1.642516 19.300981
v -54.824707 1.642516 16.630893
v -55.574707 1.642516 13.920739
v -56.190823 1.642516 11.177050
v -56.671571 1.642516 8.406433
v -57.015792 1.642516 5.615565
v -57.222656 1.642516 2.811169
v -57.291667 1.642516 0.000000
v -57.222656 1.642516 -2.811169
v -57.015792 1.642516 -5.615565
v -56.671571 1.642516 -8.406433
v -56.190823 1.642516 -11.177050
v -55.574707 1.642516 -13.920739
v -54.824707 1.642516 -16.630893
v -53.942629 1.642516 -19.300981
v -52.930598 1.642516 -21.924572
v -51.791053 1.642516 -24.495344
v -50.526739 1.642516 -27.007105
v -49.140702 1.642516 -29.453803
v -47.636280 1.642516 -31.829545
v -46.017098 1.642516 -34.128606
v -44.287057 1.642516 -36.345449
v -42.450325 1.642516 -38.474732
v -40.511326 1.642516 -40.511326
v -38.474732 1.642516 -42.450325
v -36.345449 1.642516 -44.287057
v -34.128606 1.642516 -46.017098
v -31.829545 1.642516 -47.636280
v -29.453803 1.642516 -49.140702
v -27.007105 1.642516 -50.526739
v -24.495344 1.642516 -51.791053
v -21.924572 1.642516 -52.930598
v -19.300981 1.642516 -53.942629
v -16.630893 1.642516 -54.824707
v -13.920739 1.642516 -55.574707
v -11.177050 1.642516 -56.190823
v -8.406433 1.642516 -56.671571
v -5.615565 1.642516 -57.015792
v -2.811169 1.642516 -57.222656
v -0.000000 1.642516 -57.291667
v 2.811169 1.642516 -57.222656
v 5.615565 1.642516 -57.015792
v 8.406433 1.642516 -56.671571
v 11.177050 1.642516 -56.190823
v 13.920739 1.642516 -55.574707
v 16.630893 1.642516 -54.824707
v 19.300981 1.642516 -53.942629
v 21.924572 1.642516 -52.930598
v 24.495344 1.642516 -51.791053
v 27.007105 1.642516 -50.526739
v 29.453803 1.642516 -49.140702
v 31.829545 1.642516 -47.636280
v 34.128606 1.642516 -46.017098
v 36.345449 1.642516 -44.287057
v 38.474732 1.642516 -42.450325
v 40.511326 1.642516 -40.511326
v 42.450325 1.642516 -38.474732
v 44.287057 1.642516 -36.345449
v 46.017098 1.642516 -34.128606
v 47.636280 1.642516 -31.829545
v 49.140702 1.642516 -29.453803
v 50.526739 1.642516 -27.007105
v 51.791053 1.642516 -24.495344
v 52.930598 1.642516 -21.924572
v 53.942629 1.642516 -19.300981
v 54.824707 1.642516 -16.630893
v 55.574707 1.642516 -13.920739
v 56.190823 1.642516 -11.177050
v 56.671571 1.642516 -8.406433
v 57.015792 1.642516 -5.615565
v 57.222656 1.642516 -2.811169
v 58.333333 1.702839 0.000000
v 58.263068 1.702839 2.862281
v 58.052442 1.702839 5.717667
v 57.701963 1.702839 8.559278
v 57.212475 1.702839 11.380269
v 56.585156 1.702839 14.173844
v 55.821520 1.702839 16.933273
v 54.923404 1.702839 19.651908
v 53.892973 1.702839 22.323200
v 52.732709 1.702839 24.940714
v 51.445407 1.702839 27.498143
v 50.034169 1.702839 29.989327
v 48.502394 1.702839 32.408264
v 46.853773 1.702839 34.749126
v 45.092276 1.702839 37.006275
v 43.222149 1.702839 39.174272
v 41.247896 1.702839 41.247896
v 39.174272 1.702839 43.222149
v 37.006275 1.702839 45.092276
v 34.749126 1.702839 46.853773
v 32.408264 1.702839 48.502394
v 29.989327 1.702839 50.034169
v 27.498143 1.702839 51.445407
v 24.940714 1.702839 52.732709
v 22.323200 1.702839 53.892973
v 19.651908 1.702839 54.923404
v 16.933273 1.702839 55.821520
v 14.173844 1.702839 56.585156
v 11.380269 1.702839 57.212475
v 8.559278 1.702839 57.701963
v 5.717667 1.702839 58.052442
v 2.862281 1.702839 58.263068
v 0.000000 1.702839 58.333333
v -2.862281 1.702839 58.263068
v -5.717667 1.702839 58.052442
v -8.559278 1.702839 57.701963
v -11.380269 1.702839 57.212475
v -14.173844 1.702839 56.585156
v -16.933273 1.702839 55.821520
v -19.651908 1.702839 54.923404
v -22.323200 1.702839 53.892973
v -24.940714 1.702839 52.732709
v -27.498143 1.702839 51.445407
v -29.989327 1.702839 50.034169
v -32.408264 1.702839 48.502394
v -34.749126 1.702839 46.853773
v -37.006275 1.702839 45.092276
v -39.174272 1.702839 43.222149
v -41.247896 1.702839 41.247896
v -43.222149 1.702839 39.174272
v -45.092276 1.702839 37.006275
v -46.853773 1.702839 34.749126
v -48.502394 1.702839 32.408264
v -50.034169 1.702839 29.989327
v -51.445407 1.702839 27.498143
v -52.732709 1.702839 24.940714
v -53.892973 1.702839 22.323200
v -54.923404 1.702839 19.651908
v -55.821520 1.702839 16.933273
v -56.585156 1.702839 14.173844
v -57.212475 1.702839 11.380269
v -57.701963 1.702839 8.559278
v -58.052442 1.702839 5.717667
v -58.263068 1.702839 2.862281
v -58.333333 1.702839 0.000000
v -58.263068 1.702839 -2.862281
v -58.052442 1.702839 -5.717667
v -57.701963 1.702839 -8.559278
v -57.212475 1.702839 -11.380269
v -56.585156 1.702839 -14.173844
v -55.821520 1.702839 -16.933273
v -54.923404 1.702839 -19.651908
v -53.892973 1.702839 -22.323200
v -52.732709 1.702839 -24.940714
v -51.445407 1.702839 -27.498143
v -50.034169 1.702839 -29.989327
v -48.502394 1.702839 -32.408264
v -46.853773 1.702839 -34.749126
v -45.092276 1.702839 -37.006275
v -43.222149 1.702839 -39.174272
v -41.247896 1.702839 -41.247896
v -39.174272 1.702839 -43.222149
v -37.006275 1.702839 -45.092276
v -34.749126 1.702839 -46.853773
v -32.408264 1.702839 -48.502394
v -29.989327 1.702839 -50.034169
v -27.498143 1.702839 -51.445407
v -24.940714 1.702839 -52.732709
v -22.323200 1.702839 -53.892973
v -19.651908 1.702839 -54.923404
v -16.933273 1.702839 -55.821520
v -14.173844 1.702839 -56.585156
v -11.380269 1.702839 -57.212475
v -8.559278 1.702839 -57.701963
v -5.717667 1.702839 -58.052442
v -2.862281 1.702839 -58.263068
v -0.000000 1.702839 -58.333333
v 2.862281 1.702839 -58.263068
v 5.717667 1.702839 -58.052442
v 8.559278 1.702839 -57.701963
v 11.380269 1.702839 -57.212475
v 14.173844 1.702839 -56.585156
v 16.933273 1.702839 -55.821520
v 19.651908 1.702839 -54.923404
v 22.323200 1.702839 -53.892973
v 24.940714 1.702839 -52.732709
v 27.498143 1.702839 -51.445407
v 29.989327 1.702839 -50.034169
v 32.408264 1.702839 -48.502394
v 34.749126 1.702839 -46.853773
v 37.006275 1.702839 -45.092276
v 39.174272 1.702839 -43.222149
v 41.247896 1.702839 -41.247896
v 43.222149 1.702839 -39.174272
v 45.092276 1.702839 -37.006275
v 46.853773 1.702839 -34.749126
v 48.502394 1.702839 -32.408264
v 50.034169 1.702839 -29.989327
v 51.445407 1.702839 -27.498143
v 52.732709 1.702839 -24.940714
v 53.892973 1.702839 -22.323200
v 54.923404 1.702839 -19.651908
v 55.821520 1.702839 -16.933273
v 56.585156 1.702839 -14.173844
v 57.212475 1.702839 -11.380269
v 57.701963 1.702839 -8.559278
v 58.052442 1.702839 -5.717667
v 58.263068 1.702839 -2.862281
v 59.375000 1.764252 0.000000
v 59.303480 1.764252 2.913393
v 59.089093 1.764252 5.819768
v 58.732355 1.764252 8.712122
v 58.234126 1.764252 11.583488
v 57.595606 1.764252 14.426948
v 56.818332 1.764252 17.235653
v 55.904179 1.764252 20.002835
v 54.855347 1.764252 22.721829
v 53.674364 1.764252 25.386084
v 52.364075 1.764252 27.989181
v 50.927636 1.764252 30.524850
v 49.368508 1.764252 32.986983
v 47.690447 1.764252 35.369646
v 45.897496 1.764252 37.667101
v 43.993973 1.764252 39.873813
v 41.984465 1.764252 41.984465
v 39.873813 1.764252 43.993973
v 37.667101 1.764252 45.897496
v 35.369646 1.764252 47.690447
v 32.986983 1.764252 49.368508
v 30.524850 1.764252 50.927636
v 27.989181 1.764252 52.364075
v 25.386084 1.764252 53.674364
v 22.721829 1.764252 54.855347
v 20.002835 1.764252 55.904179
v 17.235653 1.764252 56.818332
v 14.426948 1.764252 57.595606
v 11.583488 1.764252 58.234126
v 8.712122 1.764252 58.732355
v 5.819768 1.764252 59.089093
v 2.913393 1.764252 59.303480
v 0.000000 1.764252 59.375000
v -2.913393 1.764252 59.303480
v -5.819768 1.764252 59.089093
v -8.712122 1.764252 58.732355
v -11.583488 1.764252 58.234126
v -14.426948 1.764252 57.595606
v -17.235653 1.764252 56.818332
v -20.002835 1.764252 55.904179
v -22.721829 1.764252 54.855347
v -25.386084 1.764252 53.674364
v -27.989181 1.764252 52.364075
v -30.524850 1.764252 50.927636
v -32.986983 1.764252 49.368508
v -35.369646 1.764252 47.690447
v -37.667101 1.764252 45.897496
v -39.873813 1.764252 43.993973
v -41.984465 1.764252 41.984465
v -43.993973 1.764252 39.873813
v -45.897496 1.764252 37.667101
v -47.690447 1.764252 35.369646
v -49.368508 1.764252 32.986983
v -50.927636 1.764252 30.524850
v -52.364075 1.764252 27.989181
v -53.674364 1.764252 25.386084
v -54.855347 1.764252 22.721829
v -55.904179 1.764252 20.002835
v -56.818332 1.764252 17.235653
v -57.595606 1.764252 14.426948
v -58.234126 1.764252 11.583488
v -58.732355 1.764252 8.712122
v -59.089093 1.764252 5.819768
v -59.303480 1.764252 2.913393
v -59.375000 1.764252 0.000000
v -59.303480 1.764252 -2.913393
v -59.089093 1.764252 -5.819768
v -58.732355 1.764252 -8.712122
v -58.234126 1.764252 -11.583488
v -57.595606 1.764252 -14.426948
v -56.818332 1.764252 -17.235653
v -55.904179 1.764252 -20.002835
v -54.855347 1.764252 -22.721829
v -53.674364 1.764252 -25.386084
v -52.364075 1.764252 -27.989181
v -50.927636 1.764252 -30.524850
v -49.368508 1.764252 -32.986983
v -47.690447 1.764252 -35.369646
v -45.897496 1.764252 -37.667101
v -43.993973 1.764252 -39.873813
v -41.984465 1.764252 -41.984465
v -39.873813 1.764252 -43.993973
v -37.667101 1.764252 -45.897496
v -35.369646 1.764252 -47.690447
v -32.986983 1.764252 -49.368508
v -30.524850 1.764252 -50.927636
v -27.989181 1.764252 -52.364075
v -25.386084 1.764252 -53.674364
v -22.721829 1.764252 -54.855347
v -20.002835 1.764252 -55.904179
v -17.235653 1.764252 -56.818332
v -14.426948 1.764252 -57.595606
v -11.583488 1.764252 -58.234126
v -8.712122 1.764252 -58.732355
v -5.819768 1.764252 -59.089093
v -2.913393 1.764252 -59.303480
v -0.000000 1.764252 -59.375000
v 2.913393 1.764252 -59.303480
v 5.819768 1.764252 -59.089093
v 8.712122 1.764252 -58.732355
v 11.583488 1.764252 -58.234126
v 14.426948 1.764252 -57.595606
v 17.235653 1.764252 -56.818332
v 20.002835 1.764252 -55.904179
v 22.721829 1.764252 -54.855347
v 25.386084 1.764252 -53.674364
v 27.989181 1.764252 -52.364075
v 30.524850 1.764252 -50.927636
v 32.986983 1.764252 -49.368508
v 35.369646 1.764252 -47.690447
v 37.667101 1.764252 -45.897496
v 39.873813 1.764252 -43.993973
v 41.984465 1.764252 -41.984465
v 43.993973 1.764252 -39.873813
v 45.897496 1.764252 -37.667101
v 47.690447 1.764252 -35.369646
v 49.368508 1.764252 -32.986983
v 50.927636 1.764252 -30.524850
v 52.364075 1.764252 -27.989181
v 53.674364 1.764252 -25.386084
v 54.855347 1.764252 -22.721829
v 55.904179 1.764252 -20.002835
v 56.818332 1.764252 -17.235653
v 57.595606 1.764252 -14.426948
v 58.234126 1.764252 -11.583488
v 58.732355 1.764252 -8.712122
v 59.089093 1.764252 -5.819768
v 59.303480 1.764252 -2.913393
v 60.416667 1.826755 0.000000
v 60.343892 1.826755 2.964505
v 60.125744 1.826755 5.921869
v 59.762747 1.826755 8.864966
v 59.255777 1.826755 11.786707
v 58.606055 1.826755 14.680053
v 57.815145 1.826755 17.538033
v 56.884954 1.826755 20.353762
v 55.817722 1.826755 23.120457
v 54.616020 1.826755 25.831454
v 53.282743 1.826755 28.480220
v 51.821104 1.826755 31.060374
v 50.234622 1.826755 33.565702
v 48.527122 1.826755 35.990166
v 46.702715 1.826755 38.327928
v 44.765797 1.826755 40.573354
v 42.721035 1.826755 42.721035
v 40.573354 1.826755 44.765797
v 38.327928 1.826755 46.702715
v 35.990166 1.826755 48.527122
v 33.565702 1.826755 50.234622
v 31.060374 1.826755 51.821104
v 28.480220 1.826755 53.282743
v 25.831454 1.826755 54.616020
v 23.120457 1.826755 55.817722
v 20.353762 1.826755 56.884954
v 17.538033 1.826755 57.815145
v 14.680053 1.826755 58.606055
v 11.786707 1.826755 59.255777
v 8.864966 1.826755 59.762747
v 5.921869 1.826755 60.125744
v 2.964505 1.826755 60.343892
v 0.000000 1.826755 60.416667
v -2.964505 1.826755 60.343892
v -5.921869 1.826755 60.125744
v -8.864966 1.826755 59.762747
v -11.786707 1.826755 59.255777
v -14.680053 1.826755 58.606055
v -17.538033 1.826755 57.815145
v -20.353762 1.826755 56.884954
v -23.120457 1.826755 55.817722
v -25.831454 1.826755 54.616020
v -28.480220 1.826755 53.282743
v -31.060374 1.826755 51.821104
v -33.565702 1.826755 50.234622
v -35.990166 1.826755 48.527122
v -38.327928 1.826755 46.702715
v -40.573354 1.826755 44.765797
v -42.721035 1.826755 42.721035
v -44.765797 1.826755 40.573354
v -46.702715 1.826755 38.327928
v -48.527122 1.826755 35.990166
v -50.234622 1.826755 33.565702
v -51.821104 1.826755 31.060374
v -53.282743 1.826755 28.480220
v -54.616020 1.826755 25.831454
v -55.817722 1.826755 23.120457
v -56.884954 1.826755 20.353762
v -57.815145 1.826755 17.538033
v -58.606055 1.826755 14.680053
v -59.255777 1.826755 11.786707
v -59.762747 1.826755 8.864966
v -60.125744 1.826755 5.921869
v -60.343892 1.826755 2.964505
v -60.416667 1.826755 0.000000
v -60.343892 1.826755 -2.964505
v -60.125744 1.826755 -5.921869
v -59.762747 1.826755 -8.864966
v -59.255777 1.826755 -11.786707
v -58.606055 1.826755 -14.680053
v -57.815145 1.826755 -17.538033
v -56.884954 1.826755 -20.353762
v -55.817722 1.826755 -23.120457
v -54.616020 1.826755 -25.831454
v -53.282743 1.826755 -28.480220
v -51.821104 1.826755 -31.060374
v -50.234622 1.826755 -33.565702
v -48.527122 1.826755 -35.990166
v -46.702715 1.826755 -38.327928
v -44.765797 1.826755 -40.573354
v -42.721035 1.826755 -42.721035
v -40.573354 1.826755 -44.765797
v -38.327928 1.826755 -46.702715
v -35.990166 1.826755 -48.527122
v -33.565702 1.826755 -50.234622
v -31.060374 1.826755 -51.821104
v -28.480220 1.826755 -53.282743
v -25.831454 1.826755 -54.616020
v -23.120457 1.826755 -55.817722
v -20.353762 1.826755 -56.884954
v -17.538033 1.826755 -57.815145
v -14.680053 1.826755 -58.606055
v -11.786707 1.826755 -59.255777
v -8.864966 1.826755 -59.762747
v -5.921869 1.826755 -60.125744
v -2.964505 1.826755 -60.343892
v -0.000000 1.826755 -60.416667
v 2.964505 1.826755 -60.343892
v 5.921869 1.826755 -60.125744
v 8.864966 1.826755 -59.762747
v 11.786707 1.826755 -59.255777
v 14.680053 1.826755 -58.606055
v 17.538033 1.826755 -57.815145
v 20.353762 1.826755 -56.884954
v 23.120457 1.826755 -55.817722
v 25.831454 1.826755 -54.616020
v 28.480220 1.826755 -53.282743
v 31.060374 1.826755 -51.821104
v 33.565702 1.826755 -50.234622
v 35.990166 1.826755 -48.527122
v 38.327928 1.826755 -46.702715
v 40.573354 1.826755 -44.765797
v 42.721035 1.826755 -42.721035
v 44.765797 1.826755 -40.573354
v 46.702715 1.826755 -38.327928
v 48.527122 1.826755 -35.990166
v 50.234622 1.826755 -33.565702
v 51.821104 1.826755 -31.060374
v 53.282743 1.826755 -28.480220
v 54.616020 1.826755 -25.831454
v 55.817722 1.826755 -23.120457
v 56.884954 1.826755 -20.353762
v 57.815145 1.826755 -17.538033
v 58.606055 1.826755 -14.680053
v 59.255777 1.826755 -11.786707
v 59.762747 1.826755 -8.864966
v 60.125744 1.826755 -5.921869
v 60.343892 1.826755 -2.964505
v 61.458333 1.890350 0.000000
v 61.384304 1.890350 3.015617
v 61.162395 1.890350 6.023970
v 60.793140 1.890350 9.017810
v 60.277429 1.890350 11.989926
v 59.616504 1.890350 14.933157
v 58.811958 1.890350 17.840412
v 57.865729 1.890350 20.704689
v 56.780096 1.890350 23.519086
v 55.557675 1.890350 26.276823
v 54.201411 1.890350 28.971258
v 52.714571 1.890350 31.595898
v 51.100737 1.890350 34.144421
v 49.363796 1.890350 36.610686
v 47.507934 1.890350 38.988754
v 45.537621 1.890350 41.272894
v 43.457604 1.890350 43.457604
v 41.272894 1.890350 45.537621
v 38.988754 1.890350 47.507934
v 36.610686 1.890350 49.363796
v 34.144421 1.890350 51.100737
v 31.595898 1.890350 52.714571
v 28.971258 1.890350 54.201411
v 26.276823 1.890350 55.557675
v 23.519086 1.890350 56.780096
v 20.704689 1.890350 57.865729
v 17.840412 1.890350 58.811958
v 14.933157 1.890350 59.616504
v 11.989926 1.890350 60.277429
v 9.017810 1.890350 60.793140
v 6.023970 1.890350 61.162395
v 3.015617 1.890350 61.384304
v 0.000000 1.890350 61.458333
v -3.015617 1.890350 61.384304
v -6.023970 1.890350 61.162395
v -9.017810 1.890350 60.793140
v -11.989926 1.890350 60.277429
v -14.933157 1.890350 59.616504
v -17.840412 1.890350 58.811958
v -20.704689 1.890350 57.865729
v -23.519086 1.890350 56.780096
v -26.276823 1.890350 55.557675
v -28.971258 1.890350 54.201411
v -31.595898 1.890350 52.714571
v -34.144421 1.890350 51.100737
v -36.610686 1.890350 49.363796
v -38.988754 1.890350 47.507934
v -41.272894 1.890350 45.537621
v -43.457604 1.890350 43.457604
v -45.537621 1.890350 41.272894
v -47.507934 1.890350 38.988754
v -49.363796 1.890350 36.610686
v -51.100737 1.890350 34.144421
v -52.714571 1.890350 31.595898
v -54.201411 1.890350 28.971258
v -55.557675 1.890350 26.276823
v -56.780096 1.890350 23.519086
v -57.865729 1.890350 20.704689
v -58.811958 1.890350 17.840412
v -59.616504 1.890350 14.933157
v -60.277429 1.890350 11.989926
v -60.793140 1.890350 9.017810
v -61.162395 1.890350 6.023970
v -61.384304 1.890350 3.015617
v -61.458333 1.890350 0.000000
v -61.384304 1.890350 -3.015617
v -61.162395 1.890350 -6.023970
v -60.793140 1.890350 -9.017810
v -60.277429 1.890350 -11.989926
v -59.616504 1.890350 -14.933157
v -58.811958 1.890350 -17.840412
v -57.865729 1.890350 -20.704689
v -56.780096 1.890350 -23.519086
v -55.557675 1.890350 -26.276823
v -54.201411 1.890350 -28.971258
v -52.714571 1.890350 -31.595898
v -51.100737 1.890350 -34.144421
v -49.363796 1.890350 -36.610686
v -47.507934 1.890350 -38.988754
v -45.537621 1.890350 -41.272894
v -43.457604 1.890350 -43.457604
v -41.272894 1.890350 -45.537621
v -38.988754 1.890350 -47.507934
v -36.610686 1.890350 -49.363796
v -34.144421 1.890350 -51.100737
v -31.595898 1.890350 -52.714571
v -28.971258 1.890350 -54.201411
v -26.276823 1.890350 -55.557675
v -23.519086 1.890350 -56.780096
v -20.704689 1.890350 -57.865729
v -17.840412 1.890350 -58.811958
v -14.933157 1.890350 -59.616504
v -11.989926 1.890350 -60.277429
v -9.017810 1.890350 -60.793140
v -6.023970 1.890350 -61.162395
v -3.015617 1.890350 -61.384304
v -0.000000 1.890350 -61.458333
v 3.015617 1.890350 -61.384304
v 6.023970 1.890350 -61.162395
v 9.017810 1.890350 -60.793140
v 11.989926 1.890350 -60.277429
v 14.933157 1.890350 -59.616504
v 17.840412 1.890350 -58.811958
v 20.704689 1.890350 -57.865729
v 23.519086 1.890350 -56.780096
v 26.276823 1.890350 -55.557675
v 28.971258 1.890350 -54.201411
v 31.595898 1.890350 -52.714571
v 34.144421 1.890350 -51.100737
v 36.610686 1.890350 -49.363796
v 38.988754 1.890350 -47.507934
v 41.272894 1.890350 -45.537621
v 43.457604 1.890350 -43.457604
v 45.537621 1.890350 -41.272894
v 47.507934 1.890350 -38.988754
v 49.363796 1.890350 -36.610686
v 51.100737 1.890350 -34.144421
v 52.714571 1.890350 -31.595898
v 54.201411 1.890350 -28.971258
v 55.557675 1.890350 -26.276823
v 56.780096 1.890350 -23.519086
v 57.865729 1.890350 -20.704689
v 58.811958 1.890350 -17.840412
v 59.616504 1.890350 -14.933157
v 60.277429 1.890350 -11.989926
v 60.793140 1.890350 -9.017810
v 61.162395 1.890350 -6.023970
v 61.384304 1.890350 -3.015617
v 62.500000 1.955036 0.000000
v 62.424716 1.955036 3.066730
v 62.199045 1.955036 6.126071
v 61.823532 1.955036 9.170655
v 61.299080 1.955036 12.193145
v 60.626953 1.955036 15.186261
v 59.808771 1.955036 18.142792
v 58.846504 1.955036 21.055616
v 57.742471 1.955036 23.917715
v 56.499331 1.955036 26.722193
v 55.120079 1.955036 29.462296
v 53.608038 1.955036 32.131422
v 51.966851 1.955036 34.723140
v 50.200471 1.955036 37.231207
v 48.313153 1.955036 39.649580
v 46.309445 1.955036 41.972435
v 44.194174 1.955036 44.194174
v 41.972435 1.955036 46.309445
v 39.649580 1.955036 48.313153
v 37.231207 1.955036 50.200471
v 34.723140 1.955036 51.966851
v 32.131422 1.955036 53.608038
v 29.462296 1.955036 55.120079
v 26.722193 1.955036 56.499331
v 23.917715 1.955036 57.742471
v 21.055616 1.955036 58.846504
v 18.142792 1.955036 59.808771
v 15.186261 1.955036 60.626953
v 12.193145 1.955036 61.299080
v 9.170655 1.955036 61.823532
v 6.126071 1.955036 62.199045
v 3.066730 1.955036 62.424716
v 0.000000 1.955036 62.500000
v -3.066730 1.955036 62.424716
v -6.126071 1.955036 62.199045
v -9.170655 1.955036 61.823532
v -12.193145 1.955036 61.299080
v -15.186261 1.955036 60.626953
v -18.142792 1.955036 59.808771
v -21.055616 1.955036 58.846504
v -23.917715 1.955036 57.742471
v -26.722193 1.955036 56.499331
v -29.462296 1.955036 55.120079
v -32.131422 1.955036 53.608038
v -34.723140 1.955036 51.966851
v -37.231207 1.955036 50.200471
v -39.649580 1.955036 48.313153
v -41.972435 1.955036 46.309445
v -44.194174 1.955036 44.194174
v -46.309445 1.955036 41.972435
v -48.313153 1.955036 39.649580
v -50.200471 1.955036 37.231207
v -51.966851 1.955036 34.723140
v -53.608038 1.955036 32.131422
v -55.120079 1.955036 29.462296
v -56.499331 1.955036 26.722193
v -57.742471 1.955036 23.917715
v -58.846504 1.955036 21.055616
v -59.808771 1.955036 18.142792
v -60.626953 1.955036 15.186261
v -61.299080 1.955036 12.193145
v -61.823532 1.955036 9.170655
v -62.199045 1.955036 6.126071
v -62.424716 1.955036 3.066730
v -62.500000 1.955036 0.000000
v -62.424716 1.955036 -3.066730
v -62.199045 1.955036 -6.126071
v -61.823532 1.955036 -9.170655
v -61.299080 1.955036 -12.193145
v -60.626953 1.955036 -15.186261
v -59.808771 1.955036 -18.142792
v -58.846504 1.955036 -21.055616
v -57.742471 1.955036 -23.917715
v -56.499331 1.955036 -26.722193
v -55.120079 1.955036 -29.462296
v -53.608038 1.955036 -32.131422
v -51.966851 1.955036 -34.723140
v -50.200471 1.955036 -37.231207
v -48.313153 1.955036 -39.649580
v -46.309445 1.955036 -41.972435
v -44.194174 1.955036 -44.194174
v -41.972435 1.955036 -46.309445
v -39.649580 1.955036 -48.313153
v -37.231207 1.955036 -50.200471
v -34.723140 1.955036 -51.966851
v -32.131422 1.955036 -53.608038
v -29.462296 1.955036 -55.120079
v -26.722193 1.955036 -56.499331
v -23.917715 1.955036 -57.742471
v -21.055616 1.955036 -58.846504
v -18.142792 1.955036 -59.808771
v -15.186261 1.955036 -60.626953
v -12.193145 1.955036 -61.299080
v -9.170655 1.955036 -61.823532
v -6.126071 1.955036 -62.199045
v -3.066730 1.955036 -62.424716
v -0.000000 1.955036 -62.500000
v 3.066730 1.955036 -62.424716
v 6.126071 1.955036 -62.199045
v 9.170655 1.955036 -61.823532
v 12.193145 1.955036 -61.299080
v 15.186261 1.955036 -60.626953
v 18.142792 1.955036 -59.808771
v 21.055616 1.955036 -58.846504
v 23.917715 1.955036 -57.742471
v 26.722193 1.955036 -56.499331
v 29.462296 1.955036 -55.120079
v 32.131422 1.955036 -53.608038
v 34.723140 1.955036 -51.966851
v 37.231207 1.955036 -50.200471
v 39.649580 1.955036 -48.313153
v 41.972435 1.955036 -46.309445
v 44.194174 1.955036 -44.194174
v 46.309445 1.955036 -41.972435
v 48.313153 1.955036 -39.649580
v 50.200471 1.955036 -37.231207
v 51.966851 1.955036 -34.723140
v 53.608038 1.955036 -32.131422
v 55.120079 1.955036 -29.462296
v 56.499331 1.955036 -26.722193
v 57.742471 1.955036 -23.917715
v 58.846504 1.955036 -21.055616
v 59.808771 1.955036 -18.142792
v 60.626953 1.955036 -15.186261
v 61.299080 1.955036 -12.193145
v 61.823532 1.955036 -9.170655
v 62.199045 1.955036 -6.126071
v 62.424716 1.955036 -3.066730
v 63.541667 2.020814 0.000000
v 63.465128 2.020814 3.117842
v 63.235696 2.020814 6.228172
v 62.853924 2.020814 9.323499
v 62.320731 2.020814 12.396364
v 61.637403 2.020814 15.439366
v 60.805584 2.020814 18.445172
v 59.827279 2.020814 21.406543
v 58.704845 2.020814 24.316343
v 57.440986 2.020814 27.167563
v 56.038747 2.020814 29.953334
v 54.501505 2.020814 32.666945
v 52.832965 2.020814 35.301859
v 51.037145 2.020814 37.851727
v 49.118373 2.020814 40.310407
v 47.081269 2.020814 42.671975
v 44.930743 2.020814 44.930743
v 42.671975 2.020814 47.081269
v 40.310407 2.020814 49.118373
v 37.851727 2.020814 51.037145
v 35.301859 2.020814 52.832965
v 32.666945 2.020814 54.501505
v 29.953334 2.020814 56.038747
v 27.167563 2.020814 57.440986
v 24.316343 2.020814 58.704845
v 21.406543 2.020814 59.827279
v 18.445172 2.020814 60.805584
v 15.439366 2.020814 61.637403
v 12.396364 2.020814 62.320731
v 9.323499 2.020814 62.853924
v 6.228172 2.020814 63.235696
v 3.117842 2.020814 63.465128
v 0.000000 2.020814 63.541667
v -3.117842 2.020814 63.465128
v -6.228172 2.020814 63.235696
v -9.323499 2.020814 62.853924
v -12.396364 2.020814 62.320731
v -15.439366 2.020814 61.637403
v -18.445172 2.020814 60.805584
v -21.406543 2.020814 59.827279
v -24.316343 2.020814 58.704845
v -27.167563 2.020814 57.440986
v -29.953334 2.020814 56.038747
v -32.666945 2.020814 54.501505
v -35.301859 2.020814 52.832965
v -37.851727 2.020814 51.037145
v -40.310407 2.020814 49.118373
v -42.671975 2.020814 47.081269
v -44.930743 2.020814 44.930743
v -47.081269 2.020814 42.671975
v -49.118373 2.020814 40.310407
v -51.037145 2.020814 37.851727
v -52.832965 2.020814 35.301859
v -54.501505 2.020814 32.666945
v -56.038747 2.020814 29.953334
v -57.440986 2.020814 27.167563
v -58.704845 2.020814 24.316343
v -59.827279 2.020814 21.406543
v -60.805584 2.020814 18.445172
v -61.637403 2.020814 15.439366
v -62.320731 2.020814 12.396364
v -62.853924 2.020814 9.323499
v -63.235696 2.020814 6.228172
v -63.465128 2.020814 3.117842
v -63.541667 2.020814 0.000000
v -63.465128 2.020814 -3.117842
v -63.235696 2.020814 -6.228172
v -62.853924 2.020814 -9.323499
v -62.320731 2.020814 -12.396364
v -61.637403 2.020814 -15.439366
v -60.805584 2.020814 -18.445172
v -59.827279 2.020814 -21.406543
v -58.704845 2.020814 -24.316343
v -57.440986 2.020814 -27.167563
v -56.038747 2.020814 -29.953334
v -54.501505 2.020814 -32.666945
v -52.832965 2.020814 -35.301859
v -51.037145 2.020814 -37.851727
v -49.118373 2.020814 -40.310407
v -47.081269 2.020814 -42.671975
v -44.930743 2.020814 -44.930743
v -42.671975 2.020814 -47.081269
v -40.310407 2.020814 -49.118373
v -37.851727 2.020814 -51.037145
v -35.301859 2.020814 -52.832965
v -32.666945 2.020814 -54.501505
v -29.953334 2.020814 -56.038747
v -27.167563 2.020814 -57.440986
v -24.316343 2.020814 -58.704845
v -21.406543 2.020814 -59.827279
v -18.445172 2.020814 -60.805584
v -15.439366 2.020814 -61.637403
v -12.396364 2.020814 -62.320731
v -9.323499 2.020814 -62.853924
v -6.228172 2.020814 -63.235696
v -3.117842 2.020814 -63.465128
v -0.000000 2.020814 -63.541667
v 3.117842 2.020814 -63.465128
v 6.228172 2.020814 -63.235696
v 9.323499 2.020814 -62.853924
v 12.396364 2.020814 -62.320731
v 15.439366 2.020814 -61.637403
v 18.445172 2.020814 -60.805584
v 21.406543 2.020814 -59.827279
v 24.316343 2.020814 -58.704845
v 27.167563 2.020814 -57.440986
v 29.953334 2.020814 -56.038747
v 32.666945 2.020814 -54.501505
v 35.301859 2.020814 -52.832965
v 37.851727 2.020814 -51.037145
v 40.310407 2.020814 -49.118373
v 42.671975 2.020814 -47.081269
v 44.930743 2.020814 -44.930743
v 47.081269 2.020814 -42.671975
v 49.118373 2.020814 -40.310407
v 51.037145 2.020814 -37.851727
v 52.832965 2.020814 -35.301859
v 54.501505 2.020814 -32.666945
v 56.038747 2.020814 -29.953334
v 57.440986 2.020814 -27.167563
v 58.704845 2.020814 -24.316343
v 59.827279 2.020814 -21.406543
v 60.805584 2.020814 -18.445172
v 61.637403 2.020814 -15.439366
v 62.320731 2.020814 -12.396364
v 62.853924 2.020814 -9.323499
v 63.235696 2.020814 -6.228172
v 63.465128 2.020814 -3.117842
v 64.583333 2.087683 0.000000
v 64.505540 2.087683 3.168954
v 64.272347 2.087683 6.330274
v 63.884316 2.087683 9.476343
v 63.342383 2.087683 12.599583
v 62.647852 2.087683 15.692470
v 61.802397 2.087683 18.747552
v 60.808054 2.087683 21.757470
v 59.667220 2.087683 24.714972
v 58.382642 2.087683 27.612933
v 56.957415 2.087683 30.444373
v 55.394973 2.087683 33.202469
v 53.699079 2.087683 35.880578
v 51.873820 2.087683 38.472247
v 49.923592 2.087683 40.971233
v 47.853094 2.087683 43.371516
v 45.667313 2.087683 45.667313
v 43.371516 2.087683 47.853094
v 40.971233 2.087683 49.923592
v 38.472247 2.087683 51.873820
v 35.880578 2.087683 53.699079
v 33.202469 2.087683 55.394973
v 30.444373 2.087683 56.957415
v 27.612933 2.087683 58.382642
v 24.714972 2.087683 59.667220
v 21.757470 2.087683 60.808054
v 18.747552 2.087683 61.802397
v 15.692470 2.087683 62.647852
v 12.599583 2.087683 63.342383
v 9.476343 2.087683 63.884316
v 6.330274 2.087683 64.272347
v 3.168954 2.087683 64.505540
v 0.000000 2.087683 64.583333
v -3.168954 2.087683 64.505540
v -6.330274 2.087683 64.272347
v -9.476343 2.087683 63.884316
v -12.599583 2.087683 63.342383
v -15.692470 2.087683 62.647852
v -18.747552 2.087683 61.802397
v -21.757470 2.087683 60.808054
v -24.714972 2.087683 59.667220
v -27.612933 2.087683 58.382642
v -30.444373 2.087683 56.957415
v -33.202469 2.087683 55.394973
v -35.880578 2.087683 53.699079
v -38.472247 2.087683 51.873820
v -40.971233 2.087683 49.923592
v -43.371516 2.087683 47.853094
v -45.667313 2.087683 45.667313
v -47.853094 2.087683 43.371516
v -49.923592 2.087683 40.971233
v -51.873820 2.087683 38.472247
v -53.699079 2.087683 35.880578
v -55.394973 2.087683 33.202469
v -56.957415 2.087683 30.444373
v -58.382642 2.087683 27.612933
v -59.667220 2.087683 24.714972
v -60.808054 2.087683 21.757470
v -61.802397 2.087683 18.747552
v -62.647852 2.087683 15.692470
v -63.342383 2.087683 12.599583
v -63.884316 2.087683 9.476343
v -64.272347 2.087683 6.330274
v -64.505540 2.087683 3.168954
v -64.583333 2.087683 0.000000
v -64.505540 2.087683 -3.168954
v -64.272347 2.087683 -6.330274
v -63.884316 2.087683 -9.476343
v -63.342383 2.087683 -12.599583
v -62.647852 2.087683 -15.692470
v -61.802397 2.087683 -18.747552
v -60.808054 2.087683 -21.757470
v -59.667220 2.087683 -24.714972
v -58.382642 2.087683 -27.612933
v -56.957415 2.087683 -30.444373
v -55.394973 2.087683 -33.202469
v -53.699079 2.087683 -35.880578
v -51.873820 2.087683 -38.472247
v -49.923592 2.087683 -40.971233
v -47.853094 2.087683 -43.371516
v -45.667313 2.087683 -45.667313
v -43.371516 2.087683 -47.853094
v -40.971233 2.087683 -49.923592
v -38.472247 2.087683 -51.873820
v -35.880578 2.087683 -53.699079
v -33.202469 2.087683 -55.394973
v -30.444373 2.087683 -56.957415
v -27.612933 2.087683 -58.382642
v -24.714972 2.087683 -59.667220
v -21.757470 2.087683 -60.808054
v -18.747552 2.087683 -61.802397
v -15.692470 2.087683 -62.647852
v -12.599583 2.087683 -63.342383
v -9.476343 2.087683 -63.884316
v -6.330274 2.087683 -64.272347
v -3.168954 2.087683 -64.505540
v -0.000000 2.087683 -64.583333
v 3.168954 2.087683 -64.505540
v 6.330274 2.087683 -64.272347
v 9.476343 2.087683 -63.884316
v 12.599583 2.087683 -63.342383
v 15.692470 2.087683 -62.647852
v 18.747552 2.087683 -61.802397
v 21.757470 2.087683 -60.808054
v 24.714972 2.087683 -59.667220
v 27.612933 2.087683 -58.382642
v 30.444373 2.087683 -56.957415
v 33.202469 2.087683 -55.394973
v 35.880578 2.087683 -53.699079
v 38.472247 2.087683 -51.873820
v 40.971233 2.087683 -49.923592
v 43.371516 2.087683 -47.853094
v 45.667313 2.087683 -45.667313
v 47.853094 2.087683 -43.371516
v 49.923592 2.087683 -40.971233
v 51.873820 2.087683 -38.472247
v 53.699079 2.087683 -35.880578
v 55.394973 2.087683 -33.202469
v 56.957415 2.087683 -30.444373
v 58.382642 2.087683 -27.612933
v 59.667220 2.087683 -24.714972
v 60.808054 2.087683 -21.757470
v 61.802397 2.087683 -18.747552
v 62.647852 2.087683 -15.692470
v 63.342383 2.087683 -12.599583
v 63.884316 2.087683 -9.476343
v 64.272347 2.087683 -6.330274
v 64.505540 2.087683 -3.168954
v 65.625000 2.155644 0.000000
v 65.545952 2.155644 3.220066
v 65.308998 2.155644 6.432375
v 64.914708 2.155644 9.629187
v 64.364034 2.155644 12.802802
v 63.658301 2.155644 15.945574
v 62.799210 2.155644 19.049932
v 61.788829 2.155644 22.108397
v 60.629594 2.155644 25.113600
v 59.324297 2.155644 28.058303
v 57.876083 2.155644 30.935411
v 56.288440 2.155644 33.737993
v 54.565193 2.155644 36.459297
v 52.710494 2.155644 39.092767
v 50.728811 2.155644 41.632059
v 48.624918 2.155644 44.071056
v 46.403883 2.155644 46.403883
v 44.071056 2.155644 48.624918
v 41.632059 2.155644 50.728811
v 39.092767 2.155644 52.710494
v 36.459297 2.155644 54.565193
v 33.737993 2.155644 56.288440
v 30.935411 2.155644 57.876083
v 28.058303 2.155644 59.324297
v 25.113600 2.155644 60.629594
v 22.108397 2.155644 61.788829
v 19.049932 2.155644 62.799210
v 15.945574 2.155644 63.658301
v 12.802802 2.155644 64.364034
v 9.629187 2.155644 64.914708
v 6.432375 2.155644 65.308998
v 3.220066 2.155644 65.545952
v 0.000000 2.155644 65.625000
v -3.220066 2.155644 65.545952
v -6.432375 2.155644 65.308998
v -9.629187 2.155644 64.914708
v -12.802802 2.155644 64.364034
v -15.945574 2.155644 63.658301
v -19.049932 2.155644 62.799210
v -22.108397 2.155644 61.788829
v -25.113600 2.155644 60.629594
v -28.058303 2.155644 59.324297
v -30.935411 2.155644 57.876083
v -33.737993 2.155644 56.288440
v -36.459297 2.155644 54.565193
v -39.092767 2.155644 52.710494
v -41.632059 2.155644 50.728811
v -44.071056 2.155644 48.624918
v -46.403883 2.155644 46.403883
v -48.624918 2.155644 44.071056
v -50.728811 2.155644 41.632059
v -52.710494 2.155644 39.092767
v -54.565193 2.155644 36.459297
v -56.288440 2.155644 33.737993
v -57.876083 2.155644 30.935411
v -59.324297 2.155644 28.058303
v -60.629594 2.155644 25.113600
v -61.788829 2.155644 22.108397
v -62.799210 2.155644 19.049932
v -63.658301 2.155644 15.945574
v -64.364034 2.155644 12.802802
v -64.914708 2.155644 9.629187
v -65.308998 2.155644 6.432375
v -65.545952 2.155644 3.220066
v -65.625000 2.155644 0.000000
v -65.545952 2.155644 -3.220066
v -65.308998 2.155644 -6.432375
v -64.914708 2.155644 -9.629187
v -64.364034 2.155644 -12.802802
v -63.658301 2.155644 -15.945574
v -62.799210 2.155644 -19.049932
v -61.788829 2.155644 -22.108397
v -60.629594 2.155644 -25.113600
v -59.324297 2.155644 -28.058303
v -57.876083 2.155644 -30.935411
v -56.288440 2.155644 -33.737993
v -54.565193 2.155644 -36.459297
v -52.710494 2.155644 -39.092767
v -50.728811 2.155644 -41.632059
v -48.624918 2.155644 -44.071056
v -46.403883 2.155644 -46.403883
v -44.071056 2.155644 -48.624918
v -41.632059 2.155644 -50.728811
v -39.092767 2.155644 -52.710494
v -36.459297 2.155644 -54.565193
v -33.737993 2.155644 -56.288440
v -30.935411 2.155644 -57.876083
v -28.058303 2.155644 -59.324297
v -25.113600 2.155644 -60.629594
v -22.108397 2.155644 -61.788829
v -19.049932 2.155644 -62.799210
v -15.945574 2.155644 -63.658301
v -12.802802 2.155644 -64.364034
v -9.629187 2.155644 -64.914708
v -6.432375 2.155644 -65.308998
v -3.220066 2.155644 -65.545952
v -0.000000 2.155644 -65.625000
v 3.220066 2.155644 -65.545952
v 6.432375 2.155644 -65.308998
v 9.629187 2.155644 -64.914708
v 12.802802 2.155644 -64.364034
v 15.945574 2.155644 -63.658301
v 19.049932 2.155644 -62.799210
v 22.108397 2.155644 -61.788829
v 25.113600 2.155644 -60.629594
v 28.058303 2.155644 -59.324297
v 30.935411 2.155644 -57.876083
v 33.737993 2.155644 -56.288440
v 36.459297 2.155644 -54.565193
v 39.092767 2.155644 -52.710494
v 41.632059 2.155644 -50.728811
v 44.071056 2.155644 -48.624918
v 46.403883 2.155644 -46.403883
v 48.624918 2.155644 -44.071056
v 50.728811 2.155644 -41.632059
v 52.710494 2.155644 -39.092767
v 54.565193 2.155644 -36.459297
v 56.288440 2.155644 -33.737993
v 57.876083 2.155644 -30.935411
v 59.324297 2.155644 -28.058303
v 60.629594 2.155644 -25.113600
v 61.788829 2.155644 -22.108397
v 62.799210 2.155644 -19.049932
v 63.658301 2.155644 -15.945574
v 64.364034 2.155644 -12.802802
v 64.914708 2.155644 -9.629187
v 65.308998 2.155644 -6.432375
v 65.545952 2.155644 -3.220066
v 66.666667 2.224697 0.000000
v 66.586364 2.224697 3.271178
v 66.345648 2.224697 6.534476
v 65.945101 2.224697 9.782032
v 65.385685 2.224697 13.006021
v 64.668750 2.224697 16.198679
v 63.796022 2.224697 19.352312
v 62.769604 2.224697 22.459324
v 61.591969 2.224697 25.512229
v 60.265953 2.224697 28.503673
v 58.794751 2.224697 31.426449
v 57.181907 2.224697 34.273516
v 55.431307 2.224697 37.038016
v 53.547169 2.224697 39.713287
v 51.534030 2.224697 42.292886
v 49.396742 2.224697 44.770597
v 47.140452 2.224697 47.140452
v 44.770597 2.224697 49.396742
v 42.292886 2.224697 51.534030
v 39.713287 2.224697 53.547169
v 37.038016 2.224697 55.431307
v 34.273516 2.224697 57.181907
v 31.426449 2.224697 58.794751
v 28.503673 2.224697 60.265953
v 25.512229 2.224697 61.591969
v 22.459324 2.224697 62.769604
v 19.352312 2.224697 63.796022
v 16.198679 2.224697 64.668750
v 13.006021 2.224697 65.385685
v 9.782032 2.224697 65.945101
v 6.534476 2.224697 66.345648
v 3.271178 2.224697 66.586364
v 0.000000 2.224697 66.666667
v -3.271178 2.224697 66.586364
v -6.534476 2.224697 66.345648
v -9.782032 2.224697 65.945101
v -13.006021 2.224697 65.385685
v -16.198679 2.224697 64.668750
v -19.352312 2.224697 63.796022
v -22.459324 2.224697 62.769604
v -25.512229 2.224697 61.591969
v -28.503673 2.224697 60.265953
v -31.426449 2.224697 58.794751
v -34.273516 2.224697 57.181907
v -37.038016 2.224697 55.431307
v -39.713287 2.224697 53.547169
v -42.292886 2.224697 51.534030
v -44.770597 2.224697 49.396742
v -47.140452 2.224697 47.140452
v -49.396742 2.224697 44.770597
v -51.534030 2.224697 42.292886
v -53.547169 2.224697 39.713287
v -55.431307 2.224697 37.038016
v -57.181907 2.224697 34.273516
v -58.794751 2.224697 31.426449
v -60.265953 2.224697 28.503673
v -61.591969 2.224697 25.512229
v -62.769604 2.224697 22.459324
v -63.796022 2.224697 19.352312
v -64.668750 2.224697 16.198679
v -65.385685 2.224697 13.006021
v -65.945101 2.224697 9.782032
v -66.345648 2.224697 6.534476
v -66.586364 2.224697 3.271178
v -66.666667 2.224697 0.000000
v -66.586364 2.224697 -3.271178
v -66.345648 2.224697 -6.534476
v -65.945101 2.224697 -9.782032
v -65.385685 2.224697 -13.006021
v -64.668750 2.224697 -16.198679
v -63.796022 2.224697 -19.352312
v -62.769604 2.224697 -22.459324
v -61.591969 2.224697 -25.512229
v -60.265953 2.224697 -28.503673
v -58.794751 2.224697 -31.426449
v -57.181907 2.224697 -34.273516
v -55.431307 2.224697 -37.038016
v -53.547169 2.224697 -39.713287
v -51.534030 2.224697 -42.292886
v -49.396742 2.224697 -44.770597
v -47.140452 2.224697 -47.140452
v -44.770597 2.224697 -49.396742
v -42.292886 2.224697 -51.534030
v -39.713287 2.224697 -53.547169
v -37.038016 2.224697 -55.431307
v -34.273516 2.224697 -57.181907
v -31.426449 2.224697 -58.794751
v -28.503673 2.224697 -60.265953
v -25.512229 2.224697 -61.591969
v -22.459324 2.224697 -62.769604
v -19.352312 2.224697 -63.796022
v -16.198679 2.224697 -64.668750
v -13.006021 2.224697 -65.385685
v -9.782032 2.224697 -65.945101
v -6.534476 2.224697 -66.345648
v -3.271178 2.224697 -66.586364
v -0.000000 2.224697 -66.666667
v 3.271178 2.224697 -66.586364
v 6.534476 2.224697 -66.345648
v 9.782032 2.224697 -65.945101
v 13.006021 2.224697 -65.385685
v 16.198679 2.224697 -64.668750
v 19.352312 2.224697 -63.796022
v 22.459324 2.224697 -62.769604
v 25.512229 2.224697 -61.591969
v 28.503673 2.224697 -60.265953
v 31.426449 2.224697 -58.794751
v 34.273516 2.224697 -57.181907
v 37.038016 2.224697 -55.431307
v 39.713287 2.224697 -53.547169
v 42.292886 2.224697 -51.534030
v 44.770597 2.224697 -49.396742
v 47.140452 2.224697 -47.140452
v 49.396742 2.224697 -44.770597
v 51.534030 2.224697 -42.292886
v 53.547169 2.224697 -39.713287
v 55.431307 2.224697 -37.038016
v 57.181907 2.224697 -34.273516
v 58.794751 2.224697 -31.426449
v 60.265953 2.224697 -28.503673
v 61.591969 2.224697 -25.512229
v 62.769604 2.224697 -22.459324
v 63.796022 2.224697 -19.352312
v 64.668750 2.224697 -16.198679
v 65.385685 2.224697 -13.006021
v 65.945101 2.224697 -9.782032
v 66.345648 2.224697 -6.534476
v 66.586364 2.224697 -3.271178
v 67.708333 2.294842 0.000000
v 67.626776 2.294842 3.322290
v 67.382299 2.294842 6.636577
v 66.975493 2.294842 9.934876
v 66.407337 2.294842 13.209241
v 65.679199 2.294842 16.451783
v 64.792835 2.294842 19.654692
v 63.750379 2.294842 22.810250
v 62.554343 2.294842 25.910857
v 61.207608 2.294842 28.949043
v 59.713419 2.294842 31.917487
v 58.075375 2.294842 34.809040
v 56.297422 2.294842 37.616735
v 54.383843 2.294842 40.333807
v 52.339249 2.294842 42.953712
v 50.168566 2.294842 45.470138
v 47.877022 2.294842 47.877022
v 45.470138 2.294842 50.168566
v 42.953712 2.294842 52.339249
v 40.333807 2.294842 54.383843
v 37.616735 2.294842 56.297422
v 34.809040 2.294842 58.075375
v 31.917487 2.294842 59.713419
v 28.949043 2.294842 61.207608
v 25.910857 2.294842 62.554343
v 22.810250 2.294842 63.750379
v 19.654692 2.294842 64.792835
v 16.451783 2.294842 65.679199
v 13.209241 2.294842 66.407337
v 9.934876 2.294842 66.975493
v 6.636577 2.294842 67.382299
v 3.322290 2.294842 67.626776
v 0.000000 2.294842 67.708333
v -3.322290 2.294842 67.626776
v -6.636577 2.294842 67.382299
v -9.934876 2.294842 66.975493
v -13.209241 2.294842 66.407337
v -16.451783 2.294842 65.679199
v -19.654692 2.294842 64.792835
v -22.810250 2.294842 63.750379
v -25.910857 2.294842 62.554343
v -28.949043 2.294842 61.207608
v -31.917487 2.294842 59.713419
v -34.809040 2.294842 58.075375
v -37.616735 2.294842 56.297422
v -40.333807 2.294842 54.383843
v -42.953712 2.294842 52.339249
v -45.470138 2.294842 50.168566
v -47.877022 2.294842 47.877022
v -50.168566 2.294842 45.470138
v -52.339249 2.294842 42.953712
v -54.383843 2.294842 40.333807
v -56.297422 2.294842 37.616735
v -58.075375 2.294842 34.809040
v -59.713419 2.294842 31.917487
v -61.207608 2.294842 28.949043
v -62.554343 2.294842 25.910857
v -63.750379 2.294842 22.810250
v -64.792835 2.294842 19.654692
v -65.679199 2.294842 16.451783
v -66.407337 2.294842 13.209241
v -66.975493 2.294842 9.934876
v -67.382299 2.294842 6.636577
v -67.626776 2.294842 3.322290
v -67.708333 2.294842 0.000000
v -67.626776 2.294842 -3.322290
v -67.382299 2.294842 -6.636577
v -66.975493 2.294842 -9.934876
v -66.407337 2.294842 -13.209241
v -65.679199 2.294842 -16.451783
v -64.792835 2.294842 -19.654692
v -63.750379 2.294842 -22.810250
v -62.554343 2.294842 -25.910857
v -61.207608 2.294842 -28.949043
v -59.713419 2.294842 -31.917487
v -58.075375 2.294842 -34.809040
v -56.297422 2.294842 -37.616735
v -54.383843 2.294842 -40.333807
v -52.339249 2.294842 -42.953712
v -50.168566 2.294842 -45.470138
v -47.877022 2.294842 -47.877022
v -45.470138 2.294842 -50.168566
v -42.953712 2.294842 -52.339249
v -40.333807 2.294842 -54.383843
v -37.616735 2.294842 -56.297422
v -34.809040 2.294842 -58.075375
v -31.917487 2.294842 -59.713419
v -28.949043 2.294842 -61.207608
v -25.910857 2.294842 -62.554343
v -22.810250 2.294842 -63.750379
v -19.654692 2.294842 -64.792835
v -16.451783 2.294842 -65.679199
v -13.209241 2.294842 -66.407337
v -9.934876 2.294842 -66.975493
v -6.636577 2.294842 -67.382299
v -3.322290 2.294842 -67.626776
v -0.000000 2.294842 -67.708333
v 3.322290 2.294842 -67.626776
v 6.636577 2.294842 -67.382299
v 9.934876 2.294842 -66.975493
v 13.209241 2.294842 -66.407337
v 16.451783 2.294842 -65.679199
v 19.654692 2.294842 -64.792835
v 22.810250 2.294842 -63.750379
v 25.910857 2.294842 -62.554343
v 28.949043 2.294842 -61.207608
v 31.917487 2.294842 -59.713419
v 34.809040 2.294842 -58.075375
v 37.616735 2.294842 -56.297422
v 40.333807 2.294842 -54.383843
v 42.953712 2.294842 -52.339249
v 45.470138 2.294842 -50.168566
v 47.877022 2.294842 -47.877022
v 50.168566 2.294842 -45.470138
v 52.339249 2.294842 -42.953712
v 54.383843 2.294842 -40.333807
v 56.297422 2.294842 -37.616735
v 58.075375 2.294842 -34.809040
v 59.713419 2.294842 -31.917487
v 61.207608 2.294842 -28.949043
v 62.554343 2.294842 -25.910857
v 63.750379 2.294842 -22.810250
v 64.792835 2.294842 -19.654692
v 65.679199 2.294842 -16.451783
v 66.407337 2.294842 -13.209241
v 66.975493 2.294842 -9.934876
v 67.382299 2.294842 -6.636577
v 67.626776 2.294842 -3.322290
v 68.750000 2.366080 0.000000
v 68.667188 2.366080 3.373403
v 68.418950 2.366080 6.738678
v 68.005885 2.366080 10.087720
v 67.428988 2.366080 13.412460
v 66.689649 2.366080 16.704887
v 65.789648 2.366080 19.957072
v 64.731154 2.366080 23.161177
v 63.516718 2.366080 26.309486
v 62.149264 2.366080 29.394413
v 60.632087 2.366080 32.408526
v 58.968842 2.366080 35.344564
v 57.163536 2.366080 38.195454
v 55.220518 2.366080 40.954327
v 53.144469 2.366080 43.614538
v 50.940390 2.366080 46.169678
v 48.613591 2.366080 48.613591
v 46.169678 2.366080 50.940390
v 43.614538 2.366080 53.144469
v 40.954327 2.366080 55.220518
v 38.195454 2.366080 57.163536
v 35.344564 2.366080 58.968842
v 32.408526 2.366080 60.632087
v 29.394413 2.366080 62.149264
v 26.309486 2.366080 63.516718
v 23.161177 2.366080 64.731154
v 19.957072 2.366080 65.789648
v 16.704887 2.366080 66.689649
v 13.412460 2.366080 67.428988
v 10.087720 2.366080 68.005885
v 6.738678 2.366080 68.418950
v 3.373403 2.366080 68.667188
v 0.000000 2.366080 68.750000
v -3.373403 2.366080 68.667188
v -6.738678 2.366080 68.418950
v -10.087720 2.366080 68.005885
v -13.412460 2.366080 67.428988
v -16.704887 2.366080 66.689649
v -19.957072 2.366080 65.789648
v -23.161177 2.366080 64.731154
v -26.309486 2.366080 63.516718
v -29.394413 2.366080 62.149264
v -32.408526 2.366080 60.632087
v -35.344564 2.366080 58.968842
v -38.195454 2.366080 57.163536
v -40.954327 2.366080 55.220518
v -43.614538 2.366080 53.144469
v -46.169678 2.366080 50.940390
v -48.613591 2.366080 48.613591
v -50.940390 2.366080 46.169678
v -53.144469 2.366080 43.614538
v -55.220518 2.366080 40.954327
v -57.163536 2.366080 38.195454
v -58.968842 2.366080 35.344564
v -60.632087 2.366080 32.408526
v -62.149264 2.366080 29.394413
v -63.516718 2.366080 26.309486
v -64.731154 2.366080 23.161177
v -65.789648 2.366080 19.957072
v -66.689649 2.366080 16.704887
v -67.428988 2.366080 13.412460
v -68.005885 2.366080 10.087720
v -68.418950 2.366080 6.738678
v -68.667188 2.366080 3.373403
v -68.750000 2.366080 0.000000
v -68.667188 2.366080 -3.373403
v -68.418950 2.366080 -6.738678
v -68.005885 2.366080 -10.087720
v -67.428988 2.366080 -13.412460
v -66.689649 2.366080 -16.704887
v -65.789648 2.366080 -19.957072
v -64.731154 2.366080 -23.161177
v -63.516718 2.366080 -26.309486
v -62.149264 2.366080 -29.394413
v -60.632087 2.366080 -32.408526
v -58.968842 2.366080 -35.344564
v -57.163536 2.366080 -38.195454
v -55.220518 2.366080 -40.954327
v -53.144469 2.366080 -43.614538
v -50.940390 2.366080 -46.169678
v -48.613591 2.366080 -48.613591
v -46.169678 2.366080 -50.940390
v -43.614538 2.366080 -53.144469
v -40.954327 2.366080 -55.220518
v -38.195454 2.366080 -57.163536
v -35.344564 2.366080 -58.968842
v -32.408526 2.366080 -60.632087
v -29.394413 2.366080 -62.149264
v -26.309486 2.366080 -63.516718
v -23.161177 2.366080 -64.731154
v -19.957072 2.366080 -65.789648
v -16.704887 2.366080 -66.689649
v -13.412460 2.366080 -67.428988
v -10.087720 2.366080 -68.005885
v -6.738678 2.366080 -68.418950
v -3.373403 2.366080 -68.667188
v -0.000000 2.366080 -68.750000
v 3.373403 2.366080 -68.667188
v 6.738678 2.366080 -68.418950
v 10.087720 2.366080 -68.005885
v 13.412460 2.366080 -67.428988
v 16.704887 2.366080 -66.689649
v 19.957072 2.366080 -65.789648
v 23.161177 2.366080 -64.731154
v 26.309486 2.366080 -63.516718
v 29.394413 2.366080 -62.149264
v 32.408526 2.366080 -60.632087
v 35.344564 2.366080 -58.968842
v 38.195454 2.366080 -57.163536
v 40.954327 2.366080 -55.220518
v 43.614538 2.366080 -53.144469
v 46.169678 2.366080 -50.940390
v 48.613591 2.366080 -48.613591
v 50.940390 2.366080 -46.169678
v 53.144469 2.366080 -43.614538
v 55.220518 2.366080 -40.954327
v 57.163536 2.366080 -38.195454
v 58.968842 2.366080 -35.344564
v 60.632087 2.366080 -32.408526
v 62.149264 2.366080 -29.394413
v 63.516718 2.366080 -26.309486
v 64.731154 2.366080 -23.161177
v 65.789648 2.366080 -19.957072
v 66.689649 2.366080 -16.704887
v 67.428988 2.366080 -13.412460
v 68.005885 2.366080 -10.087720
v 68.418950 2.366080 -6.738678
v 68.667188 2.366080 -3.373403
v 69.791667 2.438411 0.000000
v 69.707600 2.438411 3.424515
v 69.455601 2.438411 6.840780
v 69.036277 2.438411 10.240564
v 68.450639 2.438411 13.615679
v 67.700098 2.438411 16.957992
v 66.786461 2.438411 20.259451
v 65.711930 2.438411 23.512104
v 64.479092 2.438411 26.708115
v 63.090919 2.438411 29.839783
v 61.550755 2.438411 32.899564
v 59.862309 2.438411 35.880087
v 58.029650 2.438411 38.774173
v 56.057192 2.438411 41.574847
v 53.949688 2.438411 44.275365
v 51.712214 2.438411 46.869219
v 49.350161 2.438411 49.350161
v 46.869219 2.438411 51.712214
v 44.275365 2.438411 53.949688
v 41.574847 2.438411 56.057192
v 38.774173 2.438411 58.029650
v 35.880087 2.438411 59.862309
v 32.899564 2.438411 61.550755
v 29.839783 2.438411 63.090919
v 26.708115 2.438411 64.479092
v 23.512104 2.438411 65.711930
v 20.259451 2.438411 66.786461
v 16.957992 2.438411 67.700098
v 13.615679 2.438411 68.450639
v 10.240564 2.438411 69.036277
v 6.840780 2.438411 69.455601
v 3.424515 2.438411 69.707600
v 0.000000 2.438411 69.791667
v -3.424515 2.438411 69.707600
v -6.840780 2.438411 69.455601
v -10.240564 2.438411 69.036277
v -13.615679 2.438411 68.450639
v -16.957992 2.438411 67.700098
v -20.259451 2.438411 66.786461
v -23.512104 2.438411 65.711930
v -26.708115 2.438411 64.479092
v -29.839783 2.438411 63.090919
v -32.899564 2.438411 61.550755
v -35.880087 2.438411 59.862309
v -38.774173 2.438411 58.029650
v -41.574847 2.438411 56.057192
v -44.275365 2.438411 53.949688
v -46.869219 2.438411 51.712214
v -49.350161 2.438411 49.350161
v -51.712214 2.438411 46.869219
v -53.949688 2.438411 44.275365
v -56.057192 2.438411 41.574847
v -58.029650 2.438411 38.774173
v -59.862309 2.438411 35.880087
v -61.550755 2.438411 32.899564
v -63.090919 2.438411 29.839783
v -64.479092 2.438411 26.708115
v -65.711930 2.438411 23.512104
v -66.786461 2.438411 20.259451
v -67.700098 2.438411 16.957992
v -68.450639 2.438411 13.615679
v -69.036277 2.438411 10.240564
v -69.455601 2.438411 6.840780
v -69.707600 2.438411 3.424515
v -69.791667 2.438411 0.000000
v -69.707600 2.438411 -3.424515
v -69.455601 2.438411 -6.840780
v -69.036277 2.438411 -10.240564
v -68.450639 2.438411 -13.615679
v -67.700098 2.438411 -16.957992
v -66.786461 2.438411 -20.259451
v -65.711930 2.438411 -23.512104
v -64.479092 2.438411 -26.708115
v -63.090919 2.438411 -29.839783
v -61.550755 2.438411 -32.899564
v -59.862309 2.438411 -35.880087
v -58.029650 2.438411 -38.774173
v -56.057192 2.438411 -41.574847
v -53.949688 2.438411 -44.275365
v -51.712214 2.438411 -46.869219
v -49.350161 2.438411 -49.350161
v -46.869219 2.438411 -51.712214
v -44.275365 2.438411 -53.949688
v -41.574847 2.438411 -56.057192
v -38.774173 2.438411 -58.029650
v -35.880087 2.438411 -59.862309
v -32.899564 2.438411 -61.550755
v -29.839783 2.438411 -63.090919
v -26.708115 2.438411 -64.479092
v -23.512104 2.438411 -65.711930
v -20.259451 2.438411 -66.786461
v -16.957992 2.438411 -67.700098
v -13.615679 2.438411 -68.450639
v -10.240564 2.438411 -69.036277
v -6.840780 2.438411 -69.455601
v -3.424515 2.438411 -69.707600
v -0.000000 2.438411 -69.791667
v 3.424515 2.438411 -69.707600
v 6.840780 2.438411 -69.455601
v 10.240564 2.438411 -69.036277
v 13.615679 2.438411 -68.450639
v 16.957992 2.438411 -67.700098
v 20.259451 2.438411 -66.786461
v 23.512104 2.438411 -65.711930
v 26.708115 2.438411 -64.479092
v 29.839783 2.438411 -63.090919
v 32.899564 2.438411 -61.550755
v 35.880087 2.438411 -59.862309
v 38.774173 2.438411 -58.029650
v 41.574847 2.438411 -56.057192
v 44.275365 2.438411 -53.949688
v 46.869219 2.438411 -51.712214
v 49.350161 2.438411 -49.350161
v 51.712214 2.438411 -46.869219
v 53.949688 2.438411 -44.275365
v 56.057192 2.438411 -41.574847
v 58.029650 2.438411 -38.774173
v 59.862309 2.438411 -35.880087
v 61.550755 2.438411 -32.899564
v 63.090919 2.438411 -29.839783
v 64.479092 2.438411 -26.708115
v 65.711930 2.438411 -23.512104
v 66.786461 2.438411 -20.259451
v 67.700098 2.438411 -16.957992
v 68.450639 2.438411 -13.615679
v 69.036277 2.438411 -10.240564
v 69.455601 2.438411 -6.840780
v 69.707600 2.438411 -3.424515
v 70.833333 2.511835 0.000000
v 70.748011 2.511835 3.475627
v 70.492251 2.511835 6.942881
v 70.066669 2.511835 10.393409
v 69.472291 2.511835 13.818898
v 68.710547 2.511835 17.211096
v 67.783274 2.511835 20.561831
v 66.692705 2.511835 23.863031
v 65.441467 2.511835 27.106743
v 64.032575 2.511835 30.285152
v 62.469423 2.511835 33.390602
v 60.755777 2.511835 36.415611
v 58.895764 2.511835 39.352892
v 56.893867 2.511835 42.195367
v 54.754907 2.511835 44.936191
v 52.484038 2.511835 47.568759
v 50.086730 2.511835 50.086730
v 47.568759 2.511835 52.484038
v 44.936191 2.511835 54.754907
v 42.195367 2.511835 56.893867
v 39.352892 2.511835 58.895764
v 36.415611 2.511835 60.755777
v 33.390602 2.511835 62.469423
v 30.285152 2.511835 64.032575
v 27.106743 2.511835 65.441467
v 23.863031 2.511835 66.692705
v 20.561831 2.511835 67.783274
v 17.211096 2.511835 68.710547
v 13.818898 2.511835 69.472291
v 10.393409 2.511835 70.066669
v 6.942881 2.511835 70.492251
v 3.475627 2.511835 70.748011
v 0.000000 2.511835 70.833333
v -3.475627 2.511835 70.748011
v -6.942881 2.511835 70.492251
v -10.393409 2.511835 70.066669
v -13.818898 2.511835 69.472291
v -17.211096 2.511835 68.710547
v -20.561831 2.511835 67.783274
v -23.863031 2.511835 66.692705
v -27.106743 2.511835 65.441467
v -30.285152 2.511835 64.032575
v -33.390602 2.511835 62.469423
v -36.415611 2.511835 60.755777
v -39.352892 2.511835 58.895764
v -42.195367 2.511835 56.893867
v -44.936191 2.511835 54.754907
v -47.568759 2.511835 52.484038
v -50.086730 2.511835 50.086730
v -52.484038 2.511835 47.568759
v -54.754907 2.511835 44.936191
v -56.893867 2.511835 42.195367
v -58.895764 2.511835 39.352892
v -60.755777 2.511835 36.415611
v -62.469423 2.511835 33.390602
v -64.032575 2.511835 30.285152
v -65.441467 2.511835 27.106743
v -66.692705 2.511835 23.863031
v -67.783274 2.511835 20.561831
v -68.710547 2.511835 17.211096
v -69.472291 2.511835 13.818898
v -70.066669 2.511835 10.393409
v -70.492251 2.511835 6.942881
v -70.748011 2.511835 3.475627
v -70.833333 2.511835 0.000000
v -70.748011 2.511835 -3.475627
v -70.492251 2.511835 -6.942881
v -70.066669 2.511835 -10.393409
v -69.472291 2.511835 -13.818898
v -68.710547 2.511835 -17.211096
v -67.783274 2.511835 -20.561831
v -66.692705 2.511835 -23.863031
v -65.441467 2.511835 -27.106743
v -64.032575 2.511835 -30.285152
v -62.469423 2.511835 -33.390602
v -60.755777 2.511835 -36.415611
v -58.895764 2.511835 -39.352892
v -56.893867 2.511835 -42.195367
v -54.754907 2.511835 -44.936191
v -52.484038 2.511835 -47.568759
v -50.086730 2.511835 -50.086730
v -47.568759 2.511835 -52.484038
v -44.936191 2.511835 -54.754907
v -42.195367 2.511835 -56.893867
v -39.352892 2.511835 -58.895764
v -36.415611 2.511835 -60.755777
v -33.390602 2.511835 -62.469423
v -30.285152 2.511835 -64.032575
v -27.106743 2.511835 -65.441467
v -23.863031 2.511835 -66.692705
v -20.561831 2.511835 -67.783274
v -17.211096 2.511835 -68.710547
v -13.818898 2.511835 -69.472291
v -10.393409 2.511835 -70.066669
v -6.942881 2.511835 -70.492251
v -3.475627 2.511835 -70.748011
v -0.000000 2.511835 -70.833333
v 3.475627 2.511835 -70.748011
v 6.942881 2.511835 -70.492251
v 10.393409 2.511835 -70.066669
v 13.818898 2.511835 -69.472291
v 17.211096 2.511835 -68.710547
v 20.561831 2.511835 -67.783274
v 23.863031 2.511835 -66.692705
v 27.106743 2.511835 -65.441467
v 30.285152 2.511835 -64.032575
v 33.390602 2.511835 -62.469423
v 36.415611 2.511835 -60.755777
v 39.352892 2.511835 -58.895764
v 42.195367 2.511835 -56.893867
v 44.936191 2.511835 -54.754907
v 47.568759 2.511835 -52.484038
v 50.086730 2.511835 -50.086730
v 52.484038 2.511835 -47.568759
v 54.754907 2.511835 -44.936191
v 56.893867 2.511835 -42.195367
v 58.895764 2.511835 -39.352892
v 60.755777 2.511835 -36.415611
v 62.469423 2.511835 -33.390602
v 64.032575 2.511835 -30.285152
v 65.441467 2.511835 -27.106743
v 66.692705 2.511835 -23.863031
v 67.783274 2.511835 -20.561831
v 68.710547 2.511835 -17.211096
v 69.472291 2.511835 -13.818898
v 70.066669 2.511835 -10.393409
v 70.492251 2.511835 -6.942881
v 70.748011 2.511835 -3.475627
v 71.875000 2.586352 0.000000
v 71.788423 2.586352 3.526739
v 71.528902 2.586352 7.044982
v 71.097062 2.586352 10.546253
v 70.493942 2.586352 14.022117
v 69.720996 2.586352 17.464200
v 68.780087 2.586352 20.864211
v 67.673480 2.586352 24.213958
v 66.403841 2.586352 27.505372
v 64.974230 2.586352 30.730522
v 63.388091 2.586352 33.881640
v 61.649244 2.586352 36.951135
v 59.761878 2.586352 39.931610
v 57.730541 2.586352 42.815888
v 55.560126 2.586352 45.597017
v 53.255862 2.586352 48.268300
v 50.823300 2.586352 50.823300
v 48.268300 2.586352 53.255862
v 45.597017 2.586352 55.560126
v 42.815888 2.586352 57.730541
v 39.931610 2.586352 59.761878
v 36.951135 2.586352 61.649244
v 33.881640 2.586352 63.388091
v 30.730522 2.586352 64.974230
v 27.505372 2.586352 66.403841
v 24.213958 2.586352 67.673480
v 20.864211 2.586352 68.780087
v 17.464200 2.586352 69.720996
v 14.022117 2.586352 70.493942
v 10.546253 2.586352 71.097062
v 7.044982 2.586352 71.528902
v 3.526739 2.586352 71.788423
v 0.000000 2.586352 71.875000
v -3.526739 2.586352 71.788423
v -7.044982 2.586352 71.528902
v -10.546253 2.586352 71.097062
v -14.022117 2.586352 70.493942
v -17.464200 2.586352 69.720996
v -20.864211 2.586352 68.780087
v -24.213958 2.586352 67.673480
v -27.505372 2.586352 66.403841
v -30.730522 2.586352 64.974230
v -33.881640 2.586352 63.388091
v -36.951135 2.586352 61.649244
v -39.931610 2.586352 59.761878
v -42.815888 2.586352 57.730541
v -45.597017 2.586352 55.560126
v -48.268300 2.586352 53.255862
v -50.823300 2.586352 50.823300
v -53.255862 2.586352 48.268300
v -55.560126 2.586352 45.597017
v -57.730541 2.586352 42.815888
v -59.761878 2.586352 39.931610
v -61.649244 2.586352 36.951135
v -63.388091 2.586352 33.881640
v -64.974230 2.586352 30.730522
v -66.403841 2.586352 27.505372
v -67.673480 2.586352 24.213958
v -68.780087 2.586352 20.864211
v -69.720996 2.586352 17.464200
v -70.493942 2.586352 14.022117
v -71.097062 2.586352 10.546253
v -71.528902 2.586352 7.044982
v -71.788423 2.586352 3.526739
v -71.875000 2.586352 0.000000
v -71.788423 2.586352 -3.526739
v -71.528902 2.586352 -7.044982
v -71.097062 2.586352 -10.546253
v -70.493942 2.586352 -14.022117
v -69.720996 2.586352 -17.464200
v -68.780087 2.586352 -20.864211
v -67.673480 2.586352 -24.213958
v -66.403841 2.586352 -27.505372
v -64.974230 2.586352 -30.730522
v -63.388091 2.586352 -33.881640
v -61.649244 2.586352 -36.951135
v -59.761878 2.586352 -39.931610
v -57.730541 2.586352 -42.815888
v -55.560126 2.586352 -45.597017
v -53.255862 2.586352 -48.268300
v -50.823300 2.586352 -50.823300
v -48.268300 2.586352 -53.255862
v -45.597017 2.586352 -55.560126
v -42.815888 2.586352 -57.730541
v -39.931610 2.586352 -59.761878
v -36.951135 2.586352 -61.649244
v -33.881640 2.586352 -63.388091
v -30.730522 2.586352 -64.974230
v -27.505372 2.586352 -66.403841
v -24.213958 2.586352 -67.673480
v -20.864211 2.586352 -68.780087
v -17.464200 2.586352 -69.720996
v -14.022117 2.586352 -70.493942
v -10.546253 2.586352 -71.097062
v -7.044982 2.586352 -71.528902
v -3.526739 2.586352 -71.788423
v -0.000000 2.586352 -71.875000
v 3.526739 2.586352 -71.788423
v 7.044982 2.586352 -71.528902
v 10.546253 2.586352 -71.097062
v 14.022117 2.586352 -70.493942
v 17.464200 2.586352 -69.720996
v 20.864211 2.586352 -68.780087
v 24.213958 2.586352 -67.673480
v 27.505372 2.586352 -66.403841
v 30.730522 2.586352 -64.974230
v 33.881640 2.586352 -63.388091
v 36.951135 2.586352 -61.649244
v 39.931610 2.586352 -59.761878
v 42.815888 2.586352 -57.730541
v 45.597017 2.586352 -55.560126
v 48.268300 2.586352 -53.255862
v 50.823300 2.586352 -50.823300
v 53.255862 2.586352 -48.268300
v 55.560126 2.586352 -45.597017
v 57.730541 2.586352 -42.815888
v 59.761878 2.586352 -39.931610
v 61.649244 2.586352 -36.951135
v 63.388091 2.586352 -33.881640
v 64.974230 2.586352 -30.730522
v 66.403841 2.586352 -27.505372
v 67.673480 2.586352 -24.213958
v 68.780087 2.586352 -20.864211
v 69.720996 2.586352 -17.464200
v 70.493942 2.586352 -14.022117
v 71.097062 2.586352 -10.546253
v 71.528902 2.586352 -7.044982
v 71.788423 2.586352 -3.526739
v 72.916667 2.661963 0.000000
v 72.828835 2.661963 3.577851
v 72.565553 2.661963 7.147083
v 72.127454 2.661963 10.699097
v 71.515593 2.661963 14.225336
v 70.731446 2.661963 17.717305
v 69.776899 2.661963 21.166591
v 68.654255 2.661963 24.564885
v 67.366216 2.661963 27.904000
v 65.915886 2.661963 31.175892
v 64.306759 2.661963 34.372679
v 62.542711 2.661963 37.486658
v 60.627993 2.661963 40.510329
v 58.567216 2.661963 43.436408
v 56.365346 2.661963 46.257844
v 54.027686 2.661963 48.967840
v 51.559869 2.661963 51.559869
v 48.967840 2.661963 54.027686
v 46.257844 2.661963 56.365346
v 43.436408 2.661963 58.567216
v 40.510329 2.661963 60.627993
v 37.486658 2.661963 62.542711
v 34.372679 2.661963 64.306759
v 31.175892 2.661963 65.915886
v 27.904000 2.661963 67.366216
v 24.564885 2.661963 68.654255
v 21.166591 2.661963 69.776899
v 17.717305 2.661963 70.731446
v 14.225336 2.661963 71.515593
v 10.699097 2.661963 72.127454
v 7.147083 2.661963 72.565553
v 3.577851 2.661963 72.828835
v 0.000000 2.661963 72.916667
v -3.577851 2.661963 72.828835
v -7.147083 2.661963 72.565553
v -10.699097 2.661963 72.127454
v -14.225336 2.661963 71.515593
v -17.717305 2.661963 70.731446
v -21.166591 2.661963 69.776899
v -24.564885 2.661963 68.654255
v -27.904000 2.661963 67.366216
v -31.175892 2.661963 65.915886
v -34.372679 2.661963 64.306759
v -37.486658 2.661963 62.542711
v -40.510329 2.661963 60.627993
v -43.436408 2.661963 58.567216
v -46.257844 2.661963 56.365346
v -48.967840 2.661963 54.027686
v -51.559869 2.661963 51.559869
v -54.027686 2.661963 48.967840
v -56.365346 2.661963 46.257844
v -58.567216 2.661963 43.436408
v -60.627993 2.661963 40.510329
v -62.542711 2.661963 37.486658
v -64.306759 2.661963 34.372679
v -65.915886 2.661963 31.175892
v -67.366216 2.661963 27.904000
v -68.654255 2.661963 24.564885
v -69.776899 2.661963 21.166591
v -70.731446 2.661963 17.717305
v -71.515593 2.661963 14.225336
v -72.127454 2.661963 10.699097
v -72.565553 2.661963 7.147083
v -72.828835 2.661963 3.577851
v -72.916667 2.661963 0.000000
v -72.828835 2.661963 -3.577851
v -72.565553 2.661963 -7.147083
v -72.127454 2.661963 -10.699097
v -71.515593 2.661963 -14.225336
v -70.731446 2.661963 -17.717305
v -69.776899 2.661963 -21.166591
v -68.654255 2.661963 -24.564885
v -67.366216 2.661963 -27.904000
v -65.915886 2.661963 -31.175892
v -64.306759 2.661963 -34.372679
v -62.542711 2.661963 -37.486658
v -60.627993 2.661963 -40.510329
v -58.567216 2.661963 -43.436408
v -56.365346 2.661963 -46.257844
v -54.027686 2.661963 -48.967840
v -51.559869 2.661963 -51.559869
v -48.967840 2.661963 -54.027686
v -46.257844 2.661963 -56.365346
v -43.436408 2.661963 -58.567216
v -40.510329 2.661963 -60.627993
v -37.486658 2.661963 -62.542711
v -34.372679 2.661963 -64.306759
v -31.175892 2.661963 -65.915886
v -27.904000 2.661963 -67.366216
v -24.564885 2.661963 -68.654255
v -21.166591 2.661963 -69.776899
v -17.717305 2.661963 -70.731446
v -14.225336 2.661963 -71.515593
v -10.699097 2.661963 -72.127454
v -7.147083 2.661963 -72.565553
v -3.577851 2.661963 -72.828835
v -0.000000 2.661963 -72.916667
v 3.577851 2.661963 -72.828835
v 7.147083 2.661963 -72.565553
v 10.699097 2.661963 -72.127454
v 14.225336 2.661963 -71.515593
v 17.717305 2.661963 -70.731446
v 21.166591 2.661963 -69.776899
v 24.564885 2.661963 -68.654255
v 27.904000 2.661963 -67.366216
v 31.175892 2.661963 -65.915886
v 34.372679 2.661963 -64.306759
v 37.486658 2.661963 -62.542711
v 40.510329 2.661963 -60.627993
v 43.436408 2.661963 -58.567216
v 46.257844 2.661963 -56.365346
v 48.967840 2.661963 -54.027686
v 51.559869 2.661963 -51.559869
v 54.027686 2.661963 -48.967840
v 56.365346 2.661963 -46.257844
v 58.567216 2.661963 -43.436408
v 60.627993 2.661963 -40.510329
v 62.542711 2.661963 -37.486658
v 64.306759 2.661963 -34.372679
v 65.915886 2.661963 -31.175892
v 67.366216 2.661963 -27.904000
v 68.654255 2.661963 -24.564885
v 69.776899 2.661963 -21.166591
v 70.731446 2.661963 -17.717305
v 71.515593 2.661963 -14.225336
v 72.127454 2.661963 -10.699097
v 72.565553 2.661963 -7.147083
v 72.828835 2.661963 -3.577851
v 73.958333 2.738668 0.000000
v 73.869247 2.738668 3.628963
v 73.602204 2.738668 7.249184
v 73.157846 2.738668 10.851941
v 72.537245 2.738668 14.428555
v 71.741895 2.738668 17.970409
v 70.773712 2.738668 21.468971
v 69.635030 2.738668 24.915812
v 68.328590 2.738668 28.302629
v 66.857541 2.738668 31.621262
v 65.225427 2.738668 34.863717
v 63.436178 2.738668 38.022182
v 61.494107 2.738668 41.089048
v 59.403890 2.738668 44.056928
v 57.170565 2.738668 46.918670
v 54.799510 2.738668 49.667381
v 52.296439 2.738668 52.296439
v 49.667381 2.738668 54.799510
v 46.918670 2.738668 57.170565
v 44.056928 2.738668 59.403890
v 41.089048 2.738668 61.494107
v 38.022182 2.738668 63.436178
v 34.863717 2.738668 65.225427
v 31.621262 2.738668 66.857541
v 28.302629 2.738668 68.328590
v 24.915812 2.738668 69.635030
v 21.468971 2.738668 70.773712
v 17.970409 2.738668 71.741895
v 14.428555 2.738668 72.537245
v 10.851941 2.738668 73.157846
v 7.249184 2.738668 73.602204
v 3.628963 2.738668 73.869247
v 0.000000 2.738668 73.958333
v -3.628963 2.738668 73.869247
v -7.249184 2.738668 73.602204
v -10.851941 2.738668 73.157846
v -14.428555 2.738668 72.537245
v -17.970409 2.738668 71.741895
v -21.468971 2.738668 70.773712
v -24.915812 2.738668 69.635030
v -28.302629 2.738668 68.328590
v -31.621262 2.738668 66.857541
v -34.863717 2.738668 65.225427
v -38.022182 2.738668 63.436178
v -41.089048 2.738668 61.494107
v -44.056928 2.738668 59.403890
v -46.918670 2.738668 57.170565
v -49.667381 2.738668 54.799510
v -52.296439 2.738668 52.296439
v -54.799510 2.738668 49.667381
v -57.170565 2.738668 46.918670
v -59.403890 2.738668 44.056928
v -61.494107 2.738668 41.089048
v -63.436178 2.738668 38.022182
v -65.225427 2.738668 34.863717
v -66.857541 2.738668 31.621262
v -68.328590 2.738668 28.302629
v -69.635030 2.738668 24.915812
v -70.773712 2.738668 21.468971
v -71.741895 2.738668 17.970409
v -72.537245 2.738668 14.428555
v -73.157846 2.738668 10.851941
v -73.602204 2.738668 7.249184
v -73.869247 2.738668 3.628963
v -73.958333 2.738668 0.000000
v -73.869247 2.738668 -3.628963
v -73.602204 2.738668 -7.249184
v -73.157846 2.738668 -10.851941
v -72.537245 2.738668 -14.428555
v -71.741895 2.738668 -17.970409
v -70.773712 2.738668 -21.468971
v -69.635030 2.738668 -24.915812
v -68.328590 2.738668 -28.302629
v -66.857541 2.738668 -31.621262
v -65.225427 2.738668 -34.863717
v -63.436178 2.738668 -38.022182
v -61.494107 2.738668 -41.089048
v -59.403890 2.738668 -44.056928
v -57.170565 2.738668 -46.918670
v -54.799510 2.738668 -49.667381
v -52.296439 2.738668 -52.296439
v -49.667381 2.738668 -54.799510
v -46.918670 2.738668 -57.170565
v -44.056928 2.738668 -59.403890
v -41.089048 2.738668 -61.494107
v -38.022182 2.738668 -63.436178
v -34.863717 2.738668 -65.225427
v -31.621262 2.738668 -66.857541
v -28.302629 2.738668 -68.328590
v -24.915812 2.738668 -69.635030
v -21.468971 2.738668 -70.773712
v -17.970409 2.738668 -71.741895
v -14.428555 2.738668 -72.537245
v -10.851941 2.738668 -73.157846
v -7.249184 2.738668 -73.602204
v -3.628963 2.738668 -73.869247
v -0.000000 2.738668 -73.958333
v 3.628963 2.738668 -73.869247
v 7.249184 2.738668 -73.602204
v 10.851941 2.738668 -73.157846
v 14.428555 2.738668 -72.537245
v 17.970409 2.738668 -71.741895
v 21.468971 2.738668 -70.773712
v 24.915812 2.738668 -69.635030
v 28.302629 2.738668 -68.328590
v 31.621262 2.738668 -66.857541
v 34.863717 2.738668 -65.225427
v 38.022182 2.738668 -63.436178
v 41.089048 2.738668 -61.494107
v 44.056928 2.738668 -59.403890
v 46.918670 2.738668 -57.170565
v 49.667381 2.738668 -54.799510
v 52.296439 2.738668 -52.296439
v 54.799510 2.738668 -49.667381
v 57.170565 2.738668 -46.918670
v 59.403890 2.738668 -44.056928
v 61.494107 2.738668 -41.089048
v 63.436178 2.738668 -38.022182
v 65.225427 2.738668 -34.863717
v 66.857541 2.738668 -31.621262
v 68.328590 2.738668 -28.302629
v 69.635030 2.738668 -24.915812
v 70.773712 2.738668 -21.468971
v 71.741895 2.738668 -17.970409
v 72.537245 2.738668 -14.428555
v 73.157846 2.738668 -10.851941
v 73.602204 2.738668 -7.249184
v 73.869247 2.738668 -3.628963
v 75.000000 2.816466 0.000000
v 74.909659 2.816466 3.680076
v 74.638855 2.816466 7.351286
v 74.188238 2.816466 11.004786
v 73.558896 2.816466 14.631774
v 72.752344 2.816466 18.223513
v 71.770525 2.816466 21.771351
v 70.615805 2.816466 25.266739
v 69.290965 2.816466 28.701257
v 67.799197 2.816466 32.066632
v 66.144095 2.816466 35.354755
v 64.329646 2.816466 38.557706
v 62.360221 2.816466 41.667767
v 60.240565 2.816466 44.677448
v 57.975784 2.816466 47.579496
v 55.571334 2.816466 50.366922
v 53.033009 2.816466 53.033009
v 50.366922 2.816466 55.571334
v 47.579496 2.816466 57.975784
v 44.677448 2.816466 60.240565
v 41.667767 2.816466 62.360221
v 38.557706 2.816466 64.329646
v 35.354755 2.816466 66.144095
v 32.066632 2.816466 67.799197
v 28.701257 2.816466 69.290965
v 25.266739 2.816466 70.615805
v 21.771351 2.816466 71.770525
v 18.223513 2.816466 72.752344
v 14.631774 2.816466 73.558896
v 11.004786 2.816466 74.188238
v 7.351286 2.816466 74.638855
v 3.680076 2.816466 74.909659
v 0.000000 2.816466 75.000000
v -3.680076 2.816466 74.909659
v -7.351286 2.816466 74.638855
v -11.004786 2.816466 74.188238
v -14.631774 2.816466 73.558896
v -18.223513 2.816466 72.752344
v -21.771351 2.816466 71.770525
v -25.266739 2.816466 70.615805
v -28.701257 2.816466 69.290965
v -32.066632 2.816466 67.799197
v -35.354755 2.816466 66.144095
v -38.557706 2.816466 64.329646
v -41.667767 2.816466 62.360221
v -44.677448 2.816466 60.240565
v -47.579496 2.816466 57.975784
v -50.366922 2.816466 55.571334
v -53.033009 2.816466 53.033009
v -55.571334 2.816466 50.366922
v -57.975784 2.816466 47.579496
v -60.240565 2.816466 44.677448
v -62.360221 2.816466 41.667767
v -64.329646 2.816466 38.557706
v -66.144095 2.816466 35.354755
v -67.799197 2.816466 32.066632
v -69.290965 2.816466 28.701257
v -70.615805 2.816466 25.266739
v -71.770525 2.816466 21.771351
v -72.752344 2.816466 18.223513
v -73.558896 2.816466 14.631774
v -74.188238 2.816466 11.004786
v -74.638855 2.816466 7.351286
v -74.909659 2.816466 3.680076
v -75.000000 2.816466 0.000000
v -74.909659 2.816466 -3.680076
v -74.638855 2.816466 -7.351286
v -74.188238 2.816466 -11.004786
v -73.558896 2.816466 -14.631774
v -72.752344 2.816466 -18.223513
v -71.770525 2.816466 -21.771351
v -70.615805 2.816466 -25.266739
v -69.290965 2.816466 -28.701257
v -67.799197 2.816466 -32.066632
v -66.144095 2.816466 -35.354755
v -64.329646 2.816466 -38.557706
v -62.360221 2.816466 -41.667767
v -60.240565 2.816466 -44.677448
v -57.975784 2.816466 -47.579496
v -55.571334 2.816466 -50.366922
v -53.033009 2.816466 -53.033009
v -50.366922 2.816466 -55.571334
v -47.579496 2.816466 -57.975784
v -44.677448 2.816466 -60.240565
v -41.667767 2.816466 -62.360221
v -38.557706 2.816466 -64.329646
v -35.354755 2.816466 -66.144095
v -32.066632 2.816466 -67.799197
v -28.701257 2.816466 -69.290965
v -25.266739 2.816466 -70.615805
v -21.771351 2.816466 -71.770525
v -18.223513 2.816466 -72.752344
v -14.631774 2.816466 -73.558896
v -11.004786 2.816466 -74.188238
v -7.351286 2.816466 -74.638855
v -3.680076 2.816466 -74.909659
v -0.000000 2.816466 -75.000000
v 3.680076 2.816466 -74.909659
v 7.351286 2.816466 -74.638855
v 11.004786 2.816466 -74.188238
v 14.631774 2.816466 -73.558896
v 18.223513 2.816466 -72.752344
v 21.771351 2.816466 -71.770525
v 25.266739 2.816466 -70.615805
v 28.701257 2.816466 -69.290965
v 32.066632 2.816466 -67.799197
v 35.354755 2.816466 -66.144095
v 38.557706 2.816466 -64.329646
v 41.667767 2.816466 -62.360221
v 44.677448 2.816466 -60.240565
v 47.579496 2.816466 -57.975784
v 50.366922 2.816466 -55.571334
v 53.033009 2.816466 -53.033009
v 55.571334 2.816466 -50.366922
v 57.975784 2.816466 -47.579496
v 60.240565 2.816466 -44.677448
v 62.360221 2.816466 -41.667767
v 64.329646 2.816466 -38.557706
v 66.144095 2.816466 -35.354755
v 67.799197 2.816466 -32.066632
v 69.290965 2.816466 -28.701257
v 70.615805 2.816466 -25.266739
v 71.770525 2.816466 -21.771351
v 72.752344 2.816466 -18.223513
v 73.558896 2.816466 -14.631774
v 74.188238 2.816466 -11.004786
v 74.638855 2.816466 -7.351286
v 74.909659 2.816466 -3.680076
v 76.041667 2.895359 0.000000
v 75.950071 2.895359 3.731188
v 75.675505 2.895359 7.453387
v 75.218630 2.895359 11.157630
v 74.580547 2.895359 14.834993
v 73.762793 2.895359 18.476618
v 72.767338 2.895359 22.073731
v 71.596580 2.895359 25.617666
v 70.253339 2.895359 29.099886
v 68.740852 2.895359 32.512002
v 67.062763 2.895359 35.845794
v 65.223113 2.895359 39.093230
v 63.226335 2.895359 42.246486
v 61.077239 2.895359 45.297968
v 58.781003 2.895359 48.240323
v 56.343158 2.895359 51.066462
v 53.769578 2.895359 53.769578
v 51.066462 2.895359 56.343158
v 48.240323 2.895359 58.781003
v 45.297968 2.895359 61.077239
v 42.246486 2.895359 63.226335
v 39.093230 2.895359 65.223113
v 35.845794 2.895359 67.062763
v 32.512002 2.895359 68.740852
v 29.099886 2.895359 70.253339
v 25.617666 2.895359 71.596580
v 22.073731 2.895359 72.767338
v 18.476618 2.895359 73.762793
v 14.834993 2.895359 74.580547
v 11.157630 2.895359 75.218630
v 7.453387 2.895359 75.675505
v 3.731188 2.895359 75.950071
v 0.000000 2.895359 76.041667
v -3.731188 2.895359 75.950071
v -7.453387 2.895359 75.675505
v -11.157630 2.895359 75.218630
v -14.834993 2.895359 74.580547
v -18.476618 2.895359 73.762793
v -22.073731 2.895359 72.767338
v -25.617666 2.895359 71.596580
v -29.099886 2.895359 70.253339
v -32.512002 2.895359 68.740852
v -35.845794 2.895359 67.062763
v -39.093230 2.895359 65.223113
v -42.246486 2.895359 63.226335
v -45.297968 2.895359 61.077239
v -48.240323 2.895359 58.781003
v -51.066462 2.895359 56.343158
v -53.769578 2.895359 53.769578
v -56.343158 2.895359 51.066462
v -58.781003 2.895359 48.240323
v -61.077239 2.895359 45.297968
v -63.226335 2.895359 42.246486
v -65.223113 2.895359 39.093230
v -67.062763 2.895359 35.845794
v -68.740852 2.895359 32.512002
v -70.253339 2.895359 29.099886
v -71.596580 2.895359 25.617666
v -72.767338 2.895359 22.073731
v -73.762793 2.895359 18.476618
v -74.580547 2.895359 14.834993
v -75.218630 2.895359 11.157630
v -75.675505 2.895359 7.453387
v -75.950071 2.895359 3.731188
v -76.041667 2.895359 0.000000
v -75.950071 2.895359 -3.731188
v -75.675505 2.895359 -7.453387
v -75.218630 2.895359 -11.157630
v -74.580547 2.895359 -14.834993
v -73.762793 2.895359 -18.476618
v -72.767338 2.895359 -22.073731
v -71.596580 2.895359 -25.617666
v -70.253339 2.895359 -29.099886
v -68.740852 2.895359 -32.512002
v -67.062763 2.895359 -35.845794
v -65.223113 2.895359 -39.093230
v -63.226335 2.895359 -42.246486
v -61.077239 2.895359 -45.297968
v -58.781003 2.895359 -48.240323
v -56.343158 2.895359 -51.066462
v -53.769578 2.895359 -53.769578
v -51.066462 2.895359 -56.343158
v -48.240323 2.895359 -58.781003
v -45.297968 2.895359 -61.077239
v -42.246486 2.895359 -63.226335
v -39.093230 2.895359 -65.223113
v -35.845794 2.895359 -67.062763
v -32.512002 2.895359 -68.740852
v -29.099886 2.895359 -70.253339
v -25.617666 2.895359 -71.596580
v -22.073731 2.895359 -72.767338
v -18.476618 2.895359 -73.762793
v -14.834993 2.895359 -74.580547
v -11.157630 2.895359 -75.218630
v -7.453387 2.895359 -75.675505
v -3.731188 2.895359 -75.950071
v -0.000000 2.895359 -76.041667
v 3.731188 2.895359 -75.950071
v 7.453387 2.895359 -75.675505
v 11.157630 2.895359 -75.218630
v 14.834993 2.895359 -74.580547
v 18.476618 2.895359 -73.762793
v 22.073731 2.895359 -72.767338
v 25.617666 2.895359 -71.596580
v 29.099886 2.895359 -70.253339
v 32.512002 2.895359 -68.740852
v 35.845794 2.895359 -67.062763
v 39.093230 2.895359 -65.223113
v 42.246486 2.895359 -63.226335
v 45.297968 2.895359 -61.077239
v 48.240323 2.895359 -58.781003
v 51.066462 2.895359 -56.343158
v 53.769578 2.895359 -53.769578
v 56.343158 2.895359 -51.066462
v 58.781003 2.895359 -48.240323
v 61.077239 2.895359 -45.297968
v 63.226335 2.895359 -42.246486
v 65.223113 2.895359 -39.093230
v 67.062763 2.895359 -35.845794
v 68.740852 2.895359 -32.512002
v 70.253339 2.895359 -29.099886
v 71.596580 2.895359 -25.617666
v 72.767338 2.895359 -22.073731
v 73.762793 2.895359 -18.476618
v 74.580547 2.895359 -14.834993
v 75.218630 2.895359 -11.157630
v 75.675505 2.895359 -7.453387
v 75.950071 2.895359 -3.731188
v 77.083333 2.975346 0.000000
v 76.990483 2.975346 3.782300
v 76.712156 2.975346 7.555488
v 76.249023 2.975346 11.310474
v 75.602199 2.975346 15.038212
v 74.773242 2.975346 18.729722
v 73.764151 2.975346 22.376111
v 72.577355 2.975346 25.968593
v 71.215714 2.975346 29.498515
v 69.682508 2.975346 32.957372
v 67.981431 2.975346 36.336832
v 66.116580 2.975346 39.628753
v 64.092449 2.975346 42.825205
v 61.913914 2.975346 45.918488
v 59.586222 2.975346 48.901149
v 57.114983 2.975346 51.766003
v 54.506148 2.975346 54.506148
v 51.766003 2.975346 57.114983
v 48.901149 2.975346 59.586222
v 45.918488 2.975346 61.913914
v 42.825205 2.975346 64.092449
v 39.628753 2.975346 66.116580
v 36.336832 2.975346 67.981431
v 32.957372 2.975346 69.682508
v 29.498515 2.975346 71.215714
v 25.968593 2.975346 72.577355
v 22.376111 2.975346 73.764151
v 18.729722 2.975346 74.773242
v 15.038212 2.975346 75.602199
v 11.310474 2.975346 76.249023
v 7.555488 2.975346 76.712156
v 3.782300 2.975346 76.990483
v 0.000000 2.975346 77.083333
v -3.782300 2.975346 76.990483
v -7.555488 2.975346 76.712156
v -11.310474 2.975346 76.249023
v -15.038212 2.975346 75.602199
v -18.729722 2.975346 74.773242
v -22.376111 2.975346 73.764151
v -25.968593 2.975346 72.577355
v -29.498515 2.975346 71.215714
v -32.957372 2.975346 69.682508
v -36.336832 2.975346 67.981431
v -39.628753 2.975346 66.116580
v -42.825205 2.975346 64.092449
v -45.918488 2.975346 61.913914
v -48.901149 2.975346 59.586222
v -51.766003 2.975346 57.114983
v -54.506148 2.975346 54.506148
v -57.114983 2.975346 51.766003
v -59.586222 2.975346 48.901149
v -61.913914 2.975346 45.918488
v -64.092449 2.975346 42.825205
v -66.116580 2.975346 39.628753
v -67.981431 2.975346 36.336832
v -69.682508 2.975346 32.957372
v -71.215714 2.975346 29.498515
v -72.577355 2.975346 25.968593
v -73.764151 2.975346 22.376111
v -74.773242 2.975346 18.729722
v -75.602199 2.975346 15.038212
v -76.249023 2.975346 11.310474
v -76.712156 2.975346 7.555488
v -76.990483 2.975346 3.782300
v -77.083333 2.975346 0.000000
v -76.990483 2.975346 -3.782300
v -76.712156 2.975346 -7.555488
v -76.249023 2.975346 -11.310474
v -75.602199 2.975346 -15.038212
v -74.773242 2.975346 -18.729722
v -73.764151 2.975346 -22.376111
v -72.577355 2.975346 -25.968593
v -71.215714 2.975346 -29.498515
v -69.682508 2.975346 -32.957372
v -67.981431 2.975346 -36.336832
v -66.116580 2.975346 -39.628753
v -64.092449 2.975346 -42.825205
v -61.913914 2.975346 -45.918488
v -59.586222 2.975346 -48.901149
v -57.114983 2.975346 -51.766003
v -54.506148 2.975346 -54.506148
v -51.766003 2.975346 -57.114983
v -48.901149 2.975346 -59.586222
v -45.918488 2.975346 -61.913914
v -42.825205 2.975346 -64.092449
v -39.628753 2.975346 -66.116580
v -36.336832 2.975346 -67.981431
v -32.957372 2.975346 -69.682508
v -29.498515 2.975346 -71.215714
v -25.968593 2.975346 -72.577355
v -22.376111 2.975346 -73.764151
v -18.729722 2.975346 -74.773242
v -15.038212 2.975346 -75.602199
v -11.310474 2.975346 -76.249023
v -7.555488 2.975346 -76.712156
v -3.782300 2.975346 -76.990483
v -0.000000 2.975346 -77.083333
v 3.782300 2.975346 -76.990483
v 7.555488 2.975346 -76.712156
v 11.310474 2.975346 -76.249023
v 15.038212 2.975346 -75.602199
v 18.729722 2.975346 -74.773242
v 22.376111 2.975346 -73.764151
v 25.968593 2.975346 -72.577355
v 29.498515 2.975346 -71.215714
v 32.957372 2.975346 -69.682508
v 36.336832 2.975346 -67.981431
v 39.628753 2.975346 -66.116580
v 42.825205 2.975346 -64.092449
v 45.918488 2.975346 -61.913914
v 48.901149 2.975346 -59.586222
v 51.766003 2.975346 -57.114983
v 54.506148 2.975346 -54.506148
v 57.114983 2.975346 -51.766003
v 59.586222 2.975346 -48.901149
v 61.913914 2.975346 -45.918488
v 64.092449 2.975346 -42.825205
v 66.116580 2.975346 -39.628753
v 67.981431 2.975346 -36.336832
v 69.682508 2.975346 -32.957372
v 71.215714 2.975346 -29.498515
v 72.577355 2.975346 -25.968593
v 73.764151 2.975346 -22.376111
v 74.773242 2.975346 -18.729722
v 75.602199 2.975346 -15.038212
v 76.249023 2.975346 -11.310474
v 76.712156 2.975346 -7.555488
v 76.990483 2.975346 -3.782300
v 78.125000 3.056429 0.000000
v 78.030895 3.056429 3.833412
v 77.748807 3.056429 7.657589
v 77.279415 3.056429 11.463318
v 76.623850 3.056429 15.241431
v 75.783692 3.056429 18.982827
v 74.760964 3.056429 22.678490
v 73.558130 3.056429 26.319520
v 72.178088 3.056429 29.897143
v 70.624164 3.056429 33.402742
v 68.900099 3.056429 36.827870
v 67.010048 3.056429 40.164277
v 64.958563 3.056429 43.403924
v 62.750588 3.056429 46.539008
v 60.391442 3.056429 49.561975
v 57.886807 3.056429 52.465543
v 55.242717 3.056429 55.242717
v 52.465543 3.056429 57.886807
v 49.561975 3.056429 60.391442
v 46.539008 3.056429 62.750588
v 43.403924 3.056429 64.958563
v 40.164277 3.056429 67.010048
v 36.827870 3.056429 68.900099
v 33.402742 3.056429 70.624164
v 29.897143 3.056429 72.178088
v 26.319520 3.056429 73.558130
v 22.678490 3.056429 74.760964
v 18.982827 3.056429 75.783692
v 15.241431 3.056429 76.623850
v 11.463318 3.056429 77.279415
v 7.657589 3.056429 77.748807
v 3.833412 3.056429 78.030895
v 0.000000 3.056429 78.125000
v -3.833412 3.056429 78.030895
v -7.657589 3.056429 77.748807
v -11.463318 3.056429 77.279415
v -15.241431 3.056429 76.623850
v -18.982827 3.056429 75.783692
v -22.678490 3.056429 74.760964
v -26.319520 3.056429 73.558130
v -29.897143 3.056429 72.178088
v -33.402742 3.056429 70.624164
v -36.827870 3.056429 68.900099
v -40.164277 3.056429 67.010048
v -43.403924 3.056429 64.958563
v -46.539008 3.056429 62.750588
v -49.561975 3.056429 60.391442
v -52.465543 3.056429 57.886807
v -55.242717 3.056429 55.242717
v -57.886807 3.056429 52.465543
v -60.391442 3.056429 49.561975
v -62.750588 3.056429 46.539008
v -64.958563 3.056429 43.403924
v -67.010048 3.056429 40.164277
v -68.900099 3.056429 36.827870
v -70.624164 3.056429 33.402742
v -72.178088 3.056429 29.897143
v -73.558130 3.056429 26.319520
v -74.760964 3.056429 22.678490
v -75.783692 3.056429 18.982827
v -76.623850 3.056429 15.241431
v -77.279415 3.056429 11.463318
v -77.748807 3.056429 7.657589
v -78.030895 3.056429 3.833412
v -78.125000 3.056429 0.000000
v -78.030895 3.056429 -3.833412
v -77.748807 3.056429 -7.657589
v -77.279415 3.056429 -11.463318
v -76.623850 3.056429 -15.241431
v -75.783692 3.056429 -18.982827
v -74.760964 3.056429 -22.678490
v -73.558130 3.056429 -26.319520
v -72.178088 3.056429 -29.897143
v -70.624164 3.056429 -33.402742
v -68.900099 3.056429 -36.827870
v -67.010048 3.056429 -40.164277
v -64.958563 3.056429 -43.403924
v -62.750588 3.056429 -46.539008
v -60.391442 3.056429 -49.561975
v -57.886807 3.056429 -52.465543
v -55.242717 3.056429 -55.242717
v -52.465543 3.056429 -57.886807
v -49.561975 3.056429 -60.391442
v -46.539008 3.056429 -62.750588
v -43.403924 3.056429 -64.958563
v -40.164277 3.056429 -67.010048
v -36.827870 3.056429 -68.900099
v -33.402742 3.056429 -70.624164
v -29.897143 3.056429 -72.178088
v -26.319520 3.056429 -73.558130
v -22.678490 3.056429 -74.760964
v -18.982827 3.056429 -75.783692
v -15.241431 3.056429 -76.623850
v -11.463318 3.056429 -77.279415
v -7.657589 3.056429 -77.748807
v -3.833412 3.056429 -78.030895
v -0.000000 3.056429 -78.125000
v 3.833412 3.056429 -78.030895
v 7.657589 3.056429 -77.748807
v 11.463318 3.056429 -77.279415
v 15.241431 3.056429 -76.623850
v 18.982827 3.056429 -75.783692
v 22.678490 3.056429 -74.760964
v 26.319520 3.056429 -73.558130
v 29.897143 3.056429 -72.178088
v 33.402742 3.056429 -70.624164
v 36.827870 3.056429 -68.900099
v 40.164277 3.056429 -67.010048
v 43.403924 3.056429 -64.958563
v 46.539008 3.056429 -62.750588
v 49.561975 3.056429 -60.391442
v 52.465543 3.056429 -57.886807
v 55.242717 3.056429 -55.242717
v 57.886807 3.056429 -52.465543
v 60.391442 3.056429 -49.561975
v 62.750588 3.056429 -46.539008
v 64.958563 3.056429 -43.403924
v 67.010048 3.056429 -40.164277
v 68.900099 3.056429 -36.827870
v 70.624164 3.056429 -33.402742
v 72.178088 3.056429 -29.897143
v 73.558130 3.056429 -26.319520
v 74.760964 3.056429 -22.678490
v 75.783692 3.056429 -18.982827
v 76.623850 3.056429 -15.241431
v 77.279415 3.056429 -11.463318
v 77.748807 3.056429 -7.657589
v 78.030895 3.056429 -3.833412
v 79.166667 3.138606 0.000000
v 79.071307 3.138606 3.884524
v 78.785458 3.138606 7.759690
v 78.309807 3.138606 11.616163
v 77.645501 3.138606 15.444650
v 76.794141 3.138606 19.235931
v 75.757777 3.138606 22.980870
v 74.538905 3.138606 26.670447
v 73.140463 3.138606 30.295772
v 71.565819 3.138606 33.848112
v 69.818767 3.138606 37.318908
v 67.903515 3.138606 40.699801
v 65.824678 3.138606 43.982643
v 63.587263 3.138606 47.159528
v 61.196661 3.138606 50.222802
v 58.658631 3.138606 53.165084
v 55.979287 3.138606 55.979287
v 53.165084 3.138606 58.658631
v 50.222802 3.138606 61.196661
v 47.159528 3.138606 63.587263
v 43.982643 3.138606 65.824678
v 40.699801 3.138606 67.903515
v 37.318908 3.138606 69.818767
v 33.848112 3.138606 71.565819
v 30.295772 3.138606 73.140463
v 26.670447 3.138606 74.538905
v 22.980870 3.138606 75.757777
v 19.235931 3.138606 76.794141
v 15.444650 3.138606 77.645501
v 11.616163 3.138606 78.309807
v 7.759690 3.138606 78.785458
v 3.884524 3.138606 79.071307
v 0.000000 3.138606 79.166667
v -3.884524 3.138606 79.071307
v -7.759690 3.138606 78.785458
v -11.616163 3.138606 78.309807
v -15.444650 3.138606 77.645501
v -19.235931 3.138606 76.794141
v -22.980870 3.138606 75.757777
v -26.670447 3.138606 74.538905
v -30.295772 3.138606 73.140463
v -33.848112 3.138606 71.565819
v -37.318908 3.138606 69.818767
v -40.699801 3.138606 67.903515
v -43.982643 3.138606 65.824678
v -47.159528 3.138606 63.587263
v -50.222802 3.138606 61.196661
v -53.165084 3.138606 58.658631
v -55.979287 3.138606 55.979287
v -58.658631 3.138606 53.165084
v -61.196661 3.138606 50.222802
v -63.587263 3.138606 47.159528
v -65.824678 3.138606 43.982643
v -67.903515 3.138606 40.699801
v -69.818767 3.138606 37.318908
v -71.565819 3.138606 33.848112
v -73.140463 3.138606 30.295772
v -74.538905 3.138606 26.670447
v -75.757777 3.138606 22.980870
v -76.794141 3.138606 19.235931
v -77.645501 3.138606 15.444650
v -78.309807 3.138606 11.616163
v -78.785458 3.138606 7.759690
v -79.071307 3.138606 3.884524
v -79.166667 3.138606 0.000000
v -79.071307 3.138606 -3.884524
v -78.785458 3.138606 -7.759690
v -78.309807 3.138606 -11.616163
v -77.645501 3.138606 -15.444650
v -76.794141 3.138606 -19.235931
v -75.757777 3.138606 -22.980870
v -74.538905 3.138606 -26.670447
v -73.140463 3.138606 -30.295772
v -71.565819 3.138606 -33.848112
v -69.818767 3.138606 -37.318908
v -67.903515 3.138606 -40.699801
v -65.824678 3.138606 -43.982643
v -63.587263 3.138606 -47.159528
v -61.196661 3.138606 -50.222802
v -58.658631 3.138606 -53.165084
v -55.979287 3.138606 -55.979287
v -53.165084 3.138606 -58.658631
v -50.222802 3.138606 -61.196661
v -47.159528 3.138606 -63.587263
v -43.982643 3.138606 -65.824678
v -40.699801 3.138606 -67.903515
v -37.318908 3.138606 -69.818767
v -33.848112 3.138606 -71.565819
v -30.295772 3.138606 -73.140463
v -26.670447 3.138606 -74.538905
v -22.980870 3.138606 -75.757777
v -19.235931 3.138606 -76.794141
v -15.444650 3.138606 -77.645501
v -11.616163 3.138606 -78.309807
v -7.759690 3.138606 -78.785458
v -3.884524 3.138606 -79.071307
v -0.000000 3.138606 -79.166667
v 3.884524 3.138606 -79.071307
v 7.759690 3.138606 -78.785458
v 11.616163 3.138606 -78.309807
v 15.444650 3.138606 -77.645501
v 19.235931 3.138606 -76.794141
v 22.980870 3.138606 -75.757777
v 26.670447 3.138606 -74.538905
v 30.295772 3.138606 -73.140463
v 33.848112 3.138606 -71.565819
v 37.318908 3.138606 -69.818767
v 40.699801 3.138606 -67.903515
v 43.982643 3.138606 -65.824678
v 47.159528 3.138606 -63.587263
v 50.222802 3.138606 -61.196661
v 53.165084 3.138606 -58.658631
v 55.979287 3.138606 -55.979287
v 58.658631 3.138606 -53.165084
v 61.196661 3.138606 -50.222802
v 63.587263 3.138606 -47.159528
v 65.824678 3.138606 -43.982643
v 67.903515 3.138606 -40.699801
v 69.818767 3.138606 -37.318908
v 71.565819 3.138606 -33.848112
v 73.140463 3.138606 -30.295772
v 74.538905 3.138606 -26.670447
v 75.757777 3.138606 -22.980870
v 76.794141 3.138606 -19.235931
v 77.645501 3.138606 -15.444650
v 78.309807 3.138606 -11.616163
v 78.785458 3.138606 -7.759690
v 79.071307 3.138606 -3.884524
v 80.208333 3.221879 0.000000
v 80.111719 3.221879 3.935636
v 79.822108 3.221879 7.861791
v 79.340199 3.221879 11.769007
v 78.667153 3.221879 15.647870
v 77.804590 3.221879 19.489035
v 76.754589 3.221879 23.283250
v 75.519680 3.221879 27.021374
v 74.102838 3.221879 30.694400
v 72.507475 3.221879 34.293481
v 70.737435 3.221879 37.809947
v 68.796982 3.221879 41.235324
v 66.690792 3.221879 44.561362
v 64.423937 3.221879 47.780048
v 62.001880 3.221879 50.883628
v 59.430455 3.221879 53.864625
v 56.715856 3.221879 56.715856
v 53.864625 3.221879 59.430455
v 50.883628 3.221879 62.001880
v 47.780048 3.221879 64.423937
v 44.561362 3.221879 66.690792
v 41.235324 3.221879 68.796982
v 37.809947 3.221879 70.737435
v 34.293481 3.221879 72.507475
v 30.694400 3.221879 74.102838
v 27.021374 3.221879 75.519680
v 23.283250 3.221879 76.754589
v 19.489035 3.221879 77.804590
v 15.647870 3.221879 78.667153
v 11.769007 3.221879 79.340199
v 7.861791 3.221879 79.822108
v 3.935636 3.221879 80.111719
v 0.000000 3.221879 80.208333
v -3.935636 3.221879 80.111719
v -7.861791 3.221879 79.822108
v -11.769007 3.221879 79.340199
v -15.647870 3.221879 78.667153
v -19.489035 3.221879 77.804590
v -23.283250 3.221879 76.754589
v -27.021374 3.221879 75.519680
v -30.694400 3.221879 74.102838
v -34.293481 3.221879 72.507475
v -37.809947 3.221879 70.737435
v -41.235324 3.221879 68.796982
v -44.561362 3.221879 66.690792
v -47.780048 3.221879 64.423937
v -50.883628 3.221879 62.001880
v -53.864625 3.221879 59.430455
v -56.715856 3.221879 56.715856
v -59.430455 3.221879 53.864625
v -62.001880 3.221879 50.883628
v -64.423937 3.221879 47.780048
v -66.690792 3.221879 44.561362
v -68.796982 3.221879 41.235324
v -70.737435 3.221879 37.809947
v -72.507475 3.221879 34.293481
v -74.102838 3.221879 30.694400
v -75.519680 3.221879 27.021374
v -76.754589 3.221879 23.283250
v -77.804590 3.221879 19.489035
v -78.667153 3.221879 15.647870
v -79.340199 3.221879 11.769007
v -79.822108 3.221879 7.861791
v -80.111719 3.221879 3.935636
v -80.208333 3.221879 0.000000
v -80.111719 3.221879 -3.935636
v -79.822108 3.221879 -7.861791
v -79.340199 3.221879 -11.769007
v -78.667153 3.221879 -15.647870
v -77.804590 3.221879 -19.489035
v -76.754589 3.221879 -23.283250
v -75.519680 3.221879 -27.021374
v -74.102838 3.221879 -30.694400
v -72.507475 3.221879 -34.293481
v -70.737435 3.221879 -37.809947
v -68.796982 3.221879 -41.235324
v -66.690792 3.221879 -44.561362
v -64.423937 3.221879 -47.780048
v -62.001880 3.221879 -50.883628
v -59.430455 3.221879 -53.864625
v -56.715856 3.221879 -56.715856
v -53.864625 3.221879 -59.430455
v -50.883628 3.221879 -62.001880
v -47.780048 3.221879 -64.423937
v -44.561362 3.221879 -66.690792
v -41.235324 3.221879 -68.796982
v -37.809947 3.221879 -70.737435
v -34.293481 3.221879 -72.507475
v -30.694400 3.221879 -74.102838
v -27.021374 3.221879 -75.519680
v -23.283250 3.221879 -76.754589
v -19.489035 3.221879 -77.804590
v -15.647870 3.221879 -78.667153
v -11.769007 3.221879 -79.340199
v -7.861791 3.221879 -79.822108
v -3.935636 3.221879 -80.111719
v -0.000000 3.221879 -80.208333
v 3.935636 3.221879 -80.111719
v 7.861791 3.221879 -79.822108
v 11.769007 3.221879 -79.340199
v 15.647870 3.221879 -78.667153
v 19.489035 3.221879 -77.804590
v 23.283250 3.221879 -76.754589
v 27.021374 3.221879 -75.519680
v 30.694400 3.221879 -74.102838
v 34.293481 3.221879 -72.507475
v 37.809947 3.221879 -70.737435
v 41.235324 3.221879 -68.796982
v 44.561362 3.221879 -66.690792
v 47.780048 3.221879 -64.423937
v 50.883628 3.221879 -62.001880
v 53.864625 3.221879 -59.430455
v 56.715856 3.221879 -56.715856
v 59.430455 3.221879 -53.864625
v 62.001880 3.221879 -50.883628
v 64.423937 3.221879 -47.780048
v 66.690792 3.221879 -44.561362
v 68.796982 3.221879 -41.235324
v 70.737435 3.221879 -37.809947
v 72.507475 3.221879 -34.293481
v 74.102838 3.221879 -30.694400
v 75.519680 3.221879 -27.021374
v 76.754589 3.221879 -23.283250
v 77.804590 3.221879 -19.489035
v 78.667153 3.221879 -15.647870
v 79.340199 3.221879 -11.769007
v 79.822108 3.221879 -7.861791
v 80.111719 3.221879 -3.935636
v 81.250000 3.306247 0.000000
v 81.152131 3.306247 3.986749
v 80.858759 3.306247 7.963893
v 80.370591 3.306247 11.921851
v 79.688804 3.306247 15.851089
v 78.815039 3.306247 19.742140
v 77.751402 3.306247 23.585630
v 76.500455 3.306247 27.372301
v 75.065212 3.306247 31.093029
v 73.449130 3.306247 34.738851
v 71.656103 3.306247 38.300985
v 69.690450 3.306247 41.770848
v 67.556906 3.306247 45.140081
v 65.260612 3.306247 48.400568
v 62.807099 3.306247 51.544454
v 60.202279 3.306247 54.564165
v 57.452426 3.306247 57.452426
v 54.564165 3.306247 60.202279
v 51.544454 3.306247 62.807099
v 48.400568 3.306247 65.260612
v 45.140081 3.306247 67.556906
v 41.770848 3.306247 69.690450
v 38.300985 3.306247 71.656103
v 34.738851 3.306247 73.449130
v 31.093029 3.306247 75.065212
v 27.372301 3.306247 76.500455
v 23.585630 3.306247 77.751402
v 19.742140 3.306247 78.815039
v 15.851089 3.306247 79.688804
v 11.921851 3.306247 80.370591
v 7.963893 3.306247 80.858759
v 3.986749 3.306247 81.152131
v 0.000000 3.306247 81.250000
v -3.986749 3.306247 81.152131
v -7.963893 3.306247 80.858759
v -11.921851 3.306247 80.370591
v -15.851089 3.306247 79.688804
v -19.742140 3.306247 78.815039
v -23.585630 3.306247 77.751402
v -27.372301 3.306247 76.500455
v -31.093029 3.306247 75.065212
v -34.738851 3.306247 73.449130
v -38.300985 3.306247 71.656103
v -41.770848 3.306247 69.690450
v -45.140081 3.306247 67.556906
v -48.400568 3.306247 65.260612
v -51.544454 3.306247 62.807099
v -54.564165 3.306247 60.202279
v -57.452426 3.306247 57.452426
v -60.202279 3.306247 54.564165
v -62.807099 3.306247 51.544454
v -65.260612 3.306247 48.400568
v -67.556906 3.306247 45.140081
v -69.690450 3.306247 41.770848
v -71.656103 3.306247 38.300985
v -73.449130 3.306247 34.738851
v -75.065212 3.306247 31.093029
v -76.500455 3.306247 27.372301
v -77.751402 3.306247 23.585630
v -78.815039 3.306247 19.742140
v -79.688804 3.306247 15.851089
v -80.370591 3.306247 11.921851
v -80.858759 3.306247 7.963893
v -81.152131 3.306247 3.986749
v -81.250000 3.306247 0.000000
v -81.152131 3.306247 -3.986749
v -80.858759 3.306247 -7.963893
v -80.370591 3.306247 -11.921851
v -79.688804 3.306247 -15.851089
v -78.815039 3.306247 -19.742140
v -77.751402 3.306247 -23.585630
v -76.500455 3.306247 -27.372301
v -75.065212 3.306247 -31.093029
v -73.449130 3.306247 -34.738851
v -71.656103 3.306247 -38.300985
v -69.690450 3.306247 -41.770848
v -67.556906 3.306247 -45.140081
v -65.260612 3.306247 -48.400568
v -62.807099 3.306247 -51.544454
v -60.202279 3.306247 -54.564165
v -57.452426 3.306247 -57.452426
v -54.564165 3.306247 -60.202279
v -51.544454 3.306247 -62.807099
v -48.400568 3.306247 -65.260612
v -45.140081 3.306247 -67.556906
v -41.770848 3.306247 -69.690450
v -38.300985 3.306247 -71.656103
v -34.738851 3.306247 -73.449130
v -31.093029 3.306247 -75.065212
v -27.372301 3.306247 -76.500455
v -23.585630 3.306247 -77.751402
v -19.742140 3.306247 -78.815039
v -15.851089 3.306247 -79.688804
v -11.921851 3.306247 -80.370591
v -7.963893 3.306247 -80.858759
v -3.986749 3.306247 -81.152131
v -0.000000 3.306247 -81.250000
v 3.986749 3.306247 -81.152131
v 7.963893 3.306247 -80.858759
v 11.921851 3.306247 -80.370591
v 15.851089 3.306247 -79.688804
v 19.742140 3.306247 -78.815039
v 23.585630 3.306247 -77.751402
v 27.372301 3.306247 -76.500455
v 31.093029 3.306247 -75.065212
v 34.738851 3.306247 -73.449130
v 38.300985 3.306247 -71.656103
v 41.770848 3.306247 -69.690450
v 45.140081 3.306247 -67.556906
v 48.400568 3.306247 -65.260612
v 51.544454 3.306247 -62.807099
v 54.564165 3.306247 -60.202279
v 57.452426 3.306247 -57.452426
v 60.202279 3.306247 -54.564165
v 62.807099 3.306247 -51.544454
v 65.260612 3.306247 -48.400568
v 67.556906 3.306247 -45.140081
v 69.690450 3.306247 -41.770848
v 71.656103 3.306247 -38.300985
v 73.449130 3.306247 -34.738851
v 75.065212 3.306247 -31.093029
v 76.500455 3.306247 -27.372301
v 77.751402 3.306247 -23.585630
v 78.815039 3.306247 -19.742140
v 79.688804 3.306247 -15.851089
v 80.370591 3.306247 -11.921851
v 80.858759 3.306247 -7.963893
v 81.152131 3.306247 -3.986749
v 82.291667 3.391711 0.000000
v 82.192543 3.391711 4.037861
v 81.895410 3.391711 8.065994
v 81.400984 3.391711 12.074695
v 80.710455 3.391711 16.054308
v 79.825489 3.391711 19.995244
v 78.748215 3.391711 23.888010
v 77.481230 3.391711 27.723228
v 76.027587 3.391711 31.491657
v 74.390786 3.391711 35.184221
v 72.574771 3.391711 38.792023
v 70.583917 3.391711 42.306372
v 68.423020 3.391711 45.718800
v 66.097286 3.391711 49.021089
v 63.612319 3.391711 52.205281
v 60.974103 3.391711 55.263706
v 58.188996 3.391711 58.188996
v 55.263706 3.391711 60.974103
v 52.205281 3.391711 63.612319
v 49.021089 3.391711 66.097286
v 45.718800 3.391711 68.423020
v 42.306372 3.391711 70.583917
v 38.792023 3.391711 72.574771
v 35.184221 3.391711 74.390786
v 31.491657 3.391711 76.027587
v 27.723228 3.391711 77.481230
v 23.888010 3.391711 78.748215
v 19.995244 3.391711 79.825489
v 16.054308 3.391711 80.710455
v 12.074695 3.391711 81.400984
v 8.065994 3.391711 81.895410
v 4.037861 3.391711 82.192543
v 0.000000 3.391711 82.291667
v -4.037861 3.391711 82.192543
v -8.065994 3.391711 81.895410
v -12.074695 3.391711 81.400984
v -16.054308 3.391711 80.710455
v -19.995244 3.391711 79.825489
v -23.888010 3.391711 78.748215
v -27.723228 3.391711 77.481230
v -31.491657 3.391711 76.027587
v -35.184221 3.391711 74.390786
v -38.792023 3.391711 72.574771
v -42.306372 3.391711 70.583917
v -45.718800 3.391711 68.423020
v -49.021089 3.391711 66.097286
v -52.205281 3.391711 63.612319
v -55.263706 3.391711 60.974103
v -58.188996 3.391711 58.188996
v -60.974103 3.391711 55.263706
v -63.612319 3.391711 52.205281
v -66.097286 3.391711 49.021089
v -68.423020 3.391711 45.718800
v -70.583917 3.391711 42.306372
v -72.574771 3.391711 38.792023
v -74.390786 3.391711 35.184221
v -76.027587 3.391711 31.491657
v -77.481230 3.391711 27.723228
v -78.748215 3.391711 23.888010
v -79.825489 3.391711 19.995244
v -80.710455 3.391711 16.054308
v -81.400984 3.391711 12.074695
v -81.895410 3.391711 8.065994
v -82.192543 3.391711 4.037861
v -82.291667 3.391711 0.000000
v -82.192543 3.391711 -4.037861
v -81.895410 3.391711 -8.065994
v -81.400984 3.391711 -12.074695
v -80.710455 3.391711 -16.054308
v -79.825489 3.391711 -19.995244
v -78.748215 3.391711 -23.888010
v -77.481230 3.391711 -27.723228
v -76.027587 3.391711 -31.491657
v -74.390786 3.391711 -35.184221
v -72.574771 3.391711 -38.792023
v -70.583917 3.391711 -42.306372
v -68.423020 3.391711 -45.718800
v -66.097286 3.391711 -49.021089
v -63.612319 3.391711 -52.205281
v -60.974103 3.391711 -55.263706
v -58.188996 3.391711 -58.188996
v -55.263706 3.391711 -60.974103
v -52.205281 3.391711 -63.612319
v -49.021089 3.391711 -66.097286
v -45.718800 3.391711 -68.423020
v -42.306372 3.391711 -70.583917
v -38.792023 3.391711 -72.574771
v -35.184221 3.391711 -74.390786
v -31.491657 3.391711 -76.027587
v -27.723228 3.391711 -77.481230
v -23.888010 3.391711 -78.748215
v -19.995244 3.391711 -79.825489
v -16.054308 3.391711 -80.710455
v -12.074695 3.391711 -81.400984
v -8.065994 3.391711 -81.895410
v -4.037861 3.391711 -82.192543
v -0.000000 3.391711 -82.291667
v 4.037861 3.391711 -82.192543
v 8.065994 3.391711 -81.895410
v 12.074695 3.391711 -81.400984
v 16.054308 3.391711 -80.710455
v 19.995244 3.391711 -79.825489
v 23.888010 3.391711 -78.748215
v 27.723228 3.391711 -77.481230
v 31.491657 3.391711 -76.027587
v 35.184221 3.391711 -74.390786
v 38.792023 3.391711 -72.574771
v 42.306372 3.391711 -70.583917
v 45.718800 3.391711 -68.423020
v 49.021089 3.391711 -66.097286
v 52.205281 3.391711 -63.612319
v 55.263706 3.391711 -60.974103
v 58.188996 3.391711 -58.188996
v 60.974103 3.391711 -55.263706
v 63.612319 3.391711 -52.205281
v 66.097286 3.391711 -49.021089
v 68.423020 3.391711 -45.718800
v 70.583917 3.391711 -42.306372
v 72.574771 3.391711 -38.792023
v 74.390786 3.391711 -35.184221
v 76.027587 3.391711 -31.491657
v 77.481230 3.391711 -27.723228
v 78.748215 3.391711 -23.888010
v 79.825489 3.391711 -19.995244
v 80.710455 3.391711 -16.054308
v 81.400984 3.391711 -12.074695
v 81.895410 3.391711 -8.065994
v 82.192543 3.391711 -4.037861
v 83.333333 3.478271 0.000000
v 83.232955 3.478271 4.088973
v 82.932061 3.478271 8.168095
v 82.431376 3.478271 12.227540
v 81.732107 3.478271 16.257527
v 80.835938 3.478271 20.248348
v 79.745028 3.478271 24.190390
v 78.462005 3.478271 28.074154
v 76.989961 3.478271 31.890286
v 75.332441 3.478271 35.629591
v 73.493439 3.478271 39.283061
v 71.477384 3.478271 42.841895
v 69.289134 3.478271 46.297519
v 66.933961 3.478271 49.641609
v 64.417538 3.478271 52.866107
v 61.745927 3.478271 55.963246
v 58.925565 3.478271 58.925565
v 55.963246 3.478271 61.745927
v 52.866107 3.478271 64.417538
v 49.641609 3.478271 66.933961
v 46.297519 3.478271 69.289134
v 42.841895 3.478271 71.477384
v 39.283061 3.478271 73.493439
v 35.629591 3.478271 75.332441
v 31.890286 3.478271 76.989961
v 28.074154 3.478271 78.462005
v 24.190390 3.478271 79.745028
v 20.248348 3.478271 80.835938
v 16.257527 3.478271 81.732107
v 12.227540 3.478271 82.431376
v 8.168095 3.478271 82.932061
v 4.088973 3.478271 83.232955
v 0.000000 3.478271 83.333333
v -4.088973 3.478271 83.232955
v -8.168095 3.478271 82.932061
v -12.227540 3.478271 82.431376
v -16.257527 3.478271 81.732107
v -20.248348 3.478271 80.835938
v -24.190390 3.478271 79.745028
v -28.074154 3.478271 78.462005
v -31.890286 3.478271 76.989961
v -35.629591 3.478271 75.332441
v -39.283061 3.478271 73.493439
v -42.841895 3.478271 71.477384
v -46.297519 3.478271 69.289134
v -49.641609 3.478271 66.933961
v -52.866107 3.478271 64.417538
v -55.963246 3.478271 61.745927
v -58.925565 3.478271 58.925565
v -61.745927 3.478271 55.963246
v -64.417538 3.478271 52.866107
v -66.933961 3.478271 49.641609
v -69.289134 3.478271 46.297519
v -71.477384 3.478271 42.841895
v -73.493439 3.478271 39.283061
v -75.332441 3.478271 35.629591
v -76.989961 3.478271 31.890286
v -78.462005 3.478271 28.074154
v -79.745028 3.478271 24.190390
v -80.835938 3.478271 20.248348
v -81.732107 3.478271 16.257527
v -82.431376 3.478271 12.227540
v -82.932061 3.478271 8.168095
v -83.232955 3.478271 4.088973
v -83.333333 3.478271 0.000000
v -83.232955 3.478271 -4.088973
v -82.932061 3.478271 -8.168095
v -82.431376 3.478271 -12.227540
v -81.732107 3.478271 -16.257527
v -80.835938 3.478271 -20.248348
v -79.745028 3.478271 -24.190390
v -78.462005 3.478271 -28.074154
v -76.989961 3.478271 -31.890286
v -75.332441 3.478271 -35.629591
v -73.493439 3.478271 -39.283061
v -71.477384 3.478271 -42.841895
v -69.289134 3.478271 -46.297519
v -66.933961 3.478271 -49.641609
v -64.417538 3.478271 -52.866107
v -61.745927 3.478271 -55.963246
v -58.925565 3.478271 -58.925565
v -55.963246 3.478271 -61.745927
v -52.866107 3.478271 -64.417538
v -49.641609 3.478271 -66.933961
v -46.297519 3.478271 -69.289134
v -42.841895 3.478271 -71.477384
v -39.283061 3.478271 -73.493439
v -35.629591 3.478271 -75.332441
v -31.890286 3.478271 -76.989961
v -28.074154 3.478271 -78.462005
v -24.190390 3.478271 -79.745028
v -20.248348 3.478271 -80.835938
v -16.257527 3.478271 -81.732107
v -12.227540 3.478271 -82.431376
v -8.168095 3.478271 -82.932061
v -4.088973 3.478271 -83.232955
v -0.000000 3.478271 -83.333333
v 4.088973 3.478271 -83.232955
v 8.168095 3.478271 -82.932061
v 12.227540 3.478271 -82.431376
v 16.257527 3.478271 -81.732107
v 20.248348 3.478271 -80.835938
v 24.190390 3.478271 -79.745028
v 28.074154 3.478271 -78.462005
v 31.890286 3.478271 -76.989961
v 35.629591 3.478271 -75.332441
v 39.283061 3.478271 -73.493439
v 42.841895 3.478271 -71.477384
v 46.297519 3.478271 -69.289134
v 49.641609 3.478271 -66.933961
v 52.866107 3.478271 -64.417538
v 55.963246 3.478271 -61.745927
v 58.925565 3.478271 -58.925565
v 61.745927 3.478271 -55.963246
v 64.417538 3.478271 -52.866107
v 66.933961 3.478271 -49.641609
v 69.289134 3.478271 -46.297519
v 71.477384 3.478271 -42.841895
v 73.493439 3.478271 -39.283061
v 75.332441 3.478271 -35.629591
v 76.989961 3.478271 -31.890286
v 78.462005 3.478271 -28.074154
v 79.745028 3.478271 -24.190390
v 80.835938 3.478271 -20.248348
v 81.732107 3.478271 -16.257527
v 82.431376 3.478271 -12.227540
v 82.932061 3.478271 -8.168095
v 83.232955 3.478271 -4.088973
v 84.375000 3.565928 0.000000
v 84.273367 3.565928 4.140085
v 83.968711 3.565928 8.270196
v 83.461768 3.565928 12.380384
v 82.753758 3.565928 16.460746
v 81.846387 3.565928 20.501453
v 80.741841 3.565928 24.492770
v 79.442780 3.565928 28.425081
v 77.952336 3.565928 32.288915
v 76.274097 3.565928 36.074961
v 74.412107 3.565928 39.774100
v 72.370851 3.565928 43.377419
v 70.155249 3.565928 46.876238
v 67.770635 3.565928 50.262129
v 65.222757 3.565928 53.526933
v 62.517751 3.565928 56.662787
v 59.662135 3.565928 59.662135
v 56.662787 3.565928 62.517751
v 53.526933 3.565928 65.222757
v 50.262129 3.565928 67.770635
v 46.876238 3.565928 70.155249
v 43.377419 3.565928 72.370851
v 39.774100 3.565928 74.412107
v 36.074961 3.565928 76.274097
v 32.288915 3.565928 77.952336
v 28.425081 3.565928 79.442780
v 24.492770 3.565928 80.741841
v 20.501453 3.565928 81.846387
v 16.460746 3.565928 82.753758
v 12.380384 3.565928 83.461768
v 8.270196 3.565928 83.968711
v 4.140085 3.565928 84.273367
v 0.000000 3.565928 84.375000
v -4.140085 3.565928 84.273367
v -8.270196 3.565928 83.968711
v -12.380384 3.565928 83.461768
v -16.460746 3.565928 82.753758
v -20.501453 3.565928 81.846387
v -24.492770 3.565928 80.741841
v -28.425081 3.565928 79.442780
v -32.288915 3.565928 77.952336
v -36.074961 3.565928 76.274097
v -39.774100 3.565928 74.412107
v -43.377419 3.565928 72.370851
v -46.876238 3.565928 70.155249
v -50.262129 3.565928 67.770635
v -53.526933 3.565928 65.222757
v -56.662787 3.565928 62.517751
v -59.662135 3.565928 59.662135
v -62.517751 3.565928 56.662787
v -65.222757 3.565928 53.526933
v -67.770635 3.565928 50.262129
v -70.155249 3.565928 46.876238
v -72.370851 3.565928 43.377419
v -74.412107 3.565928 39.774100
v -76.274097 3.565928 36.074961
v -77.952336 3.565928 32.288915
v -79.442780 3.565928 28.425081
v -80.741841 3.565928 24.492770
v -81.846387 3.565928 20.501453
v -82.753758 3.565928 16.460746
v -83.461768 3.565928 12.380384
v -83.968711 3.565928 8.270196
v -84.273367 3.565928 4.140085
v -84.375000 3.565928 0.000000
v -84.273367 3.565928 -4.140085
v -83.968711 3.565928 -8.270196
v -83.461768 3.565928 -12.380384
v -82.753758 3.565928 -16.460746
v -81.846387 3.565928 -20.501453
v -80.741841 3.565928 -24.492770
v -79.442780 3.565928 -28.425081
v -77.952336 3.565928 -32.288915
v -76.274097 3.565928 -36.074961
v -74.412107 3.565928 -39.774100
v -72.370851 3.565928 -43.377419
v -70.155249 3.565928 -46.876238
v -67.770635 3.565928 -50.262129
v -65.222757 3.565928 -53.526933
v -62.517751 3.565928 -56.662787
v -59.662135 3.565928 -59.662135
v -56.662787 3.565928 -62.517751
v -53.526933 3.565928 -65.222757
v -50.262129 3.565928 -67.770635
v -46.876238 3.565928 -70.155249
v -43.377419 3.565928 -72.370851
v -39.774100 3.565928 -74.412107
v -36.074961 3.565928 -76.274097
v -32.288915 3.565928 -77.952336
v -28.425081 3.565928 -79.442780
v -24.492770 3.565928 -80.741841
v -20.501453 3.565928 -81.846387
v -16.460746 3.565928 -82.753758
v -12.380384 3.565928 -83.461768
v -8.270196 3.565928 -83.968711
v -4.140085 3.565928 -84.273367
v -0.000000 3.565928 -84.375000
v 4.140085 3.565928 -84.273367
v 8.270196 3.565928 -83.968711
v 12.380384 3.565928 -83.461768
v 16.460746 3.565928 -82.753758
v 20.501453 3.565928 -81.846387
v 24.492770 3.565928 -80.741841
v 28.425081 3.565928 -79.442780
v 32.288915 3.565928 -77.952336
v 36.074961 3.565928 -76.274097
v 39.774100 3.565928 -74.412107
v 43.377419 3.565928 -72.370851
v 46.876238 3.565928 -70.155249
v 50.262129 3.565928 -67.770635
v 53.526933 3.565928 -65.222757
v 56.662787 3.565928 -62.517751
v 59.662135 3.565928 -59.662135
v 62.517751 3.565928 -56.662787
v 65.222757 3.565928 -53.526933
v 67.770635 3.565928 -50.262129
v 70.155249 3.565928 -46.876238
v 72.370851 3.565928 -43.377419
v 74.412107 3.565928 -39.774100
v 76.274097 3.565928 -36.074961
v 77.952336 3.565928 -32.288915
v 79.442780 3.565928 -28.425081
v 80.741841 3.565928 -24.492770
v 81.846387 3.565928 -20.501453
v 82.753758 3.565928 -16.460746
v 83.461768 3.565928 -12.380384
v 83.968711 3.565928 -8.270196
v 84.273367 3.565928 -4.140085
v 85.416667 3.654682 0.000000
v 85.313779 3.654682 4.191197
v 85.005362 3.654682 8.372297
v 84.492160 3.654682 12.533228
v 83.775409 3.654682 16.663965
v 82.856836 3.654682 20.754557
v 81.738654 3.654682 24.795150
v 80.423556 3.654682 28.776008
v 78.914710 3.654682 32.687543
v 77.215752 3.654682 36.520331
v 75.330775 3.654682 40.265138
v 73.264319 3.654682 43.912943
v 71.021363 3.654682 47.454957
v 68.607310 3.654682 50.882649
v 66.027976 3.654682 54.187760
v 63.289575 3.654682 57.362327
v 60.398704 3.654682 60.398704
v 57.362327 3.654682 63.289575
v 54.187760 3.654682 66.027976
v 50.882649 3.654682 68.607310
v 47.454957 3.654682 71.021363
v 43.912943 3.654682 73.264319
v 40.265138 3.654682 75.330775
v 36.520331 3.654682 77.215752
v 32.687543 3.654682 78.914710
v 28.776008 3.654682 80.423556
v 24.795150 3.654682 81.738654
v 20.754557 3.654682 82.856836
v 16.663965 3.654682 83.775409
v 12.533228 3.654682 84.492160
v 8.372297 3.654682 85.005362
v 4.191197 3.654682 85.313779
v 0.000000 3.654682 85.416667
v -4.191197 3.654682 85.313779
v -8.372297 3.654682 85.005362
v -12.533228 3.654682 84.492160
v -16.663965 3.654682 83.775409
v -20.754557 3.654682 82.856836
v -24.795150 3.654682 81.738654
v -28.776008 3.654682 80.423556
v -32.687543 3.654682 78.914710
v -36.520331 3.654682 77.215752
v -40.265138 3.654682 75.330775
v -43.912943 3.654682 73.264319
v -47.454957 3.654682 71.021363
v -50.882649 3.654682 68.607310
v -54.187760 3.654682 66.027976
v -57.362327 3.654682 63.289575
v -60.398704 3.654682 60.398704
v -63.289575 3.654682 57.362327
v -66.027976 3.654682 54.187760
v -68.607310 3.654682 50.882649
v -71.021363 3.654682 47.454957
v -73.264319 3.654682 43.912943
v -75.330775 3.654682 40.265138
v -77.215752 3.654682 36.520331
v -78.914710 3.654682 32.687543
v -80.423556 3.654682 28.776008
v -81.738654 3.654682 24.795150
v -82.856836 3.654682 20.754557
v -83.775409 3.654682 16.663965
v -84.492160 3.654682 12.533228
v -85.005362 3.654682 8.372297
v -85.313779 3.654682 4.191197
v -85.416667 3.654682 0.000000
v -85.313779 3.654682 -4.191197
v -85.005362 3.654682 -8.372297
v -84.492160 3.654682 -12.533228
v -83.775409 3.654682 -16.663965
v -82.856836 3.654682 -20.754557
v -81.738654 3.654682 -24.795150
v -80.423556 3.654682 -28.776008
v -78.914710 3.654682 -32.687543
v -77.215752 3.654682 -36.520331
v -75.330775 3.654682 -40.265138
v -73.264319 3.654682 -43.912943
v -71.021363 3.654682 -47.454957
v -68.607310 3.654682 -50.882649
v -66.027976 3.654682 -54.187760
v -63.289575 3.654682 -57.362327
v -60.398704 3.654682 -60.398704
v -57.362327 3.654682 -63.289575
v -54.187760 3.654682 -66.027976
v -50.882649 3.654682 -68.607310
v -47.454957 3.654682 -71.021363
v -43.912943 3.654682 -73.264319
v -40.265138 3.654682 -75.330775
v -36.520331 3.654682 -77.215752
v -32.687543 3.654682 -78.914710
v -28.776008 3.654682 -80.423556
v -24.795150 3.654682 -81.738654
v -20.754557 3.654682 -82.856836
v -16.663965 3.654682 -83.775409
v -12.533228 3.654682 -84.492160
v -8.372297 3.654682 -85.005362
v -4.191197 3.654682 -85.313779
v -0.000000 3.654682 -85.416667
v 4.191197 3.654682 -85.313779
v 8.372297 3.654682 -85.005362
v 12.533228 3.654682 -84.492160
v 16.663965 3.654682 -83.775409
v 20.754557 3.654682 -82.856836
v 24.795150 3.654682 -81.738654
v 28.776008 3.654682 -80.423556
v 32.687543 3.654682 -78.914710
v 36.520331 3.654682 -77.215752
v 40.265138 3.654682 -75.330775
v 43.912943 3.654682 -73.264319
v 47.454957 3.654682 -71.021363
v 50.882649 3.654682 -68.607310
v 54.187760 3.654682 -66.027976
v 57.362327 3.654682 -63.289575
v 60.398704 3.654682 -60.398704
v 63.289575 3.654682 -57.362327
v 66.027976 3.654682 -54.187760
v 68.607310 3.654682 -50.882649
v 71.021363 3.654682 -47.454957
v 73.264319 3.654682 -43.912943
v 75.330775 3.654682 -40.265138
v 77.215752 3.654682 -36.520331
v 78.914710 3.654682 -32.687543
v 80.423556 3.654682 -28.776008
v 81.738654 3.654682 -24.795150
v 82.856836 3.654682 -20.754557
v 83.775409 3.654682 -16.663965
v 84.492160 3.654682 -12.533228
v 85.005362 3.654682 -8.372297
v 85.313779 3.654682 -4.191197
v 86.458333 3.744532 0.000000
v 86.354190 3.744532 4.242309
v 86.042013 3.744532 8.474399
v 85.522552 3.744532 12.686072
v 84.797061 3.744532 16.867184
v 83.867285 3.744532 21.007661
v 82.735467 3.744532 25.097529
v 81.404331 3.744532 29.126935
v 79.877085 3.744532 33.086172
v 78.157408 3.744532 36.965701
v 76.249443 3.744532 40.756176
v 74.157786 3.744532 44.448466
v 71.887477 3.744532 48.033676
v 69.443984 3.744532 51.503169
v 66.833195 3.744532 54.848586
v 64.061399 3.744532 58.061868
v 61.135274 3.744532 61.135274
v 58.061868 3.744532 64.061399
v 54.848586 3.744532 66.833195
v 51.503169 3.744532 69.443984
v 48.033676 3.744532 71.887477
v 44.448466 3.744532 74.157786
v 40.756176 3.744532 76.249443
v 36.965701 3.744532 78.157408
v 33.086172 3.744532 79.877085
v 29.126935 3.744532 81.404331
v 25.097529 3.744532 82.735467
v 21.007661 3.744532 83.867285
v 16.867184 3.744532 84.797061
v 12.686072 3.744532 85.522552
v 8.474399 3.744532 86.042013
v 4.242309 3.744532 86.354190
v 0.000000 3.744532 86.458333
v -4.242309 3.744532 86.354190
v -8.474399 3.744532 86.042013
v -12.686072 3.744532 85.522552
v -16.867184 3.744532 84.797061
v -21.007661 3.744532 83.867285
v -25.097529 3.744532 82.735467
v -29.126935 3.744532 81.404331
v -33.086172 3.744532 79.877085
v -36.965701 3.744532 78.157408
v -40.756176 3.744532 76.249443
v -44.448466 3.744532 74.157786
v -48.033676 3.744532 71.887477
v -51.503169 3.744532 69.443984
v -54.848586 3.744532 66.833195
v -58.061868 3.744532 64.061399
v -61.135274 3.744532 61.135274
v -64.061399 3.744532 58.061868
v -66.833195 3.744532 54.848586
v -69.443984 3.744532 51.503169
v -71.887477 3.744532 48.033676
v -74.157786 3.744532 44.448466
v -76.249443 3.744532 40.756176
v -78.157408 3.744532 36.965701
v -79.877085 3.744532 33.086172
v -81.404331 3.744532 29.126935
v -82.735467 3.744532 25.097529
v -83.867285 3.744532 21.007661
v -84.797061 3.744532 16.867184
v -85.522552 3.744532 12.686072
v -86.042013 3.744532 8.474399
v -86.354190 3.744532 4.242309
v -86.458333 3.744532 0.000000
v -86.354190 3.744532 -4.242309
v -86.042013 3.744532 -8.474399
v -85.522552 3.744532 -12.686072
v -84.797061 3.744532 -16.867184
v -83.867285 3.744532 -21.007661
v -82.735467 3.744532 -25.097529
v -81.404331 3.744532 -29.126935
v -79.877085 3.744532 -33.086172
v -78.157408 3.744532 -36.965701
v -76.249443 3.744532 -40.756176
v -74.157786 3.744532 -44.448466
v -71.887477 3.744532 -48.033676
v -69.443984 3.744532 -51.503169
v -66.833195 3.744532 -54.848586
v -64.061399 3.744532 -58.061868
v -61.135274 3.744532 -61.135274
v -58.061868 3.744532 -64.061399
v -54.848586 3.744532 -66.833195
v -51.503169 3.744532 -69.443984
v -48.033676 3.744532 -71.887477
v -44.448466 3.744532 -74.157786
v -40.756176 3.744532 -76.249443
v -36.965701 3.744532 -78.157408
v -33.086172 3.744532 -79.877085
v -29.126935 3.744532 -81.404331
v -25.097529 3.744532 -82.735467
v -21.007661 3.744532 -83.867285
v -16.867184 3.744532 -84.797061
v -12.686072 3.744532 -85.522552
v -8.474399 3.744532 -86.042013
v -4.242309 3.744532 -86.354190
v -0.000000 3.744532 -86.458333
v 4.242309 3.744532 -86.354190
v 8.474399 3.744532 -86.042013
v 12.686072 3.744532 -85.522552
v 16.867184 3.744532 -84.797061
v 21.007661 3.744532 -83.867285
v 25.097529 3.744532 -82.735467
v 29.126935 3.744532 -81.404331
v 33.086172 3.744532 -79.877085
v 36.965701 3.744532 -78.157408
v 40.756176 3.744532 -76.249443
v 44.448466 3.744532 -74.157786
v 48.033676 3.744532 -71.887477
v 51.503169 3.744532 -69.443984
v 54.848586 3.744532 -66.833195
v 58.061868 3.744532 -64.061399
v 61.135274 3.744532 -61.135274
v 64.061399 3.744532 -58.061868
v 66.833195 3.744532 -54.848586
v 69.443984 3.744532 -51.503169
v 71.887477 3.744532 -48.033676
v 74.157786 3.744532 -44.448466
v 76.249443 3.744532 -40.756176
v 78.157408 3.744532 -36.965701
v 79.877085 3.744532 -33.086172
v 81.404331 3.744532 -29.126935
v 82.735467 3.744532 -25.097529
v 83.867285 3.744532 -21.007661
v 84.797061 3.744532 -16.867184
v 85.522552 3.744532 -12.686072
v 86.042013 3.744532 -8.474399
v 86.354190 3.744532 -4.242309
v 87.500000 3.835480 0.000000
v 87.394602 3.835480 4.293422
v 87.078664 3.835480 8.576500
v 86.552945 3.835480 12.838917
v 85.818712 3.835480 17.070403
v 84.877735 3.835480 21.260766
v 83.732279 3.835480 25.399909
v 82.385106 3.835480 29.477862
v 80.839459 3.835480 33.484800
v 79.099063 3.835480 37.411071
v 77.168111 3.835480 41.247214
v 75.051253 3.835480 44.983990
v 72.753591 3.835480 48.612395
v 70.280659 3.835480 52.123689
v 67.638415 3.835480 55.509412
v 64.833223 3.835480 58.761409
v 61.871843 3.835480 61.871843
v 58.761409 3.835480 64.833223
v 55.509412 3.835480 67.638415
v 52.123689 3.835480 70.280659
v 48.612395 3.835480 72.753591
v 44.983990 3.835480 75.051253
v 41.247214 3.835480 77.168111
v 37.411071 3.835480 79.099063
v 33.484800 3.835480 80.839459
v 29.477862 3.835480 82.385106
v 25.399909 3.835480 83.732279
v 21.260766 3.835480 84.877735
v 17.070403 3.835480 85.818712
v 12.838917 3.835480 86.552945
v 8.576500 3.835480 87.078664
v 4.293422 3.835480 87.394602
v 0.000000 3.835480 87.500000
v -4.293422 3.835480 87.394602
v -8.576500 3.835480 87.078664
v -12.838917 3.835480 86.552945
v -17.070403 3.835480 85.818712
v -21.260766 3.835480 84.877735
v -25.399909 3.835480 83.732279
v -29.477862 3.835480 82.385106
v -33.484800 3.835480 80.839459
v -37.411071 3.835480 79.099063
v -41.247214 3.835480 77.168111
v -44.983990 3.835480 75.051253
v -48.612395 3.835480 72.753591
v -52.123689 3.835480 70.280659
v -55.509412 3.835480 67.638415
v -58.761409 3.835480 64.833223
v -61.871843 3.835480 61.871843
v -64.833223 3.835480 58.761409
v -67.638415 3.835480 55.509412
v -70.280659 3.835480 52.123689
v -72.753591 3.835480 48.612395
v -75.051253 3.835480 44.983990
v -77.168111 3.835480 41.247214
v -79.099063 3.835480 37.411071
v -80.839459 3.835480 33.484800
v -82.385106 3.835480 29.477862
v -83.732279 3.835480 25.399909
v -84.877735 3.835480 21.260766
v -85.818712 3.835480 17.070403
v -86.552945 3.835480 12.838917
v -87.078664 3.835480 8.576500
v -87.394602 3.835480 4.293422
v -87.500000 3.835480 0.000000
v -87.394602 3.835480 -4.293422
v -87.078664 3.835480 -8.576500
v -86.552945 3.835480 -12.838917
v -85.818712 3.835480 -17.070403
v -84.877735 3.835480 -21.260766
v -83.732279 3.835480 -25.399909
v -82.385106 3.835480 -29.477862
v -80.839459 3.835480 -33.484800
v -79.099063 3.835480 -37.411071
v -77.168111 3.835480 -41.247214
v -75.051253 3.835480 -44.983990
v -72.753591 3.835480 -48.612395
v -70.280659 3.835480 -52.123689
v -67.638415 3.835480 -55.509412
v -64.833223 3.835480 -58.761409
v -61.871843 3.835480 -61.871843
v -58.761409 3.835480 -64.833223
v -55.509412 3.835480 -67.638415
v -52.123689 3.835480 -70.280659
v -48.612395 3.835480 -72.753591
v -44.983990 3.835480 -75.051253
v -41.247214 3.835480 -77.168111
v -37.411071 3.835480 -79.099063
v -33.484800 3.835480 -80.839459
v -29.477862 3.835480 -82.385106
v -25.399909 3.835480 -83.732279
v -21.260766 3.835480 -84.877735
v -17.070403 3.835480 -85.818712
v -12.838917 3.835480 -86.552945
v -8.576500 3.835480 -87.078664
v -4.293422 3.835480 -87.394602
v -0.000000 3.835480 -87.500000
v 4.293422 3.835480 -87.394602
v 8.576500 3.835480 -87.078664
v 12.838917 3.835480 -86.552945
v 17.070403 3.835480 -85.818712
v 21.260766 3.835480 -84.877735
v 25.399909 3.835480 -83.732279
v 29.477862 3.835480 -82.385106
v 33.484800 3.835480 -80.839459
v 37.411071 3.835480 -79.099063
v 41.247214 3.835480 -77.168111
v 44.983990 3.835480 -75.051253
v 48.612395 3.835480 -72.753591
v 52.123689 3.835480 -70.280659
v 55.509412 3.835480 -67.638415
v 58.761409 3.835480 -64.833223
v 61.871843 3.835480 -61.871843
v 64.833223 3.835480 -58.761409
v 67.638415 3.835480 -55.509412
v 70.280659 3.835480 -52.123689
v 72.753591 3.835480 -48.612395
v 75.051253 3.835480 -44.983990
v 77.168111 3.835480 -41.247214
v 79.099063 3.835480 -37.411071
v 80.839459 3.835480 -33.484800
v 82.385106 3.835480 -29.477862
v 83.732279 3.835480 -25.399909
v 84.877735 3.835480 -21.260766
v 85.818712 3.835480 -17.070403
v 86.552945 3.835480 -12.838917
v 87.078664 3.835480 -8.576500
v 87.394602 3.835480 -4.293422
v 88.541667 3.927526 0.000000
v 88.435014 3.927526 4.344534
v 88.115314 3.927526 8.678601
v 87.583337 3.927526 12.991761
v 86.840363 3.927526 17.273622
v 85.888184 3.927526 21.513870
v 84.729092 3.927526 25.702289
v 83.365881 3.927526 29.828789
v 81.801834 3.927526 33.883429
v 80.040719 3.927526 37.856441
v 78.086779 3.927526 41.738253
v 75.944721 3.927526 45.519514
v 73.619705 3.927526 49.191114
v 71.117334 3.927526 52.744209
v 68.443634 3.927526 56.170239
v 65.605048 3.927526 59.460949
v 62.608413 3.927526 62.608413
v 59.460949 3.927526 65.605048
v 56.170239 3.927526 68.443634
v 52.744209 3.927526 71.117334
v 49.191114 3.927526 73.619705
v 45.519514 3.927526 75.944721
v 41.738253 3.927526 78.086779
v 37.856441 3.927526 80.040719
v 33.883429 3.927526 81.801834
v 29.828789 3.927526 83.365881
v 25.702289 3.927526 84.729092
v 21.513870 3.927526 85.888184
v 17.273622 3.927526 86.840363
v 12.991761 3.927526 87.583337
v 8.678601 3.927526 88.115314
v 4.344534 3.927526 88.435014
v 0.000000 3.927526 88.541667
v -4.344534 3.927526 88.435014
v -8.678601 3.927526 88.115314
v -12.991761 3.927526 87.583337
v -17.273622 3.927526 86.840363
v -21.513870 3.927526 85.888184
v -25.702289 3.927526 84.729092
v -29.828789 3.927526 83.365881
v -33.883429 3.927526 81.801834
v -37.856441 3.927526 80.040719
v -41.738253 3.927526 78.086779
v -45.519514 3.927526 75.944721
v -49.191114 3.927526 73.619705
v -52.744209 3.927526 71.117334
v -56.170239 3.927526 68.443634
v -59.460949 3.927526 65.605048
v -62.608413 3.927526 62.608413
v -65.605048 3.927526 59.460949
v -68.443634 3.927526 56.170239
v -71.117334 3.927526 52.744209
v -73.619705 3.927526 49.191114
v -75.944721 3.927526 45.519514
v -78.086779 3.927526 41.738253
v -80.040719 3.927526 37.856441
v -81.801834 3.927526 33.883429
v -83.365881 3.927526 29.828789
v -84.729092 3.927526 25.702289
v -85.888184 3.927526 21.513870
v -86.840363 3.927526 17.273622
v -87.583337 3.927526 12.991761
v -88.115314 3.927526 8.678601
v -88.435014 3.927526 4.344534
v -88.541667 3.927526 0.000000
v -88.435014 3.927526 -4.344534
v -88.115314 3.927526 -8.678601
v -87.583337 3.927526 -12.991761
v -86.840363 3.927526 -17.273622
v -85.888184 3.927526 -21.513870
v -84.729092 3.927526 -25.702289
v -83.365881 3.927526 -29.828789
v -81.801834 3.927526 -33.883429
v -80.040719 3.927526 -37.856441
v -78.086779 3.927526 -41.738253
v -75.944721 3.927526 -45.519514
v -73.619705 3.927526 -49.191114
v -71.117334 3.927526 -52.744209
v -68.443634 3.927526 -56.170239
v -65.605048 3.927526 -59.460949
v -62.608413 3.927526 -62.608413
v -59.460949 3.927526 -65.605048
v -56.170239 3.927526 -68.443634
v -52.744209 3.927526 -71.117334
v -49.191114 3.927526 -73.619705
v -45.519514 3.927526 -75.944721
v -41.738253 3.927526 -78.086779
v -37.856441 3.927526 -80.040719
v -33.883429 3.927526 -81.801834
v -29.828789 3.927526 -83.365881
v -25.702289 3.927526 -84.729092
v -21.513870 3.927526 -85.888184
v -17.273622 3.927526 -86.840363
v -12.991761 3.927526 -87.583337
v -8.678601 3.927526 -88.115314
v -4.344534 3.927526 -88.435014
v -0.000000 3.927526 -88.541667
v 4.344534 3.927526 -88.435014
v 8.678601 3.927526 -88.115314
v 12.991761 3.927526 -87.583337
v 17.273622 3.927526 -86.840363
v 21.513870 3.927526 -85.888184
v 25.702289 3.927526 -84.729092
v 29.828789 3.927526 -83.365881
v 33.883429 3.927526 -81.801834
v 37.856441 3.927526 -80.040719
v 41.738253 3.927526 -78.086779
v 45.519514 3.927526 -75.944721
v 49.191114 3.927526 -73.619705
v 52.744209 3.927526 -71.117334
v 56.170239 3.927526 -68.443634
v 59.460949 3.927526 -65.605048
v 62.608413 3.927526 -62.608413
v 65.605048 3.927526 -59.460949
v 68.443634 3.927526 -56.170239
v 71.117334 3.927526 -52.744209
v 73.619705 3.927526 -49.191114
v 75.944721 3.927526 -45.519514
v 78.086779 3.927526 -41.738253
v 80.040719 3.927526 -37.856441
v 81.801834 3.927526 -33.883429
v 83.365881 3.927526 -29.828789
v 84.729092 3.927526 -25.702289
v 85.888184 3.927526 -21.513870
v 86.840363 3.927526 -17.273622
v 87.583337 3.927526 -12.991761
v 88.115314 3.927526 -8.678601
v 88.435014 3.927526 -4.344534
v 89.583333 4.020670 0.000000
v 89.475426 4.020670 4.395646
v 89.151965 4.020670 8.780702
v 88.613729 4.020670 13.144605
v 87.862015 4.020670 17.476841
v 86.898633 4.020670 21.766974
v 85.725905 4.020670 26.004669
v 84.346656 4.020670 30.179716
v 82.764208 4.020670 34.282057
v 80.982374 4.020670 38.301810
v 79.005447 4.020670 42.229291
v 76.838188 4.020670 46.055038
v 74.485819 4.020670 49.769833
v 71.954008 4.020670 53.364729
v 69.248853 4.020670 56.831065
v 66.376872 4.020670 60.160490
v 63.344982 4.020670 63.344982
v 60.160490 4.020670 66.376872
v 56.831065 4.020670 69.248853
v 53.364729 4.020670 71.954008
v 49.769833 4.020670 74.485819
v 46.055038 4.020670 76.838188
v 42.229291 4.020670 79.005447
v 38.301810 4.020670 80.982374
v 34.282057 4.020670 82.764208
v 30.179716 4.020670 84.346656
v 26.004669 4.020670 85.725905
v 21.766974 4.020670 86.898633
v 17.476841 4.020670 87.862015
v 13.144605 4.020670 88.613729
v 8.780702 4.020670 89.151965
v 4.395646 4.020670 89.475426
v 0.000000 4.020670 89.583333
v -4.395646 4.020670 89.475426
v -8.780702 4.020670 89.151965
v -13.144605 4.020670 88.613729
v -17.476841 4.020670 87.862015
v -21.766974 4.020670 86.898633
v -26.004669 4.020670 85.725905
v -30.179716 4.020670 84.346656
v -34.282057 4.020670 82.764208
v -38.301810 4.020670 80.982374
v -42.229291 4.020670 79.005447
v -46.055038 4.020670 76.838188
v -49.769833 4.020670 74.485819
v -53.364729 4.020670 71.954008
v -56.831065 4.020670 69.248853
v -60.160490 4.020670 66.376872
v -63.344982 4.020670 63.344982
v -66.376872 4.020670 60.160490
v -69.248853 4.020670 56.831065
v -71.954008 4.020670 53.364729
v -74.485819 4.020670 49.769833
v -76.838188 4.020670 46.055038
v -79.005447 4.020670 42.229291
v -80.982374 4.020670 38.301810
v -82.764208 4.020670 34.282057
v -84.346656 4.020670 30.179716
v -85.725905 4.020670 26.004669
v -86.898633 4.020670 21.766974
v -87.862015 4.020670 17.476841
v -88.613729 4.020670 13.144605
v -89.151965 4.020670 8.780702
v -89.475426 4.020670 4.395646
v -89.583333 4.020670 0.000000
v -89.475426 4.020670 -4.395646
v -89.151965 4.020670 -8.780702
v -88.613729 4.020670 -13.144605
v -87.862015 4.020670 -17.476841
v -86.898633 4.020670 -21.766974
v -85.725905 4.020670 -26.004669
v -84.346656 4.020670 -30.179716
v -82.764208 4.020670 -34.282057
v -80.982374 4.020670 -38.301810
v -79.005447 4.020670 -42.229291
v -76.838188 4.020670 -46.055038
v -74.485819 4.020670 -49.769833
v -71.954008 4.020670 -53.364729
v -69.248853 4.020670 -56.831065
v -66.376872 4.020670 -60.160490
v -63.344982 4.020670 -63.344982
v -60.160490 4.020670 -66.376872
v -56.831065 4.020670 -69.248853
v -53.364729 4.020670 -71.954008
v -49.769833 4.020670 -74.485819
v -46.055038 4.020670 -76.838188
v -42.229291 4.020670 -79.005447
v -38.301810 4.020670 -80.982374
v -34.282057 4.020670 -82.764208
v -30.179716 4.020670 -84.346656
v -26.004669 4.020670 -85.725905
v -21.766974 4.020670 -86.898633
v -17.476841 4.020670 -87.862015
v -13.144605 4.020670 -88.613729
v -8.780702 4.020670 -89.151965
v -4.395646 4.020670 -89.475426
v -0.000000 4.020670 -89.583333
v 4.395646 4.020670 -89.475426
v 8.780702 4.020670 -89.151965
v 13.144605 4.020670 -88.613729
v 17.476841 4.020670 -87.862015
v 21.766974 4.020670 -86.898633
v 26.004669 4.020670 -85.725905
v 30.179716 4.020670 -84.346656
v 34.282057 4.020670 -82.764208
v 38.301810 4.020670 -80.982374
v 42.229291 4.020670 -79.005447
v 46.055038 4.020670 -76.838188
v 49.769833 4.020670 -74.485819
v 53.364729 4.020670 -71.954008
v 56.831065 4.020670 -69.248853
v 60.160490 4.020670 -66.376872
v 63.344982 4.020670 -63.344982
v 66.376872 4.020670 -60.160490
v 69.248853 4.020670 -56.831065
v 71.954008 4.020670 -53.364729
v 74.485819 4.020670 -49.769833
v 76.838188 4.020670 -46.055038
v 79.005447 4.020670 -42.229291
v 80.982374 4.020670 -38.301810
v 82.764208 4.020670 -34.282057
v 84.346656 4.020670 -30.179716
v 85.725905 4.020670 -26.004669
v 86.898633 4.020670 -21.766974
v 87.862015 4.020670 -17.476841
v 88.613729 4.020670 -13.144605
v 89.151965 4.020670 -8.780702
v 89.475426 4.020670 -4.395646
v 90.625000 4.114912 0.000000
v 90.515838 4.114912 4.446758
v 90.188616 4.114912 8.882803
v 89.644121 4.114912 13.297449
v 88.883666 4.114912 17.680060
v 87.909082 4.114912 22.020079
v 86.722718 4.114912 26.307049
v 85.327431 4.114912 30.530643
v 83.726583 4.114912 34.680686
v 81.924030 4.114912 38.747180
v 79.924115 4.114912 42.720329
v 77.731655 4.114912 46.590561
v 75.351934 4.114912 50.348552
v 72.790683 4.114912 53.985249
v 70.054072 4.114912 57.491891
v 67.148696 4.114912 60.860030
v 64.081552 4.114912 64.081552
v 60.860030 4.114912 67.148696
v 57.491891 4.114912 70.054072
v 53.985249 4.114912 72.790683
v 50.348552 4.114912 75.351934
v 46.590561 4.114912 77.731655
v 42.720329 4.114912 79.924115
v 38.747180 4.114912 81.924030
v 34.680686 4.114912 83.726583
v 30.530643 4.114912 85.327431
v 26.307049 4.114912 86.722718
v 22.020079 4.114912 87.909082
v 17.680060 4.114912 88.883666
v 13.297449 4.114912 89.644121
v 8.882803 4.114912 90.188616
v 4.446758 4.114912 90.515838
v 0.000000 4.114912 90.625000
v -4.446758 4.114912 90.515838
v -8.882803 4.114912 90.188616
v -13.297449 4.114912 89.644121
v -17.680060 4.114912 88.883666
v -22.020079 4.114912 87.909082
v -26.307049 4.114912 86.722718
v -30.530643 4.114912 85.327431
v -34.680686 4.114912 83.726583
v -38.747180 4.114912 81.924030
v -42.720329 4.114912 79.924115
v -46.590561 4.114912 77.731655
v -50.348552 4.114912 75.351934
v -53.985249 4.114912 72.790683
v -57.491891 4.114912 70.054072
v -60.860030 4.114912 67.148696
v -64.081552 4.114912 64.081552
v -67.148696 4.114912 60.860030
v -70.054072 4.114912 57.491891
v -72.790683 4.114912 53.985249
v -75.351934 4.114912 50.348552
v -77.731655 4.114912 46.590561
v -79.924115 4.114912 42.720329
v -81.924030 4.114912 38.747180
v -83.726583 4.114912 34.680686
v -85.327431 4.114912 30.530643
v -86.722718 4.114912 26.307049
v -87.909082 4.114912 22.020079
v -88.883666 4.114912 17.680060
v -89.644121 4.114912 13.297449
v -90.188616 4.114912 8.882803
v -90.515838 4.114912 4.446758
v -90.625000 4.114912 0.000000
v -90.515838 4.114912 -4.446758
v -90.188616 4.114912 -8.882803
v -89.644121 4.114912 -13.297449
v -88.883666 4.114912 -17.680060
v -87.909082 4.114912 -22.020079
v -86.722718 4.114912 -26.307049
v -85.327431 4.114912 -30.530643
v -83.726583 4.114912 -34.680686
v -81.924030 4.114912 -38.747180
v -79.924115 4.114912 -42.720329
v -77.731655 4.114912 -46.590561
v -75.351934 4.114912 -50.348552
v -72.790683 4.114912 -53.985249
v -70.054072 4.114912 -57.491891
v -67.148696 4.114912 -60.860030
v -64.081552 4.114912 -64.081552
v -60.860030 4.114912 -67.148696
v -57.491891 4.114912 -70.054072
v -53.985249 4.114912 -72.790683
v -50.348552 4.114912 -75.351934
v -46.590561 4.114912 -77.731655
v -42.720329 4.114912 -79.924115
v -38.747180 4.114912 -81.924030
v -34.680686 4.114912 -83.726583
v -30.530643 4.114912 -85.327431
v -26.307049 4.114912 -86.722718
v -22.020079 4.114912 -87.909082
v -17.680060 4.114912 -88.883666
v -13.297449 4.114912 -89.644121
v -8.882803 4.114912 -90.188616
v -4.446758 4.114912 -90.515838
v -0.000000 4.114912 -90.625000
v 4.446758 4.114912 -90.515838
v 8.882803 4.114912 -90.188616
v 13.297449 4.114912 -89.644121
v 17.680060 4.114912 -88.883666
v 22.020079 4.114912 -87.909082
v 26.307049 4.114912 -86.722718
v 30.530643 4.114912 -85.327431
v 34.680686 4.114912 -83.726583
v 38.747180 4.114912 -81.924030
v 42.720329 4.114912 -79.924115
v 46.590561 4.114912 -77.731655
v 50.348552 4.114912 -75.351934
v 53.985249 4.114912 -72.790683
v 57.491891 4.114912 -70.054072
v 60.860030 4.114912 -67.148696
v 64.081552 4.114912 -64.081552
v 67.148696 4.114912 -60.860030
v 70.054072 4.114912 -57.491891
v 72.790683 4.114912 -53.985249
v 75.351934 4.114912 -50.348552
v 77.731655 4.114912 -46.590561
v 79.924115 4.114912 -42.720329
v 81.924030 4.114912 -38.747180
v 83.726583 4.114912 -34.680686
v 85.327431 4.114912 -30.530643
v 86.722718 4.114912 -26.307049
v 87.909082 4.114912 -22.020079
v 88.883666 4.114912 -17.680060
v 89.644121 4.114912 -13.297449
v 90.188616 4.114912 -8.882803
v 90.515838 4.114912 -4.446758
v 91.666667 4.210252 0.000000
v 91.556250 4.210252 4.497870
v 91.225267 4.210252 8.984905
v 90.674513 4.210252 13.450293
v 89.905317 4.210252 17.883280
v 88.919532 4.210252 22.273183
v 87.719531 4.210252 26.609429
v 86.308206 4.210252 30.881570
v 84.688957 4.210252 35.079315
v 82.865685 4.210252 39.192550
v 80.842783 4.210252 43.211368
v 78.625123 4.210252 47.126085
v 76.218048 4.210252 50.927271
v 73.627357 4.210252 54.605770
v 70.859292 4.210252 58.152718
v 67.920520 4.210252 61.559571
v 64.818122 4.210252 64.818122
v 61.559571 4.210252 67.920520
v 58.152718 4.210252 70.859292
v 54.605770 4.210252 73.627357
v 50.927271 4.210252 76.218048
v 47.126085 4.210252 78.625123
v 43.211368 4.210252 80.842783
v 39.192550 4.210252 82.865685
v 35.079315 4.210252 84.688957
v 30.881570 4.210252 86.308206
v 26.609429 4.210252 87.719531
v 22.273183 4.210252 88.919532
v 17.883280 4.210252 89.905317
v 13.450293 4.210252 90.674513
v 8.984905 4.210252 91.225267
v 4.497870 4.210252 91.556250
v 0.000000 4.210252 91.666667
v -4.497870 4.210252 91.556250
v -8.984905 4.210252 91.225267
v -13.450293 4.210252 90.674513
v -17.883280 4.210252 89.905317
v -22.273183 4.210252 88.919532
v -26.609429 4.210252 87.719531
v -30.881570 4.210252 86.308206
v -35.079315 4.210252 84.688957
v -39.192550 4.210252 82.865685
v -43.211368 4.210252 80.842783
v -47.126085 4.210252 78.625123
v -50.927271 4.210252 76.218048
v -54.605770 4.210252 73.627357
v -58.152718 4.210252 70.859292
v -61.559571 4.210252 67.920520
v -64.818122 4.210252 64.818122
v -67.920520 4.210252 61.559571
v -70.859292 4.210252 58.152718
v -73.627357 4.210252 54.605770
v -76.218048 4.210252 50.927271
v -78.625123 4.210252 47.126085
v -80.842783 4.210252 43.211368
v -82.865685 4.210252 39.192550
v -84.688957 4.210252 35.079315
v -86.308206 4.210252 30.881570
v -87.719531 4.210252 26.609429
v -88.919532 4.210252 22.273183
v -89.905317 4.210252 17.883280
v -90.674513 4.210252 13.450293
v -91.225267 4.210252 8.984905
v -91.556250 4.210252 4.497870
v -91.666667 4.210252 0.000000
v -91.556250 4.210252 -4.497870
v -91.225267 4.210252 -8.984905
v -90.674513 4.210252 -13.450293
v -89.905317 4.210252 -17.883280
v -88.919532 4.210252 -22.273183
v -87.719531 4.210252 -26.609429
v -86.308206 4.210252 -30.881570
v -84.688957 4.210252 -35.079315
v -82.865685 4.210252 -39.192550
v -80.842783 4.210252 -43.211368
v -78.625123 4.210252 -47.126085
v -76.218048 4.210252 -50.927271
v -73.627357 4.210252 -54.605770
v -70.859292 4.210252 -58.152718
v -67.920520 4.210252 -61.559571
v -64.818122 4.210252 -64.818122
v -61.559571 4.210252 -67.920520
v -58.152718 4.210252 -70.859292
v -54.605770 4.210252 -73.627357
v -50.927271 4.210252 -76.218048
v -47.126085 4.210252 -78.625123
v -43.211368 4.210252 -80.842783
v -39.192550 4.210252 -82.865685
v -35.079315 4.210252 -84.688957
v -30.881570 4.210252 -86.308206
v -26.609429 4.210252 -87.719531
v -22.273183 4.210252 -88.919532
v -17.883280 4.210252 -89.905317
v -13.450293 4.210252 -90.674513
v -8.984905 4.210252 -91.225267
v -4.497870 4.210252 -91.556250
v -0.000000 4.210252 -91.666667
v 4.497870 4.210252 -91.556250
v 8.984905 4.210252 -91.225267
v 13.450293 4.210252 -90.674513
v 17.883280 4.210252 -89.905317
v 22.273183 4.210252 -88.919532
v 26.609429 4.210252 -87.719531
v 30.881570 4.210252 -86.308206
v 35.079315 4.210252 -84.688957
v 39.192550 4.210252 -82.865685
v 43.211368 4.210252 -80.842783
v 47.126085 4.210252 -78.625123
v 50.927271 4.210252 -76.218048
v 54.605770 4.210252 -73.627357
v 58.152718 4.210252 -70.859292
v 61.559571 4.210252 -67.920520
v 64.818122 4.210252 -64.818122
v 67.920520 4.210252 -61.559571
v 70.859292 4.210252 -58.152718
v 73.627357 4.210252 -54.605770
v 76.218048 4.210252 -50.927271
v 78.625123 4.210252 -47.126085
v 80.842783 4.210252 -43.211368
v 82.865685 4.210252 -39.192550
v 84.688957 4.210252 -35.079315
v 86.308206 4.210252 -30.881570
v 87.719531 4.210252 -26.609429
v 88.919532 4.210252 -22.273183
v 89.905317 4.210252 -17.883280
v 90.674513 4.210252 -13.450293
v 91.225267 4.210252 -8.984905
v 91.556250 4.210252 -4.497870
v 92.708333 4.306691 0.000000
v 92.596662 4.306691 4.548982
v 92.261917 4.306691 9.087006
v 91.704906 4.306691 13.603138
v 90.926969 4.306691 18.086499
v 89.929981 4.306691 22.526288
v 88.716344 4.306691 26.911809
v 87.288981 4.306691 31.232497
v 85.651332 4.306691 35.477943
v 83.807341 4.306691 39.637920
v 81.761451 4.306691 43.702406
v 79.518590 4.306691 47.661609
v 77.084162 4.306691 51.505990
v 74.464032 4.306691 55.226290
v 71.664511 4.306691 58.813544
v 68.692344 4.306691 62.259111
v 65.554691 4.306691 65.554691
v 62.259111 4.306691 68.692344
v 58.813544 4.306691 71.664511
v 55.226290 4.306691 74.464032
v 51.505990 4.306691 77.084162
v 47.661609 4.306691 79.518590
v 43.702406 4.306691 81.761451
v 39.637920 4.306691 83.807341
v 35.477943 4.306691 85.651332
v 31.232497 4.306691 87.288981
v 26.911809 4.306691 88.716344
v 22.526288 4.306691 89.929981
v 18.086499 4.306691 90.926969
v 13.603138 4.306691 91.704906
v 9.087006 4.306691 92.261917
v 4.548982 4.306691 92.596662
v 0.000000 4.306691 92.708333
v -4.548982 4.306691 92.596662
v -9.087006 4.306691 92.261917
v -13.603138 4.306691 91.704906
v -18.086499 4.306691 90.926969
v -22.526288 4.306691 89.929981
v -26.911809 4.306691 88.716344
v -31.232497 4.306691 87.288981
v -35.477943 4.306691 85.651332
v -39.637920 4.306691 83.807341
v -43.702406 4.306691 81.761451
v -47.661609 4.306691 79.518590
v -51.505990 4.306691 77.084162
v -55.226290 4.306691 74.464032
v -58.813544 4.306691 71.664511
v -62.259111 4.306691 68.692344
v -65.554691 4.306691 65.554691
v -68.692344 4.306691 62.259111
v -71.664511 4.306691 58.813544
v -74.464032 4.306691 55.226290
v -77.084162 4.306691 51.505990
v -79.518590 4.306691 47.661609
v -81.761451 4.306691 43.702406
v -83.807341 4.306691 39.637920
v -85.651332 4.306691 35.477943
v -87.288981 4.306691 31.232497
v -88.716344 4.306691 26.911809
v -89.929981 4.306691 22.526288
v -90.926969 4.306691 18.086499
v -91.704906 4.306691 13.603138
v -92.261917 4.306691 9.087006
v -92.596662 4.306691 4.548982
v -92.708333 4.306691 0.000000
v -92.596662 4.306691 -4.548982
v -92.261917 4.306691 -9.087006
v -91.704906 4.306691 -13.603138
v -90.926969 4.306691 -18.086499
v -89.929981 4.306691 -22.526288
v -88.716344 4.306691 -26.911809
v -87.288981 4.306691 -31.232497
v -85.651332 4.306691 -35.477943
v -83.807341 4.306691 -39.637920
v -81.761451 4.306691 -43.702406
v -79.518590 4.306691 -47.661609
v -77.084162 4.306691 -51.505990
v -74.464032 4.306691 -55.226290
v -71.664511 4.306691 -58.813544
v -68.692344 4.306691 -62.259111
v -65.554691 4.306691 -65.554691
v -62.259111 4.306691 -68.692344
v -58.813544 4.306691 -71.664511
v -55.226290 4.306691 -74.464032
v -51.505990 4.306691 -77.084162
v -47.661609 4.306691 -79.518590
v -43.702406 4.306691 -81.761451
v -39.637920 4.306691 -83.807341
v -35.477943 4.306691 -85.651332
v -31.232497 4.306691 -87.288981
v -26.911809 4.306691 -88.716344
v -22.526288 4.306691 -89.929981
v -18.086499 4.306691 -90.926969
v -13.603138 4.306691 -91.704906
v -9.087006 4.306691 -92.261917
v -4.548982 4.306691 -92.596662
v -0.000000 4.306691 -92.708333
v 4.548982 4.306691 -92.596662
v 9.087006 4.306691 -92.261917
v 13.603138 4.306691 -91.704906
v 18.086499 4.306691 -90.926969
v 22.526288 4.306691 -89.929981
v 26.911809 4.306691 -88.716344
v 31.232497 4.306691 -87.288981
v 35.477943 4.306691 -85.651332
v 39.637920 4.306691 -83.807341
v 43.702406 4.306691 -81.761451
v 47.661609 4.306691 -79.518590
v 51.505990 4.306691 -77.084162
v 55.226290 4.306691 -74.464032
v 58.813544 4.306691 -71.664511
v 62.259111 4.306691 -68.692344
v 65.554691 4.306691 -65.554691
v 68.692344 4.306691 -62.259111
v 71.664511 4.306691 -58.813544
v 74.464032 4.306691 -55.226290
v 77.084162 4.306691 -51.505990
v 79.518590 4.306691 -47.661609
v 81.761451 4.306691 -43.702406
v 83.807341 4.306691 -39.637920
v 85.651332 4.306691 -35.477943
v 87.288981 4.306691 -31.232497
v 88.716344 4.306691 -26.911809
v 89.929981 4.306691 -22.526288
v 90.926969 4.306691 -18.086499
v 91.704906 4.306691 -13.603138
v 92.261917 4.306691 -9.087006
v 92.596662 4.306691 -4.548982
v 93.750000 4.404230 0.000000
v 93.637074 4.404230 4.600094
v 93.298568 4.404230 9.189107
v 92.735298 4.404230 13.755982
v 91.948620 4.404230 18.289718
v 90.940430 4.404230 22.779392
v 89.713156 4.404230 27.214188
v 88.269756 4.404230 31.583424
v 86.613706 4.404230 35.876572
v 84.748996 4.404230 40.083290
v 82.680119 4.404230 44.193444
v 80.412057 4.404230 48.197132
v 77.950276 4.404230 52.084709
v 75.300706 4.404230 55.846810
v 72.469730 4.404230 59.474370
v 69.464168 4.404230 62.958652
v 66.291261 4.404230 66.291261
v 62.958652 4.404230 69.464168
v 59.474370 4.404230 72.469730
v 55.846810 4.404230 75.300706
v 52.084709 4.404230 77.950276
v 48.197132 4.404230 80.412057
v 44.193444 4.404230 82.680119
v 40.083290 4.404230 84.748996
v 35.876572 4.404230 86.613706
v 31.583424 4.404230 88.269756
v 27.214188 4.404230 89.713156
v 22.779392 4.404230 90.940430
v 18.289718 4.404230 91.948620
v 13.755982 4.404230 92.735298
v 9.189107 4.404230 93.298568
v 4.600094 4.404230 93.637074
v 0.000000 4.404230 93.750000
v -4.600094 4.404230 93.637074
v -9.189107 4.404230 93.298568
v -13.755982 4.404230 92.735298
v -18.289718 4.404230 91.948620
v -22.779392 4.404230 90.940430
v -27.214188 4.404230 89.713156
v -31.583424 4.404230 88.269756
v -35.876572 4.404230 86.613706
v -40.083290 4.404230 84.748996
v -44.193444 4.404230 82.680119
v -48.197132 4.404230 80.412057
v -52.084709 4.404230 77.950276
v -55.846810 4.404230 75.300706
v -59.474370 4.404230 72.469730
v -62.958652 4.404230 69.464168
v -66.291261 4.404230 66.291261
v -69.464168 4.404230 62.958652
v -72.469730 4.404230 59.474370
v -75.300706 4.404230 55.846810
v -77.950276 4.404230 52.084709
v -80.412057 4.404230 48.197132
v -82.680119 4.404230 44.193444
v -84.748996 4.404230 40.083290
v -86.613706 4.404230 35.876572
v -88.269756 4.404230 31.583424
v -89.713156 4.404230 27.214188
v -90.940430 4.404230 22.779392
v -91.948620 4.404230 18.289718
v -92.735298 4.404230 13.755982
v -93.298568 4.404230 9.189107
v -93.637074 4.404230 4.600094
v -93.750000 4.404230 0.000000
v -93.637074 4.404230 -4.600094
v -93.298568 4.404230 -9.189107
v -92.735298 4.404230 -13.755982
v -91.948620 4.404230 -18.289718
v -90.940430 4.404230 -22.779392
v -89.713156 4.404230 -27.214188
v -88.269756 4.404230 -31.583424
v -86.613706 4.404230 -35.876572
v -84.748996 4.404230 -40.083290
v -82.680119 4.404230 -44.193444
v -80.412057 4.404230 -48.197132
v -77.950276 4.404230 -52.084709
v -75.300706 4.404230 -55.846810
v -72.469730 4.404230 -59.474370
v -69.464168 4.404230 -62.958652
v -66.291261 4.404230 -66.291261
v -62.958652 4.404230 -69.464168
v -59.474370 4.404230 -72.469730
v -55.846810 4.404230 -75.300706
v -52.084709 4.404230 -77.950276
v -48.197132 4.404230 -80.412057
v -44.193444 4.404230 -82.680119
v -40.083290 4.404230 -84.748996
v -35.876572 4.404230 -86.613706
v -31.583424 4.404230 -88.269756
v -27.214188 4.404230 -89.713156
v -22.779392 4.404230 -90.940430
v -18.289718 4.404230 -91.948620
v -13.755982 4.404230 -92.735298
v -9.189107 4.404230 -93.298568
v -4.600094 4.404230 -93.637074
v -0.000000 4.404230 -93.750000
v 4.600094 4.404230 -93.637074
v 9.189107 4.404230 -93.298568
v 13.755982 4.404230 -92.735298
v 18.289718 4.404230 -91.948620
v 22.779392 4.404230 -90.940430
v 27.214188 4.404230 -89.713156
v 31.583424 4.404230 -88.269756
v 35.876572 4.404230 -86.613706
v 40.083290 4.404230 -84.748996
v 44.193444 4.404230 -82.680119
v 48.197132 4.404230 -80.412057
v 52.084709 4.404230 -77.950276
v 55.846810 4.404230 -75.300706
v 59.474370 4.404230 -72.469730
v 62.958652 4.404230 -69.464168
v 66.291261 4.404230 -66.291261
v 69.464168 4.404230 -62.958652
v 72.469730 4.404230 -59.474370
v 75.300706 4.404230 -55.846810
v 77.950276 4.404230 -52.084709
v 80.412057 4.404230 -48.197132
v 82.680119 4.404230 -44.193444
v 84.748996 4.404230 -40.083290
v 86.613706 4.404230 -35.876572
v 88.269756 4.404230 -31.583424
v 89.713156 4.404230 -27.214188
v 90.940430 4.404230 -22.779392
v 91.948620 4.404230 -18.289718
v 92.735298 4.404230 -13.755982
v 93.298568 4.404230 -9.189107
v 93.637074 4.404230 -4.600094
v 94.791667 4.502868 0.000000
v 94.677486 4.502868 4.651207
v 94.335219 4.502868 9.291208
v 93.765690 4.502868 13.908826
v 92.970271 4.502868 18.492937
v 91.950879 4.502868 23.032496
v 90.709969 4.502868 27.516568
v 89.250531 4.502868 31.934351
v 87.576081 4.502868 36.275200
v 85.690652 4.502868 40.528660
v 83.598787 4.502868 44.684482
v 81.305524 4.502868 48.732656
v 78.816390 4.502868 52.663428
v 76.137381 4.502868 56.467330
v 73.274949 4.502868 60.135197
v 70.235992 4.502868 63.658193
v 67.027830 4.502868 67.027830
v 63.658193 4.502868 70.235992
v 60.135197 4.502868 73.274949
v 56.467330 4.502868 76.137381
v 52.663428 4.502868 78.816390
v 48.732656 4.502868 81.305524
v 44.684482 4.502868 83.598787
v 40.528660 4.502868 85.690652
v 36.275200 4.502868 87.576081
v 31.934351 4.502868 89.250531
v 27.516568 4.502868 90.709969
v 23.032496 4.502868 91.950879
v 18.492937 4.502868 92.970271
v 13.908826 4.502868 93.765690
v 9.291208 4.502868 94.335219
v 4.651207 4.502868 94.677486
v 0.000000 4.502868 94.791667
v -4.651207 4.502868 94.677486
v -9.291208 4.502868 94.335219
v -13.908826 4.502868 93.765690
v -18.492937 4.502868 92.970271
v -23.032496 4.502868 91.950879
v -27.516568 4.502868 90.709969
v -31.934351 4.502868 89.250531
v -36.275200 4.502868 87.576081
v -40.528660 4.502868 85.690652
v -44.684482 4.502868 83.598787
v -48.732656 4.502868 81.305524
v -52.663428 4.502868 78.816390
v -56.467330 4.502868 76.137381
v -60.135197 4.502868 73.274949
v -63.658193 4.502868 70.235992
v -67.027830 4.502868 67.027830
v -70.235992 4.502868 63.658193
v -73.274949 4.502868 60.135197
v -76.137381 4.502868 56.467330
v -78.816390 4.502868 52.663428
v -81.305524 4.502868 48.732656
v -83.598787 4.502868 44.684482
v -85.690652 4.502868 40.528660
v -87.576081 4.502868 36.275200
v -89.250531 4.502868 31.934351
v -90.709969 4.502868 27.516568
v -91.950879 4.502868 23.032496
v -92.970271 4.502868 18.492937
v -93.765690 4.502868 13.908826
v -94.335219 4.502868 9.291208
v -94.677486 4.502868 4.651207
v -94.791667 4.502868 0.000000
v -94.677486 4.502868 -4.651207
v -94.335219 4.502868 -9.291208
v -93.765690 4.502868 -13.908826
v -92.970271 4.502868 -18.492937
v -91.950879 4.502868 -23.032496
v -90.709969 4.502868 -27.516568
v -89.250531 4.502868 -31.934351
v -87.576081 4.502868 -36.275200
v -85.690652 4.502868 -40.528660
v -83.598787 4.502868 -44.684482
v -81.305524 4.502868 -48.732656
v -78.816390 4.502868 -52.663428
v -76.137381 4.502868 -56.467330
v -73.274949 4.502868 -60.135197
v -70.235992 4.502868 -63.658193
v -67.027830 4.502868 -67.027830
v -63.658193 4.502868 -70.235992
v -60.135197 4.502868 -73.274949
v -56.467330 4.502868 -76.137381
v -52.663428 4.502868 -78.816390
v -48.732656 4.502868 -81.305524
v -44.684482 4.502868 -83.598787
v -40.528660 4.502868 -85.690652
v -36.275200 4.502868 -87.576081
v -31.934351 4.502868 -89.250531
v -27.516568 4.502868 -90.709969
v -23.032496 4.502868 -91.950879
v -18.492937 4.502868 -92.970271
v -13.908826 4.502868 -93.765690
v -9.291208 4.502868 -94.335219
v -4.651207 4.502868 -94.677486
v -0.000000 4.502868 -94.791667
v 4.651207 4.502868 -94.677486
v 9.291208 4.502868 -94.335219
v 13.908826 4.502868 -93.765690
v 18.492937 4.502868 -92.970271
v 23.032496 4.502868 -91.950879
v 27.516568 4.502868 -90.709969
v 31.934351 4.502868 -89.250531
v 36.275200 4.502868 -87.576081
v 40.528660 4.502868 -85.690652
v 44.684482 4.502868 -83.598787
v 48.732656 4.502868 -81.305524
v 52.663428 4.502868 -78.816390
v 56.467330 4.502868 -76.137381
v 60.135197 4.502868 -73.274949
v 63.658193 4.502868 -70.235992
v 67.027830 4.502868 -67.027830
v 70.235992 4.502868 -63.658193
v 73.274949 4.502868 -60.135197
v 76.137381 4.502868 -56.467330
v 78.816390 4.502868 -52.663428
v 81.305524 4.502868 -48.732656
v 83.598787 4.502868 -44.684482
v 85.690652 4.502868 -40.528660
v 87.576081 4.502868 -36.275200
v 89.250531 4.502868 -31.934351
v 90.709969 4.502868 -27.516568
v 91.950879 4.502868 -23.032496
v 92.970271 4.502868 -18.492937
v 93.765690 4.502868 -13.908826
v 94.335219 4.502868 -9.291208
v 94.677486 4.502868 -4.651207
v 95.833333 4.602606 0.000000
v 95.717898 4.602606 4.702319
v 95.371870 4.602606 9.393309
v 94.796082 4.602606 14.061670
v 93.991923 4.602606 18.696156
v 92.961328 4.602606 23.285601
v 91.706782 4.602606 27.818948
v 90.231306 4.602606 32.285278
v 88.538455 4.602606 36.673829
v 86.632307 4.602606 40.974030
v 84.517455 4.602606 45.175521
v 82.198992 4.602606 49.268180
v 79.682505 4.602606 53.242147
v 76.974055 4.602606 57.087850
v 74.080168 4.602606 60.796023
v 71.007816 4.602606 64.357733
v 67.764400 4.602606 67.764400
v 64.357733 4.602606 71.007816
v 60.796023 4.602606 74.080168
v 57.087850 4.602606 76.974055
v 53.242147 4.602606 79.682505
v 49.268180 4.602606 82.198992
v 45.175521 4.602606 84.517455
v 40.974030 4.602606 86.632307
v 36.673829 4.602606 88.538455
v 32.285278 4.602606 90.231306
v 27.818948 4.602606 91.706782
v 23.285601 4.602606 92.961328
v 18.696156 4.602606 93.991923
v 14.061670 4.602606 94.796082
v 9.393309 4.602606 95.371870
v 4.702319 4.602606 95.717898
v 0.000000 4.602606 95.833333
v -4.702319 4.602606 95.717898
v -9.393309 4.602606 95.371870
v -14.061670 4.602606 94.796082
v -18.696156 4.602606 93.991923
v -23.285601 4.602606 92.961328
v -27.818948 4.602606 91.706782
v -32.285278 4.602606 90.231306
v -36.673829 4.602606 88.538455
v -40.974030 4.602606 86.632307
v -45.175521 4.602606 84.517455
v -49.268180 4.602606 82.198992
v -53.242147 4.602606 79.682505
v -57.087850 4.602606 76.974055
v -60.796023 4.602606 74.080168
v -64.357733 4.602606 71.007816
v -67.764400 4.602606 67.764400
v -71.007816 4.602606 64.357733
v -74.080168 4.602606 60.796023
v -76.974055 4.602606 57.087850
v -79.682505 4.602606 53.242147
v -82.198992 4.602606 49.268180
v -84.517455 4.602606 45.175521
v -86.632307 4.602606 40.974030
v -88.538455 4.602606 36.673829
v -90.231306 4.602606 32.285278
v -91.706782 4.602606 27.818948
v -92.961328 4.602606 23.285601
v -93.991923 4.602606 18.696156
v -94.796082 4.602606 14.061670
v -95.371870 4.602606 9.393309
v -95.717898 4.602606 4.702319
v -95.833333 4.602606 0.000000
v -95.717898 4.602606 -4.702319
v -95.371870 4.602606 -9.393309
v -94.796082 4.602606 -14.061670
v -93.991923 4.602606 -18.696156
v -92.961328 4.602606 -23.285601
v -91.706782 4.602606 -27.818948
v -90.231306 4.602606 -32.285278
v -88.538455 4.602606 -36.673829
v -86.632307 4.602606 -40.974030
v -84.517455 4.602606 -45.175521
v -82.198992 4.602606 -49.268180
v -79.682505 4.602606 -53.242147
v -76.974055 4.602606 -57.087850
v -74.080168 4.602606 -60.796023
v -71.007816 4.602606 -64.357733
v -67.764400 4.602606 -67.764400
v -64.357733 4.602606 -71.007816
v -60.796023 4.602606 -74.080168
v -57.087850 4.602606 -76.974055
v -53.242147 4.602606 -79.682505
v -49.268180 4.602606 -82.198992
v -45.175521 4.602606 -84.517455
v -40.974030 4.602606 -86.632307
v -36.673829 4.602606 -88.538455
v -32.285278 4.602606 -90.231306
v -27.818948 4.602606 -91.706782
v -23.285601 4.602606 -92.961328
v -18.696156 4.602606 -93.991923
v -14.061670 4.602606 -94.796082
v -9.393309 4.602606 -95.371870
v -4.702319 4.602606 -95.717898
v -0.000000 4.602606 -95.833333
v 4.702319 4.602606 -95.717898
v 9.393309 4.602606 -95.371870
v 14.061670 4.602606 -94.796082
v 18.696156 4.602606 -93.991923
v 23.285601 4.602606 -92.961328
v 27.818948 4.602606 -91.706782
v 32.285278 4.602606 -90.231306
v 36.673829 4.602606 -88.538455
v 40.974030 4.602606 -86.632307
v 45.175521 4.602606 -84.517455
v 49.268180 4.602606 -82.198992
v 53.242147 4.602606 -79.682505
v 57.087850 4.602606 -76.974055
v 60.796023 4.602606 -74.080168
v 64.357733 4.602606 -71.007816
v 67.764400 4.602606 -67.764400
v 71.007816 4.602606 -64.357733
v 74.080168 4.602606 -60.796023
v 76.974055 4.602606 -57.087850
v 79.682505 4.602606 -53.242147
v 82.198992 4.602606 -49.268180
v 84.517455 4.602606 -45.175521
v 86.632307 4.602606 -40.974030
v 88.538455 4.602606 -36.673829
v 90.231306 4.602606 -32.285278
v 91.706782 4.602606 -27.818948
v 92.961328 4.602606 -23.285601
v 93.991923 4.602606 -18.696156
v 94.796082 4.602606 -14.061670
v 95.371870 4.602606 -9.393309
v 95.717898 4.602606 -4.702319
v 96.875000 4.703444 0.000000
v 96.758310 4.703444 4.753431
v 96.408520 4.703444 9.495410
v 95.826474 4.703444 14.214515
v 95.013574 4.703444 18.899375
v 93.971778 4.703444 23.538705
v 92.703595 4.703444 28.121328
v 91.212081 4.703444 32.636205
v 89.500830 4.703444 37.072458
v 87.573963 4.703444 41.419400
v 85.436122 4.703444 45.666559
v 83.092459 4.703444 49.803703
v 80.548619 4.703444 53.820866
v 77.810730 4.703444 57.708370
v 74.885388 4.703444 61.456849
v 71.779640 4.703444 65.057274
v 68.500969 4.703444 68.500969
v 65.057274 4.703444 71.779640
v 61.456849 4.703444 74.885388
v 57.708370 4.703444 77.810730
v 53.820866 4.703444 80.548619
v 49.803703 4.703444 83.092459
v 45.666559 4.703444 85.436122
v 41.419400 4.703444 87.573963
v 37.072458 4.703444 89.500830
v 32.636205 4.703444 91.212081
v 28.121328 4.703444 92.703595
v 23.538705 4.703444 93.971778
v 18.899375 4.703444 95.013574
v 14.214515 4.703444 95.826474
v 9.495410 4.703444 96.408520
v 4.753431 4.703444 96.758310
v 0.000000 4.703444 96.875000
v -4.753431 4.703444 96.758310
v -9.495410 4.703444 96.408520
v -14.214515 4.703444 95.826474
v -18.899375 4.703444 95.013574
v -23.538705 4.703444 93.971778
v -28.121328 4.703444 92.703595
v -32.636205 4.703444 91.212081
v -37.072458 4.703444 89.500830
v -41.419400 4.703444 87.573963
v -45.666559 4.703444 85.436122
v -49.803703 4.703444 83.092459
v -53.820866 4.703444 80.548619
v -57.708370 4.703444 77.810730
v -61.456849 4.703444 74.885388
v -65.057274 4.703444 71.779640
v -68.500969 4.703444 68.500969
v -71.779640 4.703444 65.057274
v -74.885388 4.703444 61.456849
v -77.810730 4.703444 57.708370
v -80.548619 4.703444 53.820866
v -83.092459 4.703444 49.803703
v -85.436122 4.703444 45.666559
v -87.573963 4.703444 41.419400
v -89.500830 4.703444 37.072458
v -91.212081 4.703444 32.636205
v -92.703595 4.703444 28.121328
v -93.971778 4.703444 23.538705
v -95.013574 4.703444 18.899375
v -95.826474 4.703444 14.214515
v -96.408520 4.703444 9.495410
v -96.758310 4.703444 4.753431
v -96.875000 4.703444 0.000000
v -96.758310 4.703444 -4.753431
v -96.408520 4.703444 -9.495410
v -95.826474 4.703444 -14.214515
v -95.013574 4.703444 -18.899375
v -93.971778 4.703444 -23.538705
v -92.703595 4.703444 -28.121328
v -91.212081 4.703444 -32.636205
v -89.500830 4.703444 -37.072458
v -87.573963 4.703444 -41.419400
v -85.436122 4.703444 -45.666559
v -83.092459 4.703444 -49.803703
v -80.548619 4.703444 -53.820866
v -77.810730 4.703444 -57.708370
v -74.885388 4.703444 -61.456849
v -71.779640 4.703444 -65.057274
v -68.500969 4.703444 -68.500969
v -65.057274 4.703444 -71.779640
v -61.456849 4.703444 -74.885388
v -57.708370 4.703444 -77.810730
v -53.820866 4.703444 -80.548619
v -49.803703 4.703444 -83.092459
v -45.666559 4.703444 -85.436122
v -41.419400 4.703444 -87.573963
v -37.072458 4.703444 -89.500830
v -32.636205 4.703444 -91.212081
v -28.121328 4.703444 -92.703595
v -23.538705 4.703444 -93.971778
v -18.899375 4.703444 -95.013574
v -14.214515 4.703444 -95.826474
v -9.495410 4.703444 -96.408520
v -4.753431 4.703444 -96.758310
v -0.000000 4.703444 -96.875000
v 4.753431 4.703444 -96.758310
v 9.495410 4.703444 -96.408520
v 14.214515 4.703444 -95.826474
v 18.899375 4.703444 -95.013574
v 23.538705 4.703444 -93.971778
v 28.121328 4.703444 -92.703595
v 32.636205 4.703444 -91.212081
v 37.072458 4.703444 -89.500830
v 41.419400 4.703444 -87.573963
v 45.666559 4.703444 -85.436122
v 49.803703 4.703444 -83.092459
v 53.820866 4.703444 -80.548619
v 57.708370 4.703444 -77.810730
v 61.456849 4.703444 -74.885388
v 65.057274 4.703444 -71.779640
v 68.500969 4.703444 -68.500969
v 71.779640 4.703444 -65.057274
v 74.885388 4.703444 -61.456849
v 77.810730 4.703444 -57.708370
v 80.548619 4.703444 -53.820866
v 83.092459 4.703444 -49.803703
v 85.436122 4.703444 -45.666559
v 87.573963 4.703444 -41.419400
v 89.500830 4.703444 -37.072458
v 91.212081 4.703444 -32.636205
v 92.703595 4.703444 -28.121328
v 93.971778 4.703444 -23.538705
v 95.013574 4.703444 -18.899375
v 95.826474 4.703444 -14.214515
v 96.408520 4.703444 -9.495410
v 96.758310 4.703444 -4.753431
v 97.916667 4.805383 0.000000
v 97.798722 4.805383 4.804543
v 97.445171 4.805383 9.597512
v 96.856867 4.805383 14.367359
v 96.035225 4.805383 19.102594
v 94.982227 4.805383 23.791809
v 93.700408 4.805383 28.423708
v 92.192856 4.805383 32.987131
v 90.463204 4.805383 37.471086
v 88.515618 4.805383 41.864770
v 86.354790 4.805383 46.157597
v 83.985926 4.805383 50.339227
v 81.414733 4.805383 54.399585
v 78.647404 4.805383 58.328890
v 75.690607 4.805383 62.117676
v 72.551464 4.805383 65.756814
v 69.237539 4.805383 69.237539
v 65.756814 4.805383 72.551464
v 62.117676 4.805383 75.690607
v 58.328890 4.805383 78.647404
v 54.399585 4.805383 81.414733
v 50.339227 4.805383 83.985926
v 46.157597 4.805383 86.354790
v 41.864770 4.805383 88.515618
v 37.471086 4.805383 90.463204
v 32.987131 4.805383 92.192856
v 28.423708 4.805383 93.700408
v 23.791809 4.805383 94.982227
v 19.102594 4.805383 96.035225
v 14.367359 4.805383 96.856867
v 9.597512 4.805383 97.445171
v 4.804543 4.805383 97.798722
v 0.000000 4.805383 97.916667
v -4.804543 4.805383 97.798722
v -9.597512 4.805383 97.445171
v -14.367359 4.805383 96.856867
v -19.102594 4.805383 96.035225
v -23.791809 4.805383 94.982227
v -28.423708 4.805383 93.700408
v -32.987131 4.805383 92.192856
v -37.471086 4.805383 90.463204
v -41.864770 4.805383 88.515618
v -46.157597 4.805383 86.354790
v -50.339227 4.805383 83.985926
v -54.399585 4.805383 81.414733
v -58.328890 4.805383 78.647404
v -62.117676 4.805383 75.690607
v -65.756814 4.805383 72.551464
v -69.237539 4.805383 69.237539
v -72.551464 4.805383 65.756814
v -75.690607 4.805383 62.117676
v -78.647404 4.805383 58.328890
v -81.414733 4.805383 54.399585
v -83.985926 4.805383 50.339227
v -86.354790 4.805383 46.157597
v -88.515618 4.805383 41.864770
v -90.463204 4.805383 37.471086
v -92.192856 4.805383 32.987131
v -93.700408 4.805383 28.423708
v -94.982227 4.805383 23.791809
v -96.035225 4.805383 19.102594
v -96.856867 4.805383 14.367359
v -97.445171 4.805383 9.597512
v -97.798722 4.805383 4.804543
v -97.916667 4.805383 0.000000
v -97.798722 4.805383 -4.804543
v -97.445171 4.805383 -9.597512
v -96.856867 4.805383 -14.367359
v -96.035225 4.805383 -19.102594
v -94.982227 4.805383 -23.791809
v -93.700408 4.805383 -28.423708
v -92.192856 4.805383 -32.987131
v -90.463204 4.805383 -37.471086
v -88.515618 4.805383 -41.864770
v -86.354790 4.805383 -46.157597
v -83.985926 4.805383 -50.339227
v -81.414733 4.805383 -54.399585
v -78.647404 4.805383 -58.328890
v -75.690607 4.805383 -62.117676
v -72.551464 4.805383 -65.756814
v -69.237539 4.805383 -69.237539
v -65.756814 4.805383 -72.551464
v -62.117676 4.805383 -75.690607
v -58.328890 4.805383 -78.647404
v -54.399585 4.805383 -81.414733
v -50.339227 4.805383 -83.985926
v -46.157597 4.805383 -86.354790
v -41.864770 4.805383 -88.515618
v -37.471086 4.805383 -90.463204
v -32.987131 4.805383 -92.192856
v -28.423708 4.805383 -93.700408
v -23.791809 4.805383 -94.982227
v -19.102594 4.805383 -96.035225
v -14.367359 4.805383 -96.856867
v -9.597512 4.805383 -97.445171
v -4.804543 4.805383 -97.798722
v -0.000000 4.805383 -97.916667
v 4.804543 4.805383 -97.798722
v 9.597512 4.805383 -97.445171
v 14.367359 4.805383 -96.856867
v 19.102594 4.805383 -96.035225
v 23.791809 4.805383 -94.982227
v 28.423708 4.805383 -93.700408
v 32.987131 4.805383 -92.192856
v 37.471086 4.805383 -90.463204
v 41.864770 4.805383 -88.515618
v 46.157597 4.805383 -86.354790
v 50.339227 4.805383 -83.985926
v 54.399585 4.805383 -81.414733
v 58.328890 4.805383 -78.647404
v 62.117676 4.805383 -75.690607
v 65.756814 4.805383 -72.551464
v 69.237539 4.805383 -69.237539
v 72.551464 4.805383 -65.756814
v 75.690607 4.805383 -62.117676
v 78.647404 4.805383 -58.328890
v 81.414733 4.805383 -54.399585
v 83.985926 4.805383 -50.339227
v 86.354790 4.805383 -46.157597
v 88.515618 4.805383 -41.864770
v 90.463204 4.805383 -37.471086
v 92.192856 4.805383 -32.987131
v 93.700408 4.805383 -28.423708
v 94.982227 4.805383 -23.791809
v 96.035225 4.805383 -19.102594
v 96.856867 4.805383 -14.367359
v 97.445171 4.805383 -9.597512
v 97.798722 4.805383 -4.804543
v 98.958333 4.908422 0.000000
v 98.839134 4.908422 4.855655
v 98.481822 4.908422 9.699613
v 97.887259 4.908422 14.520203
v 97.056877 4.908422 19.305813
v 95.992676 4.908422 24.044914
v 94.697221 4.908422 28.726088
v 93.173631 4.908422 33.338058
v 91.425579 4.908422 37.869715
v 89.457274 4.908422 42.310139
v 87.273458 4.908422 46.648635
v 84.879394 4.908422 50.874751
v 82.280847 4.908422 54.978304
v 79.484079 4.908422 58.949410
v 76.495826 4.908422 62.778502
v 73.323288 4.908422 66.456355
v 69.974109 4.908422 69.974109
v 66.456355 4.908422 73.323288
v 62.778502 4.908422 76.495826
v 58.949410 4.908422 79.484079
v 54.978304 4.908422 82.280847
v 50.874751 4.908422 84.879394
v 46.648635 4.908422 87.273458
v 42.310139 4.908422 89.457274
v 37.869715 4.908422 91.425579
v 33.338058 4.908422 93.173631
v 28.726088 4.908422 94.697221
v 24.044914 4.908422 95.992676
v 19.305813 4.908422 97.056877
v 14.520203 4.908422 97.887259
v 9.699613 4.908422 98.481822
v 4.855655 4.908422 98.839134
v 0.000000 4.908422 98.958333
v -4.855655 4.908422 98.839134
v -9.699613 4.908422 98.481822
v -14.520203 4.908422 97.887259
v -19.305813 4.908422 97.056877
v -24.044914 4.908422 95.992676
v -28.726088 4.908422 94.697221
v -33.338058 4.908422 93.173631
v -37.869715 4.908422 91.425579
v -42.310139 4.908422 89.457274
v -46.648635 4.908422 87.273458
v -50.874751 4.908422 84.879394
v -54.978304 4.908422 82.280847
v -58.949410 4.908422 79.484079
v -62.778502 4.908422 76.495826
v -66.456355 4.908422 73.323288
v -69.974109 4.908422 69.974109
v -73.323288 4.908422 66.456355
v -76.495826 4.908422 62.778502
v -79.484079 4.908422 58.949410
v -82.280847 4.908422 54.978304
v -84.879394 4.908422 50.874751
v -87.273458 4.908422 46.648635
v -89.457274 4.908422 42.310139
v -91.425579 4.908422 37.869715
v -93.173631 4.908422 33.338058
v -94.697221 4.908422 28.726088
v -95.992676 4.908422 24.044914
v -97.056877 4.908422 19.305813
v -97.887259 4.908422 14.520203
v -98.481822 4.908422 9.699613
v -98.839134 4.908422 4.855655
v -98.958333 4.908422 0.000000
v -98.839134 4.908422 -4.855655
v -98.481822 4.908422 -9.699613
v -97.887259 4.908422 -14.520203
v -97.056877 4.908422 -19.305813
v -95.992676 4.908422 -24.044914
v -94.697221 4.908422 -28.726088
v -93.173631 4.908422 -33.338058
v -91.425579 4.908422 -37.869715
v -89.457274 4.908422 -42.310139
v -87.273458 4.908422 -46.648635
v -84.879394 4.908422 -50.874751
v -82.280847 4.908422 -54.978304
v -79.484079 4.908422 -58.949410
v -76.495826 4.908422 -62.778502
v -73.323288 4.908422 -66.456355
v -69.974109 4.908422 -69.974109
v -66.456355 4.908422 -73.323288
v -62.778502 4.908422 -76.495826
v -58.949410 4.908422 -79.484079
v -54.978304 4.908422 -82.280847
v -50.874751 4.908422 -84.879394
v -46.648635 4.908422 -87.273458
v -42.310139 4.908422 -89.457274
v -37.869715 4.908422 -91.425579
v -33.338058 4.908422 -93.173631
v -28.726088 4.908422 -94.697221
v -24.044914 4.908422 -95.992676
v -19.305813 4.908422 -97.056877
v -14.520203 4.908422 -97.887259
v -9.699613 4.908422 -98.481822
v -4.855655 4.908422 -98.839134
v -0.000000 4.908422 -98.958333
v 4.855655 4.908422 -98.839134
v 9.699613 4.908422 -98.481822
v 14.520203 4.908422 -97.887259
v 19.305813 4.908422 -97.056877
v 24.044914 4.908422 -95.992676
v 28.726088 4.908422 -94.697221
v 33.338058 4.908422 -93.173631
v 37.869715 4.908422 -91.425579
v 42.310139 4.908422 -89.457274
v 46.648635 4.908422 -87.273458
v 50.874751 4.908422 -84.879394
v 54.978304 4.908422 -82.280847
v 58.949410 4.908422 -79.484079
v 62.778502 4.908422 -76.495826
v 66.456355 4.908422 -73.323288
v 69.974109 4.908422 -69.974109
v 73.323288 4.908422 -66.456355
v 76.495826 4.908422 -62.778502
v 79.484079 4.908422 -58.949410
v 82.280847 4.908422 -54.978304
v 84.879394 4.908422 -50.874751
v 87.273458 4.908422 -46.648635
v 89.457274 4.908422 -42.310139
v 91.425579 4.908422 -37.869715
v 93.173631 4.908422 -33.338058
v 94.697221 4.908422 -28.726088
v 95.992676 4.908422 -24.044914
v 97.056877 4.908422 -19.305813
v 97.887259 4.908422 -14.520203
v 98.481822 4.908422 -9.699613
v 98.839134 4.908422 -4.855655
v 100.000000 5.012563 0.000000
v 99.879546 5.012563 4.906767
v 99.518473 5.012563 9.801714
v 98.917651 5.012563 14.673047
v 98.078528 5.012563 19.509032
v 97.003125 5.012563 24.298018
v 95.694034 5.012563 29.028468
v 94.154407 5.012563 33.688985
v 92.387953 5.012563 38.268343
v 90.398929 5.012563 42.755509
v 88.192126 5.012563 47.139674
v 85.772861 5.012563 51.410274
v 83.146961 5.012563 55.557023
v 80.320753 5.012563 59.569930
v 77.301045 5.012563 63.439328
v 74.095113 5.012563 67.155895
v 70.710678 5.012563 70.710678
v 67.155895 5.012563 74.095113
v 63.439328 5.012563 77.301045
v 59.569930 5.012563 80.320753
v 55.557023 5.012563 83.146961
v 51.410274 5.012563 85.772861
v 47.139674 5.012563 88.192126
v 42.755509 5.012563 90.398929
v 38.268343 5.012563 92.387953
v 33.688985 5.012563 94.154407
v 29.028468 5.012563 95.694034
v 24.298018 5.012563 97.003125
v 19.509032 5.012563 98.078528
v 14.673047 5.012563 98.917651
v 9.801714 5.012563 99.518473
v 4.906767 5.012563 99.879546
v 0.000000 5.012563 100.000000
v -4.906767 5.012563 99.879546
v -9.801714 5.012563 99.518473
v -14.673047 5.012563 98.917651
v -19.509032 5.012563 98.078528
v -24.298018 5.012563 97.003125
v -29.028468 5.012563 95.694034
v -33.688985 5.012563 94.154407
v -38.268343 5.012563 92.387953
v -42.755509 5.012563 90.398929
v -47.139674 5.012563 88.192126
v -51.410274 5.012563 85.772861
v -55.557023 5.012563 83.146961
v -59.569930 5.012563 80.320753
v -63.439328 5.012563 77.301045
v -67.155895 5.012563 74.095113
v -70.710678 5.012563 70.710678
v -74.095113 5.012563 67.155895
v -77.301045 5.012563 63.439328
v -80.320753 5.012563 59.569930
v -83.146961 5.012563 55.557023
v -85.772861 5.012563 51.410274
v -88.192126 5.012563 47.139674
v -90.398929 5.012563 42.755509
v -92.387953 5.012563 38.268343
v -94.154407 5.012563 33.688985
v -95.694034 5.012563 29.028468
v -97.003125 5.012563 24.298018
v -98.078528 5.012563 19.509032
v -98.917651 5.012563 14.673047
v -99.518473 5.012563 9.801714
v -99.879546 5.012563 4.906767
v -100.000000 5.012563 0.000000
v -99.879546 5.012563 -4.906767
v -99.518473 5.012563 -9.801714
v -98.917651 5.012563 -14.673047
v -98.078528 5.012563 -19.509032
v -97.003125 5.012563 -24.298018
v -95.694034 5.012563 -29.028468
v -94.154407 5.012563 -33.688985
v -92.387953 5.012563 -38.268343
v -90.398929 5.012563 -42.755509
v -88.192126 5.012563 -47.139674
v -85.772861 5.012563 -51.410274
v -83.146961 5.012563 -55.557023
v -80.320753 5.012563 -59.569930
v -77.301045 5.012563 -63.439328
v -74.095113 5.012563 -67.155895
v -70.710678 5.012563 -70.710678
v -67.155895 5.012563 -74.095113
v -63.439328 5.012563 -77.301045
v -59.569930 5.012563 -80.320753
v -55.557023 5.012563 -83.146961
v -51.410274 5.012563 -85.772861
v -47.139674 5.012563 -88.192126
v -42.755509 5.012563 -90.398929
v -38.268343 5.012563 -92.387953
v -33.688985 5.012563 -94.154407
v -29.028468 5.012563 -95.694034
v -24.298018 5.012563 -97.003125
v -19.509032 5.012563 -98.078528
v -14.673047 5.012563 -98.917651
v -9.801714 5.012563 -99.518473
v -4.906767 5.012563 -99.879546
v -0.000000 5.012563 -100.000000
v 4.906767 5.012563 -99.879546
v 9.801714 5.012563 -99.518473
v 14.673047 5.012563 -98.917651
v 19.509032 5.012563 -98.078528
v 24.298018 5.012563 -97.003125
v 29.028468 5.012563 -95.694034
v 33.688985 5.012563 -94.154407
v 38.268343 5.012563 -92.387953
v 42.755509 5.012563 -90.398929
v 47.139674 5.012563 -88.192126
v 51.410274 5.012563 -85.772861
v 55.557023 5.012563 -83.146961
v 59.569930 5.012563 -80.320753
v 63.439328 5.012563 -77.301045
v 67.155895 5.012563 -74.095113
v 70.710678 5.012563 -70.710678
v 74.095113 5.012563 -67.155895
v 77.301045 5.012563 -63.439328
v 80.320753 5.012563 -59.569930
v 83.146961 5.012563 -55.557023
v 85.772861 5.012563 -51.410274
v 88.192126 5.012563 -47.139674
v 90.398929 5.012563 -42.755509
v 92.387953 5.012563 -38.268343
v 94.154407 5.012563 -33.688985
v 95.694034 5.012563 -29.028468
v 97.003125 5.012563 -24.298018
v 98.078528 5.012563 -19.509032
v 98.917651 5.012563 -14.673047
v 99.518473 5.012563 -9.801714
v 99.879546 5.012563 -4.906767
v 100.000000 170.000000 0.000000
v 99.879546 170.000000 4.906767
v 99.518473 170.000000 9.801714
v 98.917651 170.000000 14.673047
v 98.078528 170.000000 19.509032
v 97.003125 170.000000 24.298018
v 95.694034 170.000000 29.028468
v 94.154407 170.000000 33.688985
v 92.387953 170.000000 38.268343
v 90.398929 170.000000 42.755509
v 88.192126 170.000000 47.139674
v 85.772861 170.000000 51.410274
v 83.146961 170.000000 55.557023
v 80.320753 170.000000 59.569930
v 77.301045 170.000000 63.439328
v 74.095113 170.000000 67.155895
v 70.710678 170.000000 70.710678
v 67.155895 170.000000 74.095113
v 63.439328 170.000000 77.301045
v 59.569930 170.000000 80.320753
v 55.557023 170.000000 83.146961
v 51.410274 170.000000 85.772861
v 47.139674 170.000000 88.192126
v 42.755509 170.000000 90.398929
v 38.268343 170.000000 92.387953
v 33.688985 170.000000 94.154407
v 29.028468 170.000000 95.694034
v 24.298018 170.000000 97.003125
v 19.509032 170.000000 98.078528
v 14.673047 170.000000 98.917651
v 9.801714 170.000000 99.518473
v 4.906767 170.000000 99.879546
v 0.000000 170.000000 100.000000
v -4.906767 170.000000 99.879546
v -9.801714 170.000000 99.518473
v -14.673047 170.000000 98.917651
v -19.509032 170.000000 98.078528
v -24.298018 170.000000 97.003125
v -29.028468 170.000000 95.694034
v -33.688985 170.000000 94.154407
v -38.268343 170.000000 92.387953
v -42.755509 170.000000 90.398929
v -47.139674 170.000000 88.192126
v -51.410274 170.000000 85.772861
v -55.557023 170.000000 83.146961
v -59.569930 170.000000 80.320753
v -63.439328 170.000000 77.301045
v -67.155895 170.000000 74.095113
v -70.710678 170.000000 70.710678
v -74.095113 170.000000 67.155895
v -77.301045 170.000000 63.439328
v -80.320753 170.000000 59.569930
v -83.146961 170.000000 55.557023
v -85.772861 170.000000 51.410274
v -88.192126 170.000000 47.139674
v -90.398929 170.000000 42.755509
v -92.387953 170.000000 38.268343
v -94.154407 170.000000 33.688985
v -95.694034 170.000000 29.028468
v -97.003125 170.000000 24.298018
v -98.078528 170.000000 19.509032
v -98.917651 170.000000 14.673047
v -99.518473 170.000000 9.801714
v -99.879546 170.000000 4.906767
v -100.000000 170.000000 0.000000
v -99.879546 170.000000 -4.906767
v -99.518473 170.000000 -9.801714
v -98.917651 170.000000 -14.673047
v -98.078528 170.000000 -19.509032
v -97.003125 170.000000 -24.298018
v -95.694034 170.000000 -29.028468
v -94.154407 170.000000 -33.688985
v -92.387953 170.000000 -38.268343
v -90.398929 170.000000 -42.755509
v -88.192126 170.000000 -47.139674
v -85.772861 170.000000 -51.410274
v -83.146961 170.000000 -55.557023
v -80.320753 170.000000 -59.569930
v -77.301045 170.000000 -63.439328
v -74.095113 170.000000 -67.155895
v -70.710678 170.000000 -70.710678
v -67.155895 170.000000 -74.095113
v -63.439328 170.000000 -77.301045
v -59.569930 170.000000 -80.320753
v -55.557023 170.000000 -83.146961
v -51.410274 170.000000 -85.772861
v -47.139674 170.000000 -88.192126
v -42.755509 170.000000 -90.398929
v -38.268343 170.000000 -92.387953
v -33.688985 170.000000 -94.154407
v -29.028468 170.000000 -95.694034
v -24.298018 170.000000 -97.003125
v -19.509032 170.000000 -98.078528
v -14.673047 170.000000 -98.917651
v -9.801714 170.000000 -99.518473
v -4.906767 170.000000 -99.879546
v -0.000000 170.000000 -100.000000
v 4.906767 170.000000 -99.879546
v 9.801714 170.000000 -99.518473
v 14.673047 170.000000 -98.917651
v 19.509032 170.000000 -98.078528
v 24.298018 170.000000 -97.003125
v 29.028468 170.000000 -95.694034
v 33.688985 170.000000 -94.154407
v 38.268343 170.000000 -92.387953
v 42.755509 170.000000 -90.398929
v 47.139674 170.000000 -88.192126
v 51.410274 170.000000 -85.772861
v 55.557023 170.000000 -83.146961
v 59.569930 170.000000 -80.320753
v 63.439328 170.000000 -77.301045
v 67.155895 170.000000 -74.095113
v 70.710678 170.000000 -70.710678
v 74.095113 170.000000 -67.155895
v 77.301045 170.000000 -63.439328
v 80.320753 170.000000 -59.569930
v 83.146961 170.000000 -55.557023
v 85.772861 170.000000 -51.410274
v 88.192126 170.000000 -47.139674
v 90.398929 170.000000 -42.755509
v 92.387953 170.000000 -38.268343
v 94.154407 170.000000 -33.688985
v 95.694034 170.000000 -29.028468
v 97.003125 170.000000 -24.298018
v 98.078528 170.000000 -19.509032
v 98.917651 170.000000 -14.673047
v 99.518473 170.000000 -9.801714
v 99.879546 170.000000 -4.906767
v 0.000000 170.000000 0.000000
f 1 2 3
f 1 3 4
f 1 4 5
f 1 5 6
f 1 6 7
f 1 7 8
f 1 8 9
f 1 9 10
f 1 10 11
f 1 11 12
f 1 12 13
f 1 13 14
f 1 14 15
f 1 15 16
f 1 16 17
f 1 17 18
f 1 18 19
f 1 19 20
f 1 20 21
f 1 21 22
f 1 22 23
f 1 23 24
f 1 24 25
f 1 25 26
f 1 26 27
f 1 27 28
f 1 28 29
f 1 29 30
f 1 30 31
f 1 31 32
f 1 32 33
f 1 33 34
f 1 34 35
f 1 35 36
f 1 36 37
f 1 37 38
f 1 38 39
f 1 39 40
f 1 40 41
f 1 41 42
f 1 42 43
f 1 43 44
f 1 44 45
f 1 45 46
f 1 46 47
f 1 47 48
f 1 48 49
f 1 49 50
f 1 50 51
f 1 51 52
f 1 52 53
f 1 53 54
f 1 54 55
f 1 55 56
f 1 56 57
f 1 57 58
f 1 58 59
f 1 59 60
f 1 60 61
f 1 61 62
f 1 62 63
f 1 63 64
f 1 64 65
f 1 65 66
f 1 66 67
f 1 67 68
f 1 68 69
f 1 69 70
f 1 70 71
f 1 71 72
f 1 72 73
f 1 73 74
f 1 74 75
f 1 75 76
f 1 76 77
f 1 77 78
f 1 78 79
f 1 79 80
f 1 80 81
f 1 81 82
f 1 82 83
f 1 83 84
f 1 84 85
f 1 85 86
f 1 86 87
f 1 87 88
f 1 88 89
f 1 89 90
f 1 90 91
f 1 91 92
f 1 92 93
f 1 93 94
f 1 94 95
f 1 95 96
f 1 96 97
f 1 97 98
f 1 98 99
f 1 99 100
f 1 100 101
f 1 101 102
f 1 102 103
f 1 103 104
f 1 104 105
f 1 105 106
f 1 106 107
f 1 107 108
f 1 108 109
f 1 109 110
f 1 110 111
f 1 111 112
f 1 112 113
f 1 113 114
f 1 114 115
f 1 115 116
f 1 116 117
f 1 117 118
f 1 118 119
f 1 119 120
f 1 120 121
f 1 121 122
f 1 122 123
f 1 123 124
f 1 124 125
f 1 125 126
f 1 126 127
f 1 127 128
f 1 128 129
f 1 129 2
f 2 131 3
f 2 130 131
f 3 132 4
f 3 131 132
f 4 133 5
f 4 132 133
f 5 134 6
f 5 133 134
f 6 135 7
f 6 134 135
f 7 136 8
f 7 135 136
f 8 137 9
f 8 136 137
f 9 138 10
f 9 137 138
f 10 139 11
f 10 138 139
f 11 140 12
f 11 139 140
f 12 141 13
f 12 140 141
f 13 142 14
f 13 141 142
f 14 143 15
f 14 142 143
f 15 144 16
f 15 143 144
f 16 145 17
f 16 144 145
f 17 146 18
f 17 145 146
f 18 147 19
f 18 146 147
f 19 148 20
f 19 147 148
f 20 149 21
f 20 148 149
f 21 150 22
f 21 149 150
f 22 151 23
f 22 150 151
f 23 152 24
f 23 151 152
f 24 153 25
f 24 152 153
f 25 154 26
f 25 153 154
f 26 155 27
f 26 154 155
f 27 156 28
f 27 155 156
f 28 157 29
f 28 156 157
f 29 158 30
f 29 157 158
f 30 159 31
f 30 158 159
f 31 160 32
f 31 159 160
f 32 161 33
f 32 160 161
f 33 162 34
f 33 161 162
f 34 163 35
f 34 162 163
f 35 164 36
f 35 163 164
f 36 165 37
f 36 164 165
f 37 166 38
f 37 165 166
f 38 167 39
f 38 166 167
f 39 168 40
f 39 167 168
f 40 169 41
f 40 168 169
f 41 170 42
f 41 169 170
f 42 171 43
f 42 170 171
f 43 172 44
f 43 171 172
f 44 173 45
f 44 172 173
f 45 174 46
f 45 173 174
f 46 175 47
f 46 174 175
f 47 176 48
f 47 175 176
f 48 177 49
f 48 176 177
f 49 178 50
f 49 177 178
f 50 179 51
f 50 178 179
f 51 180 52
f 51 179 180
f 52 181 53
f 52 180 181
f 53 182 54
f 53 181 182
f 54 183 55
f 54 182 183
f 55 184 56
f 55 183 184
f 56 185 57
f 56 184 185
f 57 186 58
f 57 185 186
f 58 187 59
f 58 186 187
f 59 188 60
f 59 187 188
f 60 189 61
f 60 188 189
f 61 190 62
f 61 189 190
f 62 191 63
f 62 190 191
f 63 192 64
f 63 191 192
f 64 193 65
f 64 192 193
f 65 194 66
f 65 193 194
f 66 195 67
f 66 194 195
f 67 196 68
f 67 195 196
f 68 197 69
f 68 196 197
f 69 198 70
f 69 197 198
f 70 199 71
f 70 198 199
f 71 200 72
f 71 199 200
f 72 201 73
f 72 200 201
f 73 202 74
f 73 201 202
f 74 203 75
f 74 202 203
f 75 204 76
f 75 203 204
f 76 205 77
f 76 204 205
f 77 206 78
f 77 205 206
f 78 207 79
f 78 206 207
f 79 208 80
f 79 207 208
f 80 209 81
f 80 208 209
f 81 210 82
f 81 209 210
f 82 211 83
f 82 210 211
f 83 212 84
f 83 211 212
f 84 213 85
f 84 212 213
f 85 214 86
f 85 213 214
f 86 215 87
f 86 214 215
f 87 216 88
f 87 215 216
f 88 217 89
f 88 216 217
f 89 218 90
f 89 217 218
f 90 219 91
f 90 218 219
f 91 220 92
f 91 219 220
f 92 221 93
f 92 220 221
f 93 222 94
f 93 221 222
f 94 223 95
f 94 222 223
f 95 224 96
f 95 223 224
f 96 225 97
f 96 224 225
f 97 226 98
f 97 225 226
f 98 227 99
f 98 226 227
f 99 228 100
f 99 227 228
f 100 229 101
f 100 228 229
f 101 230 102
f 101 229 230
f 102 231 103
f 102 230 231
f 103 232 104
f 103 231 232
f 104 233 105
f 104 232 233
f 105 234 106
f 105 233 234
f 106 235 107
f 106 234 235
f 107 236 108
f 107 235 236
f 108 237 109
f 108 236 237
f 109 238 110
f 109 237 238
f 110 239 111
f 110 238 239
f 111 240 112
f 111 239 240
f 112 241 113
f 112 240 241
f 113 242 114
f 113 241 242
f 114 243 115
f 114 242 243
f 115 244 116
f 115 243 244
f 116 245 117
f 116 244 245
f 117 246 118
f 117 245 246
f 118 247 119
f 118 246 247
f 119 248 120
f 119 247 248
f 120 249 121
f 120 248 249
f 121 250 122
f 121 249 250
f 122 251 123
f 122 250 251
f 123 252 124
f 123 251 252
f 124 253 125
f 124 252 253
f 125 254 126
f 125 253 254
f 126 255 127
f 126 254 255
f 127 256 128
f 127 255 256
f 128 257 129
f 128 256 257
f 129 130 2
f 129 257 130
f 130 259 131
f 130 258 259
f 131 260 132
f 131 259 260
f 132 261 133
f 132 260 261
f 133 262 134
f 133 261 262
f 134 263 135
f 134 262 263
f 135 264 136
f 135 263 264
f 136 265 137
f 136 264 265
f 137 266 138
f 137 265 266
f 138 267 139
f 138 266 267
f 139 268 140
f 139 267 268
f 140 269 141
f 140 268 269
f 141 270 142
f 141 269 270
f 142 271 143
f 142 270 271
f 143 272 144
f 143 271 272
f 144 273 145
f 144 272 273
f 145 274 146
f 145 273 274
f 146 275 147
f 146 274 275
f 147 276 148
f 147 275 276
f 148 277 149
f 148 276 277
f 149 278 150
f 149 277 278
f 150 279 151
f 150 278 279
f 151 280 152
f 151 279 280
f 152 281 153
f 152 280 281
f 153 282 154
f 153 281 282
f 154 283 155
f 154 282 283
f 155 284 156
f 155 283 284
f 156 285 157
f 156 284 285
f 157 286 158
f 157 285 286
f 158 287 159
f 158 286 287
f 159 288 160
f 159 287 288
f 160 289 161
f 160 288 289
f 161 290 162
f 161 289 290
f 162 291 163
f 162 290 291
f 163 292 164
f 163 291 292
f 164 293 165
f 164 292 293
f 165 294 166
f 165 293 294
f 166 295 167
f 166 294 295
f 167 296 168
f 167 295 296
f 168 297 169
f 168 296 297
f 169 298 170
f 169 297 298
f 170 299 171
f 170 298 299
f 171 300 172
f 171 299 300
f 172 301 173
f 172 300 301
f 173 302 174
f 173 301 302
f 174 303 175
f 174 302 303
f 175 304 176
f 175 303 304
f 176 305 177
f 176 304 305
f 177 306 178
f 177 305 306
f 178 307 179
f 178 306 307
f 179 308 180
f 179 307 308
f 180 309 181
f 180 308 309
f 181 310 182
f 181 309 310
f 182 311 183
f 182 310 311
f 183 312 184
f 183 311 312
f 184 313 185
f 184 312 313
f 185 314 186
f 185 313 314
f 186 315 187
f 186 314 315
f 187 316 188
f 187 315 316
f 188 317 189
f 188 316 317
f 189 318 190
f 189 317 318
f 190 319 191
f 190 318 319
f 191 320 192
f 191 319 320
f 192 321 193
f 192 320 321
f 193 322 194
f 193 321 322
f 194 323 195
f 194 322 323
f 195 324 196
f 195 323 324
f 196 325 197
f 196 324 325
f 197 326 198
f 197 325 326
f 198 327 199
f 198 326 327
f 199 328 200
f 199 327 328
f 200 329 201
f 200 328 329
f 201 330 202
f 201 329 330
f 202 331 203
f 202 330 331
f 203 332 204
f 203 331 332
f 204 333 205
f 204 332 333
f 205 334 206
f 205 333 334
f 206 335 207
f 206 334 335
f 207 336 208
f 207 335 336
f 208 337 209
f 208 336 337
f 209 338 210
f 209 337 338
f 210 339 211
f 210 338 339
f 211 340 212
f 211 339 340
f 212 341 213
f 212 340 341
f 213 342 214
f 213 341 342
f 214 343 215
f 214 342 343
f 215 344 216
f 215 343 344
f 216 345 217
f 216 344 345
f 217 346 218
f 217 345 346
f 218 347 219
f 218 346 347
f 219 348 220
f 219 347 348
f 220 349 221
f 220 348 349
f 221 350 222
f 221 349 350
f 222 351 223
f 222 350 351
f 223 352 224
f 223 351 352
f 224 353 225
f 224 352 353
f 225 354 226
f 225 353 354
f 226 355 227
f 226 354 355
f 227 356 228
f 227 355 356
f 228 357 229
f 228 356 357
f 229 358 230
f 229 357 358
f 230 359 231
f 230 358 359
f 231 360 232
f 231 359 360
f 232 361 233
f 232 360 361
f 233 362 234
f 233 361 362
f 234 363 235
f 234 362 363
f 235 364 236
f 235 363 364
f 236 365 237
f 236 364 365
f 237 366 238
f 237 365 366
f 238 367 239
f 238 366 367
f 239 368 240
f 239 367 368
f 240 369 241
f 240 368 369
f 241 370 242
f 241 369 370
f 242 371 243
f 242 370 371
f 243 372 244
f 243 371 372
f 244 373 245
f 244 372 373
f 245 374 246
f 245 373 374
f 246 375 247
f 246 374 375
f 247 376 248
f 247 375 376
f 248 377 249
f 248 376 377
f 249 378 250
f 249 377 378
f 250 379 251
f 250 378 379
f 251 380 252
f 251 379 380
f 252 381 253
f 252 380 381
f 253 382 254
f 253 381 382
f 254 383 255
f 254 382 383
f 255 384 256
f 255 383 384
f 256 385 257
f 256 384 385
f 257 258 130
f 257 385 258
f 258 387 259
f 258 386 387
f 259 388 260
f 259 387 388
f 260 389 261
f 260 388 389
f 261 390 262
f 261 389 390
f 262 391 263
f 262 390 391
f 263 392 264
f 263 391 392
f 264 393 265
f 264 392 393
f 265 394 266
f 265 393 394
f 266 395 267
f 266 394 395
f 267 396 268
f 267 395 396
f 268 397 269
f 268 396 397
f 269 398 270
f 269 397 398
f 270 399 271
f 270 398 399
f 271 400 272
f 271 399 400
f 272 401 273
f 272 400 401
f 273 402 274
f 273 401 402
f 274 403 275
f 274 402 403
f 275 404 276
f 275 403 404
f 276 405 277
f 276 404 405
f 277 406 278
f 277 405 406
f 278 407 279
f 278 406 407
f 279 408 280
f 279 407 408
f 280 409 281
f 280 408 409
f 281 410 282
f 281 409 410
f 282 411 283
f 282 410 411
f 283 412 284
f 283 411 412
f 284 413 285
f 284 412 413
f 285 414 286
f 285 413 414
f 286 415 287
f 286 414 415
f 287 416 288
f 287 415 416
f 288 417 289
f 288 416 417
f 289 418 290
f 289 417 418
f 290 419 291
f 290 418 419
f 291 420 292
f 291 419 420
f 292 421 293
f 292 420 421
f 293 422 294
f 293 421 422
f 294 423 295
f 294 422 423
f 295 424 296
f 295 423 424
f 296 425 297
f 296 424 425
f 297 426 298
f 297 425 426
f 298 427 299
f 298 426 427
f 299 428 300
f 299 427 428
f 300 429 301
f 300 428 429
f 301 430 302
f 301 429 430
f 302 431 303
f 302 430 431
f 303 432 304
f 303 431 432
f 304 433 305
f 304 432 433
f 305 434 306
f 305 433 434
f 306 435 307
f 306 434 435
f 307 436 308
f 307 435 436
f 308 437 309
f 308 436 437
f 309 438 310
f 309 437 438
f 310 439 311
f 310 438 439
f 311 440 312
f 311 439 440
f 312 441 313
f 312 440 441
f 313 442 314
f 313 441 442
f 314 443 315
f 314 442 443
f 315 444 316
f 315 443 444
f 316 445 317
f 316 444 445
f 317 446 318
f 317 445 446
f 318 447 319
f 318 446 447
f 319 448 320
f 319 447 448
f 320 449 321
f 320 448 449
f 321 450 322
f 321 449 450
f 322 451 323
f 322 450 451
f 323 452 324
f 323 451 452
f 324 453 325
f 324 452 453
f 325 454 326
f 325 453 454
f 326 455 327
f 326 454 455
f 327 456 328
f 327 455 456
f 328 457 329
f 328 456 457
f 329 458 330
f 329 457 458
f 330 459 331
f 330 458 459
f 331 460 332
f 331 459 460
f 332 461 333
f 332 460 461
f 333 462 334
f 333 461 462
f 334 463 335
f 334 462 463
f 335 464 336
f 335 463 464
f 336 465 337
f 336 464 465
f 337 466 338
f 337 465 466
f 338 467 339
f 338 466 467
f 339 468 340
f 339 467 468
f 340 469 341
f 340 468 469
f 341 470 342
f 341 469 470
f 342 471 343
f 342 470 471
f 343 472 344
f 343 471 472
f 344 473 345
f 344 472 473
f 345 474 346
f 345 473 474
f 346 475 347
f 346 474 475
f 347 476 348
f 347 475 476
f 348 477 349
f 348 476 477
f 349 478 350
f 349 477 478
f 350 479 351
f 350 478 479
f 351 480 352
f 351 479 480
f 352 481 353
f 352 480 481
f 353 482 354
f 353 481 482
f 354 483 355
f 354 482 483
f 355 484 356
f 355 483 484
f 356 485 357
f 356 484 485
f 357 486 358
f 357 485 486
f 358 487 359
f 358 486 487
f 359 488 360
f 359 487 488
f 360 489 361
f 360 488 489
f 361 490 362
f 361 489 490
f 362 491 363
f 362 490 491
f 363 492 364
f 363 491 492
f 364 493 365
f 364 492 493
f 365 494 366
f 365 493 494
f 366 495 367
f 366 494 495
f 367 496 368
f 367 495 496
f 368 497 369
f 368 496 497
f 369 498 370
f 369 497 498
f 370 499 371
f 370 498 499
f 371 500 372
f 371 499 500
f 372 501 373
f 372 500 501
f 373 502 374
f 373 501 502
f 374 503 375
f 374 502 503
f 375 504 376
f 375 503 504
f 376 505 377
f 376 504 505
f 377 506 378
f 377 505 506
f 378 507 379
f 378 506 507
f 379 508 380
f 379 507 508
f 380 509 381
f 380 508 509
f 381 510 382
f 381 509 510
f 382 511 383
f 382 510 511
f 383 512 384
f 383 511 512
f 384 513 385
f 384 512 513
f 385 386 258
f 385 513 386
f 386 515 387
f 386 514 515
f 387 516 388
f 387 515 516
f 388 517 389
f 388 516 517
f 389 518 390
f 389 517 518
f 390 519 391
f 390 518 519
f 391 520 392
f 391 519 520
f 392 521 393
f 392 520 521
f 393 522 394
f 393 521 522
f 394 523 395
f 394 522 523
f 395 524 396
f 395 523 524
f 396 525 397
f 396 524 525
f 397 526 398
f 397 525 526
f 398 527 399
f 398 526 527
f 399 528 400
f 399 527 528
f 400 529 401
f 400 528 529
f 401 530 402
f 401 529 530
f 402 531 403
f 402 530 531
f 403 532 404
f 403 531 532
f 404 533 405
f 404 532 533
f 405 534 406
f 405 533 534
f 406 535 407
f 406 534 535
f 407 536 408
f 407 535 536
f 408 537 409
f 408 536 537
f 409 538 410
f 409 537 538
f 410 539 411
f 410 538 539
f 411 540 412
f 411 539 540
f 412 541 413
f 412 540 541
f 413 542 414
f 413 541 542
f 414 543 415
f 414 542 543
f 415 544 416
f 415 543 544
f 416 545 417
f 416 544 545
f 417 546 418
f 417 545 546
f 418 547 419
f 418 546 547
f 419 548 420
f 419 547 548
f 420 549 421
f 420 548 549
f 421 550 422
f 421 549 550
f 422 551 423
f 422 550 551
f 423 552 424
f 423 551 552
f 424 553 425
f 424 552 553
f 425 554 426
f 425 553 554
f 426 555 427
f 426 554 555
f 427 556 428
f 427 555 556
f 428 557 429
f 428 556 557
f 429 558 430
f 429 557 558
f 430 559 431
f 430 558 559
f 431 560 432
f 431 559 560
f 432 561 433
f 432 560 561
f 433 562 434
f 433 561 562
f 434 563 435
f 434 562 563
f 435 564 436
f 435 563 564
f 436 565 437
f 436 564 565
f 437 566 438
f 437 565 566
f 438 567 439
f 438 566 567
f 439 568 440
f 439 567 568
f 440 569 441
f 440 568 569
f 441 570 442
f 441 569 570
f 442 571 443
f 442 570 571
f 443 572 444
f 443 571 572
f 444 573 445
f 444 572 573
f 445 574 446
f 445 573 574
f 446 575 447
f 446 574 575
f 447 576 448
f 447 575 576
f 448 577 449
f 448 576 577
f 449 578 450
f 449 577 578
f 450 579 451
f 450 578 579
f 451 580 452
f 451 579 580
f 452 581 453
f 452 580 581
f 453 582 454
f 453 581 582
f 454 583 455
f 454 582 583
f 455 584 456
f 455 583 584
f 456 585 457
f 456 584 585
f 457 586 458
f 457 585 586
f 458 587 459
f 458 586 587
f 459 588 460
f 459 587 588
f 460 589 461
f 460 588 589
f 461 590 462
f 461 589 590
f 462 591 463
f 462 590 591
f 463 592 464
f 463 591 592
f 464 593 465
f 464 592 593
f 465 594 466
f 465 593 594
f 466 595 467
f 466 594 595
f 467 596 468
f 467 595 596
f 468 597 469
f 468 596 597
f 469 598 470
f 469 597 598
f 470 599 471
f 470 598 599
f 471 600 472
f 471 599 600
f 472 601 473
f 472 600 601
f 473 602 474
f 473 601 602
f 474 603 475
f 474 602 603
f 475 604 476
f 475 603 604
f 476 605 477
f 476 604 605
f 477 606 478
f 477 605 606
f 478 607 479
f 478 606 607
f 479 608 480
f 479 607 608
f 480 609 481
f 480 608 609
f 481 610 482
f 481 609 610
f 482 611 483
f 482 610 611
f 483 612 484
f 483 611 612
f 484 613 485
f 484 612 613
f 485 614 486
f 485 613 614
f 486 615 487
f 486 614 615
f 487 616 488
f 487 615 616
f 488 617 489
f 488 616 617
f 489 618 490
f 489 617 618
f 490 619 491
f 490 618 619
f 491 620 492
f 491 619 620
f 492 621 493
f 492 620 621
f 493 622 494
f 493 621 622
f 494 623 495
f 494 622 623
f 495 624 496
f 495 623 624
f 496 625 497
f 496 624 625
f 497 626 498
f 497 625 626
f 498 627 499
f 498 626 627
f 499 628 500
f 499 627 628
f 500 629 501
f 500 628 629
f 501 630 502
f 501 629 630
f 502 631 503
f 502 630 631
f 503 632 504
f 503 631 632
f 504 633 505
f 504 632 633
f 505 634 506
f 505 633 634
f 506 635 507
f 506 634 635
f 507 636 508
f 507 635 636
f 508 637 509
f 508 636 637
f 509 638 510
f 509 637 638
f 510 639 511
f 510 638 639
f 511 640 512
f 511 639 640
f 512 641 513
f 512 640 641
f 513 514 386
f 513 641 514
f 514 643 515
f 514 642 643
f 515 644 516
f 515 643 644
f 516 645 517
f 516 644 645
f 517 646 518
f 517 645 646
f 518 647 519
f 518 646 647
f 519 648 520
f 519 647 648
f 520 649 521
f 520 648 649
f 521 650 522
f 521 649 650
f 522 651 523
f 522 650 651
f 523 652 524
f 523 651 652
f 524 653 525
f 524 652 653
f 525 654 526
f 525 653 654
f 526 655 527
f 526 654 655
f 527 656 528
f 527 655 656
f 528 657 529
f 528 656 657
f 529 658 530
f 529 657 658
f 530 659 531
f 530 658 659
f 531 660 532
f 531 659 660
f 532 661 533
f 532 660 661
f 533 662 534
f 533 661 662
f 534 663 535
f 534 662 663
f 535 664 536
f 535 663 664
f 536 665 537
f 536 664 665
f 537 666 538
f 537 665 666
f 538 667 539
f 538 666 667
f 539 668 540
f 539 667 668
f 540 669 541
f 540 668 669
f 541 670 542
f 541 669 670
f 542 671 543
f 542 670 671
f 543 672 544
f 543 671 672
f 544 673 545
f 544 672 673
f 545 674 546
f 545 673 674
f 546 675 547
f 546 674 675
f 547 676 548
f 547 675 676
f 548 677 549
f 548 676 677
f 549 678 550
f 549 677 678
f 550 679 551
f 550 678 679
f 551 680 552
f 551 679 680
f 552 681 553
f 552 680 681
f 553 682 554
f 553 681 682
f 554 683 555
f 554 682 683
f 555 684 556
f 555 683 684
f 556 685 557
f 556 684 685
f 557 686 558
f 557 685 686
f 558 687 559
f 558 686 687
f 559 688 560
f 559 687 688
f 560 689 561
f 560 688 689
f 561 690 562
f 561 689 690
f 562 691 563
f 562 690 691
f 563 692 564
f 563 691 692
f 564 693 565
f 564 692 693
f 565 694 566
f 565 693 694
f 566 695 567
f 566 694 695
f 567 696 568
f 567 695 696
f 568 697 569
f 568 696 697
f 569 698 570
f 569 697 698
f 570 699 571
f 570 698 699
f 571 700 572
f 571 699 700
f 572 701 573
f 572 700 701
f 573 702 574
f 573 701 702
f 574 703 575
f 574 702 703
f 575 704 576
f 575 703 704
f 576 705 577
f 576 704 705
f 577 706 578
f 577 705 706
f 578 707 579
f 578 706 707
f 579 708 580
f 579 707 708
f 580 709 581
f 580 708 709
f 581 710 582
f 581 709 710
f 582 711 583
f 582 710 711
f 583 712 584
f 583 711 712
f 584 713 585
f 584 712 713
f 585 714 586
f 585 713 714
f 586 715 587
f 586 714 715
f 587 716 588
f 587 715 716
f 588 717 589
f 588 716 717
f 589 718 590
f 589 717 718
f 590 719 591
f 590 718 719
f 591 720 592
f 591 719 720
f 592 721 593
f 592 720 721
f 593 722 594
f 593 721 722
f 594 723 595
f 594 722 723
f 595 724 596
f 595 723 724
f 596 725 597
f 596 724 725
f 597 726 598
f 597 725 726
f 598 727 599
f 598 726 727
f 599 728 600
f 599 727 728
f 600 729 601
f 600 728 729
f 601 730 602
f 601 729 730
f 602 731 603
f 602 730 731
f 603 732 604
f 603 731 732
f 604 733 605
f 604 732 733
f 605 734 606
f 605 733 734
f 606 735 607
f 606 734 735
f 607 736 608
f 607 735 736
f 608 737 609
f 608 736 737
f 609 738 610
f 609 737 738
f 610 739 611
f 610 738 739
f 611 740 612
f 611 739 740
f 612 741 613
f 612 740 741
f 613 742 614
f 613 741 742
f 614 743 615
f 614 742 743
f 615 744 616
f 615 743 744
f 616 745 617
f 616 744 745
f 617 746 618
f 617 745 746
f 618 747 619
f 618 746 747
f 619 748 620
f 619 747 748
f 620 749 621
f 620 748 749
f 621 750 622
f 621 749 750
f 622 751 623
f 622 750 751
f 623 752 624
f 623 751 752
f 624 753 625
f 624 752 753
f 625 754 626
f 625 753 754
f 626 755 627
f 626 754 755
f 627 756 628
f 627 755 756
f 628 757 629
f 628 756 757
f 629 758 630
f 629 757 758
f 630 759 631
f 630 758 759
f 631 760 632
f 631 759 760
f 632 761 633
f 632 760 761
f 633 762 634
f 633 761 762
f 634 763 635
f 634 762 763
f 635 764 636
f 635 763 764
f 636 765 637
f 636 764 765
f 637 766 638
f 637 765 766
f 638 767 639
f 638 766 767
f 639 768 640
f 639 767 768
f 640 769 641
f 640 768 769
f 641 642 514
f 641 769 642
f 642 771 643
f 642 770 771
f 643 772 644
f 643 771 772
f 644 773 645
f 644 772 773
f 645 774 646
f 645 773 774
f 646 775 647
f 646 774 775
f 647 776 648
f 647 775 776
f 648 777 649
f 648 776 777
f 649 778 650
f 649 777 778
f 650 779 651
f 650 778 779
f 651 780 652
f 651 779 780
f 652 781 653
f 652 780 781
f 653 782 654
f 653 781 782
f 654 783 655
f 654 782 783
f 655 784 656
f 655 783 784
f 656 785 657
f 656 784 785
f 657 786 658
f 657 785 786
f 658 787 659
f 658 786 787
f 659 788 660
f 659 787 788
f 660 789 661
f 660 788 789
f 661 790 662
f 661 789 790
f 662 791 663
f 662 790 791
f 663 792 664
f 663 791 792
f 664 793 665
f 664 792 793
f 665 794 666
f 665 793 794
f 666 795 667
f 666 794 795
f 667 796 668
f 667 795 796
f 668 797 669
f 668 796 797
f 669 798 670
f 669 797 798
f 670 799 671
f 670 798 799
f 671 800 672
f 671 799 800
f 672 801 673
f 672 800 801
f 673 802 674
f 673 801 802
f 674 803 675
f 674 802 803
f 675 804 676
f 675 803 804
f 676 805 677
f 676 804 805
f 677 806 678
f 677 805 806
f 678 807 679
f 678 806 807
f 679 808 680
f 679 807 808
f 680 809 681
f 680 808 809
f 681 810 682
f 681 809 810
f 682 811 683
f 682 810 811
f 683 812 684
f 683 811 812
f 684 813 685
f 684 812 813
f 685 814 686
f 685 813 814
f 686 815 687
f 686 814 815
f 687 816 688
f 687 815 816
f 688 817 689
f 688 816 817
f 689 818 690
f 689 817 818
f 690 819 691
f 690 818 819
f 691 820 692
f 691 819 820
f 692 821 693
f 692 820 821
f 693 822 694
f 693 821 822
f 694 823 695
f 694 822 823
f 695 824 696
f 695 823 824
f 696 825 697
f 696 824 825
f 697 826 698
f 697 825 826
f 698 827 699
f 698 826 827
f 699 828 700
f 699 827 828
f 700 829 701
f 700 828 829
f 701 830 702
f 701 829 830
f 702 831 703
f 702 830 831
f 703 832 704
f 703 831 832
f 704 833 705
f 704 832 833
f 705 834 706
f 705 833 834
f 706 835 707
f 706 834 835
f 707 836 708
f 707 835 836
f 708 837 709
f 708 836 837
f 709 838 710
f 709 837 838
f 710 839 711
f 710 838 839
f 711 840 712
f 711 839 840
f 712 841 713
f 712 840 841
f 713 842 714
f 713 841 842
f 714 843 715
f 714 842 843
f 715 844 716
f 715 843 844
f 716 845 717
f 716 844 845
f 717 846 718
f 717 845 846
f 718 847 719
f 718 846 847
f 719 848 720
f 719 847 848
f 720 849 721
f 720 848 849
f 721 850 722
f 721 849 850
f 722 851 723
f 722 850 851
f 723 852 724
f 723 851 852
f 724 853 725
f 724 852 853
f 725 854 726
f 725 853 854
f 726 855 727
f 726 854 855
f 727 856 728
f 727 855 856
f 728 857 729
f 728 856 857
f 729 858 730
f 729 857 858
f 730 859 731
f 730 858 859
f 731 860 732
f 731 859 860
f 732 861 733
f 732 860 861
f 733 862 734
f 733 861 862
f 734 863 735
f 734 862 863
f 735 864 736
f 735 863 864
f 736 865 737
f 736 864 865
f 737 866 738
f 737 865 866
f 738 867 739
f 738 866 867
f 739 868 740
f 739 867 868
f 740 869 741
f 740 868 869
f 741 870 742
f 741 869 870
f 742 871 743
f 742 870 871
f 743 872 744
f 743 871 872
f 744 873 745
f 744 872 873
f 745 874 746
f 745 873 874
f 746 875 747
f 746 874 875
f 747 876 748
f 747 875 876
f 748 877 749
f 748 876 877
f 749 878 750
f 749 877 878
f 750 879 751
f 750 878 879
f 751 880 752
f 751 879 880
f 752 881 753
f 752 880 881
f 753 882 754
f 753 881 882
f 754 883 755
f 754 882 883
f 755 884 756
f 755 883 884
f 756 885 757
f 756 884 885
f 757 886 758
f 757 885 886
f 758 887 759
f 758 886 887
f 759 888 760
f 759 887 888
f 760 889 761
f 760 888 889
f 761 890 762
f 761 889 890
f 762 891 763
f 762 890 891
f 763 892 764
f 763 891 892
f 764 893 765
f 764 892 893
f 765 894 766
f 765 893 894
f 766 895 767
f 766 894 895
f 767 896 768
f 767 895 896
f 768 897 769
f 768 896 897
f 769 770 642
f 769 897 770
f 770 899 771
f 770 898 899
f 771 900 772
f 771 899 900
f 772 901 773
f 772 900 901
f 773 902 774
f 773 901 902
f 774 903 775
f 774 902 903
f 775 904 776
f 775 903 904
f 776 905 777
f 776 904 905
f 777 906 778
f 777 905 906
f 778 907 779
f 778 906 907
f 779 908 780
f 779 907 908
f 780 909 781
f 780 908 909
f 781 910 782
f 781 909 910
f 782 911 783
f 782 910 911
f 783 912 784
f 783 911 912
f 784 913 785
f 784 912 913
f 785 914 786
f 785 913 914
f 786 915 787
f 786 914 915
f 787 916 788
f 787 915 916
f 788 917 789
f 788 916 917
f 789 918 790
f 789 917 918
f 790 919 791
f 790 918 919
f 791 920 792
f 791 919 920
f 792 921 793
f 792 920 921
f 793 922 794
f 793 921 922
f 794 923 795
f 794 922 923
f 795 924 796
f 795 923 924
f 796 925 797
f 796 924 925
f 797 926 798
f 797 925 926
f 798 927 799
f 798 926 927
f 799 928 800
f 799 927 928
f 800 929 801
f 800 928 929
f 801 930 802
f 801 929 930
f 802 931 803
f 802 930 931
f 803 932 804
f 803 931 932
f 804 933 805
f 804 932 933
f 805 934 806
f 805 933 934
f 806 935 807
f 806 934 935
f 807 936 808
f 807 935 936
f 808 937 809
f 808 936 937
f 809 938 810
f 809 937 938
f 810 939 811
f 810 938 939
f 811 940 812
f 811 939 940
f 812 941 813
f 812 940 941
f 813 942 814
f 813 941 942
f 814 943 815
f 814 942 943
f 815 944 816
f 815 943 944
f 816 945 817
f 816 944 945
f 817 946 818
f 817 945 946
f 818 947 819
f 818 946 947
f 819 948 820
f 819 947 948
f 820 949 821
f 820 948 949
f 821 950 822
f 821 949 950
f 822 951 823
f 822 950 951
f 823 952 824
f 823 951 952
f 824 953 825
f 824 952 953
f 825 954 826
f 825 953 954
f 826 955 827
f 826 954 955
f 827 956 828
f 827 955 956
f 828 957 829
f 828 956 957
f 829 958 830
f 829 957 958
f 830 959 831
f 830 958 959
f 831 960 832
f 831 959 960
f 832 961 833
f 832 960 961
f 833 962 834
f 833 961 962
f 834 963 835
f 834 962 963
f 835 964 836
f 835 963 964
f 836 965 837
f 836 964 965
f 837 966 838
f 837 965 966
f 838 967 839
f 838 966 967
f 839 968 840
f 839 967 968
f 840 969 841
f 840 968 969
f 841 970 842
f 841 969 970
f 842 971 843
f 842 970 971
f 843 972 844
f 843 971 972
f 844 973 845
f 844 972 973
f 845 974 846
f 845 973 974
f 846 975 847
f 846 974 975
f 847 976 848
f 847 975 976
f 848 977 849
f 848 976 977
f 849 978 850
f 849 977 978
f 850 979 851
f 850 978 979
f 851 980 852
f 851 979 980
f 852 981 853
f 852 980 981
f 853 982 854
f 853 981 982
f 854 983 855
f 854 982 983
f 855 984 856
f 855 983 984
f 856 985 857
f 856 984 985
f 857 986 858
f 857 985 986
f 858 987 859
f 858 986 987
f 859 988 860
f 859 987 988
f 860 989 861
f 860 988 989
f 861 990 862
f 861 989 990
f 862 991 863
f 862 990 991
f 863 992 864
f 863 991 992
f 864 993 865
f 864 992 993
f 865 994 866
f 865 993 994
f 866 995 867
f 866 994 995
f 867 996 868
f 867 995 996
f 868 997 869
f 868 996 997
f 869 998 870
f 869 997 998
f 870 999 871
f 870 998 999
f 871 1000 872
f 871 999 1000
f 872 1001 873
f 872 1000 1001
f 873 1002 874
f 873 1001 1002
f 874 1003 875
f 874 1002 1003
f 875 1004 876
f 875 1003 1004
f 876 1005 877
f 876 1004 1005
f 877 1006 878
f 877 1005 1006
f 878 1007 879
f 878 1006 1007
f 879 1008 880
f 879 1007 1008
f 880 1009 881
f 880 1008 1009
f 881 1010 882
f 881 1009 1010
f 882 1011 883
f 882 1010 1011
f 883 1012 884
f 883 1011 1012
f 884 1013 885
f 884 1012 1013
f 885 1014 886
f 885 1013 1014
f 886 1015 887
f 886 1014 1015
f 887 1016 888
f 887 1015 1016
f 888 1017 889
f 888 1016 1017
f 889 1018 890
f 889 1017 1018
f 890 1019 891
f 890 1018 1019
f 891 1020 892
f 891 1019 1020
f 892 1021 893
f 892 1020 1021
f 893 1022 894
f 893 1021 1022
f 894 1023 895
f 894 1022 1023
f 895 1024 896
f 895 1023 1024
f 896 1025 897
f 896 1024 1025
f 897 898 770
f 897 1025 898
f 898 1027 899
f 898 1026 1027
f 899 1028 900
f 899 1027 1028
f 900 1029 901
f 900 1028 1029
f 901 1030 902
f 901 1029 1030
f 902 1031 903
f 902 1030 1031
f 903 1032 904
f 903 1031 1032
f 904 1033 905
f 904 1032 1033
f 905 1034 906
f 905 1033 1034
f 906 1035 907
f 906 1034 1035
f 907 1036 908
f 907 1035 1036
f 908 1037 909
f 908 1036 1037
f 909 1038 910
f 909 1037 1038
f 910 1039 911
f 910 1038 1039
f 911 1040 912
f 911 1039 1040
f 912 1041 913
f 912 1040 1041
f 913 1042 914
f 913 1041 1042
f 914 1043 915
f 914 1042 1043
f 915 1044 916
f 915 1043 1044
f 916 1045 917
f 916 1044 1045
f 917 1046 918
f 917 1045 1046
f 918 1047 919
f 918 1046 1047
f 919 1048 920
f 919 1047 1048
f 920 1049 921
f 920 1048 1049
f 921 1050 922
f 921 1049 1050
f 922 1051 923
f 922 1050 1051
f 923 1052 924
f 923 1051 1052
f 924 1053 925
f 924 1052 1053
f 925 1054 926
f 925 1053 1054
f 926 1055 927
f 926 1054 1055
f 927 1056 928
f 927 1055 1056
f 928 1057 929
f 928 1056 1057
f 929 1058 930
f 929 1057 1058
f 930 1059 931
f 930 1058 1059
f 931 1060 932
f 931 1059 1060
f 932 1061 933
f 932 1060 1061
f 933 1062 934
f 933 1061 1062
f 934 1063 935
f 934 1062 1063
f 935 1064 936
f 935 1063 1064
f 936 1065 937
f 936 1064 1065
f 937 1066 938
f 937 1065 1066
f 938 1067 939
f 938 1066 1067
f 939 1068 940
f 939 1067 1068
f 940 1069 941
f 940 1068 1069
f 941 1070 942
f 941 1069 1070
f 942 1071 943
f 942 1070 1071
f 943 1072 944
f 943 1071 1072
f 944 1073 945
f 944 1072 1073
f 945 1074 946
f 945 1073 1074
f 946 1075 947
f 946 1074 1075
f 947 1076 948
f 947 1075 1076
f 948 1077 949
f 948 1076 1077
f 949 1078 950
f 949 1077 1078
f 950 1079 951
f 950 1078 1079
f 951 1080 952
f 951 1079 1080
f 952 1081 953
f 952 1080 1081
f 953 1082 954
f 953 1081 1082
f 954 1083 955
f 954 1082 1083
f 955 1084 956
f 955 1083 1084
f 956 1085 957
f 956 1084 1085
f 957 1086 958
f 957 1085 1086
f 958 1087 959
f 958 1086 1087
f 959 1088 960
f 959 1087 1088
f 960 1089 961
f 960 1088 1089
f 961 1090 962
f 961 1089 1090
f 962 1091 963
f 962 1090 1091
f 963 1092 964
f 963 1091 1092
f 964 1093 965
f 964 1092 1093
f 965 1094 966
f 965 1093 1094
f 966 1095 967
f 966 1094 1095
f 967 1096 968
f 967 1095 1096
f 968 1097 969
f 968 1096 1097
f 969 1098 970
f 969 1097 1098
f 970 1099 971
f 970 1098 1099
f 971 1100 972
f 971 1099 1100
f 972 1101 973
f 972 1100 1101
f 973 1102 974
f 973 1101 1102
f 974 1103 975
f 974 1102 1103
f 975 1104 976
f 975 1103 1104
f 976 1105 977
f 976 1104 1105
f 977 1106 978
f 977 1105 1106
f 978 1107 979
f 978 1106 1107
f 979 1108 980
f 979 1107 1108
f 980 1109 981
f 980 1108 1109
f 981 1110 982
f 981 1109 1110
f 982 1111 983
f 982 1110 1111
f 983 1112 984
f 983 1111 1112
f 984 1113 985
f 984 1112 1113
f 985 1114 986
f 985 1113 1114
f 986 1115 987
f 986 1114 1115
f 987 1116 988
f 987 1115 1116
f 988 1117 989
f 988 1116 1117
f 989 1118 990
f 989 1117 1118
f 990 1119 991
f 990 1118 1119
f 991 1120 992
f 991 1119 1120
f 992 1121 993
f 992 1120 1121
f 993 1122 994
f 993 1121 1122
f 994 1123 995
f 994 1122 1123
f 995 1124 996
f 995 1123 1124
f 996 1125 997
f 996 1124 1125
f 997 1126 998
f 997 1125 1126
f 998 1127 999
f 998 1126 1127
f 999 1128 1000
f 999 1127 1128
f 1000 1129 1001
f 1000 1128 1129
f 1001 1130 1002
f 1001 1129 1130
f 1002 1131 1003
f 1002 1130 1131
f 1003 1132 1004
f 1003 1131 1132
f 1004 1133 1005
f 1004 1132 1133
f 1005 1134 1006
f 1005 1133 1134
f 1006 1135 1007
f 1006 1134 1135
f 1007 1136 1008
f 1007 1135 1136
f 1008 1137 1009
f 1008 1136 1137
f 1009 1138 1010
f 1009 1137 1138
f 1010 1139 1011
f 1010 1138 1139
f 1011 1140 1012
f 1011 1139 1140
f 1012 1141 1013
f 1012 1140 1141
f 1013 1142 1014
f 1013 1141 1142
f 1014 1143 1015
f 1014 1142 1143
f 1015 1144 1016
f 1015 1143 1144
f 1016 1145 1017
f 1016 1144 1145
f 1017 1146 1018
f 1017 1145 1146
f 1018 1147 1019
f 1018 1146 1147
f 1019 1148 1020
f 1019 1147 1148
f 1020 1149 1021
f 1020 1148 1149
f 1021 1150 1022
f 1021 1149 1150
f 1022 1151 1023
f 1022 1150 1151
f 1023 1152 1024
f 1023 1151 1152
f 1024 1153 1025
f 1024 1152 1153
f 1025 1026 898
f 1025 1153 1026
f 1026 1155 1027
f 1026 1154 1155
f 1027 1156 1028
f 1027 1155 1156
f 1028 1157 1029
f 1028 1156 1157
f 1029 1158 1030
f 1029 1157 1158
f 1030 1159 1031
f 1030 1158 1159
f 1031 1160 1032
f 1031 1159 1160
f 1032 1161 1033
f 1032 1160 1161
f 1033 1162 1034
f 1033 1161 1162
f 1034 1163 1035
f 1034 1162 1163
f 1035 1164 1036
f 1035 1163 1164
f 1036 1165 1037
f 1036 1164 1165
f 1037 1166 1038
f 1037 1165 1166
f 1038 1167 1039
f 1038 1166 1167
f 1039 1168 1040
f 1039 1167 1168
f 1040 1169 1041
f 1040 1168 1169
f 1041 1170 1042
f 1041 1169 1170
f 1042 1171 1043
f 1042 1170 1171
f 1043 1172 1044
f 1043 1171 1172
f 1044 1173 1045
f 1044 1172 1173
f 1045 1174 1046
f 1045 1173 1174
f 1046 1175 1047
f 1046 1174 1175
f 1047 1176 1048
f 1047 1175 1176
f 1048 1177 1049
f 1048 1176 1177
f 1049 1178 1050
f 1049 1177 1178
f 1050 1179 1051
f 1050 1178 1179
f 1051 1180 1052
f 1051 1179 1180
f 1052 1181 1053
f 1052 1180 1181
f 1053 1182 1054
f 1053 1181 1182
f 1054 1183 1055
f 1054 1182 1183
f 1055 1184 1056
f 1055 1183 1184
f 1056 1185 1057
f 1056 1184 1185
f 1057 1186 1058
f 1057 1185 1186
f 1058 1187 1059
f 1058 1186 1187
f 1059 1188 1060
f 1059 1187 1188
f 1060 1189 1061
f 1060 1188 1189
f 1061 1190 1062
f 1061 1189 1190
f 1062 1191 1063
f 1062 1190 1191
f 1063 1192 1064
f 1063 1191 1192
f 1064 1193 1065
f 1064 1192 1193
f 1065 1194 1066
f 1065 1193 1194
f 1066 1195 1067
f 1066 1194 1195
f 1067 1196 1068
f 1067 1195 1196
f 1068 1197 1069
f 1068 1196 1197
f 1069 1198 1070
f 1069 1197 1198
f 1070 1199 1071
f 1070 1198 1199
f 1071 1200 1072
f 1071 1199 1200
f 1072 1201 1073
f 1072 1200 1201
f 1073 1202 1074
f 1073 1201 1202
f 1074 1203 1075
f 1074 1202 1203
f 1075 1204 1076
f 1075 1203 1204
f 1076 1205 1077
f 1076 1204 1205
f 1077 1206 1078
f 1077 1205 1206
f 1078 1207 1079
f 1078 1206 1207
f 1079 1208 1080
f 1079 1207 1208
f 1080 1209 1081
f 1080 1208 1209
f 1081 1210 1082
f 1081 1209 1210
f 1082 1211 1083
f 1082 1210 1211
f 1083 1212 1084
f 1083 1211 1212
f 1084 1213 1085
f 1084 1212 1213
f 1085 1214 1086
f 1085 1213 1214
f 1086 1215 1087
f 1086 1214 1215
f 1087 1216 1088
f 1087 1215 1216
f 1088 1217 1089
f 1088 1216 1217
f 1089 1218 1090
f 1089 1217 1218
f 1090 1219 1091
f 1090 1218 1219
f 1091 1220 1092
f 1091 1219 1220
f 1092 1221 1093
f 1092 1220 1221
f 1093 1222 1094
f 1093 1221 1222
f 1094 1223 1095
f 1094 1222 1223
f 1095 1224 1096
f 1095 1223 1224
f 1096 1225 1097
f 1096 1224 1225
f 1097 1226 1098
f 1097 1225 1226
f 1098 1227 1099
f 1098 1226 1227
f 1099 1228 1100
f 1099 1227 1228
f 1100 1229 1101
f 1100 1228 1229
f 1101 1230 1102
f 1101 1229 1230
f 1102 1231 1103
f 1102 1230 1231
f 1103 1232 1104
f 1103 1231 1232
f 1104 1233 1105
f 1104 1232 1233
f 1105 1234 1106
f 1105 1233 1234
f 1106 1235 1107
f 1106 1234 1235
f 1107 1236 1108
f 1107 1235 1236
f 1108 1237 1109
f 1108 1236 1237
f 1109 1238 1110
f 1109 1237 1238
f 1110 1239 1111
f 1110 1238 1239
f 1111 1240 1112
f 1111 1239 1240
f 1112 1241 1113
f 1112 1240 1241
f 1113 1242 1114
f 1113 1241 1242
f 1114 1243 1115
f 1114 1242 1243
f 1115 1244 1116
f 1115 1243 1244
f 1116 1245 1117
f 1116 1244 1245
f 1117 1246 1118
f 1117 1245 1246
f 1118 1247 1119
f 1118 1246 1247
f 1119 1248 1120
f 1119 1247 1248
f 1120 1249 1121
f 1120 1248 1249
f 1121 1250 1122
f 1121 1249 1250
f 1122 1251 1123
f 1122 1250 1251
f 1123 1252 1124
f 1123 1251 1252
f 1124 1253 1125
f 1124 1252 1253
f 1125 1254 1126
f 1125 1253 1254
f 1126 1255 1127
f 1126 1254 1255
f 1127 1256 1128
f 1127 1255 1256
f 1128 1257 1129
f 1128 1256 1257
f 1129 1258 1130
f 1129 1257 1258
f 1130 1259 1131
f 1130 1258 1259
f 1131 1260 1132
f 1131 1259 1260
f 1132 1261 1133
f 1132 1260 1261
f 1133 1262 1134
f 1133 1261 1262
f 1134 1263 1135
f 1134 1262 1263
f 1135 1264 1136
f 1135 1263 1264
f 1136 1265 1137
f 1136 1264 1265
f 1137 1266 1138
f 1137 1265 1266
f 1138 1267 1139
f 1138 1266 1267
f 1139 1268 1140
f 1139 1267 1268
f 1140 1269 1141
f 1140 1268 1269
f 1141 1270 1142
f 1141 1269 1270
f 1142 1271 1143
f 1142 1270 1271
f 1143 1272 1144
f 1143 1271 1272
f 1144 1273 1145
f 1144 1272 1273
f 1145 1274 1146
f 1145 1273 1274
f 1146 1275 1147
f 1146 1274 1275
f 1147 1276 1148
f 1147 1275 1276
f 1148 1277 1149
f 1148 1276 1277
f 1149 1278 1150
f 1149 1277 1278
f 1150 1279 1151
f 1150 1278 1279
f 1151 1280 1152
f 1151 1279 1280
f 1152 1281 1153
f 1152 1280 1281
f 1153 1154 1026
f 1153 1281 1154
f 1154 1283 1155
f 1154 1282 1283
f 1155 1284 1156
f 1155 1283 1284
f 1156 1285 1157
f 1156 1284 1285
f 1157 1286 1158
f 1157 1285 1286
f 1158 1287 1159
f 1158 1286 1287
f 1159 1288 1160
f 1159 1287 1288
f 1160 1289 1161
f 1160 1288 1289
f 1161 1290 1162
f 1161 1289 1290
f 1162 1291 1163
f 1162 1290 1291
f 1163 1292 1164
f 1163 1291 1292
f 1164 1293 1165
f 1164 1292 1293
f 1165 1294 1166
f 1165 1293 1294
f 1166 1295 1167
f 1166 1294 1295
f 1167 1296 1168
f 1167 1295 1296
f 1168 1297 1169
f 1168 1296 1297
f 1169 1298 1170
f 1169 1297 1298
f 1170 1299 1171
f 1170 1298 1299
f 1171 1300 1172
f 1171 1299 1300
f 1172 1301 1173
f 1172 1300 1301
f 1173 1302 1174
f 1173 1301 1302
f 1174 1303 1175
f 1174 1302 1303
f 1175 1304 1176
f 1175 1303 1304
f 1176 1305 1177
f 1176 1304 1305
f 1177 1306 1178
f 1177 1305 1306
f 1178 1307 1179
f 1178 1306 1307
f 1179 1308 1180
f 1179 1307 1308
f 1180 1309 1181
f 1180 1308 1309
f 1181 1310 1182
f 1181 1309 1310
f 1182 1311 1183
f 1182 1310 1311
f 1183 1312 1184
f 1183 1311 1312
f 1184 1313 1185
f 1184 1312 1313
f 1185 1314 1186
f 1185 1313 1314
f 1186 1315 1187
f 1186 1314 1315
f 1187 1316 1188
f 1187 1315 1316
f 1188 1317 1189
f 1188 1316 1317
f 1189 1318 1190
f 1189 1317 1318
f 1190 1319 1191
f 1190 1318 1319
f 1191 1320 1192
f 1191 1319 1320
f 1192 1321 1193
f 1192 1320 1321
f 1193 1322 1194
f 1193 1321 1322
f 1194 1323 1195
f 1194 1322 1323
f 1195 1324 1196
f 1195 1323 1324
f 1196 1325 1197
f 1196 1324 1325
f 1197 1326 1198
f 1197 1325 1326
f 1198 1327 1199
f 1198 1326 1327
f 1199 1328 1200
f 1199 1327 1328
f 1200 1329 1201
f 1200 1328 1329
f 1201 1330 1202
f 1201 1329 1330
f 1202 1331 1203
f 1202 1330 1331
f 1203 1332 1204
f 1203 1331 1332
f 1204 1333 1205
f 1204 1332 1333
f 1205 1334 1206
f 1205 1333 1334
f 1206 1335 1207
f 1206 1334 1335
f 1207 1336 1208
f 1207 1335 1336
f 1208 1337 1209
f 1208 1336 1337
f 1209 1338 1210
f 1209 1337 1338
f 1210 1339 1211
f 1210 1338 1339
f 1211 1340 1212
f 1211 1339 1340
f 1212 1341 1213
f 1212 1340 1341
f 1213 1342 1214
f 1213 1341 1342
f 1214 1343 1215
f 1214 1342 1343
f 1215 1344 1216
f 1215 1343 1344
f 1216 1345 1217
f 1216 1344 1345
f 1217 1346 1218
f 1217 1345 1346
f 1218 1347 1219
f 1218 1346 1347
f 1219 1348 1220
f 1219 1347 1348
f 1220 1349 1221
f 1220 1348 1349
f 1221 1350 1222
f 1221 1349 1350
f 1222 1351 1223
f 1222 1350 1351
f 1223 1352 1224
f 1223 1351 1352
f 1224 1353 1225
f 1224 1352 1353
f 1225 1354 1226
f 1225 1353 1354
f 1226 1355 1227
f 1226 1354 1355
f 1227 1356 1228
f 1227 1355 1356
f 1228 1357 1229
f 1228 1356 1357
f 1229 1358 1230
f 1229 1357 1358
f 1230 1359 1231
f 1230 1358 1359
f 1231 1360 1232
f 1231 1359 1360
f 1232 1361 1233
f 1232 1360 1361
f 1233 1362 1234
f 1233 1361 1362
f 1234 1363 1235
f 1234 1362 1363
f 1235 1364 1236
f 1235 1363 1364
f 1236 1365 1237
f 1236 1364 1365
f 1237 1366 1238
f 1237 1365 1366
f 1238 1367 1239
f 1238 1366 1367
f 1239 1368 1240
f 1239 1367 1368
f 1240 1369 1241
f 1240 1368 1369
f 1241 1370 1242
f 1241 1369 1370
f 1242 1371 1243
f 1242 1370 1371
f 1243 1372 1244
f 1243 1371 1372
f 1244 1373 1245
f 1244 1372 1373
f 1245 1374 1246
f 1245 1373 1374
f 1246 1375 1247
f 1246 1374 1375
f 1247 1376 1248
f 1247 1375 1376
f 1248 1377 1249
f 1248 1376 1377
f 1249 1378 1250
f 1249 1377 1378
f 1250 1379 1251
f 1250 1378 1379
f 1251 1380 1252
f 1251 1379 1380
f 1252 1381 1253
f 1252 1380 1381
f 1253 1382 1254
f 1253 1381 1382
f 1254 1383 1255
f 1254 1382 1383
f 1255 1384 1256
f 1255 1383 1384
f 1256 1385 1257
f 1256 1384 1385
f 1257 1386 1258
f 1257 1385 1386
f 1258 1387 1259
f 1258 1386 1387
f 1259 1388 1260
f 1259 1387 1388
f 1260 1389 1261
f 1260 1388 1389
f 1261 1390 1262
f 1261 1389 1390
f 1262 1391 1263
f 1262 1390 1391
f 1263 1392 1264
f 1263 1391 1392
f 1264 1393 1265
f 1264 1392 1393
f 1265 1394 1266
f 1265 1393 1394
f 1266 1395 1267
f 1266 1394 1395
f 1267 1396 1268
f 1267 1395 1396
f 1268 1397 1269
f 1268 1396 1397
f 1269 1398 1270
f 1269 1397 1398
f 1270 1399 1271
f 1270 1398 1399
f 1271 1400 1272
f 1271 1399 1400
f 1272 1401 1273
f 1272 1400 1401
f 1273 1402 1274
f 1273 1401 1402
f 1274 1403 1275
f 1274 1402 1403
f 1275 1404 1276
f 1275 1403 1404
f 1276 1405 1277
f 1276 1404 1405
f 1277 1406 1278
f 1277 1405 1406
f 1278 1407 1279
f 1278 1406 1407
f 1279 1408 1280
f 1279 1407 1408
f 1280 1409 1281
f 1280 1408 1409
f 1281 1282 1154
f 1281 1409 1282
f 1282 1411 1283
f 1282 1410 1411
f 1283 1412 1284
f 1283 1411 1412
f 1284 1413 1285
f 1284 1412 1413
f 1285 1414 1286
f 1285 1413 1414
f 1286 1415 1287
f 1286 1414 1415
f 1287 1416 1288
f 1287 1415 1416
f 1288 1417 1289
f 1288 1416 1417
f 1289 1418 1290
f 1289 1417 1418
f 1290 1419 1291
f 1290 1418 1419
f 1291 1420 1292
f 1291 1419 1420
f 1292 1421 1293
f 1292 1420 1421
f 1293 1422 1294
f 1293 1421 1422
f 1294 1423 1295
f 1294 1422 1423
f 1295 1424 1296
f 1295 1423 1424
f 1296 1425 1297
f 1296 1424 1425
f 1297 1426 1298
f 1297 1425 1426
f 1298 1427 1299
f 1298 1426 1427
f 1299 1428 1300
f 1299 1427 1428
f 1300 1429 1301
f 1300 1428 1429
f 1301 1430 1302
f 1301 1429 1430
f 1302 1431 1303
f 1302 1430 1431
f 1303 1432 1304
f 1303 1431 1432
f 1304 1433 1305
f 1304 1432 1433
f 1305 1434 1306
f 1305 1433 1434
f 1306 1435 1307
f 1306 1434 1435
f 1307 1436 1308
f 1307 1435 1436
f 1308 1437 1309
f 1308 1436 1437
f 1309 1438 1310
f 1309 1437 1438
f 1310 1439 1311
f 1310 1438 1439
f 1311 1440 1312
f 1311 1439 1440
f 1312 1441 1313
f 1312 1440 1441
f 1313 1442 1314
f 1313 1441 1442
f 1314 1443 1315
f 1314 1442 1443
f 1315 1444 1316
f 1315 1443 1444
f 1316 1445 1317
f 1316 1444 1445
f 1317 1446 1318
f 1317 1445 1446
f 1318 1447 1319
f 1318 1446 1447
f 1319 1448 1320
f 1319 1447 1448
f 1320 1449 1321
f 1320 1448 1449
f 1321 1450 1322
f 1321 1449 1450
f 1322 1451 1323
f 1322 1450 1451
f 1323 1452 1324
f 1323 1451 1452
f 1324 1453 1325
f 1324 1452 1453
f 1325 1454 1326
f 1325 1453 1454
f 1326 1455 1327
f 1326 1454 1455
f 1327 1456 1328
f 1327 1455 1456
f 1328 1457 1329
f 1328 1456 1457
f 1329 1458 1330
f 1329 1457 1458
f 1330 1459 1331
f 1330 1458 1459
f 1331 1460 1332
f 1331 1459 1460
f 1332 1461 1333
f 1332 1460 1461
f 1333 1462 1334
f 1333 1461 1462
f 1334 1463 1335
f 1334 1462 1463
f 1335 1464 1336
f 1335 1463 1464
f 1336 1465 1337
f 1336 1464 1465
f 1337 1466 1338
f 1337 1465 1466
f 1338 1467 1339
f 1338 1466 1467
f 1339 1468 1340
f 1339 1467 1468
f 1340 1469 1341
f 1340 1468 1469
f 1341 1470 1342
f 1341 1469 1470
f 1342 1471 1343
f 1342 1470 1471
f 1343 1472 1344
f 1343 1471 1472
f 1344 1473 1345
f 1344 1472 1473
f 1345 1474 1346
f 1345 1473 1474
f 1346 1475 1347
f 1346 1474 1475
f 1347 1476 1348
f 1347 1475 1476
f 1348 1477 1349
f 1348 1476 1477
f 1349 1478 1350
f 1349 1477 1478
f 1350 1479 1351
f 1350 1478 1479
f 1351 1480 1352
f 1351 1479 1480
f 1352 1481 1353
f 1352 1480 1481
f 1353 1482 1354
f 1353 1481 1482
f 1354 1483 1355
f 1354 1482 1483
f 1355 1484 1356
f 1355 1483 1484
f 1356 1485 1357
f 1356 1484 1485
f 1357 1486 1358
f 1357 1485 1486
f 1358 1487 1359
f 1358 1486 1487
f 1359 1488 1360
f 1359 1487 1488
f 1360 1489 1361
f 1360 1488 1489
f 1361 1490 1362
f 1361 1489 1490
f 1362 1491 1363
f 1362 1490 1491
f 1363 1492 1364
f 1363 1491 1492
f 1364 1493 1365
f 1364 1492 1493
f 1365 1494 1366
f 1365 1493 1494
f 1366 1495 1367
f 1366 1494 1495
f 1367 1496 1368
f 1367 1495 1496
f 1368 1497 1369
f 1368 1496 1497
f 1369 1498 1370
f 1369 1497 1498
f 1370 1499 1371
f 1370 1498 1499
f 1371 1500 1372
f 1371 1499 1500
f 1372 1501 1373
f 1372 1500 1501
f 1373 1502 1374
f 1373 1501 1502
f 1374 1503 1375
f 1374 1502 1503
f 1375 1504 1376
f 1375 1503 1504
f 1376 1505 1377
f 1376 1504 1505
f 1377 1506 1378
f 1377 1505 1506
f 1378 1507 1379
f 1378 1506 1507
f 1379 1508 1380
f 1379 1507 1508
f 1380 1509 1381
f 1380 1508 1509
f 1381 1510 1382
f 1381 1509 1510
f 1382 1511 1383
f 1382 1510 1511
f 1383 1512 1384
f 1383 1511 1512
f 1384 1513 1385
f 1384 1512 1513
f 1385 1514 1386
f 1385 1513 1514
f 1386 1515 1387
f 1386 1514 1515
f 1387 1516 1388
f 1387 1515 1516
f 1388 1517 1389
f 1388 1516 1517
f 1389 1518 1390
f 1389 1517 1518
f 1390 1519 1391
f 1390 1518 1519
f 1391 1520 1392
f 1391 1519 1520
f 1392 1521 1393
f 1392 1520 1521
f 1393 1522 1394
f 1393 1521 1522
f 1394 1523 1395
f 1394 1522 1523
f 1395 1524 1396
f 1395 1523 1524
f 1396 1525 1397
f 1396 1524 1525
f 1397 1526 1398
f 1397 1525 1526
f 1398 1527 1399
f 1398 1526 1527
f 1399 1528 1400
f 1399 1527 1528
f 1400 1529 1401
f 1400 1528 1529
f 1401 1530 1402
f 1401 1529 1530
f 1402 1531 1403
f 1402 1530 1531
f 1403 1532 1404
f 1403 1531 1532
f 1404 1533 1405
f 1404 1532 1533
f 1405 1534 1406
f 1405 1533 1534
f 1406 1535 1407
f 1406 1534 1535
f 1407 1536 1408
f 1407 1535 1536
f 1408 1537 1409
f 1408 1536 1537
f 1409 1410 1282
f 1409 1537 1410
f 1410 1539 1411
f 1410 1538 1539
f 1411 1540 1412
f 1411 1539 1540
f 1412 1541 1413
f 1412 1540 1541
f 1413 1542 1414
f 1413 1541 1542
f 1414 1543 1415
f 1414 1542 1543
f 1415 1544 1416
f 1415 1543 1544
f 1416 1545 1417
f 1416 1544 1545
f 1417 1546 1418
f 1417 1545 1546
f 1418 1547 1419
f 1418 1546 1547
f 1419 1548 1420
f 1419 1547 1548
f 1420 1549 1421
f 1420 1548 1549
f 1421 1550 1422
f 1421 1549 1550
f 1422 1551 1423
f 1422 1550 1551
f 1423 1552 1424
f 1423 1551 1552
f 1424 1553 1425
f 1424 1552 1553
f 1425 1554 1426
f 1425 1553 1554
f 1426 1555 1427
f 1426 1554 1555
f 1427 1556 1428
f 1427 1555 1556
f 1428 1557 1429
f 1428 1556 1557
f 1429 1558 1430
f 1429 1557 1558
f 1430 1559 1431
f 1430 1558 1559
f 1431 1560 1432
f 1431 1559 1560
f 1432 1561 1433
f 1432 1560 1561
f 1433 1562 1434
f 1433 1561 1562
f 1434 1563 1435
f 1434 1562 1563
f 1435 1564 1436
f 1435 1563 1564
f 1436 1565 1437
f 1436 1564 1565
f 1437 1566 1438
f 1437 1565 1566
f 1438 1567 1439
f 1438 1566 1567
f 1439 1568 1440
f 1439 1567 1568
f 1440 1569 1441
f 1440 1568 1569
f 1441 1570 1442
f 1441 1569 1570
f 1442 1571 1443
f 1442 1570 1571
f 1443 1572 1444
f 1443 1571 1572
f 1444 1573 1445
f 1444 1572 1573
f 1445 1574 1446
f 1445 1573 1574
f 1446 1575 1447
f 1446 1574 1575
f 1447 1576 1448
f 1447 1575 1576
f 1448 1577 1449
f 1448 1576 1577
f 1449 1578 1450
f 1449 1577 1578
f 1450 1579 1451
f 1450 1578 1579
f 1451 1580 1452
f 1451 1579 1580
f 1452 1581 1453
f 1452 1580 1581
f 1453 1582 1454
f 1453 1581 1582
f 1454 1583 1455
f 1454 1582 1583
f 1455 1584 1456
f 1455 1583 1584
f 1456 1585 1457
f 1456 1584 1585
f 1457 1586 1458
f 1457 1585 1586
f 1458 1587 1459
f 1458 1586 1587
f 1459 1588 1460
f 1459 1587 1588
f 1460 1589 1461
f 1460 1588 1589
f 1461 1590 1462
f 1461 1589 1590
f 1462 1591 1463
f 1462 1590 1591
f 1463 1592 1464
f 1463 1591 1592
f 1464 1593 1465
f 1464 1592 1593
f 1465 1594 1466
f 1465 1593 1594
f 1466 1595 1467
f 1466 1594 1595
f 1467 1596 1468
f 1467 1595 1596
f 1468 1597 1469
f 1468 1596 1597
f 1469 1598 1470
f 1469 1597 1598
f 1470 1599 1471
f 1470 1598 1599
f 1471 1600 1472
f 1471 1599 1600
f 1472 1601 1473
f 1472 1600 1601
f 1473 1602 1474
f 1473 1601 1602
f 1474 1603 1475
f 1474 1602 1603
f 1475 1604 1476
f 1475 1603 1604
f 1476 1605 1477
f 1476 1604 1605
f 1477 1606 1478
f 1477 1605 1606
f 1478 1607 1479
f 1478 1606 1607
f 1479 1608 1480
f 1479 1607 1608
f 1480 1609 1481
f 1480 1608 1609
f 1481 1610 1482
f 1481 1609 1610
f 1482 1611 1483
f 1482 1610 1611
f 1483 1612 1484
f 1483 1611 1612
f 1484 1613 1485
f 1484 1612 1613
f 1485 1614 1486
f 1485 1613 1614
f 1486 1615 1487
f 1486 1614 1615
f 1487 1616 1488
f 1487 1615 1616
f 1488 1617 1489
f 1488 1616 1617
f 1489 1618 1490
f 1489 1617 1618
f 1490 1619 1491
f 1490 1618 1619
f 1491 1620 1492
f 1491 1619 1620
f 1492 1621 1493
f 1492 1620 1621
f 1493 1622 1494
f 1493 1621 1622
f 1494 1623 1495
f 1494 1622 1623
f 1495 1624 1496
f 1495 1623 1624
f 1496 1625 1497
f 1496 1624 1625
f 1497 1626 1498
f 1497 1625 1626
f 1498 1627 1499
f 1498 1626 1627
f 1499 1628 1500
f 1499 1627 1628
f 1500 1629 1501
f 1500 1628 1629
f 1501 1630 1502
f 1501 1629 1630
f 1502 1631 1503
f 1502 1630 1631
f 1503 1632 1504
f 1503 1631 1632
f 1504 1633 1505
f 1504 1632 1633
f 1505 1634 1506
f 1505 1633 1634
f 1506 1635 1507
f 1506 1634 1635
f 1507 1636 1508
f 1507 1635 1636
f 1508 1637 1509
f 1508 1636 1637
f 1509 1638 1510
f 1509 1637 1638
f 1510 1639 1511
f 1510 1638 1639
f 1511 1640 1512
f 1511 1639 1640
f 1512 1641 1513
f 1512 1640 1641
f 1513 1642 1514
f 1513 1641 1642
f 1514 1643 1515
f 1514 1642 1643
f 1515 1644 1516
f 1515 1643 1644
f 1516 1645 1517
f 1516 1644 1645
f 1517 1646 1518
f 1517 1645 1646
f 1518 1647 1519
f 1518 1646 1647
f 1519 1648 1520
f 1519 1647 1648
f 1520 1649 1521
f 1520 1648 1649
f 1521 1650 1522
f 1521 1649 1650
f 1522 1651 1523
f 1522 1650 1651
f 1523 1652 1524
f 1523 1651 1652
f 1524 1653 1525
f 1524 1652 1653
f 1525 1654 1526
f 1525 1653 1654
f 1526 1655 1527
f 1526 1654 1655
f 1527 1656 1528
f 1527 1655 1656
f 1528 1657 1529
f 1528 1656 1657
f 1529 1658 1530
f 1529 1657 1658
f 1530 1659 1531
f 1530 1658 1659
f 1531 1660 1532
f 1531 1659 1660
f 1532 1661 1533
f 1532 1660 1661
f 1533 1662 1534
f 1533 1661 1662
f 1534 1663 1535
f 1534 1662 1663
f 1535 1664 1536
f 1535 1663 1664
f 1536 1665 1537
f 1536 1664 1665
f 1537 1538 1410
f 1537 1665 1538
f 1538 1667 1539
f 1538 1666 1667
f 1539 1668 1540
f 1539 1667 1668
f 1540 1669 1541
f 1540 1668 1669
f 1541 1670 1542
f 1541 1669 1670
f 1542 1671 1543
f 1542 1670 1671
f 1543 1672 1544
f 1543 1671 1672
f 1544 1673 1545
f 1544 1672 1673
f 1545 1674 1546
f 1545 1673 1674
f 1546 1675 1547
f 1546 1674 1675
f 1547 1676 1548
f 1547 1675 1676
f 1548 1677 1549
f 1548 1676 1677
f 1549 1678 1550
f 1549 1677 1678
f 1550 1679 1551
f 1550 1678 1679
f 1551 1680 1552
f 1551 1679 1680
f 1552 1681 1553
f 1552 1680 1681
f 1553 1682 1554
f 1553 1681 1682
f 1554 1683 1555
f 1554 1682 1683
f 1555 1684 1556
f 1555 1683 1684
f 1556 1685 1557
f 1556 1684 1685
f 1557 1686 1558
f 1557 1685 1686
f 1558 1687 1559
f 1558 1686 1687
f 1559 1688 1560
f 1559 1687 1688
f 1560 1689 1561
f 1560 1688 1689
f 1561 1690 1562
f 1561 1689 1690
f 1562 1691 1563
f 1562 1690 1691
f 1563 1692 1564
f 1563 1691 1692
f 1564 1693 1565
f 1564 1692 1693
f 1565 1694 1566
f 1565 1693 1694
f 1566 1695 1567
f 1566 1694 1695
f 1567 1696 1568
f 1567 1695 1696
f 1568 1697 1569
f 1568 1696 1697
f 1569 1698 1570
f 1569 1697 1698
f 1570 1699 1571
f 1570 1698 1699
f 1571 1700 1572
f 1571 1699 1700
f 1572 1701 1573
f 1572 1700 1701
f 1573 1702 1574
f 1573 1701 1702
f 1574 1703 1575
f 1574 1702 1703
f 1575 1704 1576
f 1575 1703 1704
f 1576 1705 1577
f 1576 1704 1705
f 1577 1706 1578
f 1577 1705 1706
f 1578 1707 1579
f 1578 1706 1707
f 1579 1708 1580
f 1579 1707 1708
f 1580 1709 1581
f 1580 1708 1709
f 1581 1710 1582
f 1581 1709 1710
f 1582 1711 1583
f 1582 1710 1711
f 1583 1712 1584
f 1583 1711 1712
f 1584 1713 1585
f 1584 1712 1713
f 1585 1714 1586
f 1585 1713 1714
f 1586 1715 1587
f 1586 1714 1715
f 1587 1716 1588
f 1587 1715 1716
f 1588 1717 1589
f 1588 1716 1717
f 1589 1718 1590
f 1589 1717 1718
f 1590 1719 1591
f 1590 1718 1719
f 1591 1720 1592
f 1591 1719 1720
f 1592 1721 1593
f 1592 1720 1721
f 1593 1722 1594
f 1593 1721 1722
f 1594 1723 1595
f 1594 1722 1723
f 1595 1724 1596
f 1595 1723 1724
f 1596 1725 1597
f 1596 1724 1725
f 1597 1726 1598
f 1597 1725 1726
f 1598 1727 1599
f 1598 1726 1727
f 1599 1728 1600
f 1599 1727 1728
f 1600 1729 1601
f 1600 1728 1729
f 1601 1730 1602
f 1601 1729 1730
f 1602 1731 1603
f 1602 1730 1731
f 1603 1732 1604
f 1603 1731 1732
f 1604 1733 1605
f 1604 1732 1733
f 1605 1734 1606
f 1605 1733 1734
f 1606 1735 1607
f 1606 1734 1735
f 1607 1736 1608
f 1607 1735 1736
f 1608 1737 1609
f 1608 1736 1737
f 1609 1738 1610
f 1609 1737 1738
f 1610 1739 1611
f 1610 1738 1739
f 1611 1740 1612
f 1611 1739 1740
f 1612 1741 1613
f 1612 1740 1741
f 1613 1742 1614
f 1613 1741 1742
f 1614 1743 1615
f 1614 1742 1743
f 1615 1744 1616
f 1615 1743 1744
f 1616 1745 1617
f 1616 1744 1745
f 1617 1746 1618
f 1617 1745 1746
f 1618 1747 1619
f 1618 1746 1747
f 1619 1748 1620
f 1619 1747 1748
f 1620 1749 1621
f 1620 1748 1749
f 1621 1750 1622
f 1621 1749 1750
f 1622 1751 1623
f 1622 1750 1751
f 1623 1752 1624
f 1623 1751 1752
f 1624 1753 1625
f 1624 1752 1753
f 1625 1754 1626
f 1625 1753 1754
f 1626 1755 1627
f 1626 1754 1755
f 1627 1756 1628
f 1627 1755 1756
f 1628 1757 1629
f 1628 1756 1757
f 1629 1758 1630
f 1629 1757 1758
f 1630 1759 1631
f 1630 1758 1759
f 1631 1760 1632
f 1631 1759 1760
f 1632 1761 1633
f 1632 1760 1761
f 1633 1762 1634
f 1633 1761 1762
f 1634 1763 1635
f 1634 1762 1763
f 1635 1764 1636
f 1635 1763 1764
f 1636 1765 1637
f 1636 1764 1765
f 1637 1766 1638
f 1637 1765 1766
f 1638 1767 1639
f 1638 1766 1767
f 1639 1768 1640
f 1639 1767 1768
f 1640 1769 1641
f 1640 1768 1769
f 1641 1770 1642
f 1641 1769 1770
f 1642 1771 1643
f 1642 1770 1771
f 1643 1772 1644
f 1643 1771 1772
f 1644 1773 1645
f 1644 1772 1773
f 1645 1774 1646
f 1645 1773 1774
f 1646 1775 1647
f 1646 1774 1775
f 1647 1776 1648
f 1647 1775 1776
f 1648 1777 1649
f 1648 1776 1777
f 1649 1778 1650
f 1649 1777 1778
f 1650 1779 1651
f 1650 1778 1779
f 1651 1780 1652
f 1651 1779 1780
f 1652 1781 1653
f 1652 1780 1781
f 1653 1782 1654
f 1653 1781 1782
f 1654 1783 1655
f 1654 1782 1783
f 1655 1784 1656
f 1655 1783 1784
f 1656 1785 1657
f 1656 1784 1785
f 1657 1786 1658
f 1657 1785 1786
f 1658 1787 1659
f 1658 1786 1787
f 1659 1788 1660
f 1659 1787 1788
f 1660 1789 1661
f 1660 1788 1789
f 1661 1790 1662
f 1661 1789 1790
f 1662 1791 1663
f 1662 1790 1791
f 1663 1792 1664
f 1663 1791 1792
f 1664 1793 1665
f 1664 1792 1793
f 1665 1666 1538
f 1665 1793 1666
f 1666 1795 1667
f 1666 1794 1795
f 1667 1796 1668
f 1667 1795 1796
f 1668 1797 1669
f 1668 1796 1797
f 1669 1798 1670
f 1669 1797 1798
f 1670 1799 1671
f 1670 1798 1799
f 1671 1800 1672
f 1671 1799 1800
f 1672 1801 1673
f 1672 1800 1801
f 1673 1802 1674
f 1673 1801 1802
f 1674 1803 1675
f 1674 1802 1803
f 1675 1804 1676
f 1675 1803 1804
f 1676 1805 1677
f 1676 1804 1805
f 1677 1806 1678
f 1677 1805 1806
f 1678 1807 1679
f 1678 1806 1807
f 1679 1808 1680
f 1679 1807 1808
f 1680 1809 1681
f 1680 1808 1809
f 1681 1810 1682
f 1681 1809 1810
f 1682 1811 1683
f 1682 1810 1811
f 1683 1812 1684
f 1683 1811 1812
f 1684 1813 1685
f 1684 1812 1813
f 1685 1814 1686
f 1685 1813 1814
f 1686 1815 1687
f 1686 1814 1815
f 1687 1816 1688
f 1687 1815 1816
f 1688 1817 1689
f 1688 1816 1817
f 1689 1818 1690
f 1689 1817 1818
f 1690 1819 1691
f 1690 1818 1819
f 1691 1820 1692
f 1691 1819 1820
f 1692 1821 1693
f 1692 1820 1821
f 1693 1822 1694
f 1693 1821 1822
f 1694 1823 1695
f 1694 1822 1823
f 1695 1824 1696
f 1695 1823 1824
f 1696 1825 1697
f 1696 1824 1825
f 1697 1826 1698
f 1697 1825 1826
f 1698 1827 1699
f 1698 1826 1827
f 1699 1828 1700
f 1699 1827 1828
f 1700 1829 1701
f 1700 1828 1829
f 1701 1830 1702
f 1701 1829 1830
f 1702 1831 1703
f 1702 1830 1831
f 1703 1832 1704
f 1703 1831 1832
f 1704 1833 1705
f 1704 1832 1833
f 1705 1834 1706
f 1705 1833 1834
f 1706 1835 1707
f 1706 1834 1835
f 1707 1836 1708
f 1707 1835 1836
f 1708 1837 1709
f 1708 1836 1837
f 1709 1838 1710
f 1709 1837 1838
f 1710 1839 1711
f 1710 1838 1839
f 1711 1840 1712
f 1711 1839 1840
f 1712 1841 1713
f 1712 1840 1841
f 1713 1842 1714
f 1713 1841 1842
f 1714 1843 1715
f 1714 1842 1843
f 1715 1844 1716
f 1715 1843 1844
f 1716 1845 1717
f 1716 1844 1845
f 1717 1846 1718
f 1717 1845 1846
f 1718 1847 1719
f 1718 1846 1847
f 1719 1848 1720
f 1719 1847 1848
f 1720 1849 1721
f 1720 1848 1849
f 1721 1850 1722
f 1721 1849 1850
f 1722 1851 1723
f 1722 1850 1851
f 1723 1852 1724
f 1723 1851 1852
f 1724 1853 1725
f 1724 1852 1853
f 1725 1854 1726
f 1725 1853 1854
f 1726 1855 1727
f 1726 1854 1855
f 1727 1856 1728
f 1727 1855 1856
f 1728 1857 1729
f 1728 1856 1857
f 1729 1858 1730
f 1729 1857 1858
f 1730 1859 1731
f 1730 1858 1859
f 1731 1860 1732
f 1731 1859 1860
f 1732 1861 1733
f 1732 1860 1861
f 1733 1862 1734
f 1733 1861 1862
f 1734 1863 1735
f 1734 1862 1863
f 1735 1864 1736
f 1735 1863 1864
f 1736 1865 1737
f 1736 1864 1865
f 1737 1866 1738
f 1737 1865 1866
f 1738 1867 1739
f 1738 1866 1867
f 1739 1868 1740
f 1739 1867 1868
f 1740 1869 1741
f 1740 1868 1869
f 1741 1870 1742
f 1741 1869 1870
f 1742 1871 1743
f 1742 1870 1871
f 1743 1872 1744
f 1743 1871 1872
f 1744 1873 1745
f 1744 1872 1873
f 1745 1874 1746
f 1745 1873 1874
f 1746 1875 1747
f 1746 1874 1875
f 1747 1876 1748
f 1747 1875 1876
f 1748 1877 1749
f 1748 1876 1877
f 1749 1878 1750
f 1749 1877 1878
f 1750 1879 1751
f 1750 1878 1879
f 1751 1880 1752
f 1751 1879 1880
f 1752 1881 1753
f 1752 1880 1881
f 1753 1882 1754
f 1753 1881 1882
f 1754 1883 1755
f 1754 1882 1883
f 1755 1884 1756
f 1755 1883 1884
f 1756 1885 1757
f 1756 1884 1885
f 1757 1886 1758
f 1757 1885 1886
f 1758 1887 1759
f 1758 1886 1887
f 1759 1888 1760
f 1759 1887 1888
f 1760 1889 1761
f 1760 1888 1889
f 1761 1890 1762
f 1761 1889 1890
f 1762 1891 1763
f 1762 1890 1891
f 1763 1892 1764
f 1763 1891 1892
f 1764 1893 1765
f 1764 1892 1893
f 1765 1894 1766
f 1765 1893 1894
f 1766 1895 1767
f 1766 1894 1895
f 1767 1896 1768
f 1767 1895 1896
f 1768 1897 1769
f 1768 1896 1897
f 1769 1898 1770
f 1769 1897 1898
f 1770 1899 1771
f 1770 1898 1899
f 1771 1900 1772
f 1771 1899 1900
f 1772 1901 1773
f 1772 1900 1901
f 1773 1902 1774
f 1773 1901 1902
f 1774 1903 1775
f 1774 1902 1903
f 1775 1904 1776
f 1775 1903 1904
f 1776 1905 1777
f 1776 1904 1905
f 1777 1906 1778
f 1777 1905 1906
f 1778 1907 1779
f 1778 1906 1907
f 1779 1908 1780
f 1779 1907 1908
f 1780 1909 1781
f 1780 1908 1909
f 1781 1910 1782
f 1781 1909 1910
f 1782 1911 1783
f 1782 1910 1911
f 1783 1912 1784
f 1783 1911 1912
f 1784 1913 1785
f 1784 1912 1913
f 1785 1914 1786
f 1785 1913 1914
f 1786 1915 1787
f 1786 1914 1915
f 1787 1916 1788
f 1787 1915 1916
f 1788 1917 1789
f 1788 1916 1917
f 1789 1918 1790
f 1789 1917 1918
f 1790 1919 1791
f 1790 1918 1919
f 1791 1920 1792
f 1791 1919 1920
f 1792 1921 1793
f 1792 1920 1921
f 1793 1794 1666
f 1793 1921 1794
f 1794 1923 1795
f 1794 1922 1923
f 1795 1924 1796
f 1795 1923 1924
f 1796 1925 1797
f 1796 1924 1925
f 1797 1926 1798
f 1797 1925 1926
f 1798 1927 1799
f 1798 1926 1927
f 1799 1928 1800
f 1799 1927 1928
f 1800 1929 1801
f 1800 1928 1929
f 1801 1930 1802
f 1801 1929 1930
f 1802 1931 1803
f 1802 1930 1931
f 1803 1932 1804
f 1803 1931 1932
f 1804 1933 1805
f 1804 1932 1933
f 1805 1934 1806
f 1805 1933 1934
f 1806 1935 1807
f 1806 1934 1935
f 1807 1936 1808
f 1807 1935 1936
f 1808 1937 1809
f 1808 1936 1937
f 1809 1938 1810
f 1809 1937 1938
f 1810 1939 1811
f 1810 1938 1939
f 1811 1940 1812
f 1811 1939 1940
f 1812 1941 1813
f 1812 1940 1941
f 1813 1942 1814
f 1813 1941 1942
f 1814 1943 1815
f 1814 1942 1943
f 1815 1944 1816
f 1815 1943 1944
f 1816 1945 1817
f 1816 1944 1945
f 1817 1946 1818
f 1817 1945 1946
f 1818 1947 1819
f 1818 1946 1947
f 1819 1948 1820
f 1819 1947 1948
f 1820 1949 1821
f 1820 1948 1949
f 1821 1950 1822
f 1821 1949 1950
f 1822 1951 1823
f 1822 1950 1951
f 1823 1952 1824
f 1823 1951 1952
f 1824 1953 1825
f 1824 1952 1953
f 1825 1954 1826
f 1825 1953 1954
f 1826 1955 1827
f 1826 1954 1955
f 1827 1956 1828
f 1827 1955 1956
f 1828 1957 1829
f 1828 1956 1957
f 1829 1958 1830
f 1829 1957 1958
f 1830 1959 1831
f 1830 1958 1959
f 1831 1960 1832
f 1831 1959 1960
f 1832 1961 1833
f 1832 1960 1961
f 1833 1962 1834
f 1833 1961 1962
f 1834 1963 1835
f 1834 1962 1963
f 1835 1964 1836
f 1835 1963 1964
f 1836 1965 1837
f 1836 1964 1965
f 1837 1966 1838
f 1837 1965 1966
f 1838 1967 1839
f 1838 1966 1967
f 1839 1968 1840
f 1839 1967 1968
f 1840 1969 1841
f 1840 1968 1969
f 1841 1970 1842
f 1841 1969 1970
f 1842 1971 1843
f 1842 1970 1971
f 1843 1972 1844
f 1843 1971 1972
f 1844 1973 1845
f 1844 1972 1973
f 1845 1974 1846
f 1845 1973 1974
f 1846 1975 1847
f 1846 1974 1975
f 1847 1976 1848
f 1847 1975 1976
f 1848 1977 1849
f 1848 1976 1977
f 1849 1978 1850
f 1849 1977 1978
f 1850 1979 1851
f 1850 1978 1979
f 1851 1980 1852
f 1851 1979 1980
f 1852 1981 1853
f 1852 1980 1981
f 1853 1982 1854
f 1853 1981 1982
f 1854 1983 1855
f 1854 1982 1983
f 1855 1984 1856
f 1855 1983 1984
f 1856 1985 1857
f 1856 1984 1985
f 1857 1986 1858
f 1857 1985 1986
f 1858 1987 1859
f 1858 1986 1987
f 1859 1988 1860
f 1859 1987 1988
f 1860 1989 1861
f 1860 1988 1989
f 1861 1990 1862
f 1861 1989 1990
f 1862 1991 1863
f 1862 1990 1991
f 1863 1992 1864
f 1863 1991 1992
f 1864 1993 1865
f 1864 1992 1993
f 1865 1994 1866
f 1865 1993 1994
f 1866 1995 1867
f 1866 1994 1995
f 1867 1996 1868
f 1867 1995 1996
f 1868 1997 1869
f 1868 1996 1997
f 1869 1998 1870
f 1869 1997 1998
f 1870 1999 1871
f 1870 1998 1999
f 1871 2000 1872
f 1871 1999 2000
f 1872 2001 1873
f 1872 2000 2001
f 1873 2002 1874
f 1873 2001 2002
f 1874 2003 1875
f 1874 2002 2003
f 1875 2004 1876
f 1875 2003 2004
f 1876 2005 1877
f 1876 2004 2005
f 1877 2006 1878
f 1877 2005 2006
f 1878 2007 1879
f 1878 2006 2007
f 1879 2008 1880
f 1879 2007 2008
f 1880 2009 1881
f 1880 2008 2009
f 1881 2010 1882
f 1881 2009 2010
f 1882 2011 1883
f 1882 2010 2011
f 1883 2012 1884
f 1883 2011 2012
f 1884 2013 1885
f 1884 2012 2013
f 1885 2014 1886
f 1885 2013 2014
f 1886 2015 1887
f 1886 2014 2015
f 1887 2016 1888
f 1887 2015 2016
f 1888 2017 1889
f 1888 2016 2017
f 1889 2018 1890
f 1889 2017 2018
f 1890 2019 1891
f 1890 2018 2019
f 1891 2020 1892
f 1891 2019 2020
f 1892 2021 1893
f 1892 2020 2021
f 1893 2022 1894
f 1893 2021 2022
f 1894 2023 1895
f 1894 2022 2023
f 1895 2024 1896
f 1895 2023 2024
f 1896 2025 1897
f 1896 2024 2025
f 1897 2026 1898
f 1897 2025 2026
f 1898 2027 1899
f 1898 2026 2027
f 1899 2028 1900
f 1899 2027 2028
f 1900 2029 1901
f 1900 2028 2029
f 1901 2030 1902
f 1901 2029 2030
f 1902 2031 1903
f 1902 2030 2031
f 1903 2032 1904
f 1903 2031 2032
f 1904 2033 1905
f 1904 2032 2033
f 1905 2034 1906
f 1905 2033 2034
f 1906 2035 1907
f 1906 2034 2035
f 1907 2036 1908
f 1907 2035 2036
f 1908 2037 1909
f 1908 2036 2037
f 1909 2038 1910
f 1909 2037 2038
f 1910 2039 1911
f 1910 2038 2039
f 1911 2040 1912
f 1911 2039 2040
f 1912 2041 1913
f 1912 2040 2041
f 1913 2042 1914
f 1913 2041 2042
f 1914 2043 1915
f 1914 2042 2043
f 1915 2044 1916
f 1915 2043 2044
f 1916 2045 1917
f 1916 2044 2045
f 1917 2046 1918
f 1917 2045 2046
f 1918 2047 1919
f 1918 2046 2047
f 1919 2048 1920
f 1919 2047 2048
f 1920 2049 1921
f 1920 2048 2049
f 1921 1922 1794
f 1921 2049 1922
f 1922 2051 1923
f 1922 2050 2051
f 1923 2052 1924
f 1923 2051 2052
f 1924 2053 1925
f 1924 2052 2053
f 1925 2054 1926
f 1925 2053 2054
f 1926 2055 1927
f 1926 2054 2055
f 1927 2056 1928
f 1927 2055 2056
f 1928 2057 1929
f 1928 2056 2057
f 1929 2058 1930
f 1929 2057 2058
f 1930 2059 1931
f 1930 2058 2059
f 1931 2060 1932
f 1931 2059 2060
f 1932 2061 1933
f 1932 2060 2061
f 1933 2062 1934
f 1933 2061 2062
f 1934 2063 1935
f 1934 2062 2063
f 1935 2064 1936
f 1935 2063 2064
f 1936 2065 1937
f 1936 2064 2065
f 1937 2066 1938
f 1937 2065 2066
f 1938 2067 1939
f 1938 2066 2067
f 1939 2068 1940
f 1939 2067 2068
f 1940 2069 1941
f 1940 2068 2069
f 1941 2070 1942
f 1941 2069 2070
f 1942 2071 1943
f 1942 2070 2071
f 1943 2072 1944
f 1943 2071 2072
f 1944 2073 1945
f 1944 2072 2073
f 1945 2074 1946
f 1945 2073 2074
f 1946 2075 1947
f 1946 2074 2075
f 1947 2076 1948
f 1947 2075 2076
f 1948 2077 1949
f 1948 2076 2077
f 1949 2078 1950
f 1949 2077 2078
f 1950 2079 1951
f 1950 2078 2079
f 1951 2080 1952
f 1951 2079 2080
f 1952 2081 1953
f 1952 2080 2081
f 1953 2082 1954
f 1953 2081 2082
f 1954 2083 1955
f 1954 2082 2083
f 1955 2084 1956
f 1955 2083 2084
f 1956 2085 1957
f 1956 2084 2085
f 1957 2086 1958
f 1957 2085 2086
f 1958 2087 1959
f 1958 2086 2087
f 1959 2088 1960
f 1959 2087 2088
f 1960 2089 1961
f 1960 2088 2089
f 1961 2090 1962
f 1961 2089 2090
f 1962 2091 1963
f 1962 2090 2091
f 1963 2092 1964
f 1963 2091 2092
f 1964 2093 1965
f 1964 2092 2093
f 1965 2094 1966
f 1965 2093 2094
f 1966 2095 1967
f 1966 2094 2095
f 1967 2096 1968
f 1967 2095 2096
f 1968 2097 1969
f 1968 2096 2097
f 1969 2098 1970
f 1969 2097 2098
f 1970 2099 1971
f 1970 2098 2099
f 1971 2100 1972
f 1971 2099 2100
f 1972 2101 1973
f 1972 2100 2101
f 1973 2102 1974
f 1973 2101 2102
f 1974 2103 1975
f 1974 2102 2103
f 1975 2104 1976
f 1975 2103 2104
f 1976 2105 1977
f 1976 2104 2105
f 1977 2106 1978
f 1977 2105 2106
f 1978 2107 1979
f 1978 2106 2107
f 1979 2108 1980
f 1979 2107 2108
f 1980 2109 1981
f 1980 2108 2109
f 1981 2110 1982
f 1981 2109 2110
f 1982 2111 1983
f 1982 2110 2111
f 1983 2112 1984
f 1983 2111 2112
f 1984 2113 1985
f 1984 2112 2113
f 1985 2114 1986
f 1985 2113 2114
f 1986 2115 1987
f 1986 2114 2115
f 1987 2116 1988
f 1987 2115 2116
f 1988 2117 1989
f 1988 2116 2117
f 1989 2118 1990
f 1989 2117 2118
f 1990 2119 1991
f 1990 2118 2119
f 1991 2120 1992
f 1991 2119 2120
f 1992 2121 1993
f 1992 2120 2121
f 1993 2122 1994
f 1993 2121 2122
f 1994 2123 1995
f 1994 2122 2123
f 1995 2124 1996
f 1995 2123 2124
f 1996 2125 1997
f 1996 2124 2125
f 1997 2126 1998
f 1997 2125 2126
f 1998 2127 1999
f 1998 2126 2127
f 1999 2128 2000
f 1999 2127 2128
f 2000 2129 2001
f 2000 2128 2129
f 2001 2130 2002
f 2001 2129 2130
f 2002 2131 2003
f 2002 2130 2131
f 2003 2132 2004
f 2003 2131 2132
f 2004 2133 2005
f 2004 2132 2133
f 2005 2134 2006
f 2005 2133 2134
f 2006 2135 2007
f 2006 2134 2135
f 2007 2136 2008
f 2007 2135 2136
f 2008 2137 2009
f 2008 2136 2137
f 2009 2138 2010
f 2009 2137 2138
f 2010 2139 2011
f 2010 2138 2139
f 2011 2140 2012
f 2011 2139 2140
f 2012 2141 2013
f 2012 2140 2141
f 2013 2142 2014
f 2013 2141 2142
f 2014 2143 2015
f 2014 2142 2143
f 2015 2144 2016
f 2015 2143 2144
f 2016 2145 2017
f 2016 2144 2145
f 2017 2146 2018
f 2017 2145 2146
f 2018 2147 2019
f 2018 2146 2147
f 2019 2148 2020
f 2019 2147 2148
f 2020 2149 2021
f 2020 2148 2149
f 2021 2150 2022
f 2021 2149 2150
f 2022 2151 2023
f 2022 2150 2151
f 2023 2152 2024
f 2023 2151 2152
f 2024 2153 2025
f 2024 2152 2153
f 2025 2154 2026
f 2025 2153 2154
f 2026 2155 2027
f 2026 2154 2155
f 2027 2156 2028
f 2027 2155 2156
f 2028 2157 2029
f 2028 2156 2157
f 2029 2158 2030
f 2029 2157 2158
f 2030 2159 2031
f 2030 2158 2159
f 2031 2160 2032
f 2031 2159 2160
f 2032 2161 2033
f 2032 2160 2161
f 2033 2162 2034
f 2033 2161 2162
f 2034 2163 2035
f 2034 2162 2163
f 2035 2164 2036
f 2035 2163 2164
f 2036 2165 2037
f 2036 2164 2165
f 2037 2166 2038
f 2037 2165 2166
f 2038 2167 2039
f 2038 2166 2167
f 2039 2168 2040
f 2039 2167 2168
f 2040 2169 2041
f 2040 2168 2169
f 2041 2170 2042
f 2041 2169 2170
f 2042 2171 2043
f 2042 2170 2171
f 2043 2172 2044
f 2043 2171 2172
f 2044 2173 2045
f 2044 2172 2173
f 2045 2174 2046
f 2045 2173 2174
f 2046 2175 2047
f 2046 2174 2175
f 2047 2176 2048
f 2047 2175 2176
f 2048 2177 2049
f 2048 2176 2177
f 2049 2050 1922
f 2049 2177 2050
f 2050 2179 2051
f 2050 2178 2179
f 2051 2180 2052
f 2051 2179 2180
f 2052 2181 2053
f 2052 2180 2181
f 2053 2182 2054
f 2053 2181 2182
f 2054 2183 2055
f 2054 2182 2183
f 2055 2184 2056
f 2055 2183 2184
f 2056 2185 2057
f 2056 2184 2185
f 2057 2186 2058
f 2057 2185 2186
f 2058 2187 2059
f 2058 2186 2187
f 2059 2188 2060
f 2059 2187 2188
f 2060 2189 2061
f 2060 2188 2189
f 2061 2190 2062
f 2061 2189 2190
f 2062 2191 2063
f 2062 2190 2191
f 2063 2192 2064
f 2063 2191 2192
f 2064 2193 2065
f 2064 2192 2193
f 2065 2194 2066
f 2065 2193 2194
f 2066 2195 2067
f 2066 2194 2195
f 2067 2196 2068
f 2067 2195 2196
f 2068 2197 2069
f 2068 2196 2197
f 2069 2198 2070
f 2069 2197 2198
f 2070 2199 2071
f 2070 2198 2199
f 2071 2200 2072
f 2071 2199 2200
f 2072 2201 2073
f 2072 2200 2201
f 2073 2202 2074
f 2073 2201 2202
f 2074 2203 2075
f 2074 2202 2203
f 2075 2204 2076
f 2075 2203 2204
f 2076 2205 2077
f 2076 2204 2205
f 2077 2206 2078
f 2077 2205 2206
f 2078 2207 2079
f 2078 2206 2207
f 2079 2208 2080
f 2079 2207 2208
f 2080 2209 2081
f 2080 2208 2209
f 2081 2210 2082
f 2081 2209 2210
f 2082 2211 2083
f 2082 2210 2211
f 2083 2212 2084
f 2083 2211 2212
f 2084 2213 2085
f 2084 2212 2213
f 2085 2214 2086
f 2085 2213 2214
f 2086 2215 2087
f 2086 2214 2215
f 2087 2216 2088
f 2087 2215 2216
f 2088 2217 2089
f 2088 2216 2217
f 2089 2218 2090
f 2089 2217 2218
f 2090 2219 2091
f 2090 2218 2219
f 2091 2220 2092
f 2091 2219 2220
f 2092 2221 2093
f 2092 2220 2221
f 2093 2222 2094
f 2093 2221 2222
f 2094 2223 2095
f 2094 2222 2223
f 2095 2224 2096
f 2095 2223 2224
f 2096 2225 2097
f 2096 2224 2225
f 2097 2226 2098
f 2097 2225 2226
f 2098 2227 2099
f 2098 2226 2227
f 2099 2228 2100
f 2099 2227 2228
f 2100 2229 2101
f 2100 2228 2229
f 2101 2230 2102
f 2101 2229 2230
f 2102 2231 2103
f 2102 2230 2231
f 2103 2232 2104
f 2103 2231 2232
f 2104 2233 2105
f 2104 2232 2233
f 2105 2234 2106
f 2105 2233 2234
f 2106 2235 2107
f 2106 2234 2235
f 2107 2236 2108
f 2107 2235 2236
f 2108 2237 2109
f 2108 2236 2237
f 2109 2238 2110
f 2109 2237 2238
f 2110 2239 2111
f 2110 2238 2239
f 2111 2240 2112
f 2111 2239 2240
f 2112 2241 2113
f 2112 2240 2241
f 2113 2242 2114
f 2113 2241 2242
f 2114 2243 2115
f 2114 2242 2243
f 2115 2244 2116
f 2115 2243 2244
f 2116 2245 2117
f 2116 2244 2245
f 2117 2246 2118
f 2117 2245 2246
f 2118 2247 2119
f 2118 2246 2247
f 2119 2248 2120
f 2119 2247 2248
f 2120 2249 2121
f 2120 2248 2249
f 2121 2250 2122
f 2121 2249 2250
f 2122 2251 2123
f 2122 2250 2251
f 2123 2252 2124
f 2123 2251 2252
f 2124 2253 2125
f 2124 2252 2253
f 2125 2254 2126
f 2125 2253 2254
f 2126 2255 2127
f 2126 2254 2255
f 2127 2256 2128
f 2127 2255 2256
f 2128 2257 2129
f 2128 2256 2257
f 2129 2258 2130
f 2129 2257 2258
f 2130 2259 2131
f 2130 2258 2259
f 2131 2260 2132
f 2131 2259 2260
f 2132 2261 2133
f 2132 2260 2261
f 2133 2262 2134
f 2133 2261 2262
f 2134 2263 2135
f 2134 2262 2263
f 2135 2264 2136
f 2135 2263 2264
f 2136 2265 2137
f 2136 2264 2265
f 2137 2266 2138
f 2137 2265 2266
f 2138 2267 2139
f 2138 2266 2267
f 2139 2268 2140
f 2139 2267 2268
f 2140 2269 2141
f 2140 2268 2269
f 2141 2270 2142
f 2141 2269 2270
f 2142 2271 2143
f 2142 2270 2271
f 2143 2272 2144
f 2143 2271 2272
f 2144 2273 2145
f 2144 2272 2273
f 2145 2274 2146
f 2145 2273 2274
f 2146 2275 2147
f 2146 2274 2275
f 2147 2276 2148
f 2147 2275 2276
f 2148 2277 2149
f 2148 2276 2277
f 2149 2278 2150
f 2149 2277 2278
f 2150 2279 2151
f 2150 2278 2279
f 2151 2280 2152
f 2151 2279 2280
f 2152 2281 2153
f 2152 2280 2281
f 2153 2282 2154
f 2153 2281 2282
f 2154 2283 2155
f 2154 2282 2283
f 2155 2284 2156
f 2155 2283 2284
f 2156 2285 2157
f 2156 2284 2285
f 2157 2286 2158
f 2157 2285 2286
f 2158 2287 2159
f 2158 2286 2287
f 2159 2288 2160
f 2159 2287 2288
f 2160 2289 2161
f 2160 2288 2289
f 2161 2290 2162
f 2161 2289 2290
f 2162 2291 2163
f 2162 2290 2291
f 2163 2292 2164
f 2163 2291 2292
f 2164 2293 2165
f 2164 2292 2293
f 2165 2294 2166
f 2165 2293 2294
f 2166 2295 2167
f 2166 2294 2295
f 2167 2296 2168
f 2167 2295 2296
f 2168 2297 2169
f 2168 2296 2297
f 2169 2298 2170
f 2169 2297 2298
f 2170 2299 2171
f 2170 2298 2299
f 2171 2300 2172
f 2171 2299 2300
f 2172 2301 2173
f 2172 2300 2301
f 2173 2302 2174
f 2173 2301 2302
f 2174 2303 2175
f 2174 2302 2303
f 2175 2304 2176
f 2175 2303 2304
f 2176 2305 2177
f 2176 2304 2305
f 2177 2178 2050
f 2177 2305 2178
f 2178 2307 2179
f 2178 2306 2307
f 2179 2308 2180
f 2179 2307 2308
f 2180 2309 2181
f 2180 2308 2309
f 2181 2310 2182
f 2181 2309 2310
f 2182 2311 2183
f 2182 2310 2311
f 2183 2312 2184
f 2183 2311 2312
f 2184 2313 2185
f 2184 2312 2313
f 2185 2314 2186
f 2185 2313 2314
f 2186 2315 2187
f 2186 2314 2315
f 2187 2316 2188
f 2187 2315 2316
f 2188 2317 2189
f 2188 2316 2317
f 2189 2318 2190
f 2189 2317 2318
f 2190 2319 2191
f 2190 2318 2319
f 2191 2320 2192
f 2191 2319 2320
f 2192 2321 2193
f 2192 2320 2321
f 2193 2322 2194
f 2193 2321 2322
f 2194 2323 2195
f 2194 2322 2323
f 2195 2324 2196
f 2195 2323 2324
f 2196 2325 2197
f 2196 2324 2325
f 2197 2326 2198
f 2197 2325 2326
f 2198 2327 2199
f 2198 2326 2327
f 2199 2328 2200
f 2199 2327 2328
f 2200 2329 2201
f 2200 2328 2329
f 2201 2330 2202
f 2201 2329 2330
f 2202 2331 2203
f 2202 2330 2331
f 2203 2332 2204
f 2203 2331 2332
f 2204 2333 2205
f 2204 2332 2333
f 2205 2334 2206
f 2205 2333 2334
f 2206 2335 2207
f 2206 2334 2335
f 2207 2336 2208
f 2207 2335 2336
f 2208 2337 2209
f 2208 2336 2337
f 2209 2338 2210
f 2209 2337 2338
f 2210 2339 2211
f 2210 2338 2339
f 2211 2340 2212
f 2211 2339 2340
f 2212 2341 2213
f 2212 2340 2341
f 2213 2342 2214
f 2213 2341 2342
f 2214 2343 2215
f 2214 2342 2343
f 2215 2344 2216
f 2215 2343 2344
f 2216 2345 2217
f 2216 2344 2345
f 2217 2346 2218
f 2217 2345 2346
f 2218 2347 2219
f 2218 2346 2347
f 2219 2348 2220
f 2219 2347 2348
f 2220 2349 2221
f 2220 2348 2349
f 2221 2350 2222
f 2221 2349 2350
f 2222 2351 2223
f 2222 2350 2351
f 2223 2352 2224
f 2223 2351 2352
f 2224 2353 2225
f 2224 2352 2353
f 2225 2354 2226
f 2225 2353 2354
f 2226 2355 2227
f 2226 2354 2355
f 2227 2356 2228
f 2227 2355 2356
f 2228 2357 2229
f 2228 2356 2357
f 2229 2358 2230
f 2229 2357 2358
f 2230 2359 2231
f 2230 2358 2359
f 2231 2360 2232
f 2231 2359 2360
f 2232 2361 2233
f 2232 2360 2361
f 2233 2362 2234
f 2233 2361 2362
f 2234 2363 2235
f 2234 2362 2363
f 2235 2364 2236
f 2235 2363 2364
f 2236 2365 2237
f 2236 2364 2365
f 2237 2366 2238
f 2237 2365 2366
f 2238 2367 2239
f 2238 2366 2367
f 2239 2368 2240
f 2239 2367 2368
f 2240 2369 2241
f 2240 2368 2369
f 2241 2370 2242
f 2241 2369 2370
f 2242 2371 2243
f 2242 2370 2371
f 2243 2372 2244
f 2243 2371 2372
f 2244 2373 2245
f 2244 2372 2373
f 2245 2374 2246
f 2245 2373 2374
f 2246 2375 2247
f 2246 2374 2375
f 2247 2376 2248
f 2247 2375 2376
f 2248 2377 2249
f 2248 2376 2377
f 2249 2378 2250
f 2249 2377 2378
f 2250 2379 2251
f 2250 2378 2379
f 2251 2380 2252
f 2251 2379 2380
f 2252 2381 2253
f 2252 2380 2381
f 2253 2382 2254
f 2253 2381 2382
f 2254 2383 2255
f 2254 2382 2383
f 2255 2384 2256
f 2255 2383 2384
f 2256 2385 2257
f 2256 2384 2385
f 2257 2386 2258
f 2257 2385 2386
f 2258 2387 2259
f 2258 2386 2387
f 2259 2388 2260
f 2259 2387 2388
f 2260 2389 2261
f 2260 2388 2389
f 2261 2390 2262
f 2261 2389 2390
f 2262 2391 2263
f 2262 2390 2391
f 2263 2392 2264
f 2263 2391 2392
f 2264 2393 2265
f 2264 2392 2393
f 2265 2394 2266
f 2265 2393 2394
f 2266 2395 2267
f 2266 2394 2395
f 2267 2396 2268
f 2267 2395 2396
f 2268 2397 2269
f 2268 2396 2397
f 2269 2398 2270
f 2269 2397 2398
f 2270 2399 2271
f 2270 2398 2399
f 2271 2400 2272
f 2271 2399 2400
f 2272 2401 2273
f 2272 2400 2401
f 2273 2402 2274
f 2273 2401 2402
f 2274 2403 2275
f 2274 2402 2403
f 2275 2404 2276
f 2275 2403 2404
f 2276 2405 2277
f 2276 2404 2405
f 2277 2406 2278
f 2277 2405 2406
f 2278 2407 2279
f 2278 2406 2407
f 2279 2408 2280
f 2279 2407 2408
f 2280 2409 2281
f 2280 2408 2409
f 2281 2410 2282
f 2281 2409 2410
f 2282 2411 2283
f 2282 2410 2411
f 2283 2412 2284
f 2283 2411 2412
f 2284 2413 2285
f 2284 2412 2413
f 2285 2414 2286
f 2285 2413 2414
f 2286 2415 2287
f 2286 2414 2415
f 2287 2416 2288
f 2287 2415 2416
f 2288 2417 2289
f 2288 2416 2417
f 2289 2418 2290
f 2289 2417 2418
f 2290 2419 2291
f 2290 2418 2419
f 2291 2420 2292
f 2291 2419 2420
f 2292 2421 2293
f 2292 2420 2421
f 2293 2422 2294
f 2293 2421 2422
f 2294 2423 2295
f 2294 2422 2423
f 2295 2424 2296
f 2295 2423 2424
f 2296 2425 2297
f 2296 2424 2425
f 2297 2426 2298
f 2297 2425 2426
f 2298 2427 2299
f 2298 2426 2427
f 2299 2428 2300
f 2299 2427 2428
f 2300 2429 2301
f 2300 2428 2429
f 2301 2430 2302
f 2301 2429 2430
f 2302 2431 2303
f 2302 2430 2431
f 2303 2432 2304
f 2303 2431 2432
f 2304 2433 2305
f 2304 2432 2433
f 2305 2306 2178
f 2305 2433 2306
f 2306 2435 2307
f 2306 2434 2435
f 2307 2436 2308
f 2307 2435 2436
f 2308 2437 2309
f 2308 2436 2437
f 2309 2438 2310
f 2309 2437 2438
f 2310 2439 2311
f 2310 2438 2439
f 2311 2440 2312
f 2311 2439 2440
f 2312 2441 2313
f 2312 2440 2441
f 2313 2442 2314
f 2313 2441 2442
f 2314 2443 2315
f 2314 2442 2443
f 2315 2444 2316
f 2315 2443 2444
f 2316 2445 2317
f 2316 2444 2445
f 2317 2446 2318
f 2317 2445 2446
f 2318 2447 2319
f 2318 2446 2447
f 2319 2448 2320
f 2319 2447 2448
f 2320 2449 2321
f 2320 2448 2449
f 2321 2450 2322
f 2321 2449 2450
f 2322 2451 2323
f 2322 2450 2451
f 2323 2452 2324
f 2323 2451 2452
f 2324 2453 2325
f 2324 2452 2453
f 2325 2454 2326
f 2325 2453 2454
f 2326 2455 2327
f 2326 2454 2455
f 2327 2456 2328
f 2327 2455 2456
f 2328 2457 2329
f 2328 2456 2457
f 2329 2458 2330
f 2329 2457 2458
f 2330 2459 2331
f 2330 2458 2459
f 2331 2460 2332
f 2331 2459 2460
f 2332 2461 2333
f 2332 2460 2461
f 2333 2462 2334
f 2333 2461 2462
f 2334 2463 2335
f 2334 2462 2463
f 2335 2464 2336
f 2335 2463 2464
f 2336 2465 2337
f 2336 2464 2465
f 2337 2466 2338
f 2337 2465 2466
f 2338 2467 2339
f 2338 2466 2467
f 2339 2468 2340
f 2339 2467 2468
f 2340 2469 2341
f 2340 2468 2469
f 2341 2470 2342
f 2341 2469 2470
f 2342 2471 2343
f 2342 2470 2471
f 2343 2472 2344
f 2343 2471 2472
f 2344 2473 2345
f 2344 2472 2473
f 2345 2474 2346
f 2345 2473 2474
f 2346 2475 2347
f 2346 2474 2475
f 2347 2476 2348
f 2347 2475 2476
f 2348 2477 2349
f 2348 2476 2477
f 2349 2478 2350
f 2349 2477 2478
f 2350 2479 2351
f 2350 2478 2479
f 2351 2480 2352
f 2351 2479 2480
f 2352 2481 2353
f 2352 2480 2481
f 2353 2482 2354
f 2353 2481 2482
f 2354 2483 2355
f 2354 2482 2483
f 2355 2484 2356
f 2355 2483 2484
f 2356 2485 2357
f 2356 2484 2485
f 2357 2486 2358
f 2357 2485 2486
f 2358 2487 2359
f 2358 2486 2487
f 2359 2488 2360
f 2359 2487 2488
f 2360 2489 2361
f 2360 2488 2489
f 2361 2490 2362
f 2361 2489 2490
f 2362 2491 2363
f 2362 2490 2491
f 2363 2492 2364
f 2363 2491 2492
f 2364 2493 2365
f 2364 2492 2493
f 2365 2494 2366
f 2365 2493 2494
f 2366 2495 2367
f 2366 2494 2495
f 2367 2496 2368
f 2367 2495 2496
f 2368 2497 2369
f 2368 2496 2497
f 2369 2498 2370
f 2369 2497 2498
f 2370 2499 2371
f 2370 2498 2499
f 2371 2500 2372
f 2371 2499 2500
f 2372 2501 2373
f 2372 2500 2501
f 2373 2502 2374
f 2373 2501 2502
f 2374 2503 2375
f 2374 2502 2503
f 2375 2504 2376
f 2375 2503 2504
f 2376 2505 2377
f 2376 2504 2505
f 2377 2506 2378
f 2377 2505 2506
f 2378 2507 2379
f 2378 2506 2507
f 2379 2508 2380
f 2379 2507 2508
f 2380 2509 2381
f 2380 2508 2509
f 2381 2510 2382
f 2381 2509 2510
f 2382 2511 2383
f 2382 2510 2511
f 2383 2512 2384
f 2383 2511 2512
f 2384 2513 2385
f 2384 2512 2513
f 2385 2514 2386
f 2385 2513 2514
f 2386 2515 2387
f 2386 2514 2515
f 2387 2516 2388
f 2387 2515 2516
f 2388 2517 2389
f 2388 2516 2517
f 2389 2518 2390
f 2389 2517 2518
f 2390 2519 2391
f 2390 2518 2519
f 2391 2520 2392
f 2391 2519 2520
f 2392 2521 2393
f 2392 2520 2521
f 2393 2522 2394
f 2393 2521 2522
f 2394 2523 2395
f 2394 2522 2523
f 2395 2524 2396
f 2395 2523 2524
f 2396 2525 2397
f 2396 2524 2525
f 2397 2526 2398
f 2397 2525 2526
f 2398 2527 2399
f 2398 2526 2527
f 2399 2528 2400
f 2399 2527 2528
f 2400 2529 2401
f 2400 2528 2529
f 2401 2530 2402
f 2401 2529 2530
f 2402 2531 2403
f 2402 2530 2531
f 2403 2532 2404
f 2403 2531 2532
f 2404 2533 2405
f 2404 2532 2533
f 2405 2534 2406
f 2405 2533 2534
f 2406 2535 2407
f 2406 2534 2535
f 2407 2536 2408
f 2407 2535 2536
f 2408 2537 2409
f 2408 2536 2537
f 2409 2538 2410
f 2409 2537 2538
f 2410 2539 2411
f 2410 2538 2539
f 2411 2540 2412
f 2411 2539 2540
f 2412 2541 2413
f 2412 2540 2541
f 2413 2542 2414
f 2413 2541 2542
f 2414 2543 2415
f 2414 2542 2543
f 2415 2544 2416
f 2415 2543 2544
f 2416 2545 2417
f 2416 2544 2545
f 2417 2546 2418
f 2417 2545 2546
f 2418 2547 2419
f 2418 2546 2547
f 2419 2548 2420
f 2419 2547 2548
f 2420 2549 2421
f 2420 2548 2549
f 2421 2550 2422
f 2421 2549 2550
f 2422 2551 2423
f 2422 2550 2551
f 2423 2552 2424
f 2423 2551 2552
f 2424 2553 2425
f 2424 2552 2553
f 2425 2554 2426
f 2425 2553 2554
f 2426 2555 2427
f 2426 2554 2555
f 2427 2556 2428
f 2427 2555 2556
f 2428 2557 2429
f 2428 2556 2557
f 2429 2558 2430
f 2429 2557 2558
f 2430 2559 2431
f 2430 2558 2559
f 2431 2560 2432
f 2431 2559 2560
f 2432 2561 2433
f 2432 2560 2561
f 2433 2434 2306
f 2433 2561 2434
f 2434 2563 2435
f 2434 2562 2563
f 2435 2564 2436
f 2435 2563 2564
f 2436 2565 2437
f 2436 2564 2565
f 2437 2566 2438
f 2437 2565 2566
f 2438 2567 2439
f 2438 2566 2567
f 2439 2568 2440
f 2439 2567 2568
f 2440 2569 2441
f 2440 2568 2569
f 2441 2570 2442
f 2441 2569 2570
f 2442 2571 2443
f 2442 2570 2571
f 2443 2572 2444
f 2443 2571 2572
f 2444 2573 2445
f 2444 2572 2573
f 2445 2574 2446
f 2445 2573 2574
f 2446 2575 2447
f 2446 2574 2575
f 2447 2576 2448
f 2447 2575 2576
f 2448 2577 2449
f 2448 2576 2577
f 2449 2578 2450
f 2449 2577 2578
f 2450 2579 2451
f 2450 2578 2579
f 2451 2580 2452
f 2451 2579 2580
f 2452 2581 2453
f 2452 2580 2581
f 2453 2582 2454
f 2453 2581 2582
f 2454 2583 2455
f 2454 2582 2583
f 2455 2584 2456
f 2455 2583 2584
f 2456 2585 2457
f 2456 2584 2585
f 2457 2586 2458
f 2457 2585 2586
f 2458 2587 2459
f 2458 2586 2587
f 2459 2588 2460
f 2459 2587 2588
f 2460 2589 2461
f 2460 2588 2589
f 2461 2590 2462
f 2461 2589 2590
f 2462 2591 2463
f 2462 2590 2591
f 2463 2592 2464
f 2463 2591 2592
f 2464 2593 2465
f 2464 2592 2593
f 2465 2594 2466
f 2465 2593 2594
f 2466 2595 2467
f 2466 2594 2595
f 2467 2596 2468
f 2467 2595 2596
f 2468 2597 2469
f 2468 2596 2597
f 2469 2598 2470
f 2469 2597 2598
f 2470 2599 2471
f 2470 2598 2599
f 2471 2600 2472
f 2471 2599 2600
f 2472 2601 2473
f 2472 2600 2601
f 2473 2602 2474
f 2473 2601 2602
f 2474 2603 2475
f 2474 2602 2603
f 2475 2604 2476
f 2475 2603 2604
f 2476 2605 2477
f 2476 2604 2605
f 2477 2606 2478
f 2477 2605 2606
f 2478 2607 2479
f 2478 2606 2607
f 2479 2608 2480
f 2479 2607 2608
f 2480 2609 2481
f 2480 2608 2609
f 2481 2610 2482
f 2481 2609 2610
f 2482 2611 2483
f 2482 2610 2611
f 2483 2612 2484
f 2483 2611 2612
f 2484 2613 2485
f 2484 2612 2613
f 2485 2614 2486
f 2485 2613 2614
f 2486 2615 2487
f 2486 2614 2615
f 2487 2616 2488
f 2487 2615 2616
f 2488 2617 2489
f 2488 2616 2617
f 2489 2618 2490
f 2489 2617 2618
f 2490 2619 2491
f 2490 2618 2619
f 2491 2620 2492
f 2491 2619 2620
f 2492 2621 2493
f 2492 2620 2621
f 2493 2622 2494
f 2493 2621 2622
f 2494 2623 2495
f 2494 2622 2623
f 2495 2624 2496
f 2495 2623 2624
f 2496 2625 2497
f 2496 2624 2625
f 2497 2626 2498
f 2497 2625 2626
f 2498 2627 2499
f 2498 2626 2627
f 2499 2628 2500
f 2499 2627 2628
f 2500 2629 2501
f 2500 2628 2629
f 2501 2630 2502
f 2501 2629 2630
f 2502 2631 2503
f 2502 2630 2631
f 2503 2632 2504
f 2503 2631 2632
f 2504 2633 2505
f 2504 2632 2633
f 2505 2634 2506
f 2505 2633 2634
f 2506 2635 2507
f 2506 2634 2635
f 2507 2636 2508
f 2507 2635 2636
f 2508 2637 2509
f 2508 2636 2637
f 2509 2638 2510
f 2509 2637 2638
f 2510 2639 2511
f 2510 2638 2639
f 2511 2640 2512
f 2511 2639 2640
f 2512 2641 2513
f 2512 2640 2641
f 2513 2642 2514
f 2513 2641 2642
f 2514 2643 2515
f 2514 2642 2643
f 2515 2644 2516
f 2515 2643 2644
f 2516 2645 2517
f 2516 2644 2645
f 2517 2646 2518
f 2517 2645 2646
f 2518 2647 2519
f 2518 2646 2647
f 2519 2648 2520
f 2519 2647 2648
f 2520 2649 2521
f 2520 2648 2649
f 2521 2650 2522
f 2521 2649 2650
f 2522 2651 2523
f 2522 2650 2651
f 2523 2652 2524
f 2523 2651 2652
f 2524 2653 2525
f 2524 2652 2653
f 2525 2654 2526
f 2525 2653 2654
f 2526 2655 2527
f 2526 2654 2655
f 2527 2656 2528
f 2527 2655 2656
f 2528 2657 2529
f 2528 2656 2657
f 2529 2658 2530
f 2529 2657 2658
f 2530 2659 2531
f 2530 2658 2659
f 2531 2660 2532
f 2531 2659 2660
f 2532 2661 2533
f 2532 2660 2661
f 2533 2662 2534
f 2533 2661 2662
f 2534 2663 2535
f 2534 2662 2663
f 2535 2664 2536
f 2535 2663 2664
f 2536 2665 2537
f 2536 2664 2665
f 2537 2666 2538
f 2537 2665 2666
f 2538 2667 2539
f 2538 2666 2667
f 2539 2668 2540
f 2539 2667 2668
f 2540 2669 2541
f 2540 2668 2669
f 2541 2670 2542
f 2541 2669 2670
f 2542 2671 2543
f 2542 2670 2671
f 2543 2672 2544
f 2543 2671 2672
f 2544 2673 2545
f 2544 2672 2673
f 2545 2674 2546
f 2545 2673 2674
f 2546 2675 2547
f 2546 2674 2675
f 2547 2676 2548
f 2547 2675 2676
f 2548 2677 2549
f 2548 2676 2677
f 2549 2678 2550
f 2549 2677 2678
f 2550 2679 2551
f 2550 2678 2679
f 2551 2680 2552
f 2551 2679 2680
f 2552 2681 2553
f 2552 2680 2681
f 2553 2682 2554
f 2553 2681 2682
f 2554 2683 2555
f 2554 2682 2683
f 2555 2684 2556
f 2555 2683 2684
f 2556 2685 2557
f 2556 2684 2685
f 2557 2686 2558
f 2557 2685 2686
f 2558 2687 2559
f 2558 2686 2687
f 2559 2688 2560
f 2559 2687 2688
f 2560 2689 2561
f 2560 2688 2689
f 2561 2562 2434
f 2561 2689 2562
f 2562 2691 2563
f 2562 2690 2691
f 2563 2692 2564
f 2563 2691 2692
f 2564 2693 2565
f 2564 2692 2693
f 2565 2694 2566
f 2565 2693 2694
f 2566 2695 2567
f 2566 2694 2695
f 2567 2696 2568
f 2567 2695 2696
f 2568 2697 2569
f 2568 2696 2697
f 2569 2698 2570
f 2569 2697 2698
f 2570 2699 2571
f 2570 2698 2699
f 2571 2700 2572
f 2571 2699 2700
f 2572 2701 2573
f 2572 2700 2701
f 2573 2702 2574
f 2573 2701 2702
f 2574 2703 2575
f 2574 2702 2703
f 2575 2704 2576
f 2575 2703 2704
f 2576 2705 2577
f 2576 2704 2705
f 2577 2706 2578
f 2577 2705 2706
f 2578 2707 2579
f 2578 2706 2707
f 2579 2708 2580
f 2579 2707 2708
f 2580 2709 2581
f 2580 2708 2709
f 2581 2710 2582
f 2581 2709 2710
f 2582 2711 2583
f 2582 2710 2711
f 2583 2712 2584
f 2583 2711 2712
f 2584 2713 2585
f 2584 2712 2713
f 2585 2714 2586
f 2585 2713 2714
f 2586 2715 2587
f 2586 2714 2715
f 2587 2716 2588
f 2587 2715 2716
f 2588 2717 2589
f 2588 2716 2717
f 2589 2718 2590
f 2589 2717 2718
f 2590 2719 2591
f 2590 2718 2719
f 2591 2720 2592
f 2591 2719 2720
f 2592 2721 2593
f 2592 2720 2721
f 2593 2722 2594
f 2593 2721 2722
f 2594 2723 2595
f 2594 2722 2723
f 2595 2724 2596
f 2595 2723 2724
f 2596 2725 2597
f 2596 2724 2725
f 2597 2726 2598
f 2597 2725 2726
f 2598 2727 2599
f 2598 2726 2727
f 2599 2728 2600
f 2599 2727 2728
f 2600 2729 2601
f 2600 2728 2729
f 2601 2730 2602
f 2601 2729 2730
f 2602 2731 2603
f 2602 2730 2731
f 2603 2732 2604
f 2603 2731 2732
f 2604 2733 2605
f 2604 2732 2733
f 2605 2734 2606
f 2605 2733 2734
f 2606 2735 2607
f 2606 2734 2735
f 2607 2736 2608
f 2607 2735 2736
f 2608 2737 2609
f 2608 2736 2737
f 2609 2738 2610
f 2609 2737 2738
f 2610 2739 2611
f 2610 2738 2739
f 2611 2740 2612
f 2611 2739 2740
f 2612 2741 2613
f 2612 2740 2741
f 2613 2742 2614
f 2613 2741 2742
f 2614 2743 2615
f 2614 2742 2743
f 2615 2744 2616
f 2615 2743 2744
f 2616 2745 2617
f 2616 2744 2745
f 2617 2746 2618
f 2617 2745 2746
f 2618 2747 2619
f 2618 2746 2747
f 2619 2748 2620
f 2619 2747 2748
f 2620 2749 2621
f 2620 2748 2749
f 2621 2750 2622
f 2621 2749 2750
f 2622 2751 2623
f 2622 2750 2751
f 2623 2752 2624
f 2623 2751 2752
f 2624 2753 2625
f 2624 2752 2753
f 2625 2754 2626
f 2625 2753 2754
f 2626 2755 2627
f 2626 2754 2755
f 2627 2756 2628
f 2627 2755 2756
f 2628 2757 2629
f 2628 2756 2757
f 2629 2758 2630
f 2629 2757 2758
f 2630 2759 2631
f 2630 2758 2759
f 2631 2760 2632
f 2631 2759 2760
f 2632 2761 2633
f 2632 2760 2761
f 2633 2762 2634
f 2633 2761 2762
f 2634 2763 2635
f 2634 2762 2763
f 2635 2764 2636
f 2635 2763 2764
f 2636 2765 2637
f 2636 2764 2765
f 2637 2766 2638
f 2637 2765 2766
f 2638 2767 2639
f 2638 2766 2767
f 2639 2768 2640
f 2639 2767 2768
f 2640 2769 2641
f 2640 2768 2769
f 2641 2770 2642
f 2641 2769 2770
f 2642 2771 2643
f 2642 2770 2771
f 2643 2772 2644
f 2643 2771 2772
f 2644 2773 2645
f 2644 2772 2773
f 2645 2774 2646
f 2645 2773 2774
f 2646 2775 2647
f 2646 2774 2775
f 2647 2776 2648
f 2647 2775 2776
f 2648 2777 2649
f 2648 2776 2777
f 2649 2778 2650
f 2649 2777 2778
f 2650 2779 2651
f 2650 2778 2779
f 2651 2780 2652
f 2651 2779 2780
f 2652 2781 2653
f 2652 2780 2781
f 2653 2782 2654
f 2653 2781 2782
f 2654 2783 2655
f 2654 2782 2783
f 2655 2784 2656
f 2655 2783 2784
f 2656 2785 2657
f 2656 2784 2785
f 2657 2786 2658
f 2657 2785 2786
f 2658 2787 2659
f 2658 2786 2787
f 2659 2788 2660
f 2659 2787 2788
f 2660 2789 2661
f 2660 2788 2789
f 2661 2790 2662
f 2661 2789 2790
f 2662 2791 2663
f 2662 2790 2791
f 2663 2792 2664
f 2663 2791 2792
f 2664 2793 2665
f 2664 2792 2793
f 2665 2794 2666
f 2665 2793 2794
f 2666 2795 2667
f 2666 2794 2795
f 2667 2796 2668
f 2667 2795 2796
f 2668 2797 2669
f 2668 2796 2797
f 2669 2798 2670
f 2669 2797 2798
f 2670 2799 2671
f 2670 2798 2799
f 2671 2800 2672
f 2671 2799 2800
f 2672 2801 2673
f 2672 2800 2801
f 2673 2802 2674
f 2673 2801 2802
f 2674 2803 2675
f 2674 2802 2803
f 2675 2804 2676
f 2675 2803 2804
f 2676 2805 2677
f 2676 2804 2805
f 2677 2806 2678
f 2677 2805 2806
f 2678 2807 2679
f 2678 2806 2807
f 2679 2808 2680
f 2679 2807 2808
f 2680 2809 2681
f 2680 2808 2809
f 2681 2810 2682
f 2681 2809 2810
f 2682 2811 2683
f 2682 2810 2811
f 2683 2812 2684
f 2683 2811 2812
f 2684 2813 2685
f 2684 2812 2813
f 2685 2814 2686
f 2685 2813 2814
f 2686 2815 2687
f 2686 2814 2815
f 2687 2816 2688
f 2687 2815 2816
f 2688 2817 2689
f 2688 2816 2817
f 2689 2690 2562
f 2689 2817 2690
f 2690 2819 2691
f 2690 2818 2819
f 2691 2820 2692
f 2691 2819 2820
f 2692 2821 2693
f 2692 2820 2821
f 2693 2822 2694
f 2693 2821 2822
f 2694 2823 2695
f 2694 2822 2823
f 2695 2824 2696
f 2695 2823 2824
f 2696 2825 2697
f 2696 2824 2825
f 2697 2826 2698
f 2697 2825 2826
f 2698 2827 2699
f 2698 2826 2827
f 2699 2828 2700
f 2699 2827 2828
f 2700 2829 2701
f 2700 2828 2829
f 2701 2830 2702
f 2701 2829 2830
f 2702 2831 2703
f 2702 2830 2831
f 2703 2832 2704
f 2703 2831 2832
f 2704 2833 2705
f 2704 2832 2833
f 2705 2834 2706
f 2705 2833 2834
f 2706 2835 2707
f 2706 2834 2835
f 2707 2836 2708
f 2707 2835 2836
f 2708 2837 2709
f 2708 2836 2837
f 2709 2838 2710
f 2709 2837 2838
f 2710 2839 2711
f 2710 2838 2839
f 2711 2840 2712
f 2711 2839 2840
f 2712 2841 2713
f 2712 2840 2841
f 2713 2842 2714
f 2713 2841 2842
f 2714 2843 2715
f 2714 2842 2843
f 2715 2844 2716
f 2715 2843 2844
f 2716 2845 2717
f 2716 2844 2845
f 2717 2846 2718
f 2717 2845 2846
f 2718 2847 2719
f 2718 2846 2847
f 2719 2848 2720
f 2719 2847 2848
f 2720 2849 2721
f 2720 2848 2849
f 2721 2850 2722
f 2721 2849 2850
f 2722 2851 2723
f 2722 2850 2851
f 2723 2852 2724
f 2723 2851 2852
f 2724 2853 2725
f 2724 2852 2853
f 2725 2854 2726
f 2725 2853 2854
f 2726 2855 2727
f 2726 2854 2855
f 2727 2856 2728
f 2727 2855 2856
f 2728 2857 2729
f 2728 2856 2857
f 2729 2858 2730
f 2729 2857 2858
f 2730 2859 2731
f 2730 2858 2859
f 2731 2860 2732
f 2731 2859 2860
f 2732 2861 2733
f 2732 2860 2861
f 2733 2862 2734
f 2733 2861 2862
f 2734 2863 2735
f 2734 2862 2863
f 2735 2864 2736
f 2735 2863 2864
f 2736 2865 2737
f 2736 2864 2865
f 2737 2866 2738
f 2737 2865 2866
f 2738 2867 2739
f 2738 2866 2867
f 2739 2868 2740
f 2739 2867 2868
f 2740 2869 2741
f 2740 2868 2869
f 2741 2870 2742
f 2741 2869 2870
f 2742 2871 2743
f 2742 2870 2871
f 2743 2872 2744
f 2743 2871 2872
f 2744 2873 2745
f 2744 2872 2873
f 2745 2874 2746
f 2745 2873 2874
f 2746 2875 2747
f 2746 2874 2875
f 2747 2876 2748
f 2747 2875 2876
f 2748 2877 2749
f 2748 2876 2877
f 2749 2878 2750
f 2749 2877 2878
f 2750 2879 2751
f 2750 2878 2879
f 2751 2880 2752
f 2751 2879 2880
f 2752 2881 2753
f 2752 2880 2881
f 2753 2882 2754
f 2753 2881 2882
f 2754 2883 2755
f 2754 2882 2883
f 2755 2884 2756
f 2755 2883 2884
f 2756 2885 2757
f 2756 2884 2885
f 2757 2886 2758
f 2757 2885 2886
f 2758 2887 2759
f 2758 2886 2887
f 2759 2888 2760
f 2759 2887 2888
f 2760 2889 2761
f 2760 2888 2889
f 2761 2890 2762
f 2761 2889 2890
f 2762 2891 2763
f 2762 2890 2891
f 2763 2892 2764
f 2763 2891 2892
f 2764 2893 2765
f 2764 2892 2893
f 2765 2894 2766
f 2765 2893 2894
f 2766 2895 2767
f 2766 2894 2895
f 2767 2896 2768
f 2767 2895 2896
f 2768 2897 2769
f 2768 2896 2897
f 2769 2898 2770
f 2769 2897 2898
f 2770 2899 2771
f 2770 2898 2899
f 2771 2900 2772
f 2771 2899 2900
f 2772 2901 2773
f 2772 2900 2901
f 2773 2902 2774
f 2773 2901 2902
f 2774 2903 2775
f 2774 2902 2903
f 2775 2904 2776
f 2775 2903 2904
f 2776 2905 2777
f 2776 2904 2905
f 2777 2906 2778
f 2777 2905 2906
f 2778 2907 2779
f 2778 2906 2907
f 2779 2908 2780
f 2779 2907 2908
f 2780 2909 2781
f 2780 2908 2909
f 2781 2910 2782
f 2781 2909 2910
f 2782 2911 2783
f 2782 2910 2911
f 2783 2912 2784
f 2783 2911 2912
f 2784 2913 2785
f 2784 2912 2913
f 2785 2914 2786
f 2785 2913 2914
f 2786 2915 2787
f 2786 2914 2915
f 2787 2916 2788
f 2787 2915 2916
f 2788 2917 2789
f 2788 2916 2917
f 2789 2918 2790
f 2789 2917 2918
f 2790 2919 2791
f 2790 2918 2919
f 2791 2920 2792
f 2791 2919 2920
f 2792 2921 2793
f 2792 2920 2921
f 2793 2922 2794
f 2793 2921 2922
f 2794 2923 2795
f 2794 2922 2923
f 2795 2924 2796
f 2795 2923 2924
f 2796 2925 2797
f 2796 2924 2925
f 2797 2926 2798
f 2797 2925 2926
f 2798 2927 2799
f 2798 2926 2927
f 2799 2928 2800
f 2799 2927 2928
f 2800 2929 2801
f 2800 2928 2929
f 2801 2930 2802
f 2801 2929 2930
f 2802 2931 2803
f 2802 2930 2931
f 2803 2932 2804
f 2803 2931 2932
f 2804 2933 2805
f 2804 2932 2933
f 2805 2934 2806
f 2805 2933 2934
f 2806 2935 2807
f 2806 2934 2935
f 2807 2936 2808
f 2807 2935 2936
f 2808 2937 2809
f 2808 2936 2937
f 2809 2938 2810
f 2809 2937 2938
f 2810 2939 2811
f 2810 2938 2939
f 2811 2940 2812
f 2811 2939 2940
f 2812 2941 2813
f 2812 2940 2941
f 2813 2942 2814
f 2813 2941 2942
f 2814 2943 2815
f 2814 2942 2943
f 2815 2944 2816
f 2815 2943 2944
f 2816 2945 2817
f 2816 2944 2945
f 2817 2818 2690
f 2817 2945 2818
f 2818 2947 2819
f 2818 2946 2947
f 2819 2948 2820
f 2819 2947 2948
f 2820 2949 2821
f 2820 2948 2949
f 2821 2950 2822
f 2821 2949 2950
f 2822 2951 2823
f 2822 2950 2951
f 2823 2952 2824
f 2823 2951 2952
f 2824 2953 2825
f 2824 2952 2953
f 2825 2954 2826
f 2825 2953 2954
f 2826 2955 2827
f 2826 2954 2955
f 2827 2956 2828
f 2827 2955 2956
f 2828 2957 2829
f 2828 2956 2957
f 2829 2958 2830
f 2829 2957 2958
f 2830 2959 2831
f 2830 2958 2959
f 2831 2960 2832
f 2831 2959 2960
f 2832 2961 2833
f 2832 2960 2961
f 2833 2962 2834
f 2833 2961 2962
f 2834 2963 2835
f 2834 2962 2963
f 2835 2964 2836
f 2835 2963 2964
f 2836 2965 2837
f 2836 2964 2965
f 2837 2966 2838
f 2837 2965 2966
f 2838 2967 2839
f 2838 2966 2967
f 2839 2968 2840
f 2839 2967 2968
f 2840 2969 2841
f 2840 2968 2969
f 2841 2970 2842
f 2841 2969 2970
f 2842 2971 2843
f 2842 2970 2971
f 2843 2972 2844
f 2843 2971 2972
f 2844 2973 2845
f 2844 2972 2973
f 2845 2974 2846
f 2845 2973 2974
f 2846 2975 2847
f 2846 2974 2975
f 2847 2976 2848
f 2847 2975 2976
f 2848 2977 2849
f 2848 2976 2977
f 2849 2978 2850
f 2849 2977 2978
f 2850 2979 2851
f 2850 2978 2979
f 2851 2980 2852
f 2851 2979 2980
f 2852 2981 2853
f 2852 2980 2981
f 2853 2982 2854
f 2853 2981 2982
f 2854 2983 2855
f 2854 2982 2983
f 2855 2984 2856
f 2855 2983 2984
f 2856 2985 2857
f 2856 2984 2985
f 2857 2986 2858
f 2857 2985 2986
f 2858 2987 2859
f 2858 2986 2987
f 2859 2988 2860
f 2859 2987 2988
f 2860 2989 2861
f 2860 2988 2989
f 2861 2990 2862
f 2861 2989 2990
f 2862 2991 2863
f 2862 2990 2991
f 2863 2992 2864
f 2863 2991 2992
f 2864 2993 2865
f 2864 2992 2993
f 2865 2994 2866
f 2865 2993 2994
f 2866 2995 2867
f 2866 2994 2995
f 2867 2996 2868
f 2867 2995 2996
f 2868 2997 2869
f 2868 2996 2997
f 2869 2998 2870
f 2869 2997 2998
f 2870 2999 2871
f 2870 2998 2999
f 2871 3000 2872
f 2871 2999 3000
f 2872 3001 2873
f 2872 3000 3001
f 2873 3002 2874
f 2873 3001 3002
f 2874 3003 2875
f 2874 3002 3003
f 2875 3004 2876
f 2875 3003 3004
f 2876 3005 2877
f 2876 3004 3005
f 2877 3006 2878
f 2877 3005 3006
f 2878 3007 2879
f 2878 3006 3007
f 2879 3008 2880
f 2879 3007 3008
f 2880 3009 2881
f 2880 3008 3009
f 2881 3010 2882
f 2881 3009 3010
f 2882 3011 2883
f 2882 3010 3011
f 2883 3012 2884
f 2883 3011 3012
f 2884 3013 2885
f 2884 3012 3013
f 2885 3014 2886
f 2885 3013 3014
f 2886 3015 2887
f 2886 3014 3015
f 2887 3016 2888
f 2887 3015 3016
f 2888 3017 2889
f 2888 3016 3017
f 2889 3018 2890
f 2889 3017 3018
f 2890 3019 2891
f 2890 3018 3019
f 2891 3020 2892
f 2891 3019 3020
f 2892 3021 2893
f 2892 3020 3021
f 2893 3022 2894
f 2893 3021 3022
f 2894 3023 2895
f 2894 3022 3023
f 2895 3024 2896
f 2895 3023 3024
f 2896 3025 2897
f 2896 3024 3025
f 2897 3026 2898
f 2897 3025 3026
f 2898 3027 2899
f 2898 3026 3027
f 2899 3028 2900
f 2899 3027 3028
f 2900 3029 2901
f 2900 3028 3029
f 2901 3030 2902
f 2901 3029 3030
f 2902 3031 2903
f 2902 3030 3031
f 2903 3032 2904
f 2903 3031 3032
f 2904 3033 2905
f 2904 3032 3033
f 2905 3034 2906
f 2905 3033 3034
f 2906 3035 2907
f 2906 3034 3035
f 2907 3036 2908
f 2907 3035 3036
f 2908 3037 2909
f 2908 3036 3037
f 2909 3038 2910
f 2909 3037 3038
f 2910 3039 2911
f 2910 3038 3039
f 2911 3040 2912
f 2911 3039 3040
f 2912 3041 2913
f 2912 3040 3041
f 2913 3042 2914
f 2913 3041 3042
f 2914 3043 2915
f 2914 3042 3043
f 2915 3044 2916
f 2915 3043 3044
f 2916 3045 2917
f 2916 3044 3045
f 2917 3046 2918
f 2917 3045 3046
f 2918 3047 2919
f 2918 3046 3047
f 2919 3048 2920
f 2919 3047 3048
f 2920 3049 2921
f 2920 3048 3049
f 2921 3050 2922
f 2921 3049 3050
f 2922 3051 2923
f 2922 3050 3051
f 2923 3052 2924
f 2923 3051 3052
f 2924 3053 2925
f 2924 3052 3053
f 2925 3054 2926
f 2925 3053 3054
f 2926 3055 2927
f 2926 3054 3055
f 2927 3056 2928
f 2927 3055 3056
f 2928 3057 2929
f 2928 3056 3057
f 2929 3058 2930
f 2929 3057 3058
f 2930 3059 2931
f 2930 3058 3059
f 2931 3060 2932
f 2931 3059 3060
f 2932 3061 2933
f 2932 3060 3061
f 2933 3062 2934
f 2933 3061 3062
f 2934 3063 2935
f 2934 3062 3063
f 2935 3064 2936
f 2935 3063 3064
f 2936 3065 2937
f 2936 3064 3065
f 2937 3066 2938
f 2937 3065 3066
f 2938 3067 2939
f 2938 3066 3067
f 2939 3068 2940
f 2939 3067 3068
f 2940 3069 2941
f 2940 3068 3069
f 2941 3070 2942
f 2941 3069 3070
f 2942 3071 2943
f 2942 3070 3071
f 2943 3072 2944
f 2943 3071 3072
f 2944 3073 2945
f 2944 3072 3073
f 2945 2946 2818
f 2945 3073 2946
f 2946 3075 2947
f 2946 3074 3075
f 2947 3076 2948
f 2947 3075 3076
f 2948 3077 2949
f 2948 3076 3077
f 2949 3078 2950
f 2949 3077 3078
f 2950 3079 2951
f 2950 3078 3079
f 2951 3080 2952
f 2951 3079 3080
f 2952 3081 2953
f 2952 3080 3081
f 2953 3082 2954
f 2953 3081 3082
f 2954 3083 2955
f 2954 3082 3083
f 2955 3084 2956
f 2955 3083 3084
f 2956 3085 2957
f 2956 3084 3085
f 2957 3086 2958
f 2957 3085 3086
f 2958 3087 2959
f 2958 3086 3087
f 2959 3088 2960
f 2959 3087 3088
f 2960 3089 2961
f 2960 3088 3089
f 2961 3090 2962
f 2961 3089 3090
f 2962 3091 2963
f 2962 3090 3091
f 2963 3092 2964
f 2963 3091 3092
f 2964 3093 2965
f 2964 3092 3093
f 2965 3094 2966
f 2965 3093 3094
f 2966 3095 2967
f 2966 3094 3095
f 2967 3096 2968
f 2967 3095 3096
f 2968 3097 2969
f 2968 3096 3097
f 2969 3098 2970
f 2969 3097 3098
f 2970 3099 2971
f 2970 3098 3099
f 2971 3100 2972
f 2971 3099 3100
f 2972 3101 2973
f 2972 3100 3101
f 2973 3102 2974
f 2973 3101 3102
f 2974 3103 2975
f 2974 3102 3103
f 2975 3104 2976
f 2975 3103 3104
f 2976 3105 2977
f 2976 3104 3105
f 2977 3106 2978
f 2977 3105 3106
f 2978 3107 2979
f 2978 3106 3107
f 2979 3108 2980
f 2979 3107 3108
f 2980 3109 2981
f 2980 3108 3109
f 2981 3110 2982
f 2981 3109 3110
f 2982 3111 2983
f 2982 3110 3111
f 2983 3112 2984
f 2983 3111 3112
f 2984 3113 2985
f 2984 3112 3113
f 2985 3114 2986
f 2985 3113 3114
f 2986 3115 2987
f 2986 3114 3115
f 2987 3116 2988
f 2987 3115 3116
f 2988 3117 2989
f 2988 3116 3117
f 2989 3118 2990
f 2989 3117 3118
f 2990 3119 2991
f 2990 3118 3119
f 2991 3120 2992
f 2991 3119 3120
f 2992 3121 2993
f 2992 3120 3121
f 2993 3122 2994
f 2993 3121 3122
f 2994 3123 2995
f 2994 3122 3123
f 2995 3124 2996
f 2995 3123 3124
f 2996 3125 2997
f 2996 3124 3125
f 2997 3126 2998
f 2997 3125 3126
f 2998 3127 2999
f 2998 3126 3127
f 2999 3128 3000
f 2999 3127 3128
f 3000 3129 3001
f 3000 3128 3129
f 3001 3130 3002
f 3001 3129 3130
f 3002 3131 3003
f 3002 3130 3131
f 3003 3132 3004
f 3003 3131 3132
f 3004 3133 3005
f 3004 3132 3133
f 3005 3134 3006
f 3005 3133 3134
f 3006 3135 3007
f 3006 3134 3135
f 3007 3136 3008
f 3007 3135 3136
f 3008 3137 3009
f 3008 3136 3137
f 3009 3138 3010
f 3009 3137 3138
f 3010 3139 3011
f 3010 3138 3139
f 3011 3140 3012
f 3011 3139 3140
f 3012 3141 3013
f 3012 3140 3141
f 3013 3142 3014
f 3013 3141 3142
f 3014 3143 3015
f 3014 3142 3143
f 3015 3144 3016
f 3015 3143 3144
f 3016 3145 3017
f 3016 3144 3145
f 3017 3146 3018
f 3017 3145 3146
f 3018 3147 3019
f 3018 3146 3147
f 3019 3148 3020
f 3019 3147 3148
f 3020 3149 3021
f 3020 3148 3149
f 3021 3150 3022
f 3021 3149 3150
f 3022 3151 3023
f 3022 3150 3151
f 3023 3152 3024
f 3023 3151 3152
f 3024 3153 3025
f 3024 3152 3153
f 3025 3154 3026
f 3025 3153 3154
f 3026 3155 3027
f 3026 3154 3155
f 3027 3156 3028
f 3027 3155 3156
f 3028 3157 3029
f 3028 3156 3157
f 3029 3158 3030
f 3029 3157 3158
f 3030 3159 3031
f 3030 3158 3159
f 3031 3160 3032
f 3031 3159 3160
f 3032 3161 3033
f 3032 3160 3161
f 3033 3162 3034
f 3033 3161 3162
f 3034 3163 3035
f 3034 3162 3163
f 3035 3164 3036
f 3035 3163 3164
f 3036 3165 3037
f 3036 3164 3165
f 3037 3166 3038
f 3037 3165 3166
f 3038 3167 3039
f 3038 3166 3167
f 3039 3168 3040
f 3039 3167 3168
f 3040 3169 3041
f 3040 3168 3169
f 3041 3170 3042
f 3041 3169 3170
f 3042 3171 3043
f 3042 3170 3171
f 3043 3172 3044
f 3043 3171 3172
f 3044 3173 3045
f 3044 3172 3173
f 3045 3174 3046
f 3045 3173 3174
f 3046 3175 3047
f 3046 3174 3175
f 3047 3176 3048
f 3047 3175 3176
f 3048 3177 3049
f 3048 3176 3177
f 3049 3178 3050
f 3049 3177 3178
f 3050 3179 3051
f 3050 3178 3179
f 3051 3180 3052
f 3051 3179 3180
f 3052 3181 3053
f 3052 3180 3181
f 3053 3182 3054
f 3053 3181 3182
f 3054 3183 3055
f 3054 3182 3183
f 3055 3184 3056
f 3055 3183 3184
f 3056 3185 3057
f 3056 3184 3185
f 3057 3186 3058
f 3057 3185 3186
f 3058 3187 3059
f 3058 3186 3187
f 3059 3188 3060
f 3059 3187 3188
f 3060 3189 3061
f 3060 3188 3189
f 3061 3190 3062
f 3061 3189 3190
f 3062 3191 3063
f 3062 3190 3191
f 3063 3192 3064
f 3063 3191 3192
f 3064 3193 3065
f 3064 3192 3193
f 3065 3194 3066
f 3065 3193 3194
f 3066 3195 3067
f 3066 3194 3195
f 3067 3196 3068
f 3067 3195 3196
f 3068 3197 3069
f 3068 3196 3197
f 3069 3198 3070
f 3069 3197 3198
f 3070 3199 3071
f 3070 3198 3199
f 3071 3200 3072
f 3071 3199 3200
f 3072 3201 3073
f 3072 3200 3201
f 3073 3074 2946
f 3073 3201 3074
f 3074 3203 3075
f 3074 3202 3203
f 3075 3204 3076
f 3075 3203 3204
f 3076 3205 3077
f 3076 3204 3205
f 3077 3206 3078
f 3077 3205 3206
f 3078 3207 3079
f 3078 3206 3207
f 3079 3208 3080
f 3079 3207 3208
f 3080 3209 3081
f 3080 3208 3209
f 3081 3210 3082
f 3081 3209 3210
f 3082 3211 3083
f 3082 3210 3211
f 3083 3212 3084
f 3083 3211 3212
f 3084 3213 3085
f 3084 3212 3213
f 3085 3214 3086
f 3085 3213 3214
f 3086 3215 3087
f 3086 3214 3215
f 3087 3216 3088
f 3087 3215 3216
f 3088 3217 3089
f 3088 3216 3217
f 3089 3218 3090
f 3089 3217 3218
f 3090 3219 3091
f 3090 3218 3219
f 3091 3220 3092
f 3091 3219 3220
f 3092 3221 3093
f 3092 3220 3221
f 3093 3222 3094
f 3093 3221 3222
f 3094 3223 3095
f 3094 3222 3223
f 3095 3224 3096
f 3095 3223 3224
f 3096 3225 3097
f 3096 3224 3225
f 3097 3226 3098
f 3097 3225 3226
f 3098 3227 3099
f 3098 3226 3227
f 3099 3228 3100
f 3099 3227 3228
f 3100 3229 3101
f 3100 3228 3229
f 3101 3230 3102
f 3101 3229 3230
f 3102 3231 3103
f 3102 3230 3231
f 3103 3232 3104
f 3103 3231 3232
f 3104 3233 3105
f 3104 3232 3233
f 3105 3234 3106
f 3105 3233 3234
f 3106 3235 3107
f 3106 3234 3235
f 3107 3236 3108
f 3107 3235 3236
f 3108 3237 3109
f 3108 3236 3237
f 3109 3238 3110
f 3109 3237 3238
f 3110 3239 3111
f 3110 3238 3239
f 3111 3240 3112
f 3111 3239 3240
f 3112 3241 3113
f 3112 3240 3241
f 3113 3242 3114
f 3113 3241 3242
f 3114 3243 3115
f 3114 3242 3243
f 3115 3244 3116
f 3115 3243 3244
f 3116 3245 3117
f 3116 3244 3245
f 3117 3246 3118
f 3117 3245 3246
f 3118 3247 3119
f 3118 3246 3247
f 3119 3248 3120
f 3119 3247 3248
f 3120 3249 3121
f 3120 3248 3249
f 3121 3250 3122
f 3121 3249 3250
f 3122 3251 3123
f 3122 3250 3251
f 3123 3252 3124
f 3123 3251 3252
f 3124 3253 3125
f 3124 3252 3253
f 3125 3254 3126
f 3125 3253 3254
f 3126 3255 3127
f 3126 3254 3255
f 3127 3256 3128
f 3127 3255 3256
f 3128 3257 3129
f 3128 3256 3257
f 3129 3258 3130
f 3129 3257 3258
f 3130 3259 3131
f 3130 3258 3259
f 3131 3260 3132
f 3131 3259 3260
f 3132 3261 3133
f 3132 3260 3261
f 3133 3262 3134
f 3133 3261 3262
f 3134 3263 3135
f 3134 3262 3263
f 3135 3264 3136
f 3135 3263 3264
f 3136 3265 3137
f 3136 3264 3265
f 3137 3266 3138
f 3137 3265 3266
f 3138 3267 3139
f 3138 3266 3267
f 3139 3268 3140
f 3139 3267 3268
f 3140 3269 3141
f 3140 3268 3269
f 3141 3270 3142
f 3141 3269 3270
f 3142 3271 3143
f 3142 3270 3271
f 3143 3272 3144
f 3143 3271 3272
f 3144 3273 3145
f 3144 3272 3273
f 3145 3274 3146
f 3145 3273 3274
f 3146 3275 3147
f 3146 3274 3275
f 3147 3276 3148
f 3147 3275 3276
f 3148 3277 3149
f 3148 3276 3277
f 3149 3278 3150
f 3149 3277 3278
f 3150 3279 3151
f 3150 3278 3279
f 3151 3280 3152
f 3151 3279 3280
f 3152 3281 3153
f 3152 3280 3281
f 3153 3282 3154
f 3153 3281 3282
f 3154 3283 3155
f 3154 3282 3283
f 3155 3284 3156
f 3155 3283 3284
f 3156 3285 3157
f 3156 3284 3285
f 3157 3286 3158
f 3157 3285 3286
f 3158 3287 3159
f 3158 3286 3287
f 3159 3288 3160
f 3159 3287 3288
f 3160 3289 3161
f 3160 3288 3289
f 3161 3290 3162
f 3161 3289 3290
f 3162 3291 3163
f 3162 3290 3291
f 3163 3292 3164
f 3163 3291 3292
f 3164 3293 3165
f 3164 3292 3293
f 3165 3294 3166
f 3165 3293 3294
f 3166 3295 3167
f 3166 3294 3295
f 3167 3296 3168
f 3167 3295 3296
f 3168 3297 3169
f 3168 3296 3297
f 3169 3298 3170
f 3169 3297 3298
f 3170 3299 3171
f 3170 3298 3299
f 3171 3300 3172
f 3171 3299 3300
f 3172 3301 3173
f 3172 3300 3301
f 3173 3302 3174
f 3173 3301 3302
f 3174 3303 3175
f 3174 3302 3303
f 3175 3304 3176
f 3175 3303 3304
f 3176 3305 3177
f 3176 3304 3305
f 3177 3306 3178
f 3177 3305 3306
f 3178 3307 3179
f 3178 3306 3307
f 3179 3308 3180
f 3179 3307 3308
f 3180 3309 3181
f 3180 3308 3309
f 3181 3310 3182
f 3181 3309 3310
f 3182 3311 3183
f 3182 3310 3311
f 3183 3312 3184
f 3183 3311 3312
f 3184 3313 3185
f 3184 3312 3313
f 3185 3314 3186
f 3185 3313 3314
f 3186 3315 3187
f 3186 3314 3315
f 3187 3316 3188
f 3187 3315 3316
f 3188 3317 3189
f 3188 3316 3317
f 3189 3318 3190
f 3189 3317 3318
f 3190 3319 3191
f 3190 3318 3319
f 3191 3320 3192
f 3191 3319 3320
f 3192 3321 3193
f 3192 3320 3321
f 3193 3322 3194
f 3193 3321 3322
f 3194 3323 3195
f 3194 3322 3323
f 3195 3324 3196
f 3195 3323 3324
f 3196 3325 3197
f 3196 3324 3325
f 3197 3326 3198
f 3197 3325 3326
f 3198 3327 3199
f 3198 3326 3327
f 3199 3328 3200
f 3199 3327 3328
f 3200 3329 3201
f 3200 3328 3329
f 3201 3202 3074
f 3201 3329 3202
f 3202 3331 3203
f 3202 3330 3331
f 3203 3332 3204
f 3203 3331 3332
f 3204 3333 3205
f 3204 3332 3333
f 3205 3334 3206
f 3205 3333 3334
f 3206 3335 3207
f 3206 3334 3335
f 3207 3336 3208
f 3207 3335 3336
f 3208 3337 3209
f 3208 3336 3337
f 3209 3338 3210
f 3209 3337 3338
f 3210 3339 3211
f 3210 3338 3339
f 3211 3340 3212
f 3211 3339 3340
f 3212 3341 3213
f 3212 3340 3341
f 3213 3342 3214
f 3213 3341 3342
f 3214 3343 3215
f 3214 3342 3343
f 3215 3344 3216
f 3215 3343 3344
f 3216 3345 3217
f 3216 3344 3345
f 3217 3346 3218
f 3217 3345 3346
f 3218 3347 3219
f 3218 3346 3347
f 3219 3348 3220
f 3219 3347 3348
f 3220 3349 3221
f 3220 3348 3349
f 3221 3350 3222
f 3221 3349 3350
f 3222 3351 3223
f 3222 3350 3351
f 3223 3352 3224
f 3223 3351 3352
f 3224 3353 3225
f 3224 3352 3353
f 3225 3354 3226
f 3225 3353 3354
f 3226 3355 3227
f 3226 3354 3355
f 3227 3356 3228
f 3227 3355 3356
f 3228 3357 3229
f 3228 3356 3357
f 3229 3358 3230
f 3229 3357 3358
f 3230 3359 3231
f 3230 3358 3359
f 3231 3360 3232
f 3231 3359 3360
f 3232 3361 3233
f 3232 3360 3361
f 3233 3362 3234
f 3233 3361 3362
f 3234 3363 3235
f 3234 3362 3363
f 3235 3364 3236
f 3235 3363 3364
f 3236 3365 3237
f 3236 3364 3365
f 3237 3366 3238
f 3237 3365 3366
f 3238 3367 3239
f 3238 3366 3367
f 3239 3368 3240
f 3239 3367 3368
f 3240 3369 3241
f 3240 3368 3369
f 3241 3370 3242
f 3241 3369 3370
f 3242 3371 3243
f 3242 3370 3371
f 3243 3372 3244
f 3243 3371 3372
f 3244 3373 3245
f 3244 3372 3373
f 3245 3374 3246
f 3245 3373 3374
f 3246 3375 3247
f 3246 3374 3375
f 3247 3376 3248
f 3247 3375 3376
f 3248 3377 3249
f 3248 3376 3377
f 3249 3378 3250
f 3249 3377 3378
f 3250 3379 3251
f 3250 3378 3379
f 3251 3380 3252
f 3251 3379 3380
f 3252 3381 3253
f 3252 3380 3381
f 3253 3382 3254
f 3253 3381 3382
f 3254 3383 3255
f 3254 3382 3383
f 3255 3384 3256
f 3255 3383 3384
f 3256 3385 3257
f 3256 3384 3385
f 3257 3386 3258
f 3257 3385 3386
f 3258 3387 3259
f 3258 3386 3387
f 3259 3388 3260
f 3259 3387 3388
f 3260 3389 3261
f 3260 3388 3389
f 3261 3390 3262
f 3261 3389 3390
f 3262 3391 3263
f 3262 3390 3391
f 3263 3392 3264
f 3263 3391 3392
f 3264 3393 3265
f 3264 3392 3393
f 3265 3394 3266
f 3265 3393 3394
f 3266 3395 3267
f 3266 3394 3395
f 3267 3396 3268
f 3267 3395 3396
f 3268 3397 3269
f 3268 3396 3397
f 3269 3398 3270
f 3269 3397 3398
f 3270 3399 3271
f 3270 3398 3399
f 3271 3400 3272
f 3271 3399 3400
f 3272 3401 3273
f 3272 3400 3401
f 3273 3402 3274
f 3273 3401 3402
f 3274 3403 3275
f 3274 3402 3403
f 3275 3404 3276
f 3275 3403 3404
f 3276 3405 3277
f 3276 3404 3405
f 3277 3406 3278
f 3277 3405 3406
f 3278 3407 3279
f 3278 3406 3407
f 3279 3408 3280
f 3279 3407 3408
f 3280 3409 3281
f 3280 3408 3409
f 3281 3410 3282
f 3281 3409 3410
f 3282 3411 3283
f 3282 3410 3411
f 3283 3412 3284
f 3283 3411 3412
f 3284 3413 3285
f 3284 3412 3413
f 3285 3414 3286
f 3285 3413 3414
f 3286 3415 3287
f 3286 3414 3415
f 3287 3416 3288
f 3287 3415 3416
f 3288 3417 3289
f 3288 3416 3417
f 3289 3418 3290
f 3289 3417 3418
f 3290 3419 3291
f 3290 3418 3419
f 3291 3420 3292
f 3291 3419 3420
f 3292 3421 3293
f 3292 3420 3421
f 3293 3422 3294
f 3293 3421 3422
f 3294 3423 3295
f 3294 3422 3423
f 3295 3424 3296
f 3295 3423 3424
f 3296 3425 3297
f 3296 3424 3425
f 3297 3426 3298
f 3297 3425 3426
f 3298 3427 3299
f 3298 3426 3427
f 3299 3428 3300
f 3299 3427 3428
f 3300 3429 3301
f 3300 3428 3429
f 3301 3430 3302
f 3301 3429 3430
f 3302 3431 3303
f 3302 3430 3431
f 3303 3432 3304
f 3303 3431 3432
f 3304 3433 3305
f 3304 3432 3433
f 3305 3434 3306
f 3305 3433 3434
f 3306 3435 3307
f 3306 3434 3435
f 3307 3436 3308
f 3307 3435 3436
f 3308 3437 3309
f 3308 3436 3437
f 3309 3438 3310
f 3309 3437 3438
f 3310 3439 3311
f 3310 3438 3439
f 3311 3440 3312
f 3311 3439 3440
f 3312 3441 3313
f 3312 3440 3441
f 3313 3442 3314
f 3313 3441 3442
f 3314 3443 3315
f 3314 3442 3443
f 3315 3444 3316
f 3315 3443 3444
f 3316 3445 3317
f 3316 3444 3445
f 3317 3446 3318
f 3317 3445 3446
f 3318 3447 3319
f 3318 3446 3447
f 3319 3448 3320
f 3319 3447 3448
f 3320 3449 3321
f 3320 3448 3449
f 3321 3450 3322
f 3321 3449 3450
f 3322 3451 3323
f 3322 3450 3451
f 3323 3452 3324
f 3323 3451 3452
f 3324 3453 3325
f 3324 3452 3453
f 3325 3454 3326
f 3325 3453 3454
f 3326 3455 3327
f 3326 3454 3455
f 3327 3456 3328
f 3327 3455 3456
f 3328 3457 3329
f 3328 3456 3457
f 3329 3330 3202
f 3329 3457 3330
f 3330 3459 3331
f 3330 3458 3459
f 3331 3460 3332
f 3331 3459 3460
f 3332 3461 3333
f 3332 3460 3461
f 3333 3462 3334
f 3333 3461 3462
f 3334 3463 3335
f 3334 3462 3463
f 3335 3464 3336
f 3335 3463 3464
f 3336 3465 3337
f 3336 3464 3465
f 3337 3466 3338
f 3337 3465 3466
f 3338 3467 3339
f 3338 3466 3467
f 3339 3468 3340
f 3339 3467 3468
f 3340 3469 3341
f 3340 3468 3469
f 3341 3470 3342
f 3341 3469 3470
f 3342 3471 3343
f 3342 3470 3471
f 3343 3472 3344
f 3343 3471 3472
f 3344 3473 3345
f 3344 3472 3473
f 3345 3474 3346
f 3345 3473 3474
f 3346 3475 3347
f 3346 3474 3475
f 3347 3476 3348
f 3347 3475 3476
f 3348 3477 3349
f 3348 3476 3477
f 3349 3478 3350
f 3349 3477 3478
f 3350 3479 3351
f 3350 3478 3479
f 3351 3480 3352
f 3351 3479 3480
f 3352 3481 3353
f 3352 3480 3481
f 3353 3482 3354
f 3353 3481 3482
f 3354 3483 3355
f 3354 3482 3483
f 3355 3484 3356
f 3355 3483 3484
f 3356 3485 3357
f 3356 3484 3485
f 3357 3486 3358
f 3357 3485 3486
f 3358 3487 3359
f 3358 3486 3487
f 3359 3488 3360
f 3359 3487 3488
f 3360 3489 3361
f 3360 3488 3489
f 3361 3490 3362
f 3361 3489 3490
f 3362 3491 3363
f 3362 3490 3491
f 3363 3492 3364
f 3363 3491 3492
f 3364 3493 3365
f 3364 3492 3493
f 3365 3494 3366
f 3365 3493 3494
f 3366 3495 3367
f 3366 3494 3495
f 3367 3496 3368
f 3367 3495 3496
f 3368 3497 3369
f 3368 3496 3497
f 3369 3498 3370
f 3369 3497 3498
f 3370 3499 3371
f 3370 3498 3499
f 3371 3500 3372
f 3371 3499 3500
f 3372 3501 3373
f 3372 3500 3501
f 3373 3502 3374
f 3373 3501 3502
f 3374 3503 3375
f 3374 3502 3503
f 3375 3504 3376
f 3375 3503 3504
f 3376 3505 3377
f 3376 3504 3505
f 3377 3506 3378
f 3377 3505 3506
f 3378 3507 3379
f 3378 3506 3507
f 3379 3508 3380
f 3379 3507 3508
f 3380 3509 3381
f 3380 3508 3509
f 3381 3510 3382
f 3381 3509 3510
f 3382 3511 3383
f 3382 3510 3511
f 3383 3512 3384
f 3383 3511 3512
f 3384 3513 3385
f 3384 3512 3513
f 3385 3514 3386
f 3385 3513 3514
f 3386 3515 3387
f 3386 3514 3515
f 3387 3516 3388
f 3387 3515 3516
f 3388 3517 3389
f 3388 3516 3517
f 3389 3518 3390
f 3389 3517 3518
f 3390 3519 3391
f 3390 3518 3519
f 3391 3520 3392
f 3391 3519 3520
f 3392 3521 3393
f 3392 3520 3521
f 3393 3522 3394
f 3393 3521 3522
f 3394 3523 3395
f 3394 3522 3523
f 3395 3524 3396
f 3395 3523 3524
f 3396 3525 3397
f 3396 3524 3525
f 3397 3526 3398
f 3397 3525 3526
f 3398 3527 3399
f 3398 3526 3527
f 3399 3528 3400
f 3399 3527 3528
f 3400 3529 3401
f 3400 3528 3529
f 3401 3530 3402
f 3401 3529 3530
f 3402 3531 3403
f 3402 3530 3531
f 3403 3532 3404
f 3403 3531 3532
f 3404 3533 3405
f 3404 3532 3533
f 3405 3534 3406
f 3405 3533 3534
f 3406 3535 3407
f 3406 3534 3535
f 3407 3536 3408
f 3407 3535 3536
f 3408 3537 3409
f 3408 3536 3537
f 3409 3538 3410
f 3409 3537 3538
f 3410 3539 3411
f 3410 3538 3539
f 3411 3540 3412
f 3411 3539 3540
f 3412 3541 3413
f 3412 3540 3541
f 3413 3542 3414
f 3413 3541 3542
f 3414 3543 3415
f 3414 3542 3543
f 3415 3544 3416
f 3415 3543 3544
f 3416 3545 3417
f 3416 3544 3545
f 3417 3546 3418
f 3417 3545 3546
f 3418 3547 3419
f 3418 3546 3547
f 3419 3548 3420
f 3419 3547 3548
f 3420 3549 3421
f 3420 3548 3549
f 3421 3550 3422
f 3421 3549 3550
f 3422 3551 3423
f 3422 3550 3551
f 3423 3552 3424
f 3423 3551 3552
f 3424 3553 3425
f 3424 3552 3553
f 3425 3554 3426
f 3425 3553 3554
f 3426 3555 3427
f 3426 3554 3555
f 3427 3556 3428
f 3427 3555 3556
f 3428 3557 3429
f 3428 3556 3557
f 3429 3558 3430
f 3429 3557 3558
f 3430 3559 3431
f 3430 3558 3559
f 3431 3560 3432
f 3431 3559 3560
f 3432 3561 3433
f 3432 3560 3561
f 3433 3562 3434
f 3433 3561 3562
f 3434 3563 3435
f 3434 3562 3563
f 3435 3564 3436
f 3435 3563 3564
f 3436 3565 3437
f 3436 3564 3565
f 3437 3566 3438
f 3437 3565 3566
f 3438 3567 3439
f 3438 3566 3567
f 3439 3568 3440
f 3439 3567 3568
f 3440 3569 3441
f 3440 3568 3569
f 3441 3570 3442
f 3441 3569 3570
f 3442 3571 3443
f 3442 3570 3571
f 3443 3572 3444
f 3443 3571 3572
f 3444 3573 3445
f 3444 3572 3573
f 3445 3574 3446
f 3445 3573 3574
f 3446 3575 3447
f 3446 3574 3575
f 3447 3576 3448
f 3447 3575 3576
f 3448 3577 3449
f 3448 3576 3577
f 3449 3578 3450
f 3449 3577 3578
f 3450 3579 3451
f 3450 3578 3579
f 3451 3580 3452
f 3451 3579 3580
f 3452 3581 3453
f 3452 3580 3581
f 3453 3582 3454
f 3453 3581 3582
f 3454 3583 3455
f 3454 3582 3583
f 3455 3584 3456
f 3455 3583 3584
f 3456 3585 3457
f 3456 3584 3585
f 3457 3458 3330
f 3457 3585 3458
f 3458 3587 3459
f 3458 3586 3587
f 3459 3588 3460
f 3459 3587 3588
f 3460 3589 3461
f 3460 3588 3589
f 3461 3590 3462
f 3461 3589 3590
f 3462 3591 3463
f 3462 3590 3591
f 3463 3592 3464
f 3463 3591 3592
f 3464 3593 3465
f 3464 3592 3593
f 3465 3594 3466
f 3465 3593 3594
f 3466 3595 3467
f 3466 3594 3595
f 3467 3596 3468
f 3467 3595 3596
f 3468 3597 3469
f 3468 3596 3597
f 3469 3598 3470
f 3469 3597 3598
f 3470 3599 3471
f 3470 3598 3599
f 3471 3600 3472
f 3471 3599 3600
f 3472 3601 3473
f 3472 3600 3601
f 3473 3602 3474
f 3473 3601 3602
f 3474 3603 3475
f 3474 3602 3603
f 3475 3604 3476
f 3475 3603 3604
f 3476 3605 3477
f 3476 3604 3605
f 3477 3606 3478
f 3477 3605 3606
f 3478 3607 3479
f 3478 3606 3607
f 3479 3608 3480
f 3479 3607 3608
f 3480 3609 3481
f 3480 3608 3609
f 3481 3610 3482
f 3481 3609 3610
f 3482 3611 3483
f 3482 3610 3611
f 3483 3612 3484
f 3483 3611 3612
f 3484 3613 3485
f 3484 3612 3613
f 3485 3614 3486
f 3485 3613 3614
f 3486 3615 3487
f 3486 3614 3615
f 3487 3616 3488
f 3487 3615 3616
f 3488 3617 3489
f 3488 3616 3617
f 3489 3618 3490
f 3489 3617 3618
f 3490 3619 3491
f 3490 3618 3619
f 3491 3620 3492
f 3491 3619 3620
f 3492 3621 3493
f 3492 3620 3621
f 3493 3622 3494
f 3493 3621 3622
f 3494 3623 3495
f 3494 3622 3623
f 3495 3624 3496
f 3495 3623 3624
f 3496 3625 3497
f 3496 3624 3625
f 3497 3626 3498
f 3497 3625 3626
f 3498 3627 3499
f 3498 3626 3627
f 3499 3628 3500
f 3499 3627 3628
f 3500 3629 3501
f 3500 3628 3629
f 3501 3630 3502
f 3501 3629 3630
f 3502 3631 3503
f 3502 3630 3631
f 3503 3632 3504
f 3503 3631 3632
f 3504 3633 3505
f 3504 3632 3633
f 3505 3634 3506
f 3505 3633 3634
f 3506 3635 3507
f 3506 3634 3635
f 3507 3636 3508
f 3507 3635 3636
f 3508 3637 3509
f 3508 3636 3637
f 3509 3638 3510
f 3509 3637 3638
f 3510 3639 3511
f 3510 3638 3639
f 3511 3640 3512
f 3511 3639 3640
f 3512 3641 3513
f 3512 3640 3641
f 3513 3642 3514
f 3513 3641 3642
f 3514 3643 3515
f 3514 3642 3643
f 3515 3644 3516
f 3515 3643 3644
f 3516 3645 3517
f 3516 3644 3645
f 3517 3646 3518
f 3517 3645 3646
f 3518 3647 3519
f 3518 3646 3647
f 3519 3648 3520
f 3519 3647 3648
f 3520 3649 3521
f 3520 3648 3649
f 3521 3650 3522
f 3521 3649 3650
f 3522 3651 3523
f 3522 3650 3651
f 3523 3652 3524
f 3523 3651 3652
f 3524 3653 3525
f 3524 3652 3653
f 3525 3654 3526
f 3525 3653 3654
f 3526 3655 3527
f 3526 3654 3655
f 3527 3656 3528
f 3527 3655 3656
f 3528 3657 3529
f 3528 3656 3657
f 3529 3658 3530
f 3529 3657 3658
f 3530 3659 3531
f 3530 3658 3659
f 3531 3660 3532
f 3531 3659 3660
f 3532 3661 3533
f 3532 3660 3661
f 3533 3662 3534
f 3533 3661 3662
f 3534 3663 3535
f 3534 3662 3663
f 3535 3664 3536
f 3535 3663 3664
f 3536 3665 3537
f 3536 3664 3665
f 3537 3666 3538
f 3537 3665 3666
f 3538 3667 3539
f 3538 3666 3667
f 3539 3668 3540
f 3539 3667 3668
f 3540 3669 3541
f 3540 3668 3669
f 3541 3670 3542
f 3541 3669 3670
f 3542 3671 3543
f 3542 3670 3671
f 3543 3672 3544
f 3543 3671 3672
f 3544 3673 3545
f 3544 3672 3673
f 3545 3674 3546
f 3545 3673 3674
f 3546 3675 3547
f 3546 3674 3675
f 3547 3676 3548
f 3547 3675 3676
f 3548 3677 3549
f 3548 3676 3677
f 3549 3678 3550
f 3549 3677 3678
f 3550 3679 3551
f 3550 3678 3679
f 3551 3680 3552
f 3551 3679 3680
f 3552 3681 3553
f 3552 3680 3681
f 3553 3682 3554
f 3553 3681 3682
f 3554 3683 3555
f 3554 3682 3683
f 3555 3684 3556
f 3555 3683 3684
f 3556 3685 3557
f 3556 3684 3685
f 3557 3686 3558
f 3557 3685 3686
f 3558 3687 3559
f 3558 3686 3687
f 3559 3688 3560
f 3559 3687 3688
f 3560 3689 3561
f 3560 3688 3689
f 3561 3690 3562
f 3561 3689 3690
f 3562 3691 3563
f 3562 3690 3691
f 3563 3692 3564
f 3563 3691 3692
f 3564 3693 3565
f 3564 3692 3693
f 3565 3694 3566
f 3565 3693 3694
f 3566 3695 3567
f 3566 3694 3695
f 3567 3696 3568
f 3567 3695 3696
f 3568 3697 3569
f 3568 3696 3697
f 3569 3698 3570
f 3569 3697 3698
f 3570 3699 3571
f 3570 3698 3699
f 3571 3700 3572
f 3571 3699 3700
f 3572 3701 3573
f 3572 3700 3701
f 3573 3702 3574
f 3573 3701 3702
f 3574 3703 3575
f 3574 3702 3703
f 3575 3704 3576
f 3575 3703 3704
f 3576 3705 3577
f 3576 3704 3705
f 3577 3706 3578
f 3577 3705 3706
f 3578 3707 3579
f 3578 3706 3707
f 3579 3708 3580
f 3579 3707 3708
f 3580 3709 3581
f 3580 3708 3709
f 3581 3710 3582
f 3581 3709 3710
f 3582 3711 3583
f 3582 3710 3711
f 3583 3712 3584
f 3583 3711 3712
f 3584 3713 3585
f 3584 3712 3713
f 3585 3586 3458
f 3585 3713 3586
f 3586 3715 3587
f 3586 3714 3715
f 3587 3716 3588
f 3587 3715 3716
f 3588 3717 3589
f 3588 3716 3717
f 3589 3718 3590
f 3589 3717 3718
f 3590 3719 3591
f 3590 3718 3719
f 3591 3720 3592
f 3591 3719 3720
f 3592 3721 3593
f 3592 3720 3721
f 3593 3722 3594
f 3593 3721 3722
f 3594 3723 3595
f 3594 3722 3723
f 3595 3724 3596
f 3595 3723 3724
f 3596 3725 3597
f 3596 3724 3725
f 3597 3726 3598
f 3597 3725 3726
f 3598 3727 3599
f 3598 3726 3727
f 3599 3728 3600
f 3599 3727 3728
f 3600 3729 3601
f 3600 3728 3729
f 3601 3730 3602
f 3601 3729 3730
f 3602 3731 3603
f 3602 3730 3731
f 3603 3732 3604
f 3603 3731 3732
f 3604 3733 3605
f 3604 3732 3733
f 3605 3734 3606
f 3605 3733 3734
f 3606 3735 3607
f 3606 3734 3735
f 3607 3736 3608
f 3607 3735 3736
f 3608 3737 3609
f 3608 3736 3737
f 3609 3738 3610
f 3609 3737 3738
f 3610 3739 3611
f 3610 3738 3739
f 3611 3740 3612
f 3611 3739 3740
f 3612 3741 3613
f 3612 3740 3741
f 3613 3742 3614
f 3613 3741 3742
f 3614 3743 3615
f 3614 3742 3743
f 3615 3744 3616
f 3615 3743 3744
f 3616 3745 3617
f 3616 3744 3745
f 3617 3746 3618
f 3617 3745 3746
f 3618 3747 3619
f 3618 3746 3747
f 3619 3748 3620
f 3619 3747 3748
f 3620 3749 3621
f 3620 3748 3749
f 3621 3750 3622
f 3621 3749 3750
f 3622 3751 3623
f 3622 3750 3751
f 3623 3752 3624
f 3623 3751 3752
f 3624 3753 3625
f 3624 3752 3753
f 3625 3754 3626
f 3625 3753 3754
f 3626 3755 3627
f 3626 3754 3755
f 3627 3756 3628
f 3627 3755 3756
f 3628 3757 3629
f 3628 3756 3757
f 3629 3758 3630
f 3629 3757 3758
f 3630 3759 3631
f 3630 3758 3759
f 3631 3760 3632
f 3631 3759 3760
f 3632 3761 3633
f 3632 3760 3761
f 3633 3762 3634
f 3633 3761 3762
f 3634 3763 3635
f 3634 3762 3763
f 3635 3764 3636
f 3635 3763 3764
f 3636 3765 3637
f 3636 3764 3765
f 3637 3766 3638
f 3637 3765 3766
f 3638 3767 3639
f 3638 3766 3767
f 3639 3768 3640
f 3639 3767 3768
f 3640 3769 3641
f 3640 3768 3769
f 3641 3770 3642
f 3641 3769 3770
f 3642 3771 3643
f 3642 3770 3771
f 3643 3772 3644
f 3643 3771 3772
f 3644 3773 3645
f 3644 3772 3773
f 3645 3774 3646
f 3645 3773 3774
f 3646 3775 3647
f 3646 3774 3775
f 3647 3776 3648
f 3647 3775 3776
f 3648 3777 3649
f 3648 3776 3777
f 3649 3778 3650
f 3649 3777 3778
f 3650 3779 3651
f 3650 3778 3779
f 3651 3780 3652
f 3651 3779 3780
f 3652 3781 3653
f 3652 3780 3781
f 3653 3782 3654
f 3653 3781 3782
f 3654 3783 3655
f 3654 3782 3783
f 3655 3784 3656
f 3655 3783 3784
f 3656 3785 3657
f 3656 3784 3785
f 3657 3786 3658
f 3657 3785 3786
f 3658 3787 3659
f 3658 3786 3787
f 3659 3788 3660
f 3659 3787 3788
f 3660 3789 3661
f 3660 3788 3789
f 3661 3790 3662
f 3661 3789 3790
f 3662 3791 3663
f 3662 3790 3791
f 3663 3792 3664
f 3663 3791 3792
f 3664 3793 3665
f 3664 3792 3793
f 3665 3794 3666
f 3665 3793 3794
f 3666 3795 3667
f 3666 3794 3795
f 3667 3796 3668
f 3667 3795 3796
f 3668 3797 3669
f 3668 3796 3797
f 3669 3798 3670
f 3669 3797 3798
f 3670 3799 3671
f 3670 3798 3799
f 3671 3800 3672
f 3671 3799 3800
f 3672 3801 3673
f 3672 3800 3801
f 3673 3802 3674
f 3673 3801 3802
f 3674 3803 3675
f 3674 3802 3803
f 3675 3804 3676
f 3675 3803 3804
f 3676 3805 3677
f 3676 3804 3805
f 3677 3806 3678
f 3677 3805 3806
f 3678 3807 3679
f 3678 3806 3807
f 3679 3808 3680
f 3679 3807 3808
f 3680 3809 3681
f 3680 3808 3809
f 3681 3810 3682
f 3681 3809 3810
f 3682 3811 3683
f 3682 3810 3811
f 3683 3812 3684
f 3683 3811 3812
f 3684 3813 3685
f 3684 3812 3813
f 3685 3814 3686
f 3685 3813 3814
f 3686 3815 3687
f 3686 3814 3815
f 3687 3816 3688
f 3687 3815 3816
f 3688 3817 3689
f 3688 3816 3817
f 3689 3818 3690
f 3689 3817 3818
f 3690 3819 3691
f 3690 3818 3819
f 3691 3820 3692
f 3691 3819 3820
f 3692 3821 3693
f 3692 3820 3821
f 3693 3822 3694
f 3693 3821 3822
f 3694 3823 3695
f 3694 3822 3823
f 3695 3824 3696
f 3695 3823 3824
f 3696 3825 3697
f 3696 3824 3825
f 3697 3826 3698
f 3697 3825 3826
f 3698 3827 3699
f 3698 3826 3827
f 3699 3828 3700
f 3699 3827 3828
f 3700 3829 3701
f 3700 3828 3829
f 3701 3830 3702
f 3701 3829 3830
f 3702 3831 3703
f 3702 3830 3831
f 3703 3832 3704
f 3703 3831 3832
f 3704 3833 3705
f 3704 3832 3833
f 3705 3834 3706
f 3705 3833 3834
f 3706 3835 3707
f 3706 3834 3835
f 3707 3836 3708
f 3707 3835 3836
f 3708 3837 3709
f 3708 3836 3837
f 3709 3838 3710
f 3709 3837 3838
f 3710 3839 3711
f 3710 3838 3839
f 3711 3840 3712
f 3711 3839 3840
f 3712 3841 3713
f 3712 3840 3841
f 3713 3714 3586
f 3713 3841 3714
f 3714 3843 3715
f 3714 3842 3843
f 3715 3844 3716
f 3715 3843 3844
f 3716 3845 3717
f 3716 3844 3845
f 3717 3846 3718
f 3717 3845 3846
f 3718 3847 3719
f 3718 3846 3847
f 3719 3848 3720
f 3719 3847 3848
f 3720 3849 3721
f 3720 3848 3849
f 3721 3850 3722
f 3721 3849 3850
f 3722 3851 3723
f 3722 3850 3851
f 3723 3852 3724
f 3723 3851 3852
f 3724 3853 3725
f 3724 3852 3853
f 3725 3854 3726
f 3725 3853 3854
f 3726 3855 3727
f 3726 3854 3855
f 3727 3856 3728
f 3727 3855 3856
f 3728 3857 3729
f 3728 3856 3857
f 3729 3858 3730
f 3729 3857 3858
f 3730 3859 3731
f 3730 3858 3859
f 3731 3860 3732
f 3731 3859 3860
f 3732 3861 3733
f 3732 3860 3861
f 3733 3862 3734
f 3733 3861 3862
f 3734 3863 3735
f 3734 3862 3863
f 3735 3864 3736
f 3735 3863 3864
f 3736 3865 3737
f 3736 3864 3865
f 3737 3866 3738
f 3737 3865 3866
f 3738 3867 3739
f 3738 3866 3867
f 3739 3868 3740
f 3739 3867 3868
f 3740 3869 3741
f 3740 3868 3869
f 3741 3870 3742
f 3741 3869 3870
f 3742 3871 3743
f 3742 3870 3871
f 3743 3872 3744
f 3743 3871 3872
f 3744 3873 3745
f 3744 3872 3873
f 3745 3874 3746
f 3745 3873 3874
f 3746 3875 3747
f 3746 3874 3875
f 3747 3876 3748
f 3747 3875 3876
f 3748 3877 3749
f 3748 3876 3877
f 3749 3878 3750
f 3749 3877 3878
f 3750 3879 3751
f 3750 3878 3879
f 3751 3880 3752
f 3751 3879 3880
f 3752 3881 3753
f 3752 3880 3881
f 3753 3882 3754
f 3753 3881 3882
f 3754 3883 3755
f 3754 3882 3883
f 3755 3884 3756
f 3755 3883 3884
f 3756 3885 3757
f 3756 3884 3885
f 3757 3886 3758
f 3757 3885 3886
f 3758 3887 3759
f 3758 3886 3887
f 3759 3888 3760
f 3759 3887 3888
f 3760 3889 3761
f 3760 3888 3889
f 3761 3890 3762
f 3761 3889 3890
f 3762 3891 3763
f 3762 3890 3891
f 3763 3892 3764
f 3763 3891 3892
f 3764 3893 3765
f 3764 3892 3893
f 3765 3894 3766
f 3765 3893 3894
f 3766 3895 3767
f 3766 3894 3895
f 3767 3896 3768
f 3767 3895 3896
f 3768 3897 3769
f 3768 3896 3897
f 3769 3898 3770
f 3769 3897 3898
f 3770 3899 3771
f 3770 3898 3899
f 3771 3900 3772
f 3771 3899 3900
f 3772 3901 3773
f 3772 3900 3901
f 3773 3902 3774
f 3773 3901 3902
f 3774 3903 3775
f 3774 3902 3903
f 3775 3904 3776
f 3775 3903 3904
f 3776 3905 3777
f 3776 3904 3905
f 3777 3906 3778
f 3777 3905 3906
f 3778 3907 3779
f 3778 3906 3907
f 3779 3908 3780
f 3779 3907 3908
f 3780 3909 3781
f 3780 3908 3909
f 3781 3910 3782
f 3781 3909 3910
f 3782 3911 3783
f 3782 3910 3911
f 3783 3912 3784
f 3783 3911 3912
f 3784 3913 3785
f 3784 3912 3913
f 3785 3914 3786
f 3785 3913 3914
f 3786 3915 3787
f 3786 3914 3915
f 3787 3916 3788
f 3787 3915 3916
f 3788 3917 3789
f 3788 3916 3917
f 3789 3918 3790
f 3789 3917 3918
f 3790 3919 3791
f 3790 3918 3919
f 3791 3920 3792
f 3791 3919 3920
f 3792 3921 3793
f 3792 3920 3921
f 3793 3922 3794
f 3793 3921 3922
f 3794 3923 3795
f 3794 3922 3923
f 3795 3924 3796
f 3795 3923 3924
f 3796 3925 3797
f 3796 3924 3925
f 3797 3926 3798
f 3797 3925 3926
f 3798 3927 3799
f 3798 3926 3927
f 3799 3928 3800
f 3799 3927 3928
f 3800 3929 3801
f 3800 3928 3929
f 3801 3930 3802
f 3801 3929 3930
f 3802 3931 3803
f 3802 3930 3931
f 3803 3932 3804
f 3803 3931 3932
f 3804 3933 3805
f 3804 3932 3933
f 3805 3934 3806
f 3805 3933 3934
f 3806 3935 3807
f 3806 3934 3935
f 3807 3936 3808
f 3807 3935 3936
f 3808 3937 3809
f 3808 3936 3937
f 3809 3938 3810
f 3809 3937 3938
f 3810 3939 3811
f 3810 3938 3939
f 3811 3940 3812
f 3811 3939 3940
f 3812 3941 3813
f 3812 3940 3941
f 3813 3942 3814
f 3813 3941 3942
f 3814 3943 3815
f 3814 3942 3943
f 3815 3944 3816
f 3815 3943 3944
f 3816 3945 3817
f 3816 3944 3945
f 3817 3946 3818
f 3817 3945 3946
f 3818 3947 3819
f 3818 3946 3947
f 3819 3948 3820
f 3819 3947 3948
f 3820 3949 3821
f 3820 3948 3949
f 3821 3950 3822
f 3821 3949 3950
f 3822 3951 3823
f 3822 3950 3951
f 3823 3952 3824
f 3823 3951 3952
f 3824 3953 3825
f 3824 3952 3953
f 3825 3954 3826
f 3825 3953 3954
f 3826 3955 3827
f 3826 3954 3955
f 3827 3956 3828
f 3827 3955 3956
f 3828 3957 3829
f 3828 3956 3957
f 3829 3958 3830
f 3829 3957 3958
f 3830 3959 3831
f 3830 3958 3959
f 3831 3960 3832
f 3831 3959 3960
f 3832 3961 3833
f 3832 3960 3961
f 3833 3962 3834
f 3833 3961 3962
f 3834 3963 3835
f 3834 3962 3963
f 3835 3964 3836
f 3835 3963 3964
f 3836 3965 3837
f 3836 3964 3965
f 3837 3966 3838
f 3837 3965 3966
f 3838 3967 3839
f 3838 3966 3967
f 3839 3968 3840
f 3839 3967 3968
f 3840 3969 3841
f 3840 3968 3969
f 3841 3842 3714
f 3841 3969 3842
f 3842 3971 3843
f 3842 3970 3971
f 3843 3972 3844
f 3843 3971 3972
f 3844 3973 3845
f 3844 3972 3973
f 3845 3974 3846
f 3845 3973 3974
f 3846 3975 3847
f 3846 3974 3975
f 3847 3976 3848
f 3847 3975 3976
f 3848 3977 3849
f 3848 3976 3977
f 3849 3978 3850
f 3849 3977 3978
f 3850 3979 3851
f 3850 3978 3979
f 3851 3980 3852
f 3851 3979 3980
f 3852 3981 3853
f 3852 3980 3981
f 3853 3982 3854
f 3853 3981 3982
f 3854 3983 3855
f 3854 3982 3983
f 3855 3984 3856
f 3855 3983 3984
f 3856 3985 3857
f 3856 3984 3985
f 3857 3986 3858
f 3857 3985 3986
f 3858 3987 3859
f 3858 3986 3987
f 3859 3988 3860
f 3859 3987 3988
f 3860 3989 3861
f 3860 3988 3989
f 3861 3990 3862
f 3861 3989 3990
f 3862 3991 3863
f 3862 3990 3991
f 3863 3992 3864
f 3863 3991 3992
f 3864 3993 3865
f 3864 3992 3993
f 3865 3994 3866
f 3865 3993 3994
f 3866 3995 3867
f 3866 3994 3995
f 3867 3996 3868
f 3867 3995 3996
f 3868 3997 3869
f 3868 3996 3997
f 3869 3998 3870
f 3869 3997 3998
f 3870 3999 3871
f 3870 3998 3999
f 3871 4000 3872
f 3871 3999 4000
f 3872 4001 3873
f 3872 4000 4001
f 3873 4002 3874
f 3873 4001 4002
f 3874 4003 3875
f 3874 4002 4003
f 3875 4004 3876
f 3875 4003 4004
f 3876 4005 3877
f 3876 4004 4005
f 3877 4006 3878
f 3877 4005 4006
f 3878 4007 3879
f 3878 4006 4007
f 3879 4008 3880
f 3879 4007 4008
f 3880 4009 3881
f 3880 4008 4009
f 3881 4010 3882
f 3881 4009 4010
f 3882 4011 3883
f 3882 4010 4011
f 3883 4012 3884
f 3883 4011 4012
f 3884 4013 3885
f 3884 4012 4013
f 3885 4014 3886
f 3885 4013 4014
f 3886 4015 3887
f 3886 4014 4015
f 3887 4016 3888
f 3887 4015 4016
f 3888 4017 3889
f 3888 4016 4017
f 3889 4018 3890
f 3889 4017 4018
f 3890 4019 3891
f 3890 4018 4019
f 3891 4020 3892
f 3891 4019 4020
f 3892 4021 3893
f 3892 4020 4021
f 3893 4022 3894
f 3893 4021 4022
f 3894 4023 3895
f 3894 4022 4023
f 3895 4024 3896
f 3895 4023 4024
f 3896 4025 3897
f 3896 4024 4025
f 3897 4026 3898
f 3897 4025 4026
f 3898 4027 3899
f 3898 4026 4027
f 3899 4028 3900
f 3899 4027 4028
f 3900 4029 3901
f 3900 4028 4029
f 3901 4030 3902
f 3901 4029 4030
f 3902 4031 3903
f 3902 4030 4031
f 3903 4032 3904
f 3903 4031 4032
f 3904 4033 3905
f 3904 4032 4033
f 3905 4034 3906
f 3905 4033 4034
f 3906 4035 3907
f 3906 4034 4035
f 3907 4036 3908
f 3907 4035 4036
f 3908 4037 3909
f 3908 4036 4037
f 3909 4038 3910
f 3909 4037 4038
f 3910 4039 3911
f 3910 4038 4039
f 3911 4040 3912
f 3911 4039 4040
f 3912 4041 3913
f 3912 4040 4041
f 3913 4042 3914
f 3913 4041 4042
f 3914 4043 3915
f 3914 4042 4043
f 3915 4044 3916
f 3915 4043 4044
f 3916 4045 3917
f 3916 4044 4045
f 3917 4046 3918
f 3917 4045 4046
f 3918 4047 3919
f 3918 4046 4047
f 3919 4048 3920
f 3919 4047 4048
f 3920 4049 3921
f 3920 4048 4049
f 3921 4050 3922
f 3921 4049 4050
f 3922 4051 3923
f 3922 4050 4051
f 3923 4052 3924
f 3923 4051 4052
f 3924 4053 3925
f 3924 4052 4053
f 3925 4054 3926
f 3925 4053 4054
f 3926 4055 3927
f 3926 4054 4055
f 3927 4056 3928
f 3927 4055 4056
f 3928 4057 3929
f 3928 4056 4057
f 3929 4058 3930
f 3929 4057 4058
f 3930 4059 3931
f 3930 4058 4059
f 3931 4060 3932
f 3931 4059 4060
f 3932 4061 3933
f 3932 4060 4061
f 3933 4062 3934
f 3933 4061 4062
f 3934 4063 3935
f 3934 4062 4063
f 3935 4064 3936
f 3935 4063 4064
f 3936 4065 3937
f 3936 4064 4065
f 3937 4066 3938
f 3937 4065 4066
f 3938 4067 3939
f 3938 4066 4067
f 3939 4068 3940
f 3939 4067 4068
f 3940 4069 3941
f 3940 4068 4069
f 3941 4070 3942
f 3941 4069 4070
f 3942 4071 3943
f 3942 4070 4071
f 3943 4072 3944
f 3943 4071 4072
f 3944 4073 3945
f 3944 4072 4073
f 3945 4074 3946
f 3945 4073 4074
f 3946 4075 3947
f 3946 4074 4075
f 3947 4076 3948
f 3947 4075 4076
f 3948 4077 3949
f 3948 4076 4077
f 3949 4078 3950
f 3949 4077 4078
f 3950 4079 3951
f 3950 4078 4079
f 3951 4080 3952
f 3951 4079 4080
f 3952 4081 3953
f 3952 4080 4081
f 3953 4082 3954
f 3953 4081 4082
f 3954 4083 3955
f 3954 4082 4083
f 3955 4084 3956
f 3955 4083 4084
f 3956 4085 3957
f 3956 4084 4085
f 3957 4086 3958
f 3957 4085 4086
f 3958 4087 3959
f 3958 4086 4087
f 3959 4088 3960
f 3959 4087 4088
f 3960 4089 3961
f 3960 4088 4089
f 3961 4090 3962
f 3961 4089 4090
f 3962 4091 3963
f 3962 4090 4091
f 3963 4092 3964
f 3963 4091 4092
f 3964 4093 3965
f 3964 4092 4093
f 3965 4094 3966
f 3965 4093 4094
f 3966 4095 3967
f 3966 4094 4095
f 3967 4096 3968
f 3967 4095 4096
f 3968 4097 3969
f 3968 4096 4097
f 3969 3970 3842
f 3969 4097 3970
f 3970 4099 3971
f 3970 4098 4099
f 3971 4100 3972
f 3971 4099 4100
f 3972 4101 3973
f 3972 4100 4101
f 3973 4102 3974
f 3973 4101 4102
f 3974 4103 3975
f 3974 4102 4103
f 3975 4104 3976
f 3975 4103 4104
f 3976 4105 3977
f 3976 4104 4105
f 3977 4106 3978
f 3977 4105 4106
f 3978 4107 3979
f 3978 4106 4107
f 3979 4108 3980
f 3979 4107 4108
f 3980 4109 3981
f 3980 4108 4109
f 3981 4110 3982
f 3981 4109 4110
f 3982 4111 3983
f 3982 4110 4111
f 3983 4112 3984
f 3983 4111 4112
f 3984 4113 3985
f 3984 4112 4113
f 3985 4114 3986
f 3985 4113 4114
f 3986 4115 3987
f 3986 4114 4115
f 3987 4116 3988
f 3987 4115 4116
f 3988 4117 3989
f 3988 4116 4117
f 3989 4118 3990
f 3989 4117 4118
f 3990 4119 3991
f 3990 4118 4119
f 3991 4120 3992
f 3991 4119 4120
f 3992 4121 3993
f 3992 4120 4121
f 3993 4122 3994
f 3993 4121 4122
f 3994 4123 3995
f 3994 4122 4123
f 3995 4124 3996
f 3995 4123 4124
f 3996 4125 3997
f 3996 4124 4125
f 3997 4126 3998
f 3997 4125 4126
f 3998 4127 3999
f 3998 4126 4127
f 3999 4128 4000
f 3999 4127 4128
f 4000 4129 4001
f 4000 4128 4129
f 4001 4130 4002
f 4001 4129 4130
f 4002 4131 4003
f 4002 4130 4131
f 4003 4132 4004
f 4003 4131 4132
f 4004 4133 4005
f 4004 4132 4133
f 4005 4134 4006
f 4005 4133 4134
f 4006 4135 4007
f 4006 4134 4135
f 4007 4136 4008
f 4007 4135 4136
f 4008 4137 4009
f 4008 4136 4137
f 4009 4138 4010
f 4009 4137 4138
f 4010 4139 4011
f 4010 4138 4139
f 4011 4140 4012
f 4011 4139 4140
f 4012 4141 4013
f 4012 4140 4141
f 4013 4142 4014
f 4013 4141 4142
f 4014 4143 4015
f 4014 4142 4143
f 4015 4144 4016
f 4015 4143 4144
f 4016 4145 4017
f 4016 4144 4145
f 4017 4146 4018
f 4017 4145 4146
f 4018 4147 4019
f 4018 4146 4147
f 4019 4148 4020
f 4019 4147 4148
f 4020 4149 4021
f 4020 4148 4149
f 4021 4150 4022
f 4021 4149 4150
f 4022 4151 4023
f 4022 4150 4151
f 4023 4152 4024
f 4023 4151 4152
f 4024 4153 4025
f 4024 4152 4153
f 4025 4154 4026
f 4025 4153 4154
f 4026 4155 4027
f 4026 4154 4155
f 4027 4156 4028
f 4027 4155 4156
f 4028 4157 4029
f 4028 4156 4157
f 4029 4158 4030
f 4029 4157 4158
f 4030 4159 4031
f 4030 4158 4159
f 4031 4160 4032
f 4031 4159 4160
f 4032 4161 4033
f 4032 4160 4161
f 4033 4162 4034
f 4033 4161 4162
f 4034 4163 4035
f 4034 4162 4163
f 4035 4164 4036
f 4035 4163 4164
f 4036 4165 4037
f 4036 4164 4165
f 4037 4166 4038
f 4037 4165 4166
f 4038 4167 4039
f 4038 4166 4167
f 4039 4168 4040
f 4039 4167 4168
f 4040 4169 4041
f 4040 4168 4169
f 4041 4170 4042
f 4041 4169 4170
f 4042 4171 4043
f 4042 4170 4171
f 4043 4172 4044
f 4043 4171 4172
f 4044 4173 4045
f 4044 4172 4173
f 4045 4174 4046
f 4045 4173 4174
f 4046 4175 4047
f 4046 4174 4175
f 4047 4176 4048
f 4047 4175 4176
f 4048 4177 4049
f 4048 4176 4177
f 4049 4178 4050
f 4049 4177 4178
f 4050 4179 4051
f 4050 4178 4179
f 4051 4180 4052
f 4051 4179 4180
f 4052 4181 4053
f 4052 4180 4181
f 4053 4182 4054
f 4053 4181 4182
f 4054 4183 4055
f 4054 4182 4183
f 4055 4184 4056
f 4055 4183 4184
f 4056 4185 4057
f 4056 4184 4185
f 4057 4186 4058
f 4057 4185 4186
f 4058 4187 4059
f 4058 4186 4187
f 4059 4188 4060
f 4059 4187 4188
f 4060 4189 4061
f 4060 4188 4189
f 4061 4190 4062
f 4061 4189 4190
f 4062 4191 4063
f 4062 4190 4191
f 4063 4192 4064
f 4063 4191 4192
f 4064 4193 4065
f 4064 4192 4193
f 4065 4194 4066
f 4065 4193 4194
f 4066 4195 4067
f 4066 4194 4195
f 4067 4196 4068
f 4067 4195 4196
f 4068 4197 4069
f 4068 4196 4197
f 4069 4198 4070
f 4069 4197 4198
f 4070 4199 4071
f 4070 4198 4199
f 4071 4200 4072
f 4071 4199 4200
f 4072 4201 4073
f 4072 4200 4201
f 4073 4202 4074
f 4073 4201 4202
f 4074 4203 4075
f 4074 4202 4203
f 4075 4204 4076
f 4075 4203 4204
f 4076 4205 4077
f 4076 4204 4205
f 4077 4206 4078
f 4077 4205 4206
f 4078 4207 4079
f 4078 4206 4207
f 4079 4208 4080
f 4079 4207 4208
f 4080 4209 4081
f 4080 4208 4209
f 4081 4210 4082
f 4081 4209 4210
f 4082 4211 4083
f 4082 4210 4211
f 4083 4212 4084
f 4083 4211 4212
f 4084 4213 4085
f 4084 4212 4213
f 4085 4214 4086
f 4085 4213 4214
f 4086 4215 4087
f 4086 4214 4215
f 4087 4216 4088
f 4087 4215 4216
f 4088 4217 4089
f 4088 4216 4217
f 4089 4218 4090
f 4089 4217 4218
f 4090 4219 4091
f 4090 4218 4219
f 4091 4220 4092
f 4091 4219 4220
f 4092 4221 4093
f 4092 4220 4221
f 4093 4222 4094
f 4093 4221 4222
f 4094 4223 4095
f 4094 4222 4223
f 4095 4224 4096
f 4095 4223 4224
f 4096 4225 4097
f 4096 4224 4225
f 4097 4098 3970
f 4097 4225 4098
f 4098 4227 4099
f 4098 4226 4227
f 4099 4228 4100
f 4099 4227 4228
f 4100 4229 4101
f 4100 4228 4229
f 4101 4230 4102
f 4101 4229 4230
f 4102 4231 4103
f 4102 4230 4231
f 4103 4232 4104
f 4103 4231 4232
f 4104 4233 4105
f 4104 4232 4233
f 4105 4234 4106
f 4105 4233 4234
f 4106 4235 4107
f 4106 4234 4235
f 4107 4236 4108
f 4107 4235 4236
f 4108 4237 4109
f 4108 4236 4237
f 4109 4238 4110
f 4109 4237 4238
f 4110 4239 4111
f 4110 4238 4239
f 4111 4240 4112
f 4111 4239 4240
f 4112 4241 4113
f 4112 4240 4241
f 4113 4242 4114
f 4113 4241 4242
f 4114 4243 4115
f 4114 4242 4243
f 4115 4244 4116
f 4115 4243 4244
f 4116 4245 4117
f 4116 4244 4245
f 4117 4246 4118
f 4117 4245 4246
f 4118 4247 4119
f 4118 4246 4247
f 4119 4248 4120
f 4119 4247 4248
f 4120 4249 4121
f 4120 4248 4249
f 4121 4250 4122
f 4121 4249 4250
f 4122 4251 4123
f 4122 4250 4251
f 4123 4252 4124
f 4123 4251 4252
f 4124 4253 4125
f 4124 4252 4253
f 4125 4254 4126
f 4125 4253 4254
f 4126 4255 4127
f 4126 4254 4255
f 4127 4256 4128
f 4127 4255 4256
f 4128 4257 4129
f 4128 4256 4257
f 4129 4258 4130
f 4129 4257 4258
f 4130 4259 4131
f 4130 4258 4259
f 4131 4260 4132
f 4131 4259 4260
f 4132 4261 4133
f 4132 4260 4261
f 4133 4262 4134
f 4133 4261 4262
f 4134 4263 4135
f 4134 4262 4263
f 4135 4264 4136
f 4135 4263 4264
f 4136 4265 4137
f 4136 4264 4265
f 4137 4266 4138
f 4137 4265 4266
f 4138 4267 4139
f 4138 4266 4267
f 4139 4268 4140
f 4139 4267 4268
f 4140 4269 4141
f 4140 4268 4269
f 4141 4270 4142
f 4141 4269 4270
f 4142 4271 4143
f 4142 4270 4271
f 4143 4272 4144
f 4143 4271 4272
f 4144 4273 4145
f 4144 4272 4273
f 4145 4274 4146
f 4145 4273 4274
f 4146 4275 4147
f 4146 4274 4275
f 4147 4276 4148
f 4147 4275 4276
f 4148 4277 4149
f 4148 4276 4277
f 4149 4278 4150
f 4149 4277 4278
f 4150 4279 4151
f 4150 4278 4279
f 4151 4280 4152
f 4151 4279 4280
f 4152 4281 4153
f 4152 4280 4281
f 4153 4282 4154
f 4153 4281 4282
f 4154 4283 4155
f 4154 4282 4283
f 4155 4284 4156
f 4155 4283 4284
f 4156 4285 4157
f 4156 4284 4285
f 4157 4286 4158
f 4157 4285 4286
f 4158 4287 4159
f 4158 4286 4287
f 4159 4288 4160
f 4159 4287 4288
f 4160 4289 4161
f 4160 4288 4289
f 4161 4290 4162
f 4161 4289 4290
f 4162 4291 4163
f 4162 4290 4291
f 4163 4292 4164
f 4163 4291 4292
f 4164 4293 4165
f 4164 4292 4293
f 4165 4294 4166
f 4165 4293 4294
f 4166 4295 4167
f 4166 4294 4295
f 4167 4296 4168
f 4167 4295 4296
f 4168 4297 4169
f 4168 4296 4297
f 4169 4298 4170
f 4169 4297 4298
f 4170 4299 4171
f 4170 4298 4299
f 4171 4300 4172
f 4171 4299 4300
f 4172 4301 4173
f 4172 4300 4301
f 4173 4302 4174
f 4173 4301 4302
f 4174 4303 4175
f 4174 4302 4303
f 4175 4304 4176
f 4175 4303 4304
f 4176 4305 4177
f 4176 4304 4305
f 4177 4306 4178
f 4177 4305 4306
f 4178 4307 4179
f 4178 4306 4307
f 4179 4308 4180
f 4179 4307 4308
f 4180 4309 4181
f 4180 4308 4309
f 4181 4310 4182
f 4181 4309 4310
f 4182 4311 4183
f 4182 4310 4311
f 4183 4312 4184
f 4183 4311 4312
f 4184 4313 4185
f 4184 4312 4313
f 4185 4314 4186
f 4185 4313 4314
f 4186 4315 4187
f 4186 4314 4315
f 4187 4316 4188
f 4187 4315 4316
f 4188 4317 4189
f 4188 4316 4317
f 4189 4318 4190
f 4189 4317 4318
f 4190 4319 4191
f 4190 4318 4319
f 4191 4320 4192
f 4191 4319 4320
f 4192 4321 4193
f 4192 4320 4321
f 4193 4322 4194
f 4193 4321 4322
f 4194 4323 4195
f 4194 4322 4323
f 4195 4324 4196
f 4195 4323 4324
f 4196 4325 4197
f 4196 4324 4325
f 4197 4326 4198
f 4197 4325 4326
f 4198 4327 4199
f 4198 4326 4327
f 4199 4328 4200
f 4199 4327 4328
f 4200 4329 4201
f 4200 4328 4329
f 4201 4330 4202
f 4201 4329 4330
f 4202 4331 4203
f 4202 4330 4331
f 4203 4332 4204
f 4203 4331 4332
f 4204 4333 4205
f 4204 4332 4333
f 4205 4334 4206
f 4205 4333 4334
f 4206 4335 4207
f 4206 4334 4335
f 4207 4336 4208
f 4207 4335 4336
f 4208 4337 4209
f 4208 4336 4337
f 4209 4338 4210
f 4209 4337 4338
f 4210 4339 4211
f 4210 4338 4339
f 4211 4340 4212
f 4211 4339 4340
f 4212 4341 4213
f 4212 4340 4341
f 4213 4342 4214
f 4213 4341 4342
f 4214 4343 4215
f 4214 4342 4343
f 4215 4344 4216
f 4215 4343 4344
f 4216 4345 4217
f 4216 4344 4345
f 4217 4346 4218
f 4217 4345 4346
f 4218 4347 4219
f 4218 4346 4347
f 4219 4348 4220
f 4219 4347 4348
f 4220 4349 4221
f 4220 4348 4349
f 4221 4350 4222
f 4221 4349 4350
f 4222 4351 4223
f 4222 4350 4351
f 4223 4352 4224
f 4223 4351 4352
f 4224 4353 4225
f 4224 4352 4353
f 4225 4226 4098
f 4225 4353 4226
f 4226 4355 4227
f 4226 4354 4355
f 4227 4356 4228
f 4227 4355 4356
f 4228 4357 4229
f 4228 4356 4357
f 4229 4358 4230
f 4229 4357 4358
f 4230 4359 4231
f 4230 4358 4359
f 4231 4360 4232
f 4231 4359 4360
f 4232 4361 4233
f 4232 4360 4361
f 4233 4362 4234
f 4233 4361 4362
f 4234 4363 4235
f 4234 4362 4363
f 4235 4364 4236
f 4235 4363 4364
f 4236 4365 4237
f 4236 4364 4365
f 4237 4366 4238
f 4237 4365 4366
f 4238 4367 4239
f 4238 4366 4367
f 4239 4368 4240
f 4239 4367 4368
f 4240 4369 4241
f 4240 4368 4369
f 4241 4370 4242
f 4241 4369 4370
f 4242 4371 4243
f 4242 4370 4371
f 4243 4372 4244
f 4243 4371 4372
f 4244 4373 4245
f 4244 4372 4373
f 4245 4374 4246
f 4245 4373 4374
f 4246 4375 4247
f 4246 4374 4375
f 4247 4376 4248
f 4247 4375 4376
f 4248 4377 4249
f 4248 4376 4377
f 4249 4378 4250
f 4249 4377 4378
f 4250 4379 4251
f 4250 4378 4379
f 4251 4380 4252
f 4251 4379 4380
f 4252 4381 4253
f 4252 4380 4381
f 4253 4382 4254
f 4253 4381 4382
f 4254 4383 4255
f 4254 4382 4383
f 4255 4384 4256
f 4255 4383 4384
f 4256 4385 4257
f 4256 4384 4385
f 4257 4386 4258
f 4257 4385 4386
f 4258 4387 4259
f 4258 4386 4387
f 4259 4388 4260
f 4259 4387 4388
f 4260 4389 4261
f 4260 4388 4389
f 4261 4390 4262
f 4261 4389 4390
f 4262 4391 4263
f 4262 4390 4391
f 4263 4392 4264
f 4263 4391 4392
f 4264 4393 4265
f 4264 4392 4393
f 4265 4394 4266
f 4265 4393 4394
f 4266 4395 4267
f 4266 4394 4395
f 4267 4396 4268
f 4267 4395 4396
f 4268 4397 4269
f 4268 4396 4397
f 4269 4398 4270
f 4269 4397 4398
f 4270 4399 4271
f 4270 4398 4399
f 4271 4400 4272
f 4271 4399 4400
f 4272 4401 4273
f 4272 4400 4401
f 4273 4402 4274
f 4273 4401 4402
f 4274 4403 4275
f 4274 4402 4403
f 4275 4404 4276
f 4275 4403 4404
f 4276 4405 4277
f 4276 4404 4405
f 4277 4406 4278
f 4277 4405 4406
f 4278 4407 4279
f 4278 4406 4407
f 4279 4408 4280
f 4279 4407 4408
f 4280 4409 4281
f 4280 4408 4409
f 4281 4410 4282
f 4281 4409 4410
f 4282 4411 4283
f 4282 4410 4411
f 4283 4412 4284
f 4283 4411 4412
f 4284 4413 4285
f 4284 4412 4413
f 4285 4414 4286
f 4285 4413 4414
f 4286 4415 4287
f 4286 4414 4415
f 4287 4416 4288
f 4287 4415 4416
f 4288 4417 4289
f 4288 4416 4417
f 4289 4418 4290
f 4289 4417 4418
f 4290 4419 4291
f 4290 4418 4419
f 4291 4420 4292
f 4291 4419 4420
f 4292 4421 4293
f 4292 4420 4421
f 4293 4422 4294
f 4293 4421 4422
f 4294 4423 4295
f 4294 4422 4423
f 4295 4424 4296
f 4295 4423 4424
f 4296 4425 4297
f 4296 4424 4425
f 4297 4426 4298
f 4297 4425 4426
f 4298 4427 4299
f 4298 4426 4427
f 4299 4428 4300
f 4299 4427 4428
f 4300 4429 4301
f 4300 4428 4429
f 4301 4430 4302
f 4301 4429 4430
f 4302 4431 4303
f 4302 4430 4431
f 4303 4432 4304
f 4303 4431 4432
f 4304 4433 4305
f 4304 4432 4433
f 4305 4434 4306
f 4305 4433 4434
f 4306 4435 4307
f 4306 4434 4435
f 4307 4436 4308
f 4307 4435 4436
f 4308 4437 4309
f 4308 4436 4437
f 4309 4438 4310
f 4309 4437 4438
f 4310 4439 4311
f 4310 4438 4439
f 4311 4440 4312
f 4311 4439 4440
f 4312 4441 4313
f 4312 4440 4441
f 4313 4442 4314
f 4313 4441 4442
f 4314 4443 4315
f 4314 4442 4443
f 4315 4444 4316
f 4315 4443 4444
f 4316 4445 4317
f 4316 4444 4445
f 4317 4446 4318
f 4317 4445 4446
f 4318 4447 4319
f 4318 4446 4447
f 4319 4448 4320
f 4319 4447 4448
f 4320 4449 4321
f 4320 4448 4449
f 4321 4450 4322
f 4321 4449 4450
f 4322 4451 4323
f 4322 4450 4451
f 4323 4452 4324
f 4323 4451 4452
f 4324 4453 4325
f 4324 4452 4453
f 4325 4454 4326
f 4325 4453 4454
f 4326 4455 4327
f 4326 4454 4455
f 4327 4456 4328
f 4327 4455 4456
f 4328 4457 4329
f 4328 4456 4457
f 4329 4458 4330
f 4329 4457 4458
f 4330 4459 4331
f 4330 4458 4459
f 4331 4460 4332
f 4331 4459 4460
f 4332 4461 4333
f 4332 4460 4461
f 4333 4462 4334
f 4333 4461 4462
f 4334 4463 4335
f 4334 4462 4463
f 4335 4464 4336
f 4335 4463 4464
f 4336 4465 4337
f 4336 4464 4465
f 4337 4466 4338
f 4337 4465 4466
f 4338 4467 4339
f 4338 4466 4467
f 4339 4468 4340
f 4339 4467 4468
f 4340 4469 4341
f 4340 4468 4469
f 4341 4470 4342
f 4341 4469 4470
f 4342 4471 4343
f 4342 4470 4471
f 4343 4472 4344
f 4343 4471 4472
f 4344 4473 4345
f 4344 4472 4473
f 4345 4474 4346
f 4345 4473 4474
f 4346 4475 4347
f 4346 4474 4475
f 4347 4476 4348
f 4347 4475 4476
f 4348 4477 4349
f 4348 4476 4477
f 4349 4478 4350
f 4349 4477 4478
f 4350 4479 4351
f 4350 4478 4479
f 4351 4480 4352
f 4351 4479 4480
f 4352 4481 4353
f 4352 4480 4481
f 4353 4354 4226
f 4353 4481 4354
f 4354 4483 4355
f 4354 4482 4483
f 4355 4484 4356
f 4355 4483 4484
f 4356 4485 4357
f 4356 4484 4485
f 4357 4486 4358
f 4357 4485 4486
f 4358 4487 4359
f 4358 4486 4487
f 4359 4488 4360
f 4359 4487 4488
f 4360 4489 4361
f 4360 4488 4489
f 4361 4490 4362
f 4361 4489 4490
f 4362 4491 4363
f 4362 4490 4491
f 4363 4492 4364
f 4363 4491 4492
f 4364 4493 4365
f 4364 4492 4493
f 4365 4494 4366
f 4365 4493 4494
f 4366 4495 4367
f 4366 4494 4495
f 4367 4496 4368
f 4367 4495 4496
f 4368 4497 4369
f 4368 4496 4497
f 4369 4498 4370
f 4369 4497 4498
f 4370 4499 4371
f 4370 4498 4499
f 4371 4500 4372
f 4371 4499 4500
f 4372 4501 4373
f 4372 4500 4501
f 4373 4502 4374
f 4373 4501 4502
f 4374 4503 4375
f 4374 4502 4503
f 4375 4504 4376
f 4375 4503 4504
f 4376 4505 4377
f 4376 4504 4505
f 4377 4506 4378
f 4377 4505 4506
f 4378 4507 4379
f 4378 4506 4507
f 4379 4508 4380
f 4379 4507 4508
f 4380 4509 4381
f 4380 4508 4509
f 4381 4510 4382
f 4381 4509 4510
f 4382 4511 4383
f 4382 4510 4511
f 4383 4512 4384
f 4383 4511 4512
f 4384 4513 4385
f 4384 4512 4513
f 4385 4514 4386
f 4385 4513 4514
f 4386 4515 4387
f 4386 4514 4515
f 4387 4516 4388
f 4387 4515 4516
f 4388 4517 4389
f 4388 4516 4517
f 4389 4518 4390
f 4389 4517 4518
f 4390 4519 4391
f 4390 4518 4519
f 4391 4520 4392
f 4391 4519 4520
f 4392 4521 4393
f 4392 4520 4521
f 4393 4522 4394
f 4393 4521 4522
f 4394 4523 4395
f 4394 4522 4523
f 4395 4524 4396
f 4395 4523 4524
f 4396 4525 4397
f 4396 4524 4525
f 4397 4526 4398
f 4397 4525 4526
f 4398 4527 4399
f 4398 4526 4527
f 4399 4528 4400
f 4399 4527 4528
f 4400 4529 4401
f 4400 4528 4529
f 4401 4530 4402
f 4401 4529 4530
f 4402 4531 4403
f 4402 4530 4531
f 4403 4532 4404
f 4403 4531 4532
f 4404 4533 4405
f 4404 4532 4533
f 4405 4534 4406
f 4405 4533 4534
f 4406 4535 4407
f 4406 4534 4535
f 4407 4536 4408
f 4407 4535 4536
f 4408 4537 4409
f 4408 4536 4537
f 4409 4538 4410
f 4409 4537 4538
f 4410 4539 4411
f 4410 4538 4539
f 4411 4540 4412
f 4411 4539 4540
f 4412 4541 4413
f 4412 4540 4541
f 4413 4542 4414
f 4413 4541 4542
f 4414 4543 4415
f 4414 4542 4543
f 4415 4544 4416
f 4415 4543 4544
f 4416 4545 4417
f 4416 4544 4545
f 4417 4546 4418
f 4417 4545 4546
f 4418 4547 4419
f 4418 4546 4547
f 4419 4548 4420
f 4419 4547 4548
f 4420 4549 4421
f 4420 4548 4549
f 4421 4550 4422
f 4421 4549 4550
f 4422 4551 4423
f 4422 4550 4551
f 4423 4552 4424
f 4423 4551 4552
f 4424 4553 4425
f 4424 4552 4553
f 4425 4554 4426
f 4425 4553 4554
f 4426 4555 4427
f 4426 4554 4555
f 4427 4556 4428
f 4427 4555 4556
f 4428 4557 4429
f 4428 4556 4557
f 4429 4558 4430
f 4429 4557 4558
f 4430 4559 4431
f 4430 4558 4559
f 4431 4560 4432
f 4431 4559 4560
f 4432 4561 4433
f 4432 4560 4561
f 4433 4562 4434
f 4433 4561 4562
f 4434 4563 4435
f 4434 4562 4563
f 4435 4564 4436
f 4435 4563 4564
f 4436 4565 4437
f 4436 4564 4565
f 4437 4566 4438
f 4437 4565 4566
f 4438 4567 4439
f 4438 4566 4567
f 4439 4568 4440
f 4439 4567 4568
f 4440 4569 4441
f 4440 4568 4569
f 4441 4570 4442
f 4441 4569 4570
f 4442 4571 4443
f 4442 4570 4571
f 4443 4572 4444
f 4443 4571 4572
f 4444 4573 4445
f 4444 4572 4573
f 4445 4574 4446
f 4445 4573 4574
f 4446 4575 4447
f 4446 4574 4575
f 4447 4576 4448
f 4447 4575 4576
f 4448 4577 4449
f 4448 4576 4577
f 4449 4578 4450
f 4449 4577 4578
f 4450 4579 4451
f 4450 4578 4579
f 4451 4580 4452
f 4451 4579 4580
f 4452 4581 4453
f 4452 4580 4581
f 4453 4582 4454
f 4453 4581 4582
f 4454 4583 4455
f 4454 4582 4583
f 4455 4584 4456
f 4455 4583 4584
f 4456 4585 4457
f 4456 4584 4585
f 4457 4586 4458
f 4457 4585 4586
f 4458 4587 4459
f 4458 4586 4587
f 4459 4588 4460
f 4459 4587 4588
f 4460 4589 4461
f 4460 4588 4589
f 4461 4590 4462
f 4461 4589 4590
f 4462 4591 4463
f 4462 4590 4591
f 4463 4592 4464
f 4463 4591 4592
f 4464 4593 4465
f 4464 4592 4593
f 4465 4594 4466
f 4465 4593 4594
f 4466 4595 4467
f 4466 4594 4595
f 4467 4596 4468
f 4467 4595 4596
f 4468 4597 4469
f 4468 4596 4597
f 4469 4598 4470
f 4469 4597 4598
f 4470 4599 4471
f 4470 4598 4599
f 4471 4600 4472
f 4471 4599 4600
f 4472 4601 4473
f 4472 4600 4601
f 4473 4602 4474
f 4473 4601 4602
f 4474 4603 4475
f 4474 4602 4603
f 4475 4604 4476
f 4475 4603 4604
f 4476 4605 4477
f 4476 4604 4605
f 4477 4606 4478
f 4477 4605 4606
f 4478 4607 4479
f 4478 4606 4607
f 4479 4608 4480
f 4479 4607 4608
f 4480 4609 4481
f 4480 4608 4609
f 4481 4482 4354
f 4481 4609 4482
f 4482 4611 4483
f 4482 4610 4611
f 4483 4612 4484
f 4483 4611 4612
f 4484 4613 4485
f 4484 4612 4613
f 4485 4614 4486
f 4485 4613 4614
f 4486 4615 4487
f 4486 4614 4615
f 4487 4616 4488
f 4487 4615 4616
f 4488 4617 4489
f 4488 4616 4617
f 4489 4618 4490
f 4489 4617 4618
f 4490 4619 4491
f 4490 4618 4619
f 4491 4620 4492
f 4491 4619 4620
f 4492 4621 4493
f 4492 4620 4621
f 4493 4622 4494
f 4493 4621 4622
f 4494 4623 4495
f 4494 4622 4623
f 4495 4624 4496
f 4495 4623 4624
f 4496 4625 4497
f 4496 4624 4625
f 4497 4626 4498
f 4497 4625 4626
f 4498 4627 4499
f 4498 4626 4627
f 4499 4628 4500
f 4499 4627 4628
f 4500 4629 4501
f 4500 4628 4629
f 4501 4630 4502
f 4501 4629 4630
f 4502 4631 4503
f 4502 4630 4631
f 4503 4632 4504
f 4503 4631 4632
f 4504 4633 4505
f 4504 4632 4633
f 4505 4634 4506
f 4505 4633 4634
f 4506 4635 4507
f 4506 4634 4635
f 4507 4636 4508
f 4507 4635 4636
f 4508 4637 4509
f 4508 4636 4637
f 4509 4638 4510
f 4509 4637 4638
f 4510 4639 4511
f 4510 4638 4639
f 4511 4640 4512
f 4511 4639 4640
f 4512 4641 4513
f 4512 4640 4641
f 4513 4642 4514
f 4513 4641 4642
f 4514 4643 4515
f 4514 4642 4643
f 4515 4644 4516
f 4515 4643 4644
f 4516 4645 4517
f 4516 4644 4645
f 4517 4646 4518
f 4517 4645 4646
f 4518 4647 4519
f 4518 4646 4647
f 4519 4648 4520
f 4519 4647 4648
f 4520 4649 4521
f 4520 4648 4649
f 4521 4650 4522
f 4521 4649 4650
f 4522 4651 4523
f 4522 4650 4651
f 4523 4652 4524
f 4523 4651 4652
f 4524 4653 4525
f 4524 4652 4653
f 4525 4654 4526
f 4525 4653 4654
f 4526 4655 4527
f 4526 4654 4655
f 4527 4656 4528
f 4527 4655 4656
f 4528 4657 4529
f 4528 4656 4657
f 4529 4658 4530
f 4529 4657 4658
f 4530 4659 4531
f 4530 4658 4659
f 4531 4660 4532
f 4531 4659 4660
f 4532 4661 4533
f 4532 4660 4661
f 4533 4662 4534
f 4533 4661 4662
f 4534 4663 4535
f 4534 4662 4663
f 4535 4664 4536
f 4535 4663 4664
f 4536 4665 4537
f 4536 4664 4665
f 4537 4666 4538
f 4537 4665 4666
f 4538 4667 4539
f 4538 4666 4667
f 4539 4668 4540
f 4539 4667 4668
f 4540 4669 4541
f 4540 4668 4669
f 4541 4670 4542
f 4541 4669 4670
f 4542 4671 4543
f 4542 4670 4671
f 4543 4672 4544
f 4543 4671 4672
f 4544 4673 4545
f 4544 4672 4673
f 4545 4674 4546
f 4545 4673 4674
f 4546 4675 4547
f 4546 4674 4675
f 4547 4676 4548
f 4547 4675 4676
f 4548 4677 4549
f 4548 4676 4677
f 4549 4678 4550
f 4549 4677 4678
f 4550 4679 4551
f 4550 4678 4679
f 4551 4680 4552
f 4551 4679 4680
f 4552 4681 4553
f 4552 4680 4681
f 4553 4682 4554
f 4553 4681 4682
f 4554 4683 4555
f 4554 4682 4683
f 4555 4684 4556
f 4555 4683 4684
f 4556 4685 4557
f 4556 4684 4685
f 4557 4686 4558
f 4557 4685 4686
f 4558 4687 4559
f 4558 4686 4687
f 4559 4688 4560
f 4559 4687 4688
f 4560 4689 4561
f 4560 4688 4689
f 4561 4690 4562
f 4561 4689 4690
f 4562 4691 4563
f 4562 4690 4691
f 4563 4692 4564
f 4563 4691 4692
f 4564 4693 4565
f 4564 4692 4693
f 4565 4694 4566
f 4565 4693 4694
f 4566 4695 4567
f 4566 4694 4695
f 4567 4696 4568
f 4567 4695 4696
f 4568 4697 4569
f 4568 4696 4697
f 4569 4698 4570
f 4569 4697 4698
f 4570 4699 4571
f 4570 4698 4699
f 4571 4700 4572
f 4571 4699 4700
f 4572 4701 4573
f 4572 4700 4701
f 4573 4702 4574
f 4573 4701 4702
f 4574 4703 4575
f 4574 4702 4703
f 4575 4704 4576
f 4575 4703 4704
f 4576 4705 4577
f 4576 4704 4705
f 4577 4706 4578
f 4577 4705 4706
f 4578 4707 4579
f 4578 4706 4707
f 4579 4708 4580
f 4579 4707 4708
f 4580 4709 4581
f 4580 4708 4709
f 4581 4710 4582
f 4581 4709 4710
f 4582 4711 4583
f 4582 4710 4711
f 4583 4712 4584
f 4583 4711 4712
f 4584 4713 4585
f 4584 4712 4713
f 4585 4714 4586
f 4585 4713 4714
f 4586 4715 4587
f 4586 4714 4715
f 4587 4716 4588
f 4587 4715 4716
f 4588 4717 4589
f 4588 4716 4717
f 4589 4718 4590
f 4589 4717 4718
f 4590 4719 4591
f 4590 4718 4719
f 4591 4720 4592
f 4591 4719 4720
f 4592 4721 4593
f 4592 4720 4721
f 4593 4722 4594
f 4593 4721 4722
f 4594 4723 4595
f 4594 4722 4723
f 4595 4724 4596
f 4595 4723 4724
f 4596 4725 4597
f 4596 4724 4725
f 4597 4726 4598
f 4597 4725 4726
f 4598 4727 4599
f 4598 4726 4727
f 4599 4728 4600
f 4599 4727 4728
f 4600 4729 4601
f 4600 4728 4729
f 4601 4730 4602
f 4601 4729 4730
f 4602 4731 4603
f 4602 4730 4731
f 4603 4732 4604
f 4603 4731 4732
f 4604 4733 4605
f 4604 4732 4733
f 4605 4734 4606
f 4605 4733 4734
f 4606 4735 4607
f 4606 4734 4735
f 4607 4736 4608
f 4607 4735 4736
f 4608 4737 4609
f 4608 4736 4737
f 4609 4610 4482
f 4609 4737 4610
f 4610 4739 4611
f 4610 4738 4739
f 4611 4740 4612
f 4611 4739 4740
f 4612 4741 4613
f 4612 4740 4741
f 4613 4742 4614
f 4613 4741 4742
f 4614 4743 4615
f 4614 4742 4743
f 4615 4744 4616
f 4615 4743 4744
f 4616 4745 4617
f 4616 4744 4745
f 4617 4746 4618
f 4617 4745 4746
f 4618 4747 4619
f 4618 4746 4747
f 4619 4748 4620
f 4619 4747 4748
f 4620 4749 4621
f 4620 4748 4749
f 4621 4750 4622
f 4621 4749 4750
f 4622 4751 4623
f 4622 4750 4751
f 4623 4752 4624
f 4623 4751 4752
f 4624 4753 4625
f 4624 4752 4753
f 4625 4754 4626
f 4625 4753 4754
f 4626 4755 4627
f 4626 4754 4755
f 4627 4756 4628
f 4627 4755 4756
f 4628 4757 4629
f 4628 4756 4757
f 4629 4758 4630
f 4629 4757 4758
f 4630 4759 4631
f 4630 4758 4759
f 4631 4760 4632
f 4631 4759 4760
f 4632 4761 4633
f 4632 4760 4761
f 4633 4762 4634
f 4633 4761 4762
f 4634 4763 4635
f 4634 4762 4763
f 4635 4764 4636
f 4635 4763 4764
f 4636 4765 4637
f 4636 4764 4765
f 4637 4766 4638
f 4637 4765 4766
f 4638 4767 4639
f 4638 4766 4767
f 4639 4768 4640
f 4639 4767 4768
f 4640 4769 4641
f 4640 4768 4769
f 4641 4770 4642
f 4641 4769 4770
f 4642 4771 4643
f 4642 4770 4771
f 4643 4772 4644
f 4643 4771 4772
f 4644 4773 4645
f 4644 4772 4773
f 4645 4774 4646
f 4645 4773 4774
f 4646 4775 4647
f 4646 4774 4775
f 4647 4776 4648
f 4647 4775 4776
f 4648 4777 4649
f 4648 4776 4777
f 4649 4778 4650
f 4649 4777 4778
f 4650 4779 4651
f 4650 4778 4779
f 4651 4780 4652
f 4651 4779 4780
f 4652 4781 4653
f 4652 4780 4781
f 4653 4782 4654
f 4653 4781 4782
f 4654 4783 4655
f 4654 4782 4783
f 4655 4784 4656
f 4655 4783 4784
f 4656 4785 4657
f 4656 4784 4785
f 4657 4786 4658
f 4657 4785 4786
f 4658 4787 4659
f 4658 4786 4787
f 4659 4788 4660
f 4659 4787 4788
f 4660 4789 4661
f 4660 4788 4789
f 4661 4790 4662
f 4661 4789 4790
f 4662 4791 4663
f 4662 4790 4791
f 4663 4792 4664
f 4663 4791 4792
f 4664 4793 4665
f 4664 4792 4793
f 4665 4794 4666
f 4665 4793 4794
f 4666 4795 4667
f 4666 4794 4795
f 4667 4796 4668
f 4667 4795 4796
f 4668 4797 4669
f 4668 4796 4797
f 4669 4798 4670
f 4669 4797 4798
f 4670 4799 4671
f 4670 4798 4799
f 4671 4800 4672
f 4671 4799 4800
f 4672 4801 4673
f 4672 4800 4801
f 4673 4802 4674
f 4673 4801 4802
f 4674 4803 4675
f 4674 4802 4803
f 4675 4804 4676
f 4675 4803 4804
f 4676 4805 4677
f 4676 4804 4805
f 4677 4806 4678
f 4677 4805 4806
f 4678 4807 4679
f 4678 4806 4807
f 4679 4808 4680
f 4679 4807 4808
f 4680 4809 4681
f 4680 4808 4809
f 4681 4810 4682
f 4681 4809 4810
f 4682 4811 4683
f 4682 4810 4811
f 4683 4812 4684
f 4683 4811 4812
f 4684 4813 4685
f 4684 4812 4813
f 4685 4814 4686
f 4685 4813 4814
f 4686 4815 4687
f 4686 4814 4815
f 4687 4816 4688
f 4687 4815 4816
f 4688 4817 4689
f 4688 4816 4817
f 4689 4818 4690
f 4689 4817 4818
f 4690 4819 4691
f 4690 4818 4819
f 4691 4820 4692
f 4691 4819 4820
f 4692 4821 4693
f 4692 4820 4821
f 4693 4822 4694
f 4693 4821 4822
f 4694 4823 4695
f 4694 4822 4823
f 4695 4824 4696
f 4695 4823 4824
f 4696 4825 4697
f 4696 4824 4825
f 4697 4826 4698
f 4697 4825 4826
f 4698 4827 4699
f 4698 4826 4827
f 4699 4828 4700
f 4699 4827 4828
f 4700 4829 4701
f 4700 4828 4829
f 4701 4830 4702
f 4701 4829 4830
f 4702 4831 4703
f 4702 4830 4831
f 4703 4832 4704
f 4703 4831 4832
f 4704 4833 4705
f 4704 4832 4833
f 4705 4834 4706
f 4705 4833 4834
f 4706 4835 4707
f 4706 4834 4835
f 4707 4836 4708
f 4707 4835 4836
f 4708 4837 4709
f 4708 4836 4837
f 4709 4838 4710
f 4709 4837 4838
f 4710 4839 4711
f 4710 4838 4839
f 4711 4840 4712
f 4711 4839 4840
f 4712 4841 4713
f 4712 4840 4841
f 4713 4842 4714
f 4713 4841 4842
f 4714 4843 4715
f 4714 4842 4843
f 4715 4844 4716
f 4715 4843 4844
f 4716 4845 4717
f 4716 4844 4845
f 4717 4846 4718
f 4717 4845 4846
f 4718 4847 4719
f 4718 4846 4847
f 4719 4848 4720
f 4719 4847 4848
f 4720 4849 4721
f 4720 4848 4849
f 4721 4850 4722
f 4721 4849 4850
f 4722 4851 4723
f 4722 4850 4851
f 4723 4852 4724
f 4723 4851 4852
f 4724 4853 4725
f 4724 4852 4853
f 4725 4854 4726
f 4725 4853 4854
f 4726 4855 4727
f 4726 4854 4855
f 4727 4856 4728
f 4727 4855 4856
f 4728 4857 4729
f 4728 4856 4857
f 4729 4858 4730
f 4729 4857 4858
f 4730 4859 4731
f 4730 4858 4859
f 4731 4860 4732
f 4731 4859 4860
f 4732 4861 4733
f 4732 4860 4861
f 4733 4862 4734
f 4733 4861 4862
f 4734 4863 4735
f 4734 4862 4863
f 4735 4864 4736
f 4735 4863 4864
f 4736 4865 4737
f 4736 4864 4865
f 4737 4738 4610
f 4737 4865 4738
f 4738 4867 4739
f 4738 4866 4867
f 4739 4868 4740
f 4739 4867 4868
f 4740 4869 4741
f 4740 4868 4869
f 4741 4870 4742
f 4741 4869 4870
f 4742 4871 4743
f 4742 4870 4871
f 4743 4872 4744
f 4743 4871 4872
f 4744 4873 4745
f 4744 4872 4873
f 4745 4874 4746
f 4745 4873 4874
f 4746 4875 4747
f 4746 4874 4875
f 4747 4876 4748
f 4747 4875 4876
f 4748 4877 4749
f 4748 4876 4877
f 4749 4878 4750
f 4749 4877 4878
f 4750 4879 4751
f 4750 4878 4879
f 4751 4880 4752
f 4751 4879 4880
f 4752 4881 4753
f 4752 4880 4881
f 4753 4882 4754
f 4753 4881 4882
f 4754 4883 4755
f 4754 4882 4883
f 4755 4884 4756
f 4755 4883 4884
f 4756 4885 4757
f 4756 4884 4885
f 4757 4886 4758
f 4757 4885 4886
f 4758 4887 4759
f 4758 4886 4887
f 4759 4888 4760
f 4759 4887 4888
f 4760 4889 4761
f 4760 4888 4889
f 4761 4890 4762
f 4761 4889 4890
f 4762 4891 4763
f 4762 4890 4891
f 4763 4892 4764
f 4763 4891 4892
f 4764 4893 4765
f 4764 4892 4893
f 4765 4894 4766
f 4765 4893 4894
f 4766 4895 4767
f 4766 4894 4895
f 4767 4896 4768
f 4767 4895 4896
f 4768 4897 4769
f 4768 4896 4897
f 4769 4898 4770
f 4769 4897 4898
f 4770 4899 4771
f 4770 4898 4899
f 4771 4900 4772
f 4771 4899 4900
f 4772 4901 4773
f 4772 4900 4901
f 4773 4902 4774
f 4773 4901 4902
f 4774 4903 4775
f 4774 4902 4903
f 4775 4904 4776
f 4775 4903 4904
f 4776 4905 4777
f 4776 4904 4905
f 4777 4906 4778
f 4777 4905 4906
f 4778 4907 4779
f 4778 4906 4907
f 4779 4908 4780
f 4779 4907 4908
f 4780 4909 4781
f 4780 4908 4909
f 4781 4910 4782
f 4781 4909 4910
f 4782 4911 4783
f 4782 4910 4911
f 4783 4912 4784
f 4783 4911 4912
f 4784 4913 4785
f 4784 4912 4913
f 4785 4914 4786
f 4785 4913 4914
f 4786 4915 4787
f 4786 4914 4915
f 4787 4916 4788
f 4787 4915 4916
f 4788 4917 4789
f 4788 4916 4917
f 4789 4918 4790
f 4789 4917 4918
f 4790 4919 4791
f 4790 4918 4919
f 4791 4920 4792
f 4791 4919 4920
f 4792 4921 4793
f 4792 4920 4921
f 4793 4922 4794
f 4793 4921 4922
f 4794 4923 4795
f 4794 4922 4923
f 4795 4924 4796
f 4795 4923 4924
f 4796 4925 4797
f 4796 4924 4925
f 4797 4926 4798
f 4797 4925 4926
f 4798 4927 4799
f 4798 4926 4927
f 4799 4928 4800
f 4799 4927 4928
f 4800 4929 4801
f 4800 4928 4929
f 4801 4930 4802
f 4801 4929 4930
f 4802 4931 4803
f 4802 4930 4931
f 4803 4932 4804
f 4803 4931 4932
f 4804 4933 4805
f 4804 4932 4933
f 4805 4934 4806
f 4805 4933 4934
f 4806 4935 4807
f 4806 4934 4935
f 4807 4936 4808
f 4807 4935 4936
f 4808 4937 4809
f 4808 4936 4937
f 4809 4938 4810
f 4809 4937 4938
f 4810 4939 4811
f 4810 4938 4939
f 4811 4940 4812
f 4811 4939 4940
f 4812 4941 4813
f 4812 4940 4941
f 4813 4942 4814
f 4813 4941 4942
f 4814 4943 4815
f 4814 4942 4943
f 4815 4944 4816
f 4815 4943 4944
f 4816 4945 4817
f 4816 4944 4945
f 4817 4946 4818
f 4817 4945 4946
f 4818 4947 4819
f 4818 4946 4947
f 4819 4948 4820
f 4819 4947 4948
f 4820 4949 4821
f 4820 4948 4949
f 4821 4950 4822
f 4821 4949 4950
f 4822 4951 4823
f 4822 4950 4951
f 4823 4952 4824
f 4823 4951 4952
f 4824 4953 4825
f 4824 4952 4953
f 4825 4954 4826
f 4825 4953 4954
f 4826 4955 4827
f 4826 4954 4955
f 4827 4956 4828
f 4827 4955 4956
f 4828 4957 4829
f 4828 4956 4957
f 4829 4958 4830
f 4829 4957 4958
f 4830 4959 4831
f 4830 4958 4959
f 4831 4960 4832
f 4831 4959 4960
f 4832 4961 4833
f 4832 4960 4961
f 4833 4962 4834
f 4833 4961 4962
f 4834 4963 4835
f 4834 4962 4963
f 4835 4964 4836
f 4835 4963 4964
f 4836 4965 4837
f 4836 4964 4965
f 4837 4966 4838
f 4837 4965 4966
f 4838 4967 4839
f 4838 4966 4967
f 4839 4968 4840
f 4839 4967 4968
f 4840 4969 4841
f 4840 4968 4969
f 4841 4970 4842
f 4841 4969 4970
f 4842 4971 4843
f 4842 4970 4971
f 4843 4972 4844
f 4843 4971 4972
f 4844 4973 4845
f 4844 4972 4973
f 4845 4974 4846
f 4845 4973 4974
f 4846 4975 4847
f 4846 4974 4975
f 4847 4976 4848
f 4847 4975 4976
f 4848 4977 4849
f 4848 4976 4977
f 4849 4978 4850
f 4849 4977 4978
f 4850 4979 4851
f 4850 4978 4979
f 4851 4980 4852
f 4851 4979 4980
f 4852 4981 4853
f 4852 4980 4981
f 4853 4982 4854
f 4853 4981 4982
f 4854 4983 4855
f 4854 4982 4983
f 4855 4984 4856
f 4855 4983 4984
f 4856 4985 4857
f 4856 4984 4985
f 4857 4986 4858
f 4857 4985 4986
f 4858 4987 4859
f 4858 4986 4987
f 4859 4988 4860
f 4859 4987 4988
f 4860 4989 4861
f 4860 4988 4989
f 4861 4990 4862
f 4861 4989 4990
f 4862 4991 4863
f 4862 4990 4991
f 4863 4992 4864
f 4863 4991 4992
f 4864 4993 4865
f 4864 4992 4993
f 4865 4866 4738
f 4865 4993 4866
f 4866 4995 4867
f 4866 4994 4995
f 4867 4996 4868
f 4867 4995 4996
f 4868 4997 4869
f 4868 4996 4997
f 4869 4998 4870
f 4869 4997 4998
f 4870 4999 4871
f 4870 4998 4999
f 4871 5000 4872
f 4871 4999 5000
f 4872 5001 4873
f 4872 5000 5001
f 4873 5002 4874
f 4873 5001 5002
f 4874 5003 4875
f 4874 5002 5003
f 4875 5004 4876
f 4875 5003 5004
f 4876 5005 4877
f 4876 5004 5005
f 4877 5006 4878
f 4877 5005 5006
f 4878 5007 4879
f 4878 5006 5007
f 4879 5008 4880
f 4879 5007 5008
f 4880 5009 4881
f 4880 5008 5009
f 4881 5010 4882
f 4881 5009 5010
f 4882 5011 4883
f 4882 5010 5011
f 4883 5012 4884
f 4883 5011 5012
f 4884 5013 4885
f 4884 5012 5013
f 4885 5014 4886
f 4885 5013 5014
f 4886 5015 4887
f 4886 5014 5015
f 4887 5016 4888
f 4887 5015 5016
f 4888 5017 4889
f 4888 5016 5017
f 4889 5018 4890
f 4889 5017 5018
f 4890 5019 4891
f 4890 5018 5019
f 4891 5020 4892
f 4891 5019 5020
f 4892 5021 4893
f 4892 5020 5021
f 4893 5022 4894
f 4893 5021 5022
f 4894 5023 4895
f 4894 5022 5023
f 4895 5024 4896
f 4895 5023 5024
f 4896 5025 4897
f 4896 5024 5025
f 4897 5026 4898
f 4897 5025 5026
f 4898 5027 4899
f 4898 5026 5027
f 4899 5028 4900
f 4899 5027 5028
f 4900 5029 4901
f 4900 5028 5029
f 4901 5030 4902
f 4901 5029 5030
f 4902 5031 4903
f 4902 5030 5031
f 4903 5032 4904
f 4903 5031 5032
f 4904 5033 4905
f 4904 5032 5033
f 4905 5034 4906
f 4905 5033 5034
f 4906 5035 4907
f 4906 5034 5035
f 4907 5036 4908
f 4907 5035 5036
f 4908 5037 4909
f 4908 5036 5037
f 4909 5038 4910
f 4909 5037 5038
f 4910 5039 4911
f 4910 5038 5039
f 4911 5040 4912
f 4911 5039 5040
f 4912 5041 4913
f 4912 5040 5041
f 4913 5042 4914
f 4913 5041 5042
f 4914 5043 4915
f 4914 5042 5043
f 4915 5044 4916
f 4915 5043 5044
f 4916 5045 4917
f 4916 5044 5045
f 4917 5046 4918
f 4917 5045 5046
f 4918 5047 4919
f 4918 5046 5047
f 4919 5048 4920
f 4919 5047 5048
f 4920 5049 4921
f 4920 5048 5049
f 4921 5050 4922
f 4921 5049 5050
f 4922 5051 4923
f 4922 5050 5051
f 4923 5052 4924
f 4923 5051 5052
f 4924 5053 4925
f 4924 5052 5053
f 4925 5054 4926
f 4925 5053 5054
f 4926 5055 4927
f 4926 5054 5055
f 4927 5056 4928
f 4927 5055 5056
f 4928 5057 4929
f 4928 5056 5057
f 4929 5058 4930
f 4929 5057 5058
f 4930 5059 4931
f 4930 5058 5059
f 4931 5060 4932
f 4931 5059 5060
f 4932 5061 4933
f 4932 5060 5061
f 4933 5062 4934
f 4933 5061 5062
f 4934 5063 4935
f 4934 5062 5063
f 4935 5064 4936
f 4935 5063 5064
f 4936 5065 4937
f 4936 5064 5065
f 4937 5066 4938
f 4937 5065 5066
f 4938 5067 4939
f 4938 5066 5067
f 4939 5068 4940
f 4939 5067 5068
f 4940 5069 4941
f 4940 5068 5069
f 4941 5070 4942
f 4941 5069 5070
f 4942 5071 4943
f 4942 5070 5071
f 4943 5072 4944
f 4943 5071 5072
f 4944 5073 4945
f 4944 5072 5073
f 4945 5074 4946
f 4945 5073 5074
f 4946 5075 4947
f 4946 5074 5075
f 4947 5076 4948
f 4947 5075 5076
f 4948 5077 4949
f 4948 5076 5077
f 4949 5078 4950
f 4949 5077 5078
f 4950 5079 4951
f 4950 5078 5079
f 4951 5080 4952
f 4951 5079 5080
f 4952 5081 4953
f 4952 5080 5081
f 4953 5082 4954
f 4953 5081 5082
f 4954 5083 4955
f 4954 5082 5083
f 4955 5084 4956
f 4955 5083 5084
f 4956 5085 4957
f 4956 5084 5085
f 4957 5086 4958
f 4957 5085 5086
f 4958 5087 4959
f 4958 5086 5087
f 4959 5088 4960
f 4959 5087 5088
f 4960 5089 4961
f 4960 5088 5089
f 4961 5090 4962
f 4961 5089 5090
f 4962 5091 4963
f 4962 5090 5091
f 4963 5092 4964
f 4963 5091 5092
f 4964 5093 4965
f 4964 5092 5093
f 4965 5094 4966
f 4965 5093 5094
f 4966 5095 4967
f 4966 5094 5095
f 4967 5096 4968
f 4967 5095 5096
f 4968 5097 4969
f 4968 5096 5097
f 4969 5098 4970
f 4969 5097 5098
f 4970 5099 4971
f 4970 5098 5099
f 4971 5100 4972
f 4971 5099 5100
f 4972 5101 4973
f 4972 5100 5101
f 4973 5102 4974
f 4973 5101 5102
f 4974 5103 4975
f 4974 5102 5103
f 4975 5104 4976
f 4975 5103 5104
f 4976 5105 4977
f 4976 5104 5105
f 4977 5106 4978
f 4977 5105 5106
f 4978 5107 4979
f 4978 5106 5107
f 4979 5108 4980
f 4979 5107 5108
f 4980 5109 4981
f 4980 5108 5109
f 4981 5110 4982
f 4981 5109 5110
f 4982 5111 4983
f 4982 5110 5111
f 4983 5112 4984
f 4983 5111 5112
f 4984 5113 4985
f 4984 5112 5113
f 4985 5114 4986
f 4985 5113 5114
f 4986 5115 4987
f 4986 5114 5115
f 4987 5116 4988
f 4987 5115 5116
f 4988 5117 4989
f 4988 5116 5117
f 4989 5118 4990
f 4989 5117 5118
f 4990 5119 4991
f 4990 5118 5119
f 4991 5120 4992
f 4991 5119 5120
f 4992 5121 4993
f 4992 5120 5121
f 4993 4994 4866
f 4993 5121 4994
f 4994 5123 4995
f 4994 5122 5123
f 4995 5124 4996
f 4995 5123 5124
f 4996 5125 4997
f 4996 5124 5125
f 4997 5126 4998
f 4997 5125 5126
f 4998 5127 4999
f 4998 5126 5127
f 4999 5128 5000
f 4999 5127 5128
f 5000 5129 5001
f 5000 5128 5129
f 5001 5130 5002
f 5001 5129 5130
f 5002 5131 5003
f 5002 5130 5131
f 5003 5132 5004
f 5003 5131 5132
f 5004 5133 5005
f 5004 5132 5133
f 5005 5134 5006
f 5005 5133 5134
f 5006 5135 5007
f 5006 5134 5135
f 5007 5136 5008
f 5007 5135 5136
f 5008 5137 5009
f 5008 5136 5137
f 5009 5138 5010
f 5009 5137 5138
f 5010 5139 5011
f 5010 5138 5139
f 5011 5140 5012
f 5011 5139 5140
f 5012 5141 5013
f 5012 5140 5141
f 5013 5142 5014
f 5013 5141 5142
f 5014 5143 5015
f 5014 5142 5143
f 5015 5144 5016
f 5015 5143 5144
f 5016 5145 5017
f 5016 5144 5145
f 5017 5146 5018
f 5017 5145 5146
f 5018 5147 5019
f 5018 5146 5147
f 5019 5148 5020
f 5019 5147 5148
f 5020 5149 5021
f 5020 5148 5149
f 5021 5150 5022
f 5021 5149 5150
f 5022 5151 5023
f 5022 5150 5151
f 5023 5152 5024
f 5023 5151 5152
f 5024 5153 5025
f 5024 5152 5153
f 5025 5154 5026
f 5025 5153 5154
f 5026 5155 5027
f 5026 5154 5155
f 5027 5156 5028
f 5027 5155 5156
f 5028 5157 5029
f 5028 5156 5157
f 5029 5158 5030
f 5029 5157 5158
f 5030 5159 5031
f 5030 5158 5159
f 5031 5160 5032
f 5031 5159 5160
f 5032 5161 5033
f 5032 5160 5161
f 5033 5162 5034
f 5033 5161 5162
f 5034 5163 5035
f 5034 5162 5163
f 5035 5164 5036
f 5035 5163 5164
f 5036 5165 5037
f 5036 5164 5165
f 5037 5166 5038
f 5037 5165 5166
f 5038 5167 5039
f 5038 5166 5167
f 5039 5168 5040
f 5039 5167 5168
f 5040 5169 5041
f 5040 5168 5169
f 5041 5170 5042
f 5041 5169 5170
f 5042 5171 5043
f 5042 5170 5171
f 5043 5172 5044
f 5043 5171 5172
f 5044 5173 5045
f 5044 5172 5173
f 5045 5174 5046
f 5045 5173 5174
f 5046 5175 5047
f 5046 5174 5175
f 5047 5176 5048
f 5047 5175 5176
f 5048 5177 5049
f 5048 5176 5177
f 5049 5178 5050
f 5049 5177 5178
f 5050 5179 5051
f 5050 5178 5179
f 5051 5180 5052
f 5051 5179 5180
f 5052 5181 5053
f 5052 5180 5181
f 5053 5182 5054
f 5053 5181 5182
f 5054 5183 5055
f 5054 5182 5183
f 5055 5184 5056
f 5055 5183 5184
f 5056 5185 5057
f 5056 5184 5185
f 5057 5186 5058
f 5057 5185 5186
f 5058 5187 5059
f 5058 5186 5187
f 5059 5188 5060
f 5059 5187 5188
f 5060 5189 5061
f 5060 5188 5189
f 5061 5190 5062
f 5061 5189 5190
f 5062 5191 5063
f 5062 5190 5191
f 5063 5192 5064
f 5063 5191 5192
f 5064 5193 5065
f 5064 5192 5193
f 5065 5194 5066
f 5065 5193 5194
f 5066 5195 5067
f 5066 5194 5195
f 5067 5196 5068
f 5067 5195 5196
f 5068 5197 5069
f 5068 5196 5197
f 5069 5198 5070
f 5069 5197 5198
f 5070 5199 5071
f 5070 5198 5199
f 5071 5200 5072
f 5071 5199 5200
f 5072 5201 5073
f 5072 5200 5201
f 5073 5202 5074
f 5073 5201 5202
f 5074 5203 5075
f 5074 5202 5203
f 5075 5204 5076
f 5075 5203 5204
f 5076 5205 5077
f 5076 5204 5205
f 5077 5206 5078
f 5077 5205 5206
f 5078 5207 5079
f 5078 5206 5207
f 5079 5208 5080
f 5079 5207 5208
f 5080 5209 5081
f 5080 5208 5209
f 5081 5210 5082
f 5081 5209 5210
f 5082 5211 5083
f 5082 5210 5211
f 5083 5212 5084
f 5083 5211 5212
f 5084 5213 5085
f 5084 5212 5213
f 5085 5214 5086
f 5085 5213 5214
f 5086 5215 5087
f 5086 5214 5215
f 5087 5216 5088
f 5087 5215 5216
f 5088 5217 5089
f 5088 5216 5217
f 5089 5218 5090
f 5089 5217 5218
f 5090 5219 5091
f 5090 5218 5219
f 5091 5220 5092
f 5091 5219 5220
f 5092 5221 5093
f 5092 5220 5221
f 5093 5222 5094
f 5093 5221 5222
f 5094 5223 5095
f 5094 5222 5223
f 5095 5224 5096
f 5095 5223 5224
f 5096 5225 5097
f 5096 5224 5225
f 5097 5226 5098
f 5097 5225 5226
f 5098 5227 5099
f 5098 5226 5227
f 5099 5228 5100
f 5099 5227 5228
f 5100 5229 5101
f 5100 5228 5229
f 5101 5230 5102
f 5101 5229 5230
f 5102 5231 5103
f 5102 5230 5231
f 5103 5232 5104
f 5103 5231 5232
f 5104 5233 5105
f 5104 5232 5233
f 5105 5234 5106
f 5105 5233 5234
f 5106 5235 5107
f 5106 5234 5235
f 5107 5236 5108
f 5107 5235 5236
f 5108 5237 5109
f 5108 5236 5237
f 5109 5238 5110
f 5109 5237 5238
f 5110 5239 5111
f 5110 5238 5239
f 5111 5240 5112
f 5111 5239 5240
f 5112 5241 5113
f 5112 5240 5241
f 5113 5242 5114
f 5113 5241 5242
f 5114 5243 5115
f 5114 5242 5243
f 5115 5244 5116
f 5115 5243 5244
f 5116 5245 5117
f 5116 5244 5245
f 5117 5246 5118
f 5117 5245 5246
f 5118 5247 5119
f 5118 5246 5247
f 5119 5248 5120
f 5119 5247 5248
f 5120 5249 5121
f 5120 5248 5249
f 5121 5122 4994
f 5121 5249 5122
f 5122 5251 5123
f 5122 5250 5251
f 5123 5252 5124
f 5123 5251 5252
f 5124 5253 5125
f 5124 5252 5253
f 5125 5254 5126
f 5125 5253 5254
f 5126 5255 5127
f 5126 5254 5255
f 5127 5256 5128
f 5127 5255 5256
f 5128 5257 5129
f 5128 5256 5257
f 5129 5258 5130
f 5129 5257 5258
f 5130 5259 5131
f 5130 5258 5259
f 5131 5260 5132
f 5131 5259 5260
f 5132 5261 5133
f 5132 5260 5261
f 5133 5262 5134
f 5133 5261 5262
f 5134 5263 5135
f 5134 5262 5263
f 5135 5264 5136
f 5135 5263 5264
f 5136 5265 5137
f 5136 5264 5265
f 5137 5266 5138
f 5137 5265 5266
f 5138 5267 5139
f 5138 5266 5267
f 5139 5268 5140
f 5139 5267 5268
f 5140 5269 5141
f 5140 5268 5269
f 5141 5270 5142
f 5141 5269 5270
f 5142 5271 5143
f 5142 5270 5271
f 5143 5272 5144
f 5143 5271 5272
f 5144 5273 5145
f 5144 5272 5273
f 5145 5274 5146
f 5145 5273 5274
f 5146 5275 5147
f 5146 5274 5275
f 5147 5276 5148
f 5147 5275 5276
f 5148 5277 5149
f 5148 5276 5277
f 5149 5278 5150
f 5149 5277 5278
f 5150 5279 5151
f 5150 5278 5279
f 5151 5280 5152
f 5151 5279 5280
f 5152 5281 5153
f 5152 5280 5281
f 5153 5282 5154
f 5153 5281 5282
f 5154 5283 5155
f 5154 5282 5283
f 5155 5284 5156
f 5155 5283 5284
f 5156 5285 5157
f 5156 5284 5285
f 5157 5286 5158
f 5157 5285 5286
f 5158 5287 5159
f 5158 5286 5287
f 5159 5288 5160
f 5159 5287 5288
f 5160 5289 5161
f 5160 5288 5289
f 5161 5290 5162
f 5161 5289 5290
f 5162 5291 5163
f 5162 5290 5291
f 5163 5292 5164
f 5163 5291 5292
f 5164 5293 5165
f 5164 5292 5293
f 5165 5294 5166
f 5165 5293 5294
f 5166 5295 5167
f 5166 5294 5295
f 5167 5296 5168
f 5167 5295 5296
f 5168 5297 5169
f 5168 5296 5297
f 5169 5298 5170
f 5169 5297 5298
f 5170 5299 5171
f 5170 5298 5299
f 5171 5300 5172
f 5171 5299 5300
f 5172 5301 5173
f 5172 5300 5301
f 5173 5302 5174
f 5173 5301 5302
f 5174 5303 5175
f 5174 5302 5303
f 5175 5304 5176
f 5175 5303 5304
f 5176 5305 5177
f 5176 5304 5305
f 5177 5306 5178
f 5177 5305 5306
f 5178 5307 5179
f 5178 5306 5307
f 5179 5308 5180
f 5179 5307 5308
f 5180 5309 5181
f 5180 5308 5309
f 5181 5310 5182
f 5181 5309 5310
f 5182 5311 5183
f 5182 5310 5311
f 5183 5312 5184
f 5183 5311 5312
f 5184 5313 5185
f 5184 5312 5313
f 5185 5314 5186
f 5185 5313 5314
f 5186 5315 5187
f 5186 5314 5315
f 5187 5316 5188
f 5187 5315 5316
f 5188 5317 5189
f 5188 5316 5317
f 5189 5318 5190
f 5189 5317 5318
f 5190 5319 5191
f 5190 5318 5319
f 5191 5320 5192
f 5191 5319 5320
f 5192 5321 5193
f 5192 5320 5321
f 5193 5322 5194
f 5193 5321 5322
f 5194 5323 5195
f 5194 5322 5323
f 5195 5324 5196
f 5195 5323 5324
f 5196 5325 5197
f 5196 5324 5325
f 5197 5326 5198
f 5197 5325 5326
f 5198 5327 5199
f 5198 5326 5327
f 5199 5328 5200
f 5199 5327 5328
f 5200 5329 5201
f 5200 5328 5329
f 5201 5330 5202
f 5201 5329 5330
f 5202 5331 5203
f 5202 5330 5331
f 5203 5332 5204
f 5203 5331 5332
f 5204 5333 5205
f 5204 5332 5333
f 5205 5334 5206
f 5205 5333 5334
f 5206 5335 5207
f 5206 5334 5335
f 5207 5336 5208
f 5207 5335 5336
f 5208 5337 5209
f 5208 5336 5337
f 5209 5338 5210
f 5209 5337 5338
f 5210 5339 5211
f 5210 5338 5339
f 5211 5340 5212
f 5211 5339 5340
f 5212 5341 5213
f 5212 5340 5341
f 5213 5342 5214
f 5213 5341 5342
f 5214 5343 5215
f 5214 5342 5343
f 5215 5344 5216
f 5215 5343 5344
f 5216 5345 5217
f 5216 5344 5345
f 5217 5346 5218
f 5217 5345 5346
f 5218 5347 5219
f 5218 5346 5347
f 5219 5348 5220
f 5219 5347 5348
f 5220 5349 5221
f 5220 5348 5349
f 5221 5350 5222
f 5221 5349 5350
f 5222 5351 5223
f 5222 5350 5351
f 5223 5352 5224
f 5223 5351 5352
f 5224 5353 5225
f 5224 5352 5353
f 5225 5354 5226
f 5225 5353 5354
f 5226 5355 5227
f 5226 5354 5355
f 5227 5356 5228
f 5227 5355 5356
f 5228 5357 5229
f 5228 5356 5357
f 5229 5358 5230
f 5229 5357 5358
f 5230 5359 5231
f 5230 5358 5359
f 5231 5360 5232
f 5231 5359 5360
f 5232 5361 5233
f 5232 5360 5361
f 5233 5362 5234
f 5233 5361 5362
f 5234 5363 5235
f 5234 5362 5363
f 5235 5364 5236
f 5235 5363 5364
f 5236 5365 5237
f 5236 5364 5365
f 5237 5366 5238
f 5237 5365 5366
f 5238 5367 5239
f 5238 5366 5367
f 5239 5368 5240
f 5239 5367 5368
f 5240 5369 5241
f 5240 5368 5369
f 5241 5370 5242
f 5241 5369 5370
f 5242 5371 5243
f 5242 5370 5371
f 5243 5372 5244
f 5243 5371 5372
f 5244 5373 5245
f 5244 5372 5373
f 5245 5374 5246
f 5245 5373 5374
f 5246 5375 5247
f 5246 5374 5375
f 5247 5376 5248
f 5247 5375 5376
f 5248 5377 5249
f 5248 5376 5377
f 5249 5250 5122
f 5249 5377 5250
f 5250 5379 5251
f 5250 5378 5379
f 5251 5380 5252
f 5251 5379 5380
f 5252 5381 5253
f 5252 5380 5381
f 5253 5382 5254
f 5253 5381 5382
f 5254 5383 5255
f 5254 5382 5383
f 5255 5384 5256
f 5255 5383 5384
f 5256 5385 5257
f 5256 5384 5385
f 5257 5386 5258
f 5257 5385 5386
f 5258 5387 5259
f 5258 5386 5387
f 5259 5388 5260
f 5259 5387 5388
f 5260 5389 5261
f 5260 5388 5389
f 5261 5390 5262
f 5261 5389 5390
f 5262 5391 5263
f 5262 5390 5391
f 5263 5392 5264
f 5263 5391 5392
f 5264 5393 5265
f 5264 5392 5393
f 5265 5394 5266
f 5265 5393 5394
f 5266 5395 5267
f 5266 5394 5395
f 5267 5396 5268
f 5267 5395 5396
f 5268 5397 5269
f 5268 5396 5397
f 5269 5398 5270
f 5269 5397 5398
f 5270 5399 5271
f 5270 5398 5399
f 5271 5400 5272
f 5271 5399 5400
f 5272 5401 5273
f 5272 5400 5401
f 5273 5402 5274
f 5273 5401 5402
f 5274 5403 5275
f 5274 5402 5403
f 5275 5404 5276
f 5275 5403 5404
f 5276 5405 5277
f 5276 5404 5405
f 5277 5406 5278
f 5277 5405 5406
f 5278 5407 5279
f 5278 5406 5407
f 5279 5408 5280
f 5279 5407 5408
f 5280 5409 5281
f 5280 5408 5409
f 5281 5410 5282
f 5281 5409 5410
f 5282 5411 5283
f 5282 5410 5411
f 5283 5412 5284
f 5283 5411 5412
f 5284 5413 5285
f 5284 5412 5413
f 5285 5414 5286
f 5285 5413 5414
f 5286 5415 5287
f 5286 5414 5415
f 5287 5416 5288
f 5287 5415 5416
f 5288 5417 5289
f 5288 5416 5417
f 5289 5418 5290
f 5289 5417 5418
f 5290 5419 5291
f 5290 5418 5419
f 5291 5420 5292
f 5291 5419 5420
f 5292 5421 5293
f 5292 5420 5421
f 5293 5422 5294
f 5293 5421 5422
f 5294 5423 5295
f 5294 5422 5423
f 5295 5424 5296
f 5295 5423 5424
f 5296 5425 5297
f 5296 5424 5425
f 5297 5426 5298
f 5297 5425 5426
f 5298 5427 5299
f 5298 5426 5427
f 5299 5428 5300
f 5299 5427 5428
f 5300 5429 5301
f 5300 5428 5429
f 5301 5430 5302
f 5301 5429 5430
f 5302 5431 5303
f 5302 5430 5431
f 5303 5432 5304
f 5303 5431 5432
f 5304 5433 5305
f 5304 5432 5433
f 5305 5434 5306
f 5305 5433 5434
f 5306 5435 5307
f 5306 5434 5435
f 5307 5436 5308
f 5307 5435 5436
f 5308 5437 5309
f 5308 5436 5437
f 5309 5438 5310
f 5309 5437 5438
f 5310 5439 5311
f 5310 5438 5439
f 5311 5440 5312
f 5311 5439 5440
f 5312 5441 5313
f 5312 5440 5441
f 5313 5442 5314
f 5313 5441 5442
f 5314 5443 5315
f 5314 5442 5443
f 5315 5444 5316
f 5315 5443 5444
f 5316 5445 5317
f 5316 5444 5445
f 5317 5446 5318
f 5317 5445 5446
f 5318 5447 5319
f 5318 5446 5447
f 5319 5448 5320
f 5319 5447 5448
f 5320 5449 5321
f 5320 5448 5449
f 5321 5450 5322
f 5321 5449 5450
f 5322 5451 5323
f 5322 5450 5451
f 5323 5452 5324
f 5323 5451 5452
f 5324 5453 5325
f 5324 5452 5453
f 5325 5454 5326
f 5325 5453 5454
f 5326 5455 5327
f 5326 5454 5455
f 5327 5456 5328
f 5327 5455 5456
f 5328 5457 5329
f 5328 5456 5457
f 5329 5458 5330
f 5329 5457 5458
f 5330 5459 5331
f 5330 5458 5459
f 5331 5460 5332
f 5331 5459 5460
f 5332 5461 5333
f 5332 5460 5461
f 5333 5462 5334
f 5333 5461 5462
f 5334 5463 5335
f 5334 5462 5463
f 5335 5464 5336
f 5335 5463 5464
f 5336 5465 5337
f 5336 5464 5465
f 5337 5466 5338
f 5337 5465 5466
f 5338 5467 5339
f 5338 5466 5467
f 5339 5468 5340
f 5339 5467 5468
f 5340 5469 5341
f 5340 5468 5469
f 5341 5470 5342
f 5341 5469 5470
f 5342 5471 5343
f 5342 5470 5471
f 5343 5472 5344
f 5343 5471 5472
f 5344 5473 5345
f 5344 5472 5473
f 5345 5474 5346
f 5345 5473 5474
f 5346 5475 5347
f 5346 5474 5475
f 5347 5476 5348
f 5347 5475 5476
f 5348 5477 5349
f 5348 5476 5477
f 5349 5478 5350
f 5349 5477 5478
f 5350 5479 5351
f 5350 5478 5479
f 5351 5480 5352
f 5351 5479 5480
f 5352 5481 5353
f 5352 5480 5481
f 5353 5482 5354
f 5353 5481 5482
f 5354 5483 5355
f 5354 5482 5483
f 5355 5484 5356
f 5355 5483 5484
f 5356 5485 5357
f 5356 5484 5485
f 5357 5486 5358
f 5357 5485 5486
f 5358 5487 5359
f 5358 5486 5487
f 5359 5488 5360
f 5359 5487 5488
f 5360 5489 5361
f 5360 5488 5489
f 5361 5490 5362
f 5361 5489 5490
f 5362 5491 5363
f 5362 5490 5491
f 5363 5492 5364
f 5363 5491 5492
f 5364 5493 5365
f 5364 5492 5493
f 5365 5494 5366
f 5365 5493 5494
f 5366 5495 5367
f 5366 5494 5495
f 5367 5496 5368
f 5367 5495 5496
f 5368 5497 5369
f 5368 5496 5497
f 5369 5498 5370
f 5369 5497 5498
f 5370 5499 5371
f 5370 5498 5499
f 5371 5500 5372
f 5371 5499 5500
f 5372 5501 5373
f 5372 5500 5501
f 5373 5502 5374
f 5373 5501 5502
f 5374 5503 5375
f 5374 5502 5503
f 5375 5504 5376
f 5375 5503 5504
f 5376 5505 5377
f 5376 5504 5505
f 5377 5378 5250
f 5377 5505 5378
f 5378 5507 5379
f 5378 5506 5507
f 5379 5508 5380
f 5379 5507 5508
f 5380 5509 5381
f 5380 5508 5509
f 5381 5510 5382
f 5381 5509 5510
f 5382 5511 5383
f 5382 5510 5511
f 5383 5512 5384
f 5383 5511 5512
f 5384 5513 5385
f 5384 5512 5513
f 5385 5514 5386
f 5385 5513 5514
f 5386 5515 5387
f 5386 5514 5515
f 5387 5516 5388
f 5387 5515 5516
f 5388 5517 5389
f 5388 5516 5517
f 5389 5518 5390
f 5389 5517 5518
f 5390 5519 5391
f 5390 5518 5519
f 5391 5520 5392
f 5391 5519 5520
f 5392 5521 5393
f 5392 5520 5521
f 5393 5522 5394
f 5393 5521 5522
f 5394 5523 5395
f 5394 5522 5523
f 5395 5524 5396
f 5395 5523 5524
f 5396 5525 5397
f 5396 5524 5525
f 5397 5526 5398
f 5397 5525 5526
f 5398 5527 5399
f 5398 5526 5527
f 5399 5528 5400
f 5399 5527 5528
f 5400 5529 5401
f 5400 5528 5529
f 5401 5530 5402
f 5401 5529 5530
f 5402 5531 5403
f 5402 5530 5531
f 5403 5532 5404
f 5403 5531 5532
f 5404 5533 5405
f 5404 5532 5533
f 5405 5534 5406
f 5405 5533 5534
f 5406 5535 5407
f 5406 5534 5535
f 5407 5536 5408
f 5407 5535 5536
f 5408 5537 5409
f 5408 5536 5537
f 5409 5538 5410
f 5409 5537 5538
f 5410 5539 5411
f 5410 5538 5539
f 5411 5540 5412
f 5411 5539 5540
f 5412 5541 5413
f 5412 5540 5541
f 5413 5542 5414
f 5413 5541 5542
f 5414 5543 5415
f 5414 5542 5543
f 5415 5544 5416
f 5415 5543 5544
f 5416 5545 5417
f 5416 5544 5545
f 5417 5546 5418
f 5417 5545 5546
f 5418 5547 5419
f 5418 5546 5547
f 5419 5548 5420
f 5419 5547 5548
f 5420 5549 5421
f 5420 5548 5549
f 5421 5550 5422
f 5421 5549 5550
f 5422 5551 5423
f 5422 5550 5551
f 5423 5552 5424
f 5423 5551 5552
f 5424 5553 5425
f 5424 5552 5553
f 5425 5554 5426
f 5425 5553 5554
f 5426 5555 5427
f 5426 5554 5555
f 5427 5556 5428
f 5427 5555 5556
f 5428 5557 5429
f 5428 5556 5557
f 5429 5558 5430
f 5429 5557 5558
f 5430 5559 5431
f 5430 5558 5559
f 5431 5560 5432
f 5431 5559 5560
f 5432 5561 5433
f 5432 5560 5561
f 5433 5562 5434
f 5433 5561 5562
f 5434 5563 5435
f 5434 5562 5563
f 5435 5564 5436
f 5435 5563 5564
f 5436 5565 5437
f 5436 5564 5565
f 5437 5566 5438
f 5437 5565 5566
f 5438 5567 5439
f 5438 5566 5567
f 5439 5568 5440
f 5439 5567 5568
f 5440 5569 5441
f 5440 5568 5569
f 5441 5570 5442
f 5441 5569 5570
f 5442 5571 5443
f 5442 5570 5571
f 5443 5572 5444
f 5443 5571 5572
f 5444 5573 5445
f 5444 5572 5573
f 5445 5574 5446
f 5445 5573 5574
f 5446 5575 5447
f 5446 5574 5575
f 5447 5576 5448
f 5447 5575 5576
f 5448 5577 5449
f 5448 5576 5577
f 5449 5578 5450
f 5449 5577 5578
f 5450 5579 5451
f 5450 5578 5579
f 5451 5580 5452
f 5451 5579 5580
f 5452 5581 5453
f 5452 5580 5581
f 5453 5582 5454
f 5453 5581 5582
f 5454 5583 5455
f 5454 5582 5583
f 5455 5584 5456
f 5455 5583 5584
f 5456 5585 5457
f 5456 5584 5585
f 5457 5586 5458
f 5457 5585 5586
f 5458 5587 5459
f 5458 5586 5587
f 5459 5588 5460
f 5459 5587 5588
f 5460 5589 5461
f 5460 5588 5589
f 5461 5590 5462
f 5461 5589 5590
f 5462 5591 5463
f 5462 5590 5591
f 5463 5592 5464
f 5463 5591 5592
f 5464 5593 5465
f 5464 5592 5593
f 5465 5594 5466
f 5465 5593 5594
f 5466 5595 5467
f 5466 5594 5595
f 5467 5596 5468
f 5467 5595 5596
f 5468 5597 5469
f 5468 5596 5597
f 5469 5598 5470
f 5469 5597 5598
f 5470 5599 5471
f 5470 5598 5599
f 5471 5600 5472
f 5471 5599 5600
f 5472 5601 5473
f 5472 5600 5601
f 5473 5602 5474
f 5473 5601 5602
f 5474 5603 5475
f 5474 5602 5603
f 5475 5604 5476
f 5475 5603 5604
f 5476 5605 5477
f 5476 5604 5605
f 5477 5606 5478
f 5477 5605 5606
f 5478 5607 5479
f 5478 5606 5607
f 5479 5608 5480
f 5479 5607 5608
f 5480 5609 5481
f 5480 5608 5609
f 5481 5610 5482
f 5481 5609 5610
f 5482 5611 5483
f 5482 5610 5611
f 5483 5612 5484
f 5483 5611 5612
f 5484 5613 5485
f 5484 5612 5613
f 5485 5614 5486
f 5485 5613 5614
f 5486 5615 5487
f 5486 5614 5615
f 5487 5616 5488
f 5487 5615 5616
f 5488 5617 5489
f 5488 5616 5617
f 5489 5618 5490
f 5489 5617 5618
f 5490 5619 5491
f 5490 5618 5619
f 5491 5620 5492
f 5491 5619 5620
f 5492 5621 5493
f 5492 5620 5621
f 5493 5622 5494
f 5493 5621 5622
f 5494 5623 5495
f 5494 5622 5623
f 5495 5624 5496
f 5495 5623 5624
f 5496 5625 5497
f 5496 5624 5625
f 5497 5626 5498
f 5497 5625 5626
f 5498 5627 5499
f 5498 5626 5627
f 5499 5628 5500
f 5499 5627 5628
f 5500 5629 5501
f 5500 5628 5629
f 5501 5630 5502
f 5501 5629 5630
f 5502 5631 5503
f 5502 5630 5631
f 5503 5632 5504
f 5503 5631 5632
f 5504 5633 5505
f 5504 5632 5633
f 5505 5506 5378
f 5505 5633 5506
f 5506 5635 5507
f 5506 5634 5635
f 5507 5636 5508
f 5507 5635 5636
f 5508 5637 5509
f 5508 5636 5637
f 5509 5638 5510
f 5509 5637 5638
f 5510 5639 5511
f 5510 5638 5639
f 5511 5640 5512
f 5511 5639 5640
f 5512 5641 5513
f 5512 5640 5641
f 5513 5642 5514
f 5513 5641 5642
f 5514 5643 5515
f 5514 5642 5643
f 5515 5644 5516
f 5515 5643 5644
f 5516 5645 5517
f 5516 5644 5645
f 5517 5646 5518
f 5517 5645 5646
f 5518 5647 5519
f 5518 5646 5647
f 5519 5648 5520
f 5519 5647 5648
f 5520 5649 5521
f 5520 5648 5649
f 5521 5650 5522
f 5521 5649 5650
f 5522 5651 5523
f 5522 5650 5651
f 5523 5652 5524
f 5523 5651 5652
f 5524 5653 5525
f 5524 5652 5653
f 5525 5654 5526
f 5525 5653 5654
f 5526 5655 5527
f 5526 5654 5655
f 5527 5656 5528
f 5527 5655 5656
f 5528 5657 5529
f 5528 5656 5657
f 5529 5658 5530
f 5529 5657 5658
f 5530 5659 5531
f 5530 5658 5659
f 5531 5660 5532
f 5531 5659 5660
f 5532 5661 5533
f 5532 5660 5661
f 5533 5662 5534
f 5533 5661 5662
f 5534 5663 5535
f 5534 5662 5663
f 5535 5664 5536
f 5535 5663 5664
f 5536 5665 5537
f 5536 5664 5665
f 5537 5666 5538
f 5537 5665 5666
f 5538 5667 5539
f 5538 5666 5667
f 5539 5668 5540
f 5539 5667 5668
f 5540 5669 5541
f 5540 5668 5669
f 5541 5670 5542
f 5541 5669 5670
f 5542 5671 5543
f 5542 5670 5671
f 5543 5672 5544
f 5543 5671 5672
f 5544 5673 5545
f 5544 5672 5673
f 5545 5674 5546
f 5545 5673 5674
f 5546 5675 5547
f 5546 5674 5675
f 5547 5676 5548
f 5547 5675 5676
f 5548 5677 5549
f 5548 5676 5677
f 5549 5678 5550
f 5549 5677 5678
f 5550 5679 5551
f 5550 5678 5679
f 5551 5680 5552
f 5551 5679 5680
f 5552 5681 5553
f 5552 5680 5681
f 5553 5682 5554
f 5553 5681 5682
f 5554 5683 5555
f 5554 5682 5683
f 5555 5684 5556
f 5555 5683 5684
f 5556 5685 5557
f 5556 5684 5685
f 5557 5686 5558
f 5557 5685 5686
f 5558 5687 5559
f 5558 5686 5687
f 5559 5688 5560
f 5559 5687 5688
f 5560 5689 5561
f 5560 5688 5689
f 5561 5690 5562
f 5561 5689 5690
f 5562 5691 5563
f 5562 5690 5691
f 5563 5692 5564
f 5563 5691 5692
f 5564 5693 5565
f 5564 5692 5693
f 5565 5694 5566
f 5565 5693 5694
f 5566 5695 5567
f 5566 5694 5695
f 5567 5696 5568
f 5567 5695 5696
f 5568 5697 5569
f 5568 5696 5697
f 5569 5698 5570
f 5569 5697 5698
f 5570 5699 5571
f 5570 5698 5699
f 5571 5700 5572
f 5571 5699 5700
f 5572 5701 5573
f 5572 5700 5701
f 5573 5702 5574
f 5573 5701 5702
f 5574 5703 5575
f 5574 5702 5703
f 5575 5704 5576
f 5575 5703 5704
f 5576 5705 5577
f 5576 5704 5705
f 5577 5706 5578
f 5577 5705 5706
f 5578 5707 5579
f 5578 5706 5707
f 5579 5708 5580
f 5579 5707 5708
f 5580 5709 5581
f 5580 5708 5709
f 5581 5710 5582
f 5581 5709 5710
f 5582 5711 5583
f 5582 5710 5711
f 5583 5712 5584
f 5583 5711 5712
f 5584 5713 5585
f 5584 5712 5713
f 5585 5714 5586
f 5585 5713 5714
f 5586 5715 5587
f 5586 5714 5715
f 5587 5716 5588
f 5587 5715 5716
f 5588 5717 5589
f 5588 5716 5717
f 5589 5718 5590
f 5589 5717 5718
f 5590 5719 5591
f 5590 5718 5719
f 5591 5720 5592
f 5591 5719 5720
f 5592 5721 5593
f 5592 5720 5721
f 5593 5722 5594
f 5593 5721 5722
f 5594 5723 5595
f 5594 5722 5723
f 5595 5724 5596
f 5595 5723 5724
f 5596 5725 5597
f 5596 5724 5725
f 5597 5726 5598
f 5597 5725 5726
f 5598 5727 5599
f 5598 5726 5727
f 5599 5728 5600
f 5599 5727 5728
f 5600 5729 5601
f 5600 5728 5729
f 5601 5730 5602
f 5601 5729 5730
f 5602 5731 5603
f 5602 5730 5731
f 5603 5732 5604
f 5603 5731 5732
f 5604 5733 5605
f 5604 5732 5733
f 5605 5734 5606
f 5605 5733 5734
f 5606 5735 5607
f 5606 5734 5735
f 5607 5736 5608
f 5607 5735 5736
f 5608 5737 5609
f 5608 5736 5737
f 5609 5738 5610
f 5609 5737 5738
f 5610 5739 5611
f 5610 5738 5739
f 5611 5740 5612
f 5611 5739 5740
f 5612 5741 5613
f 5612 5740 5741
f 5613 5742 5614
f 5613 5741 5742
f 5614 5743 5615
f 5614 5742 5743
f 5615 5744 5616
f 5615 5743 5744
f 5616 5745 5617
f 5616 5744 5745
f 5617 5746 5618
f 5617 5745 5746
f 5618 5747 5619
f 5618 5746 5747
f 5619 5748 5620
f 5619 5747 5748
f 5620 5749 5621
f 5620 5748 5749
f 5621 5750 5622
f 5621 5749 5750
f 5622 5751 5623
f 5622 5750 5751
f 5623 5752 5624
f 5623 5751 5752
f 5624 5753 5625
f 5624 5752 5753
f 5625 5754 5626
f 5625 5753 5754
f 5626 5755 5627
f 5626 5754 5755
f 5627 5756 5628
f 5627 5755 5756
f 5628 5757 5629
f 5628 5756 5757
f 5629 5758 5630
f 5629 5757 5758
f 5630 5759 5631
f 5630 5758 5759
f 5631 5760 5632
f 5631 5759 5760
f 5632 5761 5633
f 5632 5760 5761
f 5633 5634 5506
f 5633 5761 5634
f 5634 5763 5635
f 5634 5762 5763
f 5635 5764 5636
f 5635 5763 5764
f 5636 5765 5637
f 5636 5764 5765
f 5637 5766 5638
f 5637 5765 5766
f 5638 5767 5639
f 5638 5766 5767
f 5639 5768 5640
f 5639 5767 5768
f 5640 5769 5641
f 5640 5768 5769
f 5641 5770 5642
f 5641 5769 5770
f 5642 5771 5643
f 5642 5770 5771
f 5643 5772 5644
f 5643 5771 5772
f 5644 5773 5645
f 5644 5772 5773
f 5645 5774 5646
f 5645 5773 5774
f 5646 5775 5647
f 5646 5774 5775
f 5647 5776 5648
f 5647 5775 5776
f 5648 5777 5649
f 5648 5776 5777
f 5649 5778 5650
f 5649 5777 5778
f 5650 5779 5651
f 5650 5778 5779
f 5651 5780 5652
f 5651 5779 5780
f 5652 5781 5653
f 5652 5780 5781
f 5653 5782 5654
f 5653 5781 5782
f 5654 5783 5655
f 5654 5782 5783
f 5655 5784 5656
f 5655 5783 5784
f 5656 5785 5657
f 5656 5784 5785
f 5657 5786 5658
f 5657 5785 5786
f 5658 5787 5659
f 5658 5786 5787
f 5659 5788 5660
f 5659 5787 5788
f 5660 5789 5661
f 5660 5788 5789
f 5661 5790 5662
f 5661 5789 5790
f 5662 5791 5663
f 5662 5790 5791
f 5663 5792 5664
f 5663 5791 5792
f 5664 5793 5665
f 5664 5792 5793
f 5665 5794 5666
f 5665 5793 5794
f 5666 5795 5667
f 5666 5794 5795
f 5667 5796 5668
f 5667 5795 5796
f 5668 5797 5669
f 5668 5796 5797
f 5669 5798 5670
f 5669 5797 5798
f 5670 5799 5671
f 5670 5798 5799
f 5671 5800 5672
f 5671 5799 5800
f 5672 5801 5673
f 5672 5800 5801
f 5673 5802 5674
f 5673 5801 5802
f 5674 5803 5675
f 5674 5802 5803
f 5675 5804 5676
f 5675 5803 5804
f 5676 5805 5677
f 5676 5804 5805
f 5677 5806 5678
f 5677 5805 5806
f 5678 5807 5679
f 5678 5806 5807
f 5679 5808 5680
f 5679 5807 5808
f 5680 5809 5681
f 5680 5808 5809
f 5681 5810 5682
f 5681 5809 5810
f 5682 5811 5683
f 5682 5810 5811
f 5683 5812 5684
f 5683 5811 5812
f 5684 5813 5685
f 5684 5812 5813
f 5685 5814 5686
f 5685 5813 5814
f 5686 5815 5687
f 5686 5814 5815
f 5687 5816 5688
f 5687 5815 5816
f 5688 5817 5689
f 5688 5816 5817
f 5689 5818 5690
f 5689 5817 5818
f 5690 5819 5691
f 5690 5818 5819
f 5691 5820 5692
f 5691 5819 5820
f 5692 5821 5693
f 5692 5820 5821
f 5693 5822 5694
f 5693 5821 5822
f 5694 5823 5695
f 5694 5822 5823
f 5695 5824 5696
f 5695 5823 5824
f 5696 5825 5697
f 5696 5824 5825
f 5697 5826 5698
f 5697 5825 5826
f 5698 5827 5699
f 5698 5826 5827
f 5699 5828 5700
f 5699 5827 5828
f 5700 5829 5701
f 5700 5828 5829
f 5701 5830 5702
f 5701 5829 5830
f 5702 5831 5703
f 5702 5830 5831
f 5703 5832 5704
f 5703 5831 5832
f 5704 5833 5705
f 5704 5832 5833
f 5705 5834 5706
f 5705 5833 5834
f 5706 5835 5707
f 5706 5834 5835
f 5707 5836 5708
f 5707 5835 5836
f 5708 5837 5709
f 5708 5836 5837
f 5709 5838 5710
f 5709 5837 5838
f 5710 5839 5711
f 5710 5838 5839
f 5711 5840 5712
f 5711 5839 5840
f 5712 5841 5713
f 5712 5840 5841
f 5713 5842 5714
f 5713 5841 5842
f 5714 5843 5715
f 5714 5842 5843
f 5715 5844 5716
f 5715 5843 5844
f 5716 5845 5717
f 5716 5844 5845
f 5717 5846 5718
f 5717 5845 5846
f 5718 5847 5719
f 5718 5846 5847
f 5719 5848 5720
f 5719 5847 5848
f 5720 5849 5721
f 5720 5848 5849
f 5721 5850 5722
f 5721 5849 5850
f 5722 5851 5723
f 5722 5850 5851
f 5723 5852 5724
f 5723 5851 5852
f 5724 5853 5725
f 5724 5852 5853
f 5725 5854 5726
f 5725 5853 5854
f 5726 5855 5727
f 5726 5854 5855
f 5727 5856 5728
f 5727 5855 5856
f 5728 5857 5729
f 5728 5856 5857
f 5729 5858 5730
f 5729 5857 5858
f 5730 5859 5731
f 5730 5858 5859
f 5731 5860 5732
f 5731 5859 5860
f 5732 5861 5733
f 5732 5860 5861
f 5733 5862 5734
f 5733 5861 5862
f 5734 5863 5735
f 5734 5862 5863
f 5735 5864 5736
f 5735 5863 5864
f 5736 5865 5737
f 5736 5864 5865
f 5737 5866 5738
f 5737 5865 5866
f 5738 5867 5739
f 5738 5866 5867
f 5739 5868 5740
f 5739 5867 5868
f 5740 5869 5741
f 5740 5868 5869
f 5741 5870 5742
f 5741 5869 5870
f 5742 5871 5743
f 5742 5870 5871
f 5743 5872 5744
f 5743 5871 5872
f 5744 5873 5745
f 5744 5872 5873
f 5745 5874 5746
f 5745 5873 5874
f 5746 5875 5747
f 5746 5874 5875
f 5747 5876 5748
f 5747 5875 5876
f 5748 5877 5749
f 5748 5876 5877
f 5749 5878 5750
f 5749 5877 5878
f 5750 5879 5751
f 5750 5878 5879
f 5751 5880 5752
f 5751 5879 5880
f 5752 5881 5753
f 5752 5880 5881
f 5753 5882 5754
f 5753 5881 5882
f 5754 5883 5755
f 5754 5882 5883
f 5755 5884 5756
f 5755 5883 5884
f 5756 5885 5757
f 5756 5884 5885
f 5757 5886 5758
f 5757 5885 5886
f 5758 5887 5759
f 5758 5886 5887
f 5759 5888 5760
f 5759 5887 5888
f 5760 5889 5761
f 5760 5888 5889
f 5761 5762 5634
f 5761 5889 5762
f 5762 5891 5763
f 5762 5890 5891
f 5763 5892 5764
f 5763 5891 5892
f 5764 5893 5765
f 5764 5892 5893
f 5765 5894 5766
f 5765 5893 5894
f 5766 5895 5767
f 5766 5894 5895
f 5767 5896 5768
f 5767 5895 5896
f 5768 5897 5769
f 5768 5896 5897
f 5769 5898 5770
f 5769 5897 5898
f 5770 5899 5771
f 5770 5898 5899
f 5771 5900 5772
f 5771 5899 5900
f 5772 5901 5773
f 5772 5900 5901
f 5773 5902 5774
f 5773 5901 5902
f 5774 5903 5775
f 5774 5902 5903
f 5775 5904 5776
f 5775 5903 5904
f 5776 5905 5777
f 5776 5904 5905
f 5777 5906 5778
f 5777 5905 5906
f 5778 5907 5779
f 5778 5906 5907
f 5779 5908 5780
f 5779 5907 5908
f 5780 5909 5781
f 5780 5908 5909
f 5781 5910 5782
f 5781 5909 5910
f 5782 5911 5783
f 5782 5910 5911
f 5783 5912 5784
f 5783 5911 5912
f 5784 5913 5785
f 5784 5912 5913
f 5785 5914 5786
f 5785 5913 5914
f 5786 5915 5787
f 5786 5914 5915
f 5787 5916 5788
f 5787 5915 5916
f 5788 5917 5789
f 5788 5916 5917
f 5789 5918 5790
f 5789 5917 5918
f 5790 5919 5791
f 5790 5918 5919
f 5791 5920 5792
f 5791 5919 5920
f 5792 5921 5793
f 5792 5920 5921
f 5793 5922 5794
f 5793 5921 5922
f 5794 5923 5795
f 5794 5922 5923
f 5795 5924 5796
f 5795 5923 5924
f 5796 5925 5797
f 5796 5924 5925
f 5797 5926 5798
f 5797 5925 5926
f 5798 5927 5799
f 5798 5926 5927
f 5799 5928 5800
f 5799 5927 5928
f 5800 5929 5801
f 5800 5928 5929
f 5801 5930 5802
f 5801 5929 5930
f 5802 5931 5803
f 5802 5930 5931
f 5803 5932 5804
f 5803 5931 5932
f 5804 5933 5805
f 5804 5932 5933
f 5805 5934 5806
f 5805 5933 5934
f 5806 5935 5807
f 5806 5934 5935
f 5807 5936 5808
f 5807 5935 5936
f 5808 5937 5809
f 5808 5936 5937
f 5809 5938 5810
f 5809 5937 5938
f 5810 5939 5811
f 5810 5938 5939
f 5811 5940 5812
f 5811 5939 5940
f 5812 5941 5813
f 5812 5940 5941
f 5813 5942 5814
f 5813 5941 5942
f 5814 5943 5815
f 5814 5942 5943
f 5815 5944 5816
f 5815 5943 5944
f 5816 5945 5817
f 5816 5944 5945
f 5817 5946 5818
f 5817 5945 5946
f 5818 5947 5819
f 5818 5946 5947
f 5819 5948 5820
f 5819 5947 5948
f 5820 5949 5821
f 5820 5948 5949
f 5821 5950 5822
f 5821 5949 5950
f 5822 5951 5823
f 5822 5950 5951
f 5823 5952 5824
f 5823 5951 5952
f 5824 5953 5825
f 5824 5952 5953
f 5825 5954 5826
f 5825 5953 5954
f 5826 5955 5827
f 5826 5954 5955
f 5827 5956 5828
f 5827 5955 5956
f 5828 5957 5829
f 5828 5956 5957
f 5829 5958 5830
f 5829 5957 5958
f 5830 5959 5831
f 5830 5958 5959
f 5831 5960 5832
f 5831 5959 5960
f 5832 5961 5833
f 5832 5960 5961
f 5833 5962 5834
f 5833 5961 5962
f 5834 5963 5835
f 5834 5962 5963
f 5835 5964 5836
f 5835 5963 5964
f 5836 5965 5837
f 5836 5964 5965
f 5837 5966 5838
f 5837 5965 5966
f 5838 5967 5839
f 5838 5966 5967
f 5839 5968 5840
f 5839 5967 5968
f 5840 5969 5841
f 5840 5968 5969
f 5841 5970 5842
f 5841 5969 5970
f 5842 5971 5843
f 5842 5970 5971
f 5843 5972 5844
f 5843 5971 5972
f 5844 5973 5845
f 5844 5972 5973
f 5845 5974 5846
f 5845 5973 5974
f 5846 5975 5847
f 5846 5974 5975
f 5847 5976 5848
f 5847 5975 5976
f 5848 5977 5849
f 5848 5976 5977
f 5849 5978 5850
f 5849 5977 5978
f 5850 5979 5851
f 5850 5978 5979
f 5851 5980 5852
f 5851 5979 5980
f 5852 5981 5853
f 5852 5980 5981
f 5853 5982 5854
f 5853 5981 5982
f 5854 5983 5855
f 5854 5982 5983
f 5855 5984 5856
f 5855 5983 5984
f 5856 5985 5857
f 5856 5984 5985
f 5857 5986 5858
f 5857 5985 5986
f 5858 5987 5859
f 5858 5986 5987
f 5859 5988 5860
f 5859 5987 5988
f 5860 5989 5861
f 5860 5988 5989
f 5861 5990 5862
f 5861 5989 5990
f 5862 5991 5863
f 5862 5990 5991
f 5863 5992 5864
f 5863 5991 5992
f 5864 5993 5865
f 5864 5992 5993
f 5865 5994 5866
f 5865 5993 5994
f 5866 5995 5867
f 5866 5994 5995
f 5867 5996 5868
f 5867 5995 5996
f 5868 5997 5869
f 5868 5996 5997
f 5869 5998 5870
f 5869 5997 5998
f 5870 5999 5871
f 5870 5998 5999
f 5871 6000 5872
f 5871 5999 6000
f 5872 6001 5873
f 5872 6000 6001
f 5873 6002 5874
f 5873 6001 6002
f 5874 6003 5875
f 5874 6002 6003
f 5875 6004 5876
f 5875 6003 6004
f 5876 6005 5877
f 5876 6004 6005
f 5877 6006 5878
f 5877 6005 6006
f 5878 6007 5879
f 5878 6006 6007
f 5879 6008 5880
f 5879 6007 6008
f 5880 6009 5881
f 5880 6008 6009
f 5881 6010 5882
f 5881 6009 6010
f 5882 6011 5883
f 5882 6010 6011
f 5883 6012 5884
f 5883 6011 6012
f 5884 6013 5885
f 5884 6012 6013
f 5885 6014 5886
f 5885 6013 6014
f 5886 6015 5887
f 5886 6014 6015
f 5887 6016 5888
f 5887 6015 6016
f 5888 6017 5889
f 5888 6016 6017
f 5889 5890 5762
f 5889 6017 5890
f 5890 6019 5891
f 5890 6018 6019
f 5891 6020 5892
f 5891 6019 6020
f 5892 6021 5893
f 5892 6020 6021
f 5893 6022 5894
f 5893 6021 6022
f 5894 6023 5895
f 5894 6022 6023
f 5895 6024 5896
f 5895 6023 6024
f 5896 6025 5897
f 5896 6024 6025
f 5897 6026 5898
f 5897 6025 6026
f 5898 6027 5899
f 5898 6026 6027
f 5899 6028 5900
f 5899 6027 6028
f 5900 6029 5901
f 5900 6028 6029
f 5901 6030 5902
f 5901 6029 6030
f 5902 6031 5903
f 5902 6030 6031
f 5903 6032 5904
f 5903 6031 6032
f 5904 6033 5905
f 5904 6032 6033
f 5905 6034 5906
f 5905 6033 6034
f 5906 6035 5907
f 5906 6034 6035
f 5907 6036 5908
f 5907 6035 6036
f 5908 6037 5909
f 5908 6036 6037
f 5909 6038 5910
f 5909 6037 6038
f 5910 6039 5911
f 5910 6038 6039
f 5911 6040 5912
f 5911 6039 6040
f 5912 6041 5913
f 5912 6040 6041
f 5913 6042 5914
f 5913 6041 6042
f 5914 6043 5915
f 5914 6042 6043
f 5915 6044 5916
f 5915 6043 6044
f 5916 6045 5917
f 5916 6044 6045
f 5917 6046 5918
f 5917 6045 6046
f 5918 6047 5919
f 5918 6046 6047
f 5919 6048 5920
f 5919 6047 6048
f 5920 6049 5921
f 5920 6048 6049
f 5921 6050 5922
f 5921 6049 6050
f 5922 6051 5923
f 5922 6050 6051
f 5923 6052 5924
f 5923 6051 6052
f 5924 6053 5925
f 5924 6052 6053
f 5925 6054 5926
f 5925 6053 6054
f 5926 6055 5927
f 5926 6054 6055
f 5927 6056 5928
f 5927 6055 6056
f 5928 6057 5929
f 5928 6056 6057
f 5929 6058 5930
f 5929 6057 6058
f 5930 6059 5931
f 5930 6058 6059
f 5931 6060 5932
f 5931 6059 6060
f 5932 6061 5933
f 5932 6060 6061
f 5933 6062 5934
f 5933 6061 6062
f 5934 6063 5935
f 5934 6062 6063
f 5935 6064 5936
f 5935 6063 6064
f 5936 6065 5937
f 5936 6064 6065
f 5937 6066 5938
f 5937 6065 6066
f 5938 6067 5939
f 5938 6066 6067
f 5939 6068 5940
f 5939 6067 6068
f 5940 6069 5941
f 5940 6068 6069
f 5941 6070 5942
f 5941 6069 6070
f 5942 6071 5943
f 5942 6070 6071
f 5943 6072 5944
f 5943 6071 6072
f 5944 6073 5945
f 5944 6072 6073
f 5945 6074 5946
f 5945 6073 6074
f 5946 6075 5947
f 5946 6074 6075
f 5947 6076 5948
f 5947 6075 6076
f 5948 6077 5949
f 5948 6076 6077
f 5949 6078 5950
f 5949 6077 6078
f 5950 6079 5951
f 5950 6078 6079
f 5951 6080 5952
f 5951 6079 6080
f 5952 6081 5953
f 5952 6080 6081
f 5953 6082 5954
f 5953 6081 6082
f 5954 6083 5955
f 5954 6082 6083
f 5955 6084 5956
f 5955 6083 6084
f 5956 6085 5957
f 5956 6084 6085
f 5957 6086 5958
f 5957 6085 6086
f 5958 6087 5959
f 5958 6086 6087
f 5959 6088 5960
f 5959 6087 6088
f 5960 6089 5961
f 5960 6088 6089
f 5961 6090 5962
f 5961 6089 6090
f 5962 6091 5963
f 5962 6090 6091
f 5963 6092 5964
f 5963 6091 6092
f 5964 6093 5965
f 5964 6092 6093
f 5965 6094 5966
f 5965 6093 6094
f 5966 6095 5967
f 5966 6094 6095
f 5967 6096 5968
f 5967 6095 6096
f 5968 6097 5969
f 5968 6096 6097
f 5969 6098 5970
f 5969 6097 6098
f 5970 6099 5971
f 5970 6098 6099
f 5971 6100 5972
f 5971 6099 6100
f 5972 6101 5973
f 5972 6100 6101
f 5973 6102 5974
f 5973 6101 6102
f 5974 6103 5975
f 5974 6102 6103
f 5975 6104 5976
f 5975 6103 6104
f 5976 6105 5977
f 5976 6104 6105
f 5977 6106 5978
f 5977 6105 6106
f 5978 6107 5979
f 5978 6106 6107
f 5979 6108 5980
f 5979 6107 6108
f 5980 6109 5981
f 5980 6108 6109
f 5981 6110 5982
f 5981 6109 6110
f 5982 6111 5983
f 5982 6110 6111
f 5983 6112 5984
f 5983 6111 6112
f 5984 6113 5985
f 5984 6112 6113
f 5985 6114 5986
f 5985 6113 6114
f 5986 6115 5987
f 5986 6114 6115
f 5987 6116 5988
f 5987 6115 6116
f 5988 6117 5989
f 5988 6116 6117
f 5989 6118 5990
f 5989 6117 6118
f 5990 6119 5991
f 5990 6118 6119
f 5991 6120 5992
f 5991 6119 6120
f 5992 6121 5993
f 5992 6120 6121
f 5993 6122 5994
f 5993 6121 6122
f 5994 6123 5995
f 5994 6122 6123
f 5995 6124 5996
f 5995 6123 6124
f 5996 6125 5997
f 5996 6124 6125
f 5997 6126 5998
f 5997 6125 6126
f 5998 6127 5999
f 5998 6126 6127
f 5999 6128 6000
f 5999 6127 6128
f 6000 6129 6001
f 6000 6128 6129
f 6001 6130 6002
f 6001 6129 6130
f 6002 6131 6003
f 6002 6130 6131
f 6003 6132 6004
f 6003 6131 6132
f 6004 6133 6005
f 6004 6132 6133
f 6005 6134 6006
f 6005 6133 6134
f 6006 6135 6007
f 6006 6134 6135
f 6007 6136 6008
f 6007 6135 6136
f 6008 6137 6009
f 6008 6136 6137
f 6009 6138 6010
f 6009 6137 6138
f 6010 6139 6011
f 6010 6138 6139
f 6011 6140 6012
f 6011 6139 6140
f 6012 6141 6013
f 6012 6140 6141
f 6013 6142 6014
f 6013 6141 6142
f 6014 6143 6015
f 6014 6142 6143
f 6015 6144 6016
f 6015 6143 6144
f 6016 6145 6017
f 6016 6144 6145
f 6017 6018 5890
f 6017 6145 6018
f 6018 6147 6019
f 6018 6146 6147
f 6019 6148 6020
f 6019 6147 6148
f 6020 6149 6021
f 6020 6148 6149
f 6021 6150 6022
f 6021 6149 6150
f 6022 6151 6023
f 6022 6150 6151
f 6023 6152 6024
f 6023 6151 6152
f 6024 6153 6025
f 6024 6152 6153
f 6025 6154 6026
f 6025 6153 6154
f 6026 6155 6027
f 6026 6154 6155
f 6027 6156 6028
f 6027 6155 6156
f 6028 6157 6029
f 6028 6156 6157
f 6029 6158 6030
f 6029 6157 6158
f 6030 6159 6031
f 6030 6158 6159
f 6031 6160 6032
f 6031 6159 6160
f 6032 6161 6033
f 6032 6160 6161
f 6033 6162 6034
f 6033 6161 6162
f 6034 6163 6035
f 6034 6162 6163
f 6035 6164 6036
f 6035 6163 6164
f 6036 6165 6037
f 6036 6164 6165
f 6037 6166 6038
f 6037 6165 6166
f 6038 6167 6039
f 6038 6166 6167
f 6039 6168 6040
f 6039 6167 6168
f 6040 6169 6041
f 6040 6168 6169
f 6041 6170 6042
f 6041 6169 6170
f 6042 6171 6043
f 6042 6170 6171
f 6043 6172 6044
f 6043 6171 6172
f 6044 6173 6045
f 6044 6172 6173
f 6045 6174 6046
f 6045 6173 6174
f 6046 6175 6047
f 6046 6174 6175
f 6047 6176 6048
f 6047 6175 6176
f 6048 6177 6049
f 6048 6176 6177
f 6049 6178 6050
f 6049 6177 6178
f 6050 6179 6051
f 6050 6178 6179
f 6051 6180 6052
f 6051 6179 6180
f 6052 6181 6053
f 6052 6180 6181
f 6053 6182 6054
f 6053 6181 6182
f 6054 6183 6055
f 6054 6182 6183
f 6055 6184 6056
f 6055 6183 6184
f 6056 6185 6057
f 6056 6184 6185
f 6057 6186 6058
f 6057 6185 6186
f 6058 6187 6059
f 6058 6186 6187
f 6059 6188 6060
f 6059 6187 6188
f 6060 6189 6061
f 6060 6188 6189
f 6061 6190 6062
f 6061 6189 6190
f 6062 6191 6063
f 6062 6190 6191
f 6063 6192 6064
f 6063 6191 6192
f 6064 6193 6065
f 6064 6192 6193
f 6065 6194 6066
f 6065 6193 6194
f 6066 6195 6067
f 6066 6194 6195
f 6067 6196 6068
f 6067 6195 6196
f 6068 6197 6069
f 6068 6196 6197
f 6069 6198 6070
f 6069 6197 6198
f 6070 6199 6071
f 6070 6198 6199
f 6071 6200 6072
f 6071 6199 6200
f 6072 6201 6073
f 6072 6200 6201
f 6073 6202 6074
f 6073 6201 6202
f 6074 6203 6075
f 6074 6202 6203
f 6075 6204 6076
f 6075 6203 6204
f 6076 6205 6077
f 6076 6204 6205
f 6077 6206 6078
f 6077 6205 6206
f 6078 6207 6079
f 6078 6206 6207
f 6079 6208 6080
f 6079 6207 6208
f 6080 6209 6081
f 6080 6208 6209
f 6081 6210 6082
f 6081 6209 6210
f 6082 6211 6083
f 6082 6210 6211
f 6083 6212 6084
f 6083 6211 6212
f 6084 6213 6085
f 6084 6212 6213
f 6085 6214 6086
f 6085 6213 6214
f 6086 6215 6087
f 6086 6214 6215
f 6087 6216 6088
f 6087 6215 6216
f 6088 6217 6089
f 6088 6216 6217
f 6089 6218 6090
f 6089 6217 6218
f 6090 6219 6091
f 6090 6218 6219
f 6091 6220 6092
f 6091 6219 6220
f 6092 6221 6093
f 6092 6220 6221
f 6093 6222 6094
f 6093 6221 6222
f 6094 6223 6095
f 6094 6222 6223
f 6095 6224 6096
f 6095 6223 6224
f 6096 6225 6097
f 6096 6224 6225
f 6097 6226 6098
f 6097 6225 6226
f 6098 6227 6099
f 6098 6226 6227
f 6099 6228 6100
f 6099 6227 6228
f 6100 6229 6101
f 6100 6228 6229
f 6101 6230 6102
f 6101 6229 6230
f 6102 6231 6103
f 6102 6230 6231
f 6103 6232 6104
f 6103 6231 6232
f 6104 6233 6105
f 6104 6232 6233
f 6105 6234 6106
f 6105 6233 6234
f 6106 6235 6107
f 6106 6234 6235
f 6107 6236 6108
f 6107 6235 6236
f 6108 6237 6109
f 6108 6236 6237
f 6109 6238 6110
f 6109 6237 6238
f 6110 6239 6111
f 6110 6238 6239
f 6111 6240 6112
f 6111 6239 6240
f 6112 6241 6113
f 6112 6240 6241
f 6113 6242 6114
f 6113 6241 6242
f 6114 6243 6115
f 6114 6242 6243
f 6115 6244 6116
f 6115 6243 6244
f 6116 6245 6117
f 6116 6244 6245
f 6117 6246 6118
f 6117 6245 6246
f 6118 6247 6119
f 6118 6246 6247
f 6119 6248 6120
f 6119 6247 6248
f 6120 6249 6121
f 6120 6248 6249
f 6121 6250 6122
f 6121 6249 6250
f 6122 6251 6123
f 6122 6250 6251
f 6123 6252 6124
f 6123 6251 6252
f 6124 6253 6125
f 6124 6252 6253
f 6125 6254 6126
f 6125 6253 6254
f 6126 6255 6127
f 6126 6254 6255
f 6127 6256 6128
f 6127 6255 6256
f 6128 6257 6129
f 6128 6256 6257
f 6129 6258 6130
f 6129 6257 6258
f 6130 6259 6131
f 6130 6258 6259
f 6131 6260 6132
f 6131 6259 6260
f 6132 6261 6133
f 6132 6260 6261
f 6133 6262 6134
f 6133 6261 6262
f 6134 6263 6135
f 6134 6262 6263
f 6135 6264 6136
f 6135 6263 6264
f 6136 6265 6137
f 6136 6264 6265
f 6137 6266 6138
f 6137 6265 6266
f 6138 6267 6139
f 6138 6266 6267
f 6139 6268 6140
f 6139 6267 6268
f 6140 6269 6141
f 6140 6268 6269
f 6141 6270 6142
f 6141 6269 6270
f 6142 6271 6143
f 6142 6270 6271
f 6143 6272 6144
f 6143 6271 6272
f 6144 6273 6145
f 6144 6272 6273
f 6145 6146 6018
f 6145 6273 6146
f 6146 6275 6147
f 6146 6274 6275
f 6147 6276 6148
f 6147 6275 6276
f 6148 6277 6149
f 6148 6276 6277
f 6149 6278 6150
f 6149 6277 6278
f 6150 6279 6151
f 6150 6278 6279
f 6151 6280 6152
f 6151 6279 6280
f 6152 6281 6153
f 6152 6280 6281
f 6153 6282 6154
f 6153 6281 6282
f 6154 6283 6155
f 6154 6282 6283
f 6155 6284 6156
f 6155 6283 6284
f 6156 6285 6157
f 6156 6284 6285
f 6157 6286 6158
f 6157 6285 6286
f 6158 6287 6159
f 6158 6286 6287
f 6159 6288 6160
f 6159 6287 6288
f 6160 6289 6161
f 6160 6288 6289
f 6161 6290 6162
f 6161 6289 6290
f 6162 6291 6163
f 6162 6290 6291
f 6163 6292 6164
f 6163 6291 6292
f 6164 6293 6165
f 6164 6292 6293
f 6165 6294 6166
f 6165 6293 6294
f 6166 6295 6167
f 6166 6294 6295
f 6167 6296 6168
f 6167 6295 6296
f 6168 6297 6169
f 6168 6296 6297
f 6169 6298 6170
f 6169 6297 6298
f 6170 6299 6171
f 6170 6298 6299
f 6171 6300 6172
f 6171 6299 6300
f 6172 6301 6173
f 6172 6300 6301
f 6173 6302 6174
f 6173 6301 6302
f 6174 6303 6175
f 6174 6302 6303
f 6175 6304 6176
f 6175 6303 6304
f 6176 6305 6177
f 6176 6304 6305
f 6177 6306 6178
f 6177 6305 6306
f 6178 6307 6179
f 6178 6306 6307
f 6179 6308 6180
f 6179 6307 6308
f 6180 6309 6181
f 6180 6308 6309
f 6181 6310 6182
f 6181 6309 6310
f 6182 6311 6183
f 6182 6310 6311
f 6183 6312 6184
f 6183 6311 6312
f 6184 6313 6185
f 6184 6312 6313
f 6185 6314 6186
f 6185 6313 6314
f 6186 6315 6187
f 6186 6314 6315
f 6187 6316 6188
f 6187 6315 6316
f 6188 6317 6189
f 6188 6316 6317
f 6189 6318 6190
f 6189 6317 6318
f 6190 6319 6191
f 6190 6318 6319
f 6191 6320 6192
f 6191 6319 6320
f 6192 6321 6193
f 6192 6320 6321
f 6193 6322 6194
f 6193 6321 6322
f 6194 6323 6195
f 6194 6322 6323
f 6195 6324 6196
f 6195 6323 6324
f 6196 6325 6197
f 6196 6324 6325
f 6197 6326 6198
f 6197 6325 6326
f 6198 6327 6199
f 6198 6326 6327
f 6199 6328 6200
f 6199 6327 6328
f 6200 6329 6201
f 6200 6328 6329
f 6201 6330 6202
f 6201 6329 6330
f 6202 6331 6203
f 6202 6330 6331
f 6203 6332 6204
f 6203 6331 6332
f 6204 6333 6205
f 6204 6332 6333
f 6205 6334 6206
f 6205 6333 6334
f 6206 6335 6207
f 6206 6334 6335
f 6207 6336 6208
f 6207 6335 6336
f 6208 6337 6209
f 6208 6336 6337
f 6209 6338 6210
f 6209 6337 6338
f 6210 6339 6211
f 6210 6338 6339
f 6211 6340 6212
f 6211 6339 6340
f 6212 6341 6213
f 6212 6340 6341
f 6213 6342 6214
f 6213 6341 6342
f 6214 6343 6215
f 6214 6342 6343
f 6215 6344 6216
f 6215 6343 6344
f 6216 6345 6217
f 6216 6344 6345
f 6217 6346 6218
f 6217 6345 6346
f 6218 6347 6219
f 6218 6346 6347
f 6219 6348 6220
f 6219 6347 6348
f 6220 6349 6221
f 6220 6348 6349
f 6221 6350 6222
f 6221 6349 6350
f 6222 6351 6223
f 6222 6350 6351
f 6223 6352 6224
f 6223 6351 6352
f 6224 6353 6225
f 6224 6352 6353
f 6225 6354 6226
f 6225 6353 6354
f 6226 6355 6227
f 6226 6354 6355
f 6227 6356 6228
f 6227 6355 6356
f 6228 6357 6229
f 6228 6356 6357
f 6229 6358 6230
f 6229 6357 6358
f 6230 6359 6231
f 6230 6358 6359
f 6231 6360 6232
f 6231 6359 6360
f 6232 6361 6233
f 6232 6360 6361
f 6233 6362 6234
f 6233 6361 6362
f 6234 6363 6235
f 6234 6362 6363
f 6235 6364 6236
f 6235 6363 6364
f 6236 6365 6237
f 6236 6364 6365
f 6237 6366 6238
f 6237 6365 6366
f 6238 6367 6239
f 6238 6366 6367
f 6239 6368 6240
f 6239 6367 6368
f 6240 6369 6241
f 6240 6368 6369
f 6241 6370 6242
f 6241 6369 6370
f 6242 6371 6243
f 6242 6370 6371
f 6243 6372 6244
f 6243 6371 6372
f 6244 6373 6245
f 6244 6372 6373
f 6245 6374 6246
f 6245 6373 6374
f 6246 6375 6247
f 6246 6374 6375
f 6247 6376 6248
f 6247 6375 6376
f 6248 6377 6249
f 6248 6376 6377
f 6249 6378 6250
f 6249 6377 6378
f 6250 6379 6251
f 6250 6378 6379
f 6251 6380 6252
f 6251 6379 6380
f 6252 6381 6253
f 6252 6380 6381
f 6253 6382 6254
f 6253 6381 6382
f 6254 6383 6255
f 6254 6382 6383
f 6255 6384 6256
f 6255 6383 6384
f 6256 6385 6257
f 6256 6384 6385
f 6257 6386 6258
f 6257 6385 6386
f 6258 6387 6259
f 6258 6386 6387
f 6259 6388 6260
f 6259 6387 6388
f 6260 6389 6261
f 6260 6388 6389
f 6261 6390 6262
f 6261 6389 6390
f 6262 6391 6263
f 6262 6390 6391
f 6263 6392 6264
f 6263 6391 6392
f 6264 6393 6265
f 6264 6392 6393
f 6265 6394 6266
f 6265 6393 6394
f 6266 6395 6267
f 6266 6394 6395
f 6267 6396 6268
f 6267 6395 6396
f 6268 6397 6269
f 6268 6396 6397
f 6269 6398 6270
f 6269 6397 6398
f 6270 6399 6271
f 6270 6398 6399
f 6271 6400 6272
f 6271 6399 6400
f 6272 6401 6273
f 6272 6400 6401
f 6273 6274 6146
f 6273 6401 6274
f 6274 6403 6275
f 6274 6402 6403
f 6275 6404 6276
f 6275 6403 6404
f 6276 6405 6277
f 6276 6404 6405
f 6277 6406 6278
f 6277 6405 6406
f 6278 6407 6279
f 6278 6406 6407
f 6279 6408 6280
f 6279 6407 6408
f 6280 6409 6281
f 6280 6408 6409
f 6281 6410 6282
f 6281 6409 6410
f 6282 6411 6283
f 6282 6410 6411
f 6283 6412 6284
f 6283 6411 6412
f 6284 6413 6285
f 6284 6412 6413
f 6285 6414 6286
f 6285 6413 6414
f 6286 6415 6287
f 6286 6414 6415
f 6287 6416 6288
f 6287 6415 6416
f 6288 6417 6289
f 6288 6416 6417
f 6289 6418 6290
f 6289 6417 6418
f 6290 6419 6291
f 6290 6418 6419
f 6291 6420 6292
f 6291 6419 6420
f 6292 6421 6293
f 6292 6420 6421
f 6293 6422 6294
f 6293 6421 6422
f 6294 6423 6295
f 6294 6422 6423
f 6295 6424 6296
f 6295 6423 6424
f 6296 6425 6297
f 6296 6424 6425
f 6297 6426 6298
f 6297 6425 6426
f 6298 6427 6299
f 6298 6426 6427
f 6299 6428 6300
f 6299 6427 6428
f 6300 6429 6301
f 6300 6428 6429
f 6301 6430 6302
f 6301 6429 6430
f 6302 6431 6303
f 6302 6430 6431
f 6303 6432 6304
f 6303 6431 6432
f 6304 6433 6305
f 6304 6432 6433
f 6305 6434 6306
f 6305 6433 6434
f 6306 6435 6307
f 6306 6434 6435
f 6307 6436 6308
f 6307 6435 6436
f 6308 6437 6309
f 6308 6436 6437
f 6309 6438 6310
f 6309 6437 6438
f 6310 6439 6311
f 6310 6438 6439
f 6311 6440 6312
f 6311 6439 6440
f 6312 6441 6313
f 6312 6440 6441
f 6313 6442 6314
f 6313 6441 6442
f 6314 6443 6315
f 6314 6442 6443
f 6315 6444 6316
f 6315 6443 6444
f 6316 6445 6317
f 6316 6444 6445
f 6317 6446 6318
f 6317 6445 6446
f 6318 6447 6319
f 6318 6446 6447
f 6319 6448 6320
f 6319 6447 6448
f 6320 6449 6321
f 6320 6448 6449
f 6321 6450 6322
f 6321 6449 6450
f 6322 6451 6323
f 6322 6450 6451
f 6323 6452 6324
f 6323 6451 6452
f 6324 6453 6325
f 6324 6452 6453
f 6325 6454 6326
f 6325 6453 6454
f 6326 6455 6327
f 6326 6454 6455
f 6327 6456 6328
f 6327 6455 6456
f 6328 6457 6329
f 6328 6456 6457
f 6329 6458 6330
f 6329 6457 6458
f 6330 6459 6331
f 6330 6458 6459
f 6331 6460 6332
f 6331 6459 6460
f 6332 6461 6333
f 6332 6460 6461
f 6333 6462 6334
f 6333 6461 6462
f 6334 6463 6335
f 6334 6462 6463
f 6335 6464 6336
f 6335 6463 6464
f 6336 6465 6337
f 6336 6464 6465
f 6337 6466 6338
f 6337 6465 6466
f 6338 6467 6339
f 6338 6466 6467
f 6339 6468 6340
f 6339 6467 6468
f 6340 6469 6341
f 6340 6468 6469
f 6341 6470 6342
f 6341 6469 6470
f 6342 6471 6343
f 6342 6470 6471
f 6343 6472 6344
f 6343 6471 6472
f 6344 6473 6345
f 6344 6472 6473
f 6345 6474 6346
f 6345 6473 6474
f 6346 6475 6347
f 6346 6474 6475
f 6347 6476 6348
f 6347 6475 6476
f 6348 6477 6349
f 6348 6476 6477
f 6349 6478 6350
f 6349 6477 6478
f 6350 6479 6351
f 6350 6478 6479
f 6351 6480 6352
f 6351 6479 6480
f 6352 6481 6353
f 6352 6480 6481
f 6353 6482 6354
f 6353 6481 6482
f 6354 6483 6355
f 6354 6482 6483
f 6355 6484 6356
f 6355 6483 6484
f 6356 6485 6357
f 6356 6484 6485
f 6357 6486 6358
f 6357 6485 6486
f 6358 6487 6359
f 6358 6486 6487
f 6359 6488 6360
f 6359 6487 6488
f 6360 6489 6361
f 6360 6488 6489
f 6361 6490 6362
f 6361 6489 6490
f 6362 6491 6363
f 6362 6490 6491
f 6363 6492 6364
f 6363 6491 6492
f 6364 6493 6365
f 6364 6492 6493
f 6365 6494 6366
f 6365 6493 6494
f 6366 6495 6367
f 6366 6494 6495
f 6367 6496 6368
f 6367 6495 6496
f 6368 6497 6369
f 6368 6496 6497
f 6369 6498 6370
f 6369 6497 6498
f 6370 6499 6371
f 6370 6498 6499
f 6371 6500 6372
f 6371 6499 6500
f 6372 6501 6373
f 6372 6500 6501
f 6373 6502 6374
f 6373 6501 6502
f 6374 6503 6375
f 6374 6502 6503
f 6375 6504 6376
f 6375 6503 6504
f 6376 6505 6377
f 6376 6504 6505
f 6377 6506 6378
f 6377 6505 6506
f 6378 6507 6379
f 6378 6506 6507
f 6379 6508 6380
f 6379 6507 6508
f 6380 6509 6381
f 6380 6508 6509
f 6381 6510 6382
f 6381 6509 6510
f 6382 6511 6383
f 6382 6510 6511
f 6383 6512 6384
f 6383 6511 6512
f 6384 6513 6385
f 6384 6512 6513
f 6385 6514 6386
f 6385 6513 6514
f 6386 6515 6387
f 6386 6514 6515
f 6387 6516 6388
f 6387 6515 6516
f 6388 6517 6389
f 6388 6516 6517
f 6389 6518 6390
f 6389 6517 6518
f 6390 6519 6391
f 6390 6518 6519
f 6391 6520 6392
f 6391 6519 6520
f 6392 6521 6393
f 6392 6520 6521
f 6393 6522 6394
f 6393 6521 6522
f 6394 6523 6395
f 6394 6522 6523
f 6395 6524 6396
f 6395 6523 6524
f 6396 6525 6397
f 6396 6524 6525
f 6397 6526 6398
f 6397 6525 6526
f 6398 6527 6399
f 6398 6526 6527
f 6399 6528 6400
f 6399 6527 6528
f 6400 6529 6401
f 6400 6528 6529
f 6401 6402 6274
f 6401 6529 6402
f 6402 6531 6403
f 6402 6530 6531
f 6403 6532 6404
f 6403 6531 6532
f 6404 6533 6405
f 6404 6532 6533
f 6405 6534 6406
f 6405 6533 6534
f 6406 6535 6407
f 6406 6534 6535
f 6407 6536 6408
f 6407 6535 6536
f 6408 6537 6409
f 6408 6536 6537
f 6409 6538 6410
f 6409 6537 6538
f 6410 6539 6411
f 6410 6538 6539
f 6411 6540 6412
f 6411 6539 6540
f 6412 6541 6413
f 6412 6540 6541
f 6413 6542 6414
f 6413 6541 6542
f 6414 6543 6415
f 6414 6542 6543
f 6415 6544 6416
f 6415 6543 6544
f 6416 6545 6417
f 6416 6544 6545
f 6417 6546 6418
f 6417 6545 6546
f 6418 6547 6419
f 6418 6546 6547
f 6419 6548 6420
f 6419 6547 6548
f 6420 6549 6421
f 6420 6548 6549
f 6421 6550 6422
f 6421 6549 6550
f 6422 6551 6423
f 6422 6550 6551
f 6423 6552 6424
f 6423 6551 6552
f 6424 6553 6425
f 6424 6552 6553
f 6425 6554 6426
f 6425 6553 6554
f 6426 6555 6427
f 6426 6554 6555
f 6427 6556 6428
f 6427 6555 6556
f 6428 6557 6429
f 6428 6556 6557
f 6429 6558 6430
f 6429 6557 6558
f 6430 6559 6431
f 6430 6558 6559
f 6431 6560 6432
f 6431 6559 6560
f 6432 6561 6433
f 6432 6560 6561
f 6433 6562 6434
f 6433 6561 6562
f 6434 6563 6435
f 6434 6562 6563
f 6435 6564 6436
f 6435 6563 6564
f 6436 6565 6437
f 6436 6564 6565
f 6437 6566 6438
f 6437 6565 6566
f 6438 6567 6439
f 6438 6566 6567
f 6439 6568 6440
f 6439 6567 6568
f 6440 6569 6441
f 6440 6568 6569
f 6441 6570 6442
f 6441 6569 6570
f 6442 6571 6443
f 6442 6570 6571
f 6443 6572 6444
f 6443 6571 6572
f 6444 6573 6445
f 6444 6572 6573
f 6445 6574 6446
f 6445 6573 6574
f 6446 6575 6447
f 6446 6574 6575
f 6447 6576 6448
f 6447 6575 6576
f 6448 6577 6449
f 6448 6576 6577
f 6449 6578 6450
f 6449 6577 6578
f 6450 6579 6451
f 6450 6578 6579
f 6451 6580 6452
f 6451 6579 6580
f 6452 6581 6453
f 6452 6580 6581
f 6453 6582 6454
f 6453 6581 6582
f 6454 6583 6455
f 6454 6582 6583
f 6455 6584 6456
f 6455 6583 6584
f 6456 6585 6457
f 6456 6584 6585
f 6457 6586 6458
f 6457 6585 6586
f 6458 6587 6459
f 6458 6586 6587
f 6459 6588 6460
f 6459 6587 6588
f 6460 6589 6461
f 6460 6588 6589
f 6461 6590 6462
f 6461 6589 6590
f 6462 6591 6463
f 6462 6590 6591
f 6463 6592 6464
f 6463 6591 6592
f 6464 6593 6465
f 6464 6592 6593
f 6465 6594 6466
f 6465 6593 6594
f 6466 6595 6467
f 6466 6594 6595
f 6467 6596 6468
f 6467 6595 6596
f 6468 6597 6469
f 6468 6596 6597
f 6469 6598 6470
f 6469 6597 6598
f 6470 6599 6471
f 6470 6598 6599
f 6471 6600 6472
f 6471 6599 6600
f 6472 6601 6473
f 6472 6600 6601
f 6473 6602 6474
f 6473 6601 6602
f 6474 6603 6475
f 6474 6602 6603
f 6475 6604 6476
f 6475 6603 6604
f 6476 6605 6477
f 6476 6604 6605
f 6477 6606 6478
f 6477 6605 6606
f 6478 6607 6479
f 6478 6606 6607
f 6479 6608 6480
f 6479 6607 6608
f 6480 6609 6481
f 6480 6608 6609
f 6481 6610 6482
f 6481 6609 6610
f 6482 6611 6483
f 6482 6610 6611
f 6483 6612 6484
f 6483 6611 6612
f 6484 6613 6485
f 6484 6612 6613
f 6485 6614 6486
f 6485 6613 6614
f 6486 6615 6487
f 6486 6614 6615
f 6487 6616 6488
f 6487 6615 6616
f 6488 6617 6489
f 6488 6616 6617
f 6489 6618 6490
f 6489 6617 6618
f 6490 6619 6491
f 6490 6618 6619
f 6491 6620 6492
f 6491 6619 6620
f 6492 6621 6493
f 6492 6620 6621
f 6493 6622 6494
f 6493 6621 6622
f 6494 6623 6495
f 6494 6622 6623
f 6495 6624 6496
f 6495 6623 6624
f 6496 6625 6497
f 6496 6624 6625
f 6497 6626 6498
f 6497 6625 6626
f 6498 6627 6499
f 6498 6626 6627
f 6499 6628 6500
f 6499 6627 6628
f 6500 6629 6501
f 6500 6628 6629
f 6501 6630 6502
f 6501 6629 6630
f 6502 6631 6503
f 6502 6630 6631
f 6503 6632 6504
f 6503 6631 6632
f 6504 6633 6505
f 6504 6632 6633
f 6505 6634 6506
f 6505 6633 6634
f 6506 6635 6507
f 6506 6634 6635
f 6507 6636 6508
f 6507 6635 6636
f 6508 6637 6509
f 6508 6636 6637
f 6509 6638 6510
f 6509 6637 6638
f 6510 6639 6511
f 6510 6638 6639
f 6511 6640 6512
f 6511 6639 6640
f 6512 6641 6513
f 6512 6640 6641
f 6513 6642 6514
f 6513 6641 6642
f 6514 6643 6515
f 6514 6642 6643
f 6515 6644 6516
f 6515 6643 6644
f 6516 6645 6517
f 6516 6644 6645
f 6517 6646 6518
f 6517 6645 6646
f 6518 6647 6519
f 6518 6646 6647
f 6519 6648 6520
f 6519 6647 6648
f 6520 6649 6521
f 6520 6648 6649
f 6521 6650 6522
f 6521 6649 6650
f 6522 6651 6523
f 6522 6650 6651
f 6523 6652 6524
f 6523 6651 6652
f 6524 6653 6525
f 6524 6652 6653
f 6525 6654 6526
f 6525 6653 6654
f 6526 6655 6527
f 6526 6654 6655
f 6527 6656 6528
f 6527 6655 6656
f 6528 6657 6529
f 6528 6656 6657
f 6529 6530 6402
f 6529 6657 6530
f 6530 6659 6531
f 6530 6658 6659
f 6531 6660 6532
f 6531 6659 6660
f 6532 6661 6533
f 6532 6660 6661
f 6533 6662 6534
f 6533 6661 6662
f 6534 6663 6535
f 6534 6662 6663
f 6535 6664 6536
f 6535 6663 6664
f 6536 6665 6537
f 6536 6664 6665
f 6537 6666 6538
f 6537 6665 6666
f 6538 6667 6539
f 6538 6666 6667
f 6539 6668 6540
f 6539 6667 6668
f 6540 6669 6541
f 6540 6668 6669
f 6541 6670 6542
f 6541 6669 6670
f 6542 6671 6543
f 6542 6670 6671
f 6543 6672 6544
f 6543 6671 6672
f 6544 6673 6545
f 6544 6672 6673
f 6545 6674 6546
f 6545 6673 6674
f 6546 6675 6547
f 6546 6674 6675
f 6547 6676 6548
f 6547 6675 6676
f 6548 6677 6549
f 6548 6676 6677
f 6549 6678 6550
f 6549 6677 6678
f 6550 6679 6551
f 6550 6678 6679
f 6551 6680 6552
f 6551 6679 6680
f 6552 6681 6553
f 6552 6680 6681
f 6553 6682 6554
f 6553 6681 6682
f 6554 6683 6555
f 6554 6682 6683
f 6555 6684 6556
f 6555 6683 6684
f 6556 6685 6557
f 6556 6684 6685
f 6557 6686 6558
f 6557 6685 6686
f 6558 6687 6559
f 6558 6686 6687
f 6559 6688 6560
f 6559 6687 6688
f 6560 6689 6561
f 6560 6688 6689
f 6561 6690 6562
f 6561 6689 6690
f 6562 6691 6563
f 6562 6690 6691
f 6563 6692 6564
f 6563 6691 6692
f 6564 6693 6565
f 6564 6692 6693
f 6565 6694 6566
f 6565 6693 6694
f 6566 6695 6567
f 6566 6694 6695
f 6567 6696 6568
f 6567 6695 6696
f 6568 6697 6569
f 6568 6696 6697
f 6569 6698 6570
f 6569 6697 6698
f 6570 6699 6571
f 6570 6698 6699
f 6571 6700 6572
f 6571 6699 6700
f 6572 6701 6573
f 6572 6700 6701
f 6573 6702 6574
f 6573 6701 6702
f 6574 6703 6575
f 6574 6702 6703
f 6575 6704 6576
f 6575 6703 6704
f 6576 6705 6577
f 6576 6704 6705
f 6577 6706 6578
f 6577 6705 6706
f 6578 6707 6579
f 6578 6706 6707
f 6579 6708 6580
f 6579 6707 6708
f 6580 6709 6581
f 6580 6708 6709
f 6581 6710 6582
f 6581 6709 6710
f 6582 6711 6583
f 6582 6710 6711
f 6583 6712 6584
f 6583 6711 6712
f 6584 6713 6585
f 6584 6712 6713
f 6585 6714 6586
f 6585 6713 6714
f 6586 6715 6587
f 6586 6714 6715
f 6587 6716 6588
f 6587 6715 6716
f 6588 6717 6589
f 6588 6716 6717
f 6589 6718 6590
f 6589 6717 6718
f 6590 6719 6591
f 6590 6718 6719
f 6591 6720 6592
f 6591 6719 6720
f 6592 6721 6593
f 6592 6720 6721
f 6593 6722 6594
f 6593 6721 6722
f 6594 6723 6595
f 6594 6722 6723
f 6595 6724 6596
f 6595 6723 6724
f 6596 6725 6597
f 6596 6724 6725
f 6597 6726 6598
f 6597 6725 6726
f 6598 6727 6599
f 6598 6726 6727
f 6599 6728 6600
f 6599 6727 6728
f 6600 6729 6601
f 6600 6728 6729
f 6601 6730 6602
f 6601 6729 6730
f 6602 6731 6603
f 6602 6730 6731
f 6603 6732 6604
f 6603 6731 6732
f 6604 6733 6605
f 6604 6732 6733
f 6605 6734 6606
f 6605 6733 6734
f 6606 6735 6607
f 6606 6734 6735
f 6607 6736 6608
f 6607 6735 6736
f 6608 6737 6609
f 6608 6736 6737
f 6609 6738 6610
f 6609 6737 6738
f 6610 6739 6611
f 6610 6738 6739
f 6611 6740 6612
f 6611 6739 6740
f 6612 6741 6613
f 6612 6740 6741
f 6613 6742 6614
f 6613 6741 6742
f 6614 6743 6615
f 6614 6742 6743
f 6615 6744 6616
f 6615 6743 6744
f 6616 6745 6617
f 6616 6744 6745
f 6617 6746 6618
f 6617 6745 6746
f 6618 6747 6619
f 6618 6746 6747
f 6619 6748 6620
f 6619 6747 6748
f 6620 6749 6621
f 6620 6748 6749
f 6621 6750 6622
f 6621 6749 6750
f 6622 6751 6623
f 6622 6750 6751
f 6623 6752 6624
f 6623 6751 6752
f 6624 6753 6625
f 6624 6752 6753
f 6625 6754 6626
f 6625 6753 6754
f 6626 6755 6627
f 6626 6754 6755
f 6627 6756 6628
f 6627 6755 6756
f 6628 6757 6629
f 6628 6756 6757
f 6629 6758 6630
f 6629 6757 6758
f 6630 6759 6631
f 6630 6758 6759
f 6631 6760 6632
f 6631 6759 6760
f 6632 6761 6633
f 6632 6760 6761
f 6633 6762 6634
f 6633 6761 6762
f 6634 6763 6635
f 6634 6762 6763
f 6635 6764 6636
f 6635 6763 6764
f 6636 6765 6637
f 6636 6764 6765
f 6637 6766 6638
f 6637 6765 6766
f 6638 6767 6639
f 6638 6766 6767
f 6639 6768 6640
f 6639 6767 6768
f 6640 6769 6641
f 6640 6768 6769
f 6641 6770 6642
f 6641 6769 6770
f 6642 6771 6643
f 6642 6770 6771
f 6643 6772 6644
f 6643 6771 6772
f 6644 6773 6645
f 6644 6772 6773
f 6645 6774 6646
f 6645 6773 6774
f 6646 6775 6647
f 6646 6774 6775
f 6647 6776 6648
f 6647 6775 6776
f 6648 6777 6649
f 6648 6776 6777
f 6649 6778 6650
f 6649 6777 6778
f 6650 6779 6651
f 6650 6778 6779
f 6651 6780 6652
f 6651 6779 6780
f 6652 6781 6653
f 6652 6780 6781
f 6653 6782 6654
f 6653 6781 6782
f 6654 6783 6655
f 6654 6782 6783
f 6655 6784 6656
f 6655 6783 6784
f 6656 6785 6657
f 6656 6784 6785
f 6657 6658 6530
f 6657 6785 6658
f 6658 6787 6659
f 6658 6786 6787
f 6659 6788 6660
f 6659 6787 6788
f 6660 6789 6661
f 6660 6788 6789
f 6661 6790 6662
f 6661 6789 6790
f 6662 6791 6663
f 6662 6790 6791
f 6663 6792 6664
f 6663 6791 6792
f 6664 6793 6665
f 6664 6792 6793
f 6665 6794 6666
f 6665 6793 6794
f 6666 6795 6667
f 6666 6794 6795
f 6667 6796 6668
f 6667 6795 6796
f 6668 6797 6669
f 6668 6796 6797
f 6669 6798 6670
f 6669 6797 6798
f 6670 6799 6671
f 6670 6798 6799
f 6671 6800 6672
f 6671 6799 6800
f 6672 6801 6673
f 6672 6800 6801
f 6673 6802 6674
f 6673 6801 6802
f 6674 6803 6675
f 6674 6802 6803
f 6675 6804 6676
f 6675 6803 6804
f 6676 6805 6677
f 6676 6804 6805
f 6677 6806 6678
f 6677 6805 6806
f 6678 6807 6679
f 6678 6806 6807
f 6679 6808 6680
f 6679 6807 6808
f 6680 6809 6681
f 6680 6808 6809
f 6681 6810 6682
f 6681 6809 6810
f 6682 6811 6683
f 6682 6810 6811
f 6683 6812 6684
f 6683 6811 6812
f 6684 6813 6685
f 6684 6812 6813
f 6685 6814 6686
f 6685 6813 6814
f 6686 6815 6687
f 6686 6814 6815
f 6687 6816 6688
f 6687 6815 6816
f 6688 6817 6689
f 6688 6816 6817
f 6689 6818 6690
f 6689 6817 6818
f 6690 6819 6691
f 6690 6818 6819
f 6691 6820 6692
f 6691 6819 6820
f 6692 6821 6693
f 6692 6820 6821
f 6693 6822 6694
f 6693 6821 6822
f 6694 6823 6695
f 6694 6822 6823
f 6695 6824 6696
f 6695 6823 6824
f 6696 6825 6697
f 6696 6824 6825
f 6697 6826 6698
f 6697 6825 6826
f 6698 6827 6699
f 6698 6826 6827
f 6699 6828 6700
f 6699 6827 6828
f 6700 6829 6701
f 6700 6828 6829
f 6701 6830 6702
f 6701 6829 6830
f 6702 6831 6703
f 6702 6830 6831
f 6703 6832 6704
f 6703 6831 6832
f 6704 6833 6705
f 6704 6832 6833
f 6705 6834 6706
f 6705 6833 6834
f 6706 6835 6707
f 6706 6834 6835
f 6707 6836 6708
f 6707 6835 6836
f 6708 6837 6709
f 6708 6836 6837
f 6709 6838 6710
f 6709 6837 6838
f 6710 6839 6711
f 6710 6838 6839
f 6711 6840 6712
f 6711 6839 6840
f 6712 6841 6713
f 6712 6840 6841
f 6713 6842 6714
f 6713 6841 6842
f 6714 6843 6715
f 6714 6842 6843
f 6715 6844 6716
f 6715 6843 6844
f 6716 6845 6717
f 6716 6844 6845
f 6717 6846 6718
f 6717 6845 6846
f 6718 6847 6719
f 6718 6846 6847
f 6719 6848 6720
f 6719 6847 6848
f 6720 6849 6721
f 6720 6848 6849
f 6721 6850 6722
f 6721 6849 6850
f 6722 6851 6723
f 6722 6850 6851
f 6723 6852 6724
f 6723 6851 6852
f 6724 6853 6725
f 6724 6852 6853
f 6725 6854 6726
f 6725 6853 6854
f 6726 6855 6727
f 6726 6854 6855
f 6727 6856 6728
f 6727 6855 6856
f 6728 6857 6729
f 6728 6856 6857
f 6729 6858 6730
f 6729 6857 6858
f 6730 6859 6731
f 6730 6858 6859
f 6731 6860 6732
f 6731 6859 6860
f 6732 6861 6733
f 6732 6860 6861
f 6733 6862 6734
f 6733 6861 6862
f 6734 6863 6735
f 6734 6862 6863
f 6735 6864 6736
f 6735 6863 6864
f 6736 6865 6737
f 6736 6864 6865
f 6737 6866 6738
f 6737 6865 6866
f 6738 6867 6739
f 6738 6866 6867
f 6739 6868 6740
f 6739 6867 6868
f 6740 6869 6741
f 6740 6868 6869
f 6741 6870 6742
f 6741 6869 6870
f 6742 6871 6743
f 6742 6870 6871
f 6743 6872 6744
f 6743 6871 6872
f 6744 6873 6745
f 6744 6872 6873
f 6745 6874 6746
f 6745 6873 6874
f 6746 6875 6747
f 6746 6874 6875
f 6747 6876 6748
f 6747 6875 6876
f 6748 6877 6749
f 6748 6876 6877
f 6749 6878 6750
f 6749 6877 6878
f 6750 6879 6751
f 6750 6878 6879
f 6751 6880 6752
f 6751 6879 6880
f 6752 6881 6753
f 6752 6880 6881
f 6753 6882 6754
f 6753 6881 6882
f 6754 6883 6755
f 6754 6882 6883
f 6755 6884 6756
f 6755 6883 6884
f 6756 6885 6757
f 6756 6884 6885
f 6757 6886 6758
f 6757 6885 6886
f 6758 6887 6759
f 6758 6886 6887
f 6759 6888 6760
f 6759 6887 6888
f 6760 6889 6761
f 6760 6888 6889
f 6761 6890 6762
f 6761 6889 6890
f 6762 6891 6763
f 6762 6890 6891
f 6763 6892 6764
f 6763 6891 6892
f 6764 6893 6765
f 6764 6892 6893
f 6765 6894 6766
f 6765 6893 6894
f 6766 6895 6767
f 6766 6894 6895
f 6767 6896 6768
f 6767 6895 6896
f 6768 6897 6769
f 6768 6896 6897
f 6769 6898 6770
f 6769 6897 6898
f 6770 6899 6771
f 6770 6898 6899
f 6771 6900 6772
f 6771 6899 6900
f 6772 6901 6773
f 6772 6900 6901
f 6773 6902 6774
f 6773 6901 6902
f 6774 6903 6775
f 6774 6902 6903
f 6775 6904 6776
f 6775 6903 6904
f 6776 6905 6777
f 6776 6904 6905
f 6777 6906 6778
f 6777 6905 6906
f 6778 6907 6779
f 6778 6906 6907
f 6779 6908 6780
f 6779 6907 6908
f 6780 6909 6781
f 6780 6908 6909
f 6781 6910 6782
f 6781 6909 6910
f 6782 6911 6783
f 6782 6910 6911
f 6783 6912 6784
f 6783 6911 6912
f 6784 6913 6785
f 6784 6912 6913
f 6785 6786 6658
f 6785 6913 6786
f 6786 6915 6787
f 6786 6914 6915
f 6787 6916 6788
f 6787 6915 6916
f 6788 6917 6789
f 6788 6916 6917
f 6789 6918 6790
f 6789 6917 6918
f 6790 6919 6791
f 6790 6918 6919
f 6791 6920 6792
f 6791 6919 6920
f 6792 6921 6793
f 6792 6920 6921
f 6793 6922 6794
f 6793 6921 6922
f 6794 6923 6795
f 6794 6922 6923
f 6795 6924 6796
f 6795 6923 6924
f 6796 6925 6797
f 6796 6924 6925
f 6797 6926 6798
f 6797 6925 6926
f 6798 6927 6799
f 6798 6926 6927
f 6799 6928 6800
f 6799 6927 6928
f 6800 6929 6801
f 6800 6928 6929
f 6801 6930 6802
f 6801 6929 6930
f 6802 6931 6803
f 6802 6930 6931
f 6803 6932 6804
f 6803 6931 6932
f 6804 6933 6805
f 6804 6932 6933
f 6805 6934 6806
f 6805 6933 6934
f 6806 6935 6807
f 6806 6934 6935
f 6807 6936 6808
f 6807 6935 6936
f 6808 6937 6809
f 6808 6936 6937
f 6809 6938 6810
f 6809 6937 6938
f 6810 6939 6811
f 6810 6938 6939
f 6811 6940 6812
f 6811 6939 6940
f 6812 6941 6813
f 6812 6940 6941
f 6813 6942 6814
f 6813 6941 6942
f 6814 6943 6815
f 6814 6942 6943
f 6815 6944 6816
f 6815 6943 6944
f 6816 6945 6817
f 6816 6944 6945
f 6817 6946 6818
f 6817 6945 6946
f 6818 6947 6819
f 6818 6946 6947
f 6819 6948 6820
f 6819 6947 6948
f 6820 6949 6821
f 6820 6948 6949
f 6821 6950 6822
f 6821 6949 6950
f 6822 6951 6823
f 6822 6950 6951
f 6823 6952 6824
f 6823 6951 6952
f 6824 6953 6825
f 6824 6952 6953
f 6825 6954 6826
f 6825 6953 6954
f 6826 6955 6827
f 6826 6954 6955
f 6827 6956 6828
f 6827 6955 6956
f 6828 6957 6829
f 6828 6956 6957
f 6829 6958 6830
f 6829 6957 6958
f 6830 6959 6831
f 6830 6958 6959
f 6831 6960 6832
f 6831 6959 6960
f 6832 6961 6833
f 6832 6960 6961
f 6833 6962 6834
f 6833 6961 6962
f 6834 6963 6835
f 6834 6962 6963
f 6835 6964 6836
f 6835 6963 6964
f 6836 6965 6837
f 6836 6964 6965
f 6837 6966 6838
f 6837 6965 6966
f 6838 6967 6839
f 6838 6966 6967
f 6839 6968 6840
f 6839 6967 6968
f 6840 6969 6841
f 6840 6968 6969
f 6841 6970 6842
f 6841 6969 6970
f 6842 6971 6843
f 6842 6970 6971
f 6843 6972 6844
f 6843 6971 6972
f 6844 6973 6845
f 6844 6972 6973
f 6845 6974 6846
f 6845 6973 6974
f 6846 6975 6847
f 6846 6974 6975
f 6847 6976 6848
f 6847 6975 6976
f 6848 6977 6849
f 6848 6976 6977
f 6849 6978 6850
f 6849 6977 6978
f 6850 6979 6851
f 6850 6978 6979
f 6851 6980 6852
f 6851 6979 6980
f 6852 6981 6853
f 6852 6980 6981
f 6853 6982 6854
f 6853 6981 6982
f 6854 6983 6855
f 6854 6982 6983
f 6855 6984 6856
f 6855 6983 6984
f 6856 6985 6857
f 6856 6984 6985
f 6857 6986 6858
f 6857 6985 6986
f 6858 6987 6859
f 6858 6986 6987
f 6859 6988 6860
f 6859 6987 6988
f 6860 6989 6861
f 6860 6988 6989
f 6861 6990 6862
f 6861 6989 6990
f 6862 6991 6863
f 6862 6990 6991
f 6863 6992 6864
f 6863 6991 6992
f 6864 6993 6865
f 6864 6992 6993
f 6865 6994 6866
f 6865 6993 6994
f 6866 6995 6867
f 6866 6994 6995
f 6867 6996 6868
f 6867 6995 6996
f 6868 6997 6869
f 6868 6996 6997
f 6869 6998 6870
f 6869 6997 6998
f 6870 6999 6871
f 6870 6998 6999
f 6871 7000 6872
f 6871 6999 7000
f 6872 7001 6873
f 6872 7000 7001
f 6873 7002 6874
f 6873 7001 7002
f 6874 7003 6875
f 6874 7002 7003
f 6875 7004 6876
f 6875 7003 7004
f 6876 7005 6877
f 6876 7004 7005
f 6877 7006 6878
f 6877 7005 7006
f 6878 7007 6879
f 6878 7006 7007
f 6879 7008 6880
f 6879 7007 7008
f 6880 7009 6881
f 6880 7008 7009
f 6881 7010 6882
f 6881 7009 7010
f 6882 7011 6883
f 6882 7010 7011
f 6883 7012 6884
f 6883 7011 7012
f 6884 7013 6885
f 6884 7012 7013
f 6885 7014 6886
f 6885 7013 7014
f 6886 7015 6887
f 6886 7014 7015
f 6887 7016 6888
f 6887 7015 7016
f 6888 7017 6889
f 6888 7016 7017
f 6889 7018 6890
f 6889 7017 7018
f 6890 7019 6891
f 6890 7018 7019
f 6891 7020 6892
f 6891 7019 7020
f 6892 7021 6893
f 6892 7020 7021
f 6893 7022 6894
f 6893 7021 7022
f 6894 7023 6895
f 6894 7022 7023
f 6895 7024 6896
f 6895 7023 7024
f 6896 7025 6897
f 6896 7024 7025
f 6897 7026 6898
f 6897 7025 7026
f 6898 7027 6899
f 6898 7026 7027
f 6899 7028 6900
f 6899 7027 7028
f 6900 7029 6901
f 6900 7028 7029
f 6901 7030 6902
f 6901 7029 7030
f 6902 7031 6903
f 6902 7030 7031
f 6903 7032 6904
f 6903 7031 7032
f 6904 7033 6905
f 6904 7032 7033
f 6905 7034 6906
f 6905 7033 7034
f 6906 7035 6907
f 6906 7034 7035
f 6907 7036 6908
f 6907 7035 7036
f 6908 7037 6909
f 6908 7036 7037
f 6909 7038 6910
f 6909 7037 7038
f 6910 7039 6911
f 6910 7038 7039
f 6911 7040 6912
f 6911 7039 7040
f 6912 7041 6913
f 6912 7040 7041
f 6913 6914 6786
f 6913 7041 6914
f 6914 7043 6915
f 6914 7042 7043
f 6915 7044 6916
f 6915 7043 7044
f 6916 7045 6917
f 6916 7044 7045
f 6917 7046 6918
f 6917 7045 7046
f 6918 7047 6919
f 6918 7046 7047
f 6919 7048 6920
f 6919 7047 7048
f 6920 7049 6921
f 6920 7048 7049
f 6921 7050 6922
f 6921 7049 7050
f 6922 7051 6923
f 6922 7050 7051
f 6923 7052 6924
f 6923 7051 7052
f 6924 7053 6925
f 6924 7052 7053
f 6925 7054 6926
f 6925 7053 7054
f 6926 7055 6927
f 6926 7054 7055
f 6927 7056 6928
f 6927 7055 7056
f 6928 7057 6929
f 6928 7056 7057
f 6929 7058 6930
f 6929 7057 7058
f 6930 7059 6931
f 6930 7058 7059
f 6931 7060 6932
f 6931 7059 7060
f 6932 7061 6933
f 6932 7060 7061
f 6933 7062 6934
f 6933 7061 7062
f 6934 7063 6935
f 6934 7062 7063
f 6935 7064 6936
f 6935 7063 7064
f 6936 7065 6937
f 6936 7064 7065
f 6937 7066 6938
f 6937 7065 7066
f 6938 7067 6939
f 6938 7066 7067
f 6939 7068 6940
f 6939 7067 7068
f 6940 7069 6941
f 6940 7068 7069
f 6941 7070 6942
f 6941 7069 7070
f 6942 7071 6943
f 6942 7070 7071
f 6943 7072 6944
f 6943 7071 7072
f 6944 7073 6945
f 6944 7072 7073
f 6945 7074 6946
f 6945 7073 7074
f 6946 7075 6947
f 6946 7074 7075
f 6947 7076 6948
f 6947 7075 7076
f 6948 7077 6949
f 6948 7076 7077
f 6949 7078 6950
f 6949 7077 7078
f 6950 7079 6951
f 6950 7078 7079
f 6951 7080 6952
f 6951 7079 7080
f 6952 7081 6953
f 6952 7080 7081
f 6953 7082 6954
f 6953 7081 7082
f 6954 7083 6955
f 6954 7082 7083
f 6955 7084 6956
f 6955 7083 7084
f 6956 7085 6957
f 6956 7084 7085
f 6957 7086 6958
f 6957 7085 7086
f 6958 7087 6959
f 6958 7086 7087
f 6959 7088 6960
f 6959 7087 7088
f 6960 7089 6961
f 6960 7088 7089
f 6961 7090 6962
f 6961 7089 7090
f 6962 7091 6963
f 6962 7090 7091
f 6963 7092 6964
f 6963 7091 7092
f 6964 7093 6965
f 6964 7092 7093
f 6965 7094 6966
f 6965 7093 7094
f 6966 7095 6967
f 6966 7094 7095
f 6967 7096 6968
f 6967 7095 7096
f 6968 7097 6969
f 6968 7096 7097
f 6969 7098 6970
f 6969 7097 7098
f 6970 7099 6971
f 6970 7098 7099
f 6971 7100 6972
f 6971 7099 7100
f 6972 7101 6973
f 6972 7100 7101
f 6973 7102 6974
f 6973 7101 7102
f 6974 7103 6975
f 6974 7102 7103
f 6975 7104 6976
f 6975 7103 7104
f 6976 7105 6977
f 6976 7104 7105
f 6977 7106 6978
f 6977 7105 7106
f 6978 7107 6979
f 6978 7106 7107
f 6979 7108 6980
f 6979 7107 7108
f 6980 7109 6981
f 6980 7108 7109
f 6981 7110 6982
f 6981 7109 7110
f 6982 7111 6983
f 6982 7110 7111
f 6983 7112 6984
f 6983 7111 7112
f 6984 7113 6985
f 6984 7112 7113
f 6985 7114 6986
f 6985 7113 7114
f 6986 7115 6987
f 6986 7114 7115
f 6987 7116 6988
f 6987 7115 7116
f 6988 7117 6989
f 6988 7116 7117
f 6989 7118 6990
f 6989 7117 7118
f 6990 7119 6991
f 6990 7118 7119
f 6991 7120 6992
f 6991 7119 7120
f 6992 7121 6993
f 6992 7120 7121
f 6993 7122 6994
f 6993 7121 7122
f 6994 7123 6995
f 6994 7122 7123
f 6995 7124 6996
f 6995 7123 7124
f 6996 7125 6997
f 6996 7124 7125
f 6997 7126 6998
f 6997 7125 7126
f 6998 7127 6999
f 6998 7126 7127
f 6999 7128 7000
f 6999 7127 7128
f 7000 7129 7001
f 7000 7128 7129
f 7001 7130 7002
f 7001 7129 7130
f 7002 7131 7003
f 7002 7130 7131
f 7003 7132 7004
f 7003 7131 7132
f 7004 7133 7005
f 7004 7132 7133
f 7005 7134 7006
f 7005 7133 7134
f 7006 7135 7007
f 7006 7134 7135
f 7007 7136 7008
f 7007 7135 7136
f 7008 7137 7009
f 7008 7136 7137
f 7009 7138 7010
f 7009 7137 7138
f 7010 7139 7011
f 7010 7138 7139
f 7011 7140 7012
f 7011 7139 7140
f 7012 7141 7013
f 7012 7140 7141
f 7013 7142 7014
f 7013 7141 7142
f 7014 7143 7015
f 7014 7142 7143
f 7015 7144 7016
f 7015 7143 7144
f 7016 7145 7017
f 7016 7144 7145
f 7017 7146 7018
f 7017 7145 7146
f 7018 7147 7019
f 7018 7146 7147
f 7019 7148 7020
f 7019 7147 7148
f 7020 7149 7021
f 7020 7148 7149
f 7021 7150 7022
f 7021 7149 7150
f 7022 7151 7023
f 7022 7150 7151
f 7023 7152 7024
f 7023 7151 7152
f 7024 7153 7025
f 7024 7152 7153
f 7025 7154 7026
f 7025 7153 7154
f 7026 7155 7027
f 7026 7154 7155
f 7027 7156 7028
f 7027 7155 7156
f 7028 7157 7029
f 7028 7156 7157
f 7029 7158 7030
f 7029 7157 7158
f 7030 7159 7031
f 7030 7158 7159
f 7031 7160 7032
f 7031 7159 7160
f 7032 7161 7033
f 7032 7160 7161
f 7033 7162 7034
f 7033 7161 7162
f 7034 7163 7035
f 7034 7162 7163
f 7035 7164 7036
f 7035 7163 7164
f 7036 7165 7037
f 7036 7164 7165
f 7037 7166 7038
f 7037 7165 7166
f 7038 7167 7039
f 7038 7166 7167
f 7039 7168 7040
f 7039 7167 7168
f 7040 7169 7041
f 7040 7168 7169
f 7041 7042 6914
f 7041 7169 7042
f 7042 7171 7043
f 7042 7170 7171
f 7043 7172 7044
f 7043 7171 7172
f 7044 7173 7045
f 7044 7172 7173
f 7045 7174 7046
f 7045 7173 7174
f 7046 7175 7047
f 7046 7174 7175
f 7047 7176 7048
f 7047 7175 7176
f 7048 7177 7049
f 7048 7176 7177
f 7049 7178 7050
f 7049 7177 7178
f 7050 7179 7051
f 7050 7178 7179
f 7051 7180 7052
f 7051 7179 7180
f 7052 7181 7053
f 7052 7180 7181
f 7053 7182 7054
f 7053 7181 7182
f 7054 7183 7055
f 7054 7182 7183
f 7055 7184 7056
f 7055 7183 7184
f 7056 7185 7057
f 7056 7184 7185
f 7057 7186 7058
f 7057 7185 7186
f 7058 7187 7059
f 7058 7186 7187
f 7059 7188 7060
f 7059 7187 7188
f 7060 7189 7061
f 7060 7188 7189
f 7061 7190 7062
f 7061 7189 7190
f 7062 7191 7063
f 7062 7190 7191
f 7063 7192 7064
f 7063 7191 7192
f 7064 7193 7065
f 7064 7192 7193
f 7065 7194 7066
f 7065 7193 7194
f 7066 7195 7067
f 7066 7194 7195
f 7067 7196 7068
f 7067 7195 7196
f 7068 7197 7069
f 7068 7196 7197
f 7069 7198 7070
f 7069 7197 7198
f 7070 7199 7071
f 7070 7198 7199
f 7071 7200 7072
f 7071 7199 7200
f 7072 7201 7073
f 7072 7200 7201
f 7073 7202 7074
f 7073 7201 7202
f 7074 7203 7075
f 7074 7202 7203
f 7075 7204 7076
f 7075 7203 7204
f 7076 7205 7077
f 7076 7204 7205
f 7077 7206 7078
f 7077 7205 7206
f 7078 7207 7079
f 7078 7206 7207
f 7079 7208 7080
f 7079 7207 7208
f 7080 7209 7081
f 7080 7208 7209
f 7081 7210 7082
f 7081 7209 7210
f 7082 7211 7083
f 7082 7210 7211
f 7083 7212 7084
f 7083 7211 7212
f 7084 7213 7085
f 7084 7212 7213
f 7085 7214 7086
f 7085 7213 7214
f 7086 7215 7087
f 7086 7214 7215
f 7087 7216 7088
f 7087 7215 7216
f 7088 7217 7089
f 7088 7216 7217
f 7089 7218 7090
f 7089 7217 7218
f 7090 7219 7091
f 7090 7218 7219
f 7091 7220 7092
f 7091 7219 7220
f 7092 7221 7093
f 7092 7220 7221
f 7093 7222 7094
f 7093 7221 7222
f 7094 7223 7095
f 7094 7222 7223
f 7095 7224 7096
f 7095 7223 7224
f 7096 7225 7097
f 7096 7224 7225
f 7097 7226 7098
f 7097 7225 7226
f 7098 7227 7099
f 7098 7226 7227
f 7099 7228 7100
f 7099 7227 7228
f 7100 7229 7101
f 7100 7228 7229
f 7101 7230 7102
f 7101 7229 7230
f 7102 7231 7103
f 7102 7230 7231
f 7103 7232 7104
f 7103 7231 7232
f 7104 7233 7105
f 7104 7232 7233
f 7105 7234 7106
f 7105 7233 7234
f 7106 7235 7107
f 7106 7234 7235
f 7107 7236 7108
f 7107 7235 7236
f 7108 7237 7109
f 7108 7236 7237
f 7109 7238 7110
f 7109 7237 7238
f 7110 7239 7111
f 7110 7238 7239
f 7111 7240 7112
f 7111 7239 7240
f 7112 7241 7113
f 7112 7240 7241
f 7113 7242 7114
f 7113 7241 7242
f 7114 7243 7115
f 7114 7242 7243
f 7115 7244 7116
f 7115 7243 7244
f 7116 7245 7117
f 7116 7244 7245
f 7117 7246 7118
f 7117 7245 7246
f 7118 7247 7119
f 7118 7246 7247
f 7119 7248 7120
f 7119 7247 7248
f 7120 7249 7121
f 7120 7248 7249
f 7121 7250 7122
f 7121 7249 7250
f 7122 7251 7123
f 7122 7250 7251
f 7123 7252 7124
f 7123 7251 7252
f 7124 7253 7125
f 7124 7252 7253
f 7125 7254 7126
f 7125 7253 7254
f 7126 7255 7127
f 7126 7254 7255
f 7127 7256 7128
f 7127 7255 7256
f 7128 7257 7129
f 7128 7256 7257
f 7129 7258 7130
f 7129 7257 7258
f 7130 7259 7131
f 7130 7258 7259
f 7131 7260 7132
f 7131 7259 7260
f 7132 7261 7133
f 7132 7260 7261
f 7133 7262 7134
f 7133 7261 7262
f 7134 7263 7135
f 7134 7262 7263
f 7135 7264 7136
f 7135 7263 7264
f 7136 7265 7137
f 7136 7264 7265
f 7137 7266 7138
f 7137 7265 7266
f 7138 7267 7139
f 7138 7266 7267
f 7139 7268 7140
f 7139 7267 7268
f 7140 7269 7141
f 7140 7268 7269
f 7141 7270 7142
f 7141 7269 7270
f 7142 7271 7143
f 7142 7270 7271
f 7143 7272 7144
f 7143 7271 7272
f 7144 7273 7145
f 7144 7272 7273
f 7145 7274 7146
f 7145 7273 7274
f 7146 7275 7147
f 7146 7274 7275
f 7147 7276 7148
f 7147 7275 7276
f 7148 7277 7149
f 7148 7276 7277
f 7149 7278 7150
f 7149 7277 7278
f 7150 7279 7151
f 7150 7278 7279
f 7151 7280 7152
f 7151 7279 7280
f 7152 7281 7153
f 7152 7280 7281
f 7153 7282 7154
f 7153 7281 7282
f 7154 7283 7155
f 7154 7282 7283
f 7155 7284 7156
f 7155 7283 7284
f 7156 7285 7157
f 7156 7284 7285
f 7157 7286 7158
f 7157 7285 7286
f 7158 7287 7159
f 7158 7286 7287
f 7159 7288 7160
f 7159 7287 7288
f 7160 7289 7161
f 7160 7288 7289
f 7161 7290 7162
f 7161 7289 7290
f 7162 7291 7163
f 7162 7290 7291
f 7163 7292 7164
f 7163 7291 7292
f 7164 7293 7165
f 7164 7292 7293
f 7165 7294 7166
f 7165 7293 7294
f 7166 7295 7167
f 7166 7294 7295
f 7167 7296 7168
f 7167 7295 7296
f 7168 7297 7169
f 7168 7296 7297
f 7169 7170 7042
f 7169 7297 7170
f 7170 7299 7171
f 7170 7298 7299
f 7171 7300 7172
f 7171 7299 7300
f 7172 7301 7173
f 7172 7300 7301
f 7173 7302 7174
f 7173 7301 7302
f 7174 7303 7175
f 7174 7302 7303
f 7175 7304 7176
f 7175 7303 7304
f 7176 7305 7177
f 7176 7304 7305
f 7177 7306 7178
f 7177 7305 7306
f 7178 7307 7179
f 7178 7306 7307
f 7179 7308 7180
f 7179 7307 7308
f 7180 7309 7181
f 7180 7308 7309
f 7181 7310 7182
f 7181 7309 7310
f 7182 7311 7183
f 7182 7310 7311
f 7183 7312 7184
f 7183 7311 7312
f 7184 7313 7185
f 7184 7312 7313
f 7185 7314 7186
f 7185 7313 7314
f 7186 7315 7187
f 7186 7314 7315
f 7187 7316 7188
f 7187 7315 7316
f 7188 7317 7189
f 7188 7316 7317
f 7189 7318 7190
f 7189 7317 7318
f 7190 7319 7191
f 7190 7318 7319
f 7191 7320 7192
f 7191 7319 7320
f 7192 7321 7193
f 7192 7320 7321
f 7193 7322 7194
f 7193 7321 7322
f 7194 7323 7195
f 7194 7322 7323
f 7195 7324 7196
f 7195 7323 7324
f 7196 7325 7197
f 7196 7324 7325
f 7197 7326 7198
f 7197 7325 7326
f 7198 7327 7199
f 7198 7326 7327
f 7199 7328 7200
f 7199 7327 7328
f 7200 7329 7201
f 7200 7328 7329
f 7201 7330 7202
f 7201 7329 7330
f 7202 7331 7203
f 7202 7330 7331
f 7203 7332 7204
f 7203 7331 7332
f 7204 7333 7205
f 7204 7332 7333
f 7205 7334 7206
f 7205 7333 7334
f 7206 7335 7207
f 7206 7334 7335
f 7207 7336 7208
f 7207 7335 7336
f 7208 7337 7209
f 7208 7336 7337
f 7209 7338 7210
f 7209 7337 7338
f 7210 7339 7211
f 7210 7338 7339
f 7211 7340 7212
f 7211 7339 7340
f 7212 7341 7213
f 7212 7340 7341
f 7213 7342 7214
f 7213 7341 7342
f 7214 7343 7215
f 7214 7342 7343
f 7215 7344 7216
f 7215 7343 7344
f 7216 7345 7217
f 7216 7344 7345
f 7217 7346 7218
f 7217 7345 7346
f 7218 7347 7219
f 7218 7346 7347
f 7219 7348 7220
f 7219 7347 7348
f 7220 7349 7221
f 7220 7348 7349
f 7221 7350 7222
f 7221 7349 7350
f 7222 7351 7223
f 7222 7350 7351
f 7223 7352 7224
f 7223 7351 7352
f 7224 7353 7225
f 7224 7352 7353
f 7225 7354 7226
f 7225 7353 7354
f 7226 7355 7227
f 7226 7354 7355
f 7227 7356 7228
f 7227 7355 7356
f 7228 7357 7229
f 7228 7356 7357
f 7229 7358 7230
f 7229 7357 7358
f 7230 7359 7231
f 7230 7358 7359
f 7231 7360 7232
f 7231 7359 7360
f 7232 7361 7233
f 7232 7360 7361
f 7233 7362 7234
f 7233 7361 7362
f 7234 7363 7235
f 7234 7362 7363
f 7235 7364 7236
f 7235 7363 7364
f 7236 7365 7237
f 7236 7364 7365
f 7237 7366 7238
f 7237 7365 7366
f 7238 7367 7239
f 7238 7366 7367
f 7239 7368 7240
f 7239 7367 7368
f 7240 7369 7241
f 7240 7368 7369
f 7241 7370 7242
f 7241 7369 7370
f 7242 7371 7243
f 7242 7370 7371
f 7243 7372 7244
f 7243 7371 7372
f 7244 7373 7245
f 7244 7372 7373
f 7245 7374 7246
f 7245 7373 7374
f 7246 7375 7247
f 7246 7374 7375
f 7247 7376 7248
f 7247 7375 7376
f 7248 7377 7249
f 7248 7376 7377
f 7249 7378 7250
f 7249 7377 7378
f 7250 7379 7251
f 7250 7378 7379
f 7251 7380 7252
f 7251 7379 7380
f 7252 7381 7253
f 7252 7380 7381
f 7253 7382 7254
f 7253 7381 7382
f 7254 7383 7255
f 7254 7382 7383
f 7255 7384 7256
f 7255 7383 7384
f 7256 7385 7257
f 7256 7384 7385
f 7257 7386 7258
f 7257 7385 7386
f 7258 7387 7259
f 7258 7386 7387
f 7259 7388 7260
f 7259 7387 7388
f 7260 7389 7261
f 7260 7388 7389
f 7261 7390 7262
f 7261 7389 7390
f 7262 7391 7263
f 7262 7390 7391
f 7263 7392 7264
f 7263 7391 7392
f 7264 7393 7265
f 7264 7392 7393
f 7265 7394 7266
f 7265 7393 7394
f 7266 7395 7267
f 7266 7394 7395
f 7267 7396 7268
f 7267 7395 7396
f 7268 7397 7269
f 7268 7396 7397
f 7269 7398 7270
f 7269 7397 7398
f 7270 7399 7271
f 7270 7398 7399
f 7271 7400 7272
f 7271 7399 7400
f 7272 7401 7273
f 7272 7400 7401
f 7273 7402 7274
f 7273 7401 7402
f 7274 7403 7275
f 7274 7402 7403
f 7275 7404 7276
f 7275 7403 7404
f 7276 7405 7277
f 7276 7404 7405
f 7277 7406 7278
f 7277 7405 7406
f 7278 7407 7279
f 7278 7406 7407
f 7279 7408 7280
f 7279 7407 7408
f 7280 7409 7281
f 7280 7408 7409
f 7281 7410 7282
f 7281 7409 7410
f 7282 7411 7283
f 7282 7410 7411
f 7283 7412 7284
f 7283 7411 7412
f 7284 7413 7285
f 7284 7412 7413
f 7285 7414 7286
f 7285 7413 7414
f 7286 7415 7287
f 7286 7414 7415
f 7287 7416 7288
f 7287 7415 7416
f 7288 7417 7289
f 7288 7416 7417
f 7289 7418 7290
f 7289 7417 7418
f 7290 7419 7291
f 7290 7418 7419
f 7291 7420 7292
f 7291 7419 7420
f 7292 7421 7293
f 7292 7420 7421
f 7293 7422 7294
f 7293 7421 7422
f 7294 7423 7295
f 7294 7422 7423
f 7295 7424 7296
f 7295 7423 7424
f 7296 7425 7297
f 7296 7424 7425
f 7297 7298 7170
f 7297 7425 7298
f 7298 7427 7299
f 7298 7426 7427
f 7299 7428 7300
f 7299 7427 7428
f 7300 7429 7301
f 7300 7428 7429
f 7301 7430 7302
f 7301 7429 7430
f 7302 7431 7303
f 7302 7430 7431
f 7303 7432 7304
f 7303 7431 7432
f 7304 7433 7305
f 7304 7432 7433
f 7305 7434 7306
f 7305 7433 7434
f 7306 7435 7307
f 7306 7434 7435
f 7307 7436 7308
f 7307 7435 7436
f 7308 7437 7309
f 7308 7436 7437
f 7309 7438 7310
f 7309 7437 7438
f 7310 7439 7311
f 7310 7438 7439
f 7311 7440 7312
f 7311 7439 7440
f 7312 7441 7313
f 7312 7440 7441
f 7313 7442 7314
f 7313 7441 7442
f 7314 7443 7315
f 7314 7442 7443
f 7315 7444 7316
f 7315 7443 7444
f 7316 7445 7317
f 7316 7444 7445
f 7317 7446 7318
f 7317 7445 7446
f 7318 7447 7319
f 7318 7446 7447
f 7319 7448 7320
f 7319 7447 7448
f 7320 7449 7321
f 7320 7448 7449
f 7321 7450 7322
f 7321 7449 7450
f 7322 7451 7323
f 7322 7450 7451
f 7323 7452 7324
f 7323 7451 7452
f 7324 7453 7325
f 7324 7452 7453
f 7325 7454 7326
f 7325 7453 7454
f 7326 7455 7327
f 7326 7454 7455
f 7327 7456 7328
f 7327 7455 7456
f 7328 7457 7329
f 7328 7456 7457
f 7329 7458 7330
f 7329 7457 7458
f 7330 7459 7331
f 7330 7458 7459
f 7331 7460 7332
f 7331 7459 7460
f 7332 7461 7333
f 7332 7460 7461
f 7333 7462 7334
f 7333 7461 7462
f 7334 7463 7335
f 7334 7462 7463
f 7335 7464 7336
f 7335 7463 7464
f 7336 7465 7337
f 7336 7464 7465
f 7337 7466 7338
f 7337 7465 7466
f 7338 7467 7339
f 7338 7466 7467
f 7339 7468 7340
f 7339 7467 7468
f 7340 7469 7341
f 7340 7468 7469
f 7341 7470 7342
f 7341 7469 7470
f 7342 7471 7343
f 7342 7470 7471
f 7343 7472 7344
f 7343 7471 7472
f 7344 7473 7345
f 7344 7472 7473
f 7345 7474 7346
f 7345 7473 7474
f 7346 7475 7347
f 7346 7474 7475
f 7347 7476 7348
f 7347 7475 7476
f 7348 7477 7349
f 7348 7476 7477
f 7349 7478 7350
f 7349 7477 7478
f 7350 7479 7351
f 7350 7478 7479
f 7351 7480 7352
f 7351 7479 7480
f 7352 7481 7353
f 7352 7480 7481
f 7353 7482 7354
f 7353 7481 7482
f 7354 7483 7355
f 7354 7482 7483
f 7355 7484 7356
f 7355 7483 7484
f 7356 7485 7357
f 7356 7484 7485
f 7357 7486 7358
f 7357 7485 7486
f 7358 7487 7359
f 7358 7486 7487
f 7359 7488 7360
f 7359 7487 7488
f 7360 7489 7361
f 7360 7488 7489
f 7361 7490 7362
f 7361 7489 7490
f 7362 7491 7363
f 7362 7490 7491
f 7363 7492 7364
f 7363 7491 7492
f 7364 7493 7365
f 7364 7492 7493
f 7365 7494 7366
f 7365 7493 7494
f 7366 7495 7367
f 7366 7494 7495
f 7367 7496 7368
f 7367 7495 7496
f 7368 7497 7369
f 7368 7496 7497
f 7369 7498 7370
f 7369 7497 7498
f 7370 7499 7371
f 7370 7498 7499
f 7371 7500 7372
f 7371 7499 7500
f 7372 7501 7373
f 7372 7500 7501
f 7373 7502 7374
f 7373 7501 7502
f 7374 7503 7375
f 7374 7502 7503
f 7375 7504 7376
f 7375 7503 7504
f 7376 7505 7377
f 7376 7504 7505
f 7377 7506 7378
f 7377 7505 7506
f 7378 7507 7379
f 7378 7506 7507
f 7379 7508 7380
f 7379 7507 7508
f 7380 7509 7381
f 7380 7508 7509
f 7381 7510 7382
f 7381 7509 7510
f 7382 7511 7383
f 7382 7510 7511
f 7383 7512 7384
f 7383 7511 7512
f 7384 7513 7385
f 7384 7512 7513
f 7385 7514 7386
f 7385 7513 7514
f 7386 7515 7387
f 7386 7514 7515
f 7387 7516 7388
f 7387 7515 7516
f 7388 7517 7389
f 7388 7516 7517
f 7389 7518 7390
f 7389 7517 7518
f 7390 7519 7391
f 7390 7518 7519
f 7391 7520 7392
f 7391 7519 7520
f 7392 7521 7393
f 7392 7520 7521
f 7393 7522 7394
f 7393 7521 7522
f 7394 7523 7395
f 7394 7522 7523
f 7395 7524 7396
f 7395 7523 7524
f 7396 7525 7397
f 7396 7524 7525
f 7397 7526 7398
f 7397 7525 7526
f 7398 7527 7399
f 7398 7526 7527
f 7399 7528 7400
f 7399 7527 7528
f 7400 7529 7401
f 7400 7528 7529
f 7401 7530 7402
f 7401 7529 7530
f 7402 7531 7403
f 7402 7530 7531
f 7403 7532 7404
f 7403 7531 7532
f 7404 7533 7405
f 7404 7532 7533
f 7405 7534 7406
f 7405 7533 7534
f 7406 7535 7407
f 7406 7534 7535
f 7407 7536 7408
f 7407 7535 7536
f 7408 7537 7409
f 7408 7536 7537
f 7409 7538 7410
f 7409 7537 7538
f 7410 7539 7411
f 7410 7538 7539
f 7411 7540 7412
f 7411 7539 7540
f 7412 7541 7413
f 7412 7540 7541
f 7413 7542 7414
f 7413 7541 7542
f 7414 7543 7415
f 7414 7542 7543
f 7415 7544 7416
f 7415 7543 7544
f 7416 7545 7417
f 7416 7544 7545
f 7417 7546 7418
f 7417 7545 7546
f 7418 7547 7419
f 7418 7546 7547
f 7419 7548 7420
f 7419 7547 7548
f 7420 7549 7421
f 7420 7548 7549
f 7421 7550 7422
f 7421 7549 7550
f 7422 7551 7423
f 7422 7550 7551
f 7423 7552 7424
f 7423 7551 7552
f 7424 7553 7425
f 7424 7552 7553
f 7425 7426 7298
f 7425 7553 7426
f 7426 7555 7427
f 7426 7554 7555
f 7427 7556 7428
f 7427 7555 7556
f 7428 7557 7429
f 7428 7556 7557
f 7429 7558 7430
f 7429 7557 7558
f 7430 7559 7431
f 7430 7558 7559
f 7431 7560 7432
f 7431 7559 7560
f 7432 7561 7433
f 7432 7560 7561
f 7433 7562 7434
f 7433 7561 7562
f 7434 7563 7435
f 7434 7562 7563
f 7435 7564 7436
f 7435 7563 7564
f 7436 7565 7437
f 7436 7564 7565
f 7437 7566 7438
f 7437 7565 7566
f 7438 7567 7439
f 7438 7566 7567
f 7439 7568 7440
f 7439 7567 7568
f 7440 7569 7441
f 7440 7568 7569
f 7441 7570 7442
f 7441 7569 7570
f 7442 7571 7443
f 7442 7570 7571
f 7443 7572 7444
f 7443 7571 7572
f 7444 7573 7445
f 7444 7572 7573
f 7445 7574 7446
f 7445 7573 7574
f 7446 7575 7447
f 7446 7574 7575
f 7447 7576 7448
f 7447 7575 7576
f 7448 7577 7449
f 7448 7576 7577
f 7449 7578 7450
f 7449 7577 7578
f 7450 7579 7451
f 7450 7578 7579
f 7451 7580 7452
f 7451 7579 7580
f 7452 7581 7453
f 7452 7580 7581
f 7453 7582 7454
f 7453 7581 7582
f 7454 7583 7455
f 7454 7582 7583
f 7455 7584 7456
f 7455 7583 7584
f 7456 7585 7457
f 7456 7584 7585
f 7457 7586 7458
f 7457 7585 7586
f 7458 7587 7459
f 7458 7586 7587
f 7459 7588 7460
f 7459 7587 7588
f 7460 7589 7461
f 7460 7588 7589
f 7461 7590 7462
f 7461 7589 7590
f 7462 7591 7463
f 7462 7590 7591
f 7463 7592 7464
f 7463 7591 7592
f 7464 7593 7465
f 7464 7592 7593
f 7465 7594 7466
f 7465 7593 7594
f 7466 7595 7467
f 7466 7594 7595
f 7467 7596 7468
f 7467 7595 7596
f 7468 7597 7469
f 7468 7596 7597
f 7469 7598 7470
f 7469 7597 7598
f 7470 7599 7471
f 7470 7598 7599
f 7471 7600 7472
f 7471 7599 7600
f 7472 7601 7473
f 7472 7600 7601
f 7473 7602 7474
f 7473 7601 7602
f 7474 7603 7475
f 7474 7602 7603
f 7475 7604 7476
f 7475 7603 7604
f 7476 7605 7477
f 7476 7604 7605
f 7477 7606 7478
f 7477 7605 7606
f 7478 7607 7479
f 7478 7606 7607
f 7479 7608 7480
f 7479 7607 7608
f 7480 7609 7481
f 7480 7608 7609
f 7481 7610 7482
f 7481 7609 7610
f 7482 7611 7483
f 7482 7610 7611
f 7483 7612 7484
f 7483 7611 7612
f 7484 7613 7485
f 7484 7612 7613
f 7485 7614 7486
f 7485 7613 7614
f 7486 7615 7487
f 7486 7614 7615
f 7487 7616 7488
f 7487 7615 7616
f 7488 7617 7489
f 7488 7616 7617
f 7489 7618 7490
f 7489 7617 7618
f 7490 7619 7491
f 7490 7618 7619
f 7491 7620 7492
f 7491 7619 7620
f 7492 7621 7493
f 7492 7620 7621
f 7493 7622 7494
f 7493 7621 7622
f 7494 7623 7495
f 7494 7622 7623
f 7495 7624 7496
f 7495 7623 7624
f 7496 7625 7497
f 7496 7624 7625
f 7497 7626 7498
f 7497 7625 7626
f 7498 7627 7499
f 7498 7626 7627
f 7499 7628 7500
f 7499 7627 7628
f 7500 7629 7501
f 7500 7628 7629
f 7501 7630 7502
f 7501 7629 7630
f 7502 7631 7503
f 7502 7630 7631
f 7503 7632 7504
f 7503 7631 7632
f 7504 7633 7505
f 7504 7632 7633
f 7505 7634 7506
f 7505 7633 7634
f 7506 7635 7507
f 7506 7634 7635
f 7507 7636 7508
f 7507 7635 7636
f 7508 7637 7509
f 7508 7636 7637
f 7509 7638 7510
f 7509 7637 7638
f 7510 7639 7511
f 7510 7638 7639
f 7511 7640 7512
f 7511 7639 7640
f 7512 7641 7513
f 7512 7640 7641
f 7513 7642 7514
f 7513 7641 7642
f 7514 7643 7515
f 7514 7642 7643
f 7515 7644 7516
f 7515 7643 7644
f 7516 7645 7517
f 7516 7644 7645
f 7517 7646 7518
f 7517 7645 7646
f 7518 7647 7519
f 7518 7646 7647
f 7519 7648 7520
f 7519 7647 7648
f 7520 7649 7521
f 7520 7648 7649
f 7521 7650 7522
f 7521 7649 7650
f 7522 7651 7523
f 7522 7650 7651
f 7523 7652 7524
f 7523 7651 7652
f 7524 7653 7525
f 7524 7652 7653
f 7525 7654 7526
f 7525 7653 7654
f 7526 7655 7527
f 7526 7654 7655
f 7527 7656 7528
f 7527 7655 7656
f 7528 7657 7529
f 7528 7656 7657
f 7529 7658 7530
f 7529 7657 7658
f 7530 7659 7531
f 7530 7658 7659
f 7531 7660 7532
f 7531 7659 7660
f 7532 7661 7533
f 7532 7660 7661
f 7533 7662 7534
f 7533 7661 7662
f 7534 7663 7535
f 7534 7662 7663
f 7535 7664 7536
f 7535 7663 7664
f 7536 7665 7537
f 7536 7664 7665
f 7537 7666 7538
f 7537 7665 7666
f 7538 7667 7539
f 7538 7666 7667
f 7539 7668 7540
f 7539 7667 7668
f 7540 7669 7541
f 7540 7668 7669
f 7541 7670 7542
f 7541 7669 7670
f 7542 7671 7543
f 7542 7670 7671
f 7543 7672 7544
f 7543 7671 7672
f 7544 7673 7545
f 7544 7672 7673
f 7545 7674 7546
f 7545 7673 7674
f 7546 7675 7547
f 7546 7674 7675
f 7547 7676 7548
f 7547 7675 7676
f 7548 7677 7549
f 7548 7676 7677
f 7549 7678 7550
f 7549 7677 7678
f 7550 7679 7551
f 7550 7678 7679
f 7551 7680 7552
f 7551 7679 7680
f 7552 7681 7553
f 7552 7680 7681
f 7553 7554 7426
f 7553 7681 7554
f 7554 7683 7555
f 7554 7682 7683
f 7555 7684 7556
f 7555 7683 7684
f 7556 7685 7557
f 7556 7684 7685
f 7557 7686 7558
f 7557 7685 7686
f 7558 7687 7559
f 7558 7686 7687
f 7559 7688 7560
f 7559 7687 7688
f 7560 7689 7561
f 7560 7688 7689
f 7561 7690 7562
f 7561 7689 7690
f 7562 7691 7563
f 7562 7690 7691
f 7563 7692 7564
f 7563 7691 7692
f 7564 7693 7565
f 7564 7692 7693
f 7565 7694 7566
f 7565 7693 7694
f 7566 7695 7567
f 7566 7694 7695
f 7567 7696 7568
f 7567 7695 7696
f 7568 7697 7569
f 7568 7696 7697
f 7569 7698 7570
f 7569 7697 7698
f 7570 7699 7571
f 7570 7698 7699
f 7571 7700 7572
f 7571 7699 7700
f 7572 7701 7573
f 7572 7700 7701
f 7573 7702 7574
f 7573 7701 7702
f 7574 7703 7575
f 7574 7702 7703
f 7575 7704 7576
f 7575 7703 7704
f 7576 7705 7577
f 7576 7704 7705
f 7577 7706 7578
f 7577 7705 7706
f 7578 7707 7579
f 7578 7706 7707
f 7579 7708 7580
f 7579 7707 7708
f 7580 7709 7581
f 7580 7708 7709
f 7581 7710 7582
f 7581 7709 7710
f 7582 7711 7583
f 7582 7710 7711
f 7583 7712 7584
f 7583 7711 7712
f 7584 7713 7585
f 7584 7712 7713
f 7585 7714 7586
f 7585 7713 7714
f 7586 7715 7587
f 7586 7714 7715
f 7587 7716 7588
f 7587 7715 7716
f 7588 7717 7589
f 7588 7716 7717
f 7589 7718 7590
f 7589 7717 7718
f 7590 7719 7591
f 7590 7718 7719
f 7591 7720 7592
f 7591 7719 7720
f 7592 7721 7593
f 7592 7720 7721
f 7593 7722 7594
f 7593 7721 7722
f 7594 7723 7595
f 7594 7722 7723
f 7595 7724 7596
f 7595 7723 7724
f 7596 7725 7597
f 7596 7724 7725
f 7597 7726 7598
f 7597 7725 7726
f 7598 7727 7599
f 7598 7726 7727
f 7599 7728 7600
f 7599 7727 7728
f 7600 7729 7601
f 7600 7728 7729
f 7601 7730 7602
f 7601 7729 7730
f 7602 7731 7603
f 7602 7730 7731
f 7603 7732 7604
f 7603 7731 7732
f 7604 7733 7605
f 7604 7732 7733
f 7605 7734 7606
f 7605 7733 7734
f 7606 7735 7607
f 7606 7734 7735
f 7607 7736 7608
f 7607 7735 7736
f 7608 7737 7609
f 7608 7736 7737
f 7609 7738 7610
f 7609 7737 7738
f 7610 7739 7611
f 7610 7738 7739
f 7611 7740 7612
f 7611 7739 7740
f 7612 7741 7613
f 7612 7740 7741
f 7613 7742 7614
f 7613 7741 7742
f 7614 7743 7615
f 7614 7742 7743
f 7615 7744 7616
f 7615 7743 7744
f 7616 7745 7617
f 7616 7744 7745
f 7617 7746 7618
f 7617 7745 7746
f 7618 7747 7619
f 7618 7746 7747
f 7619 7748 7620
f 7619 7747 7748
f 7620 7749 7621
f 7620 7748 7749
f 7621 7750 7622
f 7621 7749 7750
f 7622 7751 7623
f 7622 7750 7751
f 7623 7752 7624
f 7623 7751 7752
f 7624 7753 7625
f 7624 7752 7753
f 7625 7754 7626
f 7625 7753 7754
f 7626 7755 7627
f 7626 7754 7755
f 7627 7756 7628
f 7627 7755 7756
f 7628 7757 7629
f 7628 7756 7757
f 7629 7758 7630
f 7629 7757 7758
f 7630 7759 7631
f 7630 7758 7759
f 7631 7760 7632
f 7631 7759 7760
f 7632 7761 7633
f 7632 7760 7761
f 7633 7762 7634
f 7633 7761 7762
f 7634 7763 7635
f 7634 7762 7763
f 7635 7764 7636
f 7635 7763 7764
f 7636 7765 7637
f 7636 7764 7765
f 7637 7766 7638
f 7637 7765 7766
f 7638 7767 7639
f 7638 7766 7767
f 7639 7768 7640
f 7639 7767 7768
f 7640 7769 7641
f 7640 7768 7769
f 7641 7770 7642
f 7641 7769 7770
f 7642 7771 7643
f 7642 7770 7771
f 7643 7772 7644
f 7643 7771 7772
f 7644 7773 7645
f 7644 7772 7773
f 7645 7774 7646
f 7645 7773 7774
f 7646 7775 7647
f 7646 7774 7775
f 7647 7776 7648
f 7647 7775 7776
f 7648 7777 7649
f 7648 7776 7777
f 7649 7778 7650
f 7649 7777 7778
f 7650 7779 7651
f 7650 7778 7779
f 7651 7780 7652
f 7651 7779 7780
f 7652 7781 7653
f 7652 7780 7781
f 7653 7782 7654
f 7653 7781 7782
f 7654 7783 7655
f 7654 7782 7783
f 7655 7784 7656
f 7655 7783 7784
f 7656 7785 7657
f 7656 7784 7785
f 7657 7786 7658
f 7657 7785 7786
f 7658 7787 7659
f 7658 7786 7787
f 7659 7788 7660
f 7659 7787 7788
f 7660 7789 7661
f 7660 7788 7789
f 7661 7790 7662
f 7661 7789 7790
f 7662 7791 7663
f 7662 7790 7791
f 7663 7792 7664
f 7663 7791 7792
f 7664 7793 7665
f 7664 7792 7793
f 7665 7794 7666
f 7665 7793 7794
f 7666 7795 7667
f 7666 7794 7795
f 7667 7796 7668
f 7667 7795 7796
f 7668 7797 7669
f 7668 7796 7797
f 7669 7798 7670
f 7669 7797 7798
f 7670 7799 7671
f 7670 7798 7799
f 7671 7800 7672
f 7671 7799 7800
f 7672 7801 7673
f 7672 7800 7801
f 7673 7802 7674
f 7673 7801 7802
f 7674 7803 7675
f 7674 7802 7803
f 7675 7804 7676
f 7675 7803 7804
f 7676 7805 7677
f 7676 7804 7805
f 7677 7806 7678
f 7677 7805 7806
f 7678 7807 7679
f 7678 7806 7807
f 7679 7808 7680
f 7679 7807 7808
f 7680 7809 7681
f 7680 7808 7809
f 7681 7682 7554
f 7681 7809 7682
f 7682 7811 7683
f 7682 7810 7811
f 7683 7812 7684
f 7683 7811 7812
f 7684 7813 7685
f 7684 7812 7813
f 7685 7814 7686
f 7685 7813 7814
f 7686 7815 7687
f 7686 7814 7815
f 7687 7816 7688
f 7687 7815 7816
f 7688 7817 7689
f 7688 7816 7817
f 7689 7818 7690
f 7689 7817 7818
f 7690 7819 7691
f 7690 7818 7819
f 7691 7820 7692
f 7691 7819 7820
f 7692 7821 7693
f 7692 7820 7821
f 7693 7822 7694
f 7693 7821 7822
f 7694 7823 7695
f 7694 7822 7823
f 7695 7824 7696
f 7695 7823 7824
f 7696 7825 7697
f 7696 7824 7825
f 7697 7826 7698
f 7697 7825 7826
f 7698 7827 7699
f 7698 7826 7827
f 7699 7828 7700
f 7699 7827 7828
f 7700 7829 7701
f 7700 7828 7829
f 7701 7830 7702
f 7701 7829 7830
f 7702 7831 7703
f 7702 7830 7831
f 7703 7832 7704
f 7703 7831 7832
f 7704 7833 7705
f 7704 7832 7833
f 7705 7834 7706
f 7705 7833 7834
f 7706 7835 7707
f 7706 7834 7835
f 7707 7836 7708
f 7707 7835 7836
f 7708 7837 7709
f 7708 7836 7837
f 7709 7838 7710
f 7709 7837 7838
f 7710 7839 7711
f 7710 7838 7839
f 7711 7840 7712
f 7711 7839 7840
f 7712 7841 7713
f 7712 7840 7841
f 7713 7842 7714
f 7713 7841 7842
f 7714 7843 7715
f 7714 7842 7843
f 7715 7844 7716
f 7715 7843 7844
f 7716 7845 7717
f 7716 7844 7845
f 7717 7846 7718
f 7717 7845 7846
f 7718 7847 7719
f 7718 7846 7847
f 7719 7848 7720
f 7719 7847 7848
f 7720 7849 7721
f 7720 7848 7849
f 7721 7850 7722
f 7721 7849 7850
f 7722 7851 7723
f 7722 7850 7851
f 7723 7852 7724
f 7723 7851 7852
f 7724 7853 7725
f 7724 7852 7853
f 7725 7854 7726
f 7725 7853 7854
f 7726 7855 7727
f 7726 7854 7855
f 7727 7856 7728
f 7727 7855 7856
f 7728 7857 7729
f 7728 7856 7857
f 7729 7858 7730
f 7729 7857 7858
f 7730 7859 7731
f 7730 7858 7859
f 7731 7860 7732
f 7731 7859 7860
f 7732 7861 7733
f 7732 7860 7861
f 7733 7862 7734
f 7733 7861 7862
f 7734 7863 7735
f 7734 7862 7863
f 7735 7864 7736
f 7735 7863 7864
f 7736 7865 7737
f 7736 7864 7865
f 7737 7866 7738
f 7737 7865 7866
f 7738 7867 7739
f 7738 7866 7867
f 7739 7868 7740
f 7739 7867 7868
f 7740 7869 7741
f 7740 7868 7869
f 7741 7870 7742
f 7741 7869 7870
f 7742 7871 7743
f 7742 7870 7871
f 7743 7872 7744
f 7743 7871 7872
f 7744 7873 7745
f 7744 7872 7873
f 7745 7874 7746
f 7745 7873 7874
f 7746 7875 7747
f 7746 7874 7875
f 7747 7876 7748
f 7747 7875 7876
f 7748 7877 7749
f 7748 7876 7877
f 7749 7878 7750
f 7749 7877 7878
f 7750 7879 7751
f 7750 7878 7879
f 7751 7880 7752
f 7751 7879 7880
f 7752 7881 7753
f 7752 7880 7881
f 7753 7882 7754
f 7753 7881 7882
f 7754 7883 7755
f 7754 7882 7883
f 7755 7884 7756
f 7755 7883 7884
f 7756 7885 7757
f 7756 7884 7885
f 7757 7886 7758
f 7757 7885 7886
f 7758 7887 7759
f 7758 7886 7887
f 7759 7888 7760
f 7759 7887 7888
f 7760 7889 7761
f 7760 7888 7889
f 7761 7890 7762
f 7761 7889 7890
f 7762 7891 7763
f 7762 7890 7891
f 7763 7892 7764
f 7763 7891 7892
f 7764 7893 7765
f 7764 7892 7893
f 7765 7894 7766
f 7765 7893 7894
f 7766 7895 7767
f 7766 7894 7895
f 7767 7896 7768
f 7767 7895 7896
f 7768 7897 7769
f 7768 7896 7897
f 7769 7898 7770
f 7769 7897 7898
f 7770 7899 7771
f 7770 7898 7899
f 7771 7900 7772
f 7771 7899 7900
f 7772 7901 7773
f 7772 7900 7901
f 7773 7902 7774
f 7773 7901 7902
f 7774 7903 7775
f 7774 7902 7903
f 7775 7904 7776
f 7775 7903 7904
f 7776 7905 7777
f 7776 7904 7905
f 7777 7906 7778
f 7777 7905 7906
f 7778 7907 7779
f 7778 7906 7907
f 7779 7908 7780
f 7779 7907 7908
f 7780 7909 7781
f 7780 7908 7909
f 7781 7910 7782
f 7781 7909 7910
f 7782 7911 7783
f 7782 7910 7911
f 7783 7912 7784
f 7783 7911 7912
f 7784 7913 7785
f 7784 7912 7913
f 7785 7914 7786
f 7785 7913 7914
f 7786 7915 7787
f 7786 7914 7915
f 7787 7916 7788
f 7787 7915 7916
f 7788 7917 7789
f 7788 7916 7917
f 7789 7918 7790
f 7789 7917 7918
f 7790 7919 7791
f 7790 7918 7919
f 7791 7920 7792
f 7791 7919 7920
f 7792 7921 7793
f 7792 7920 7921
f 7793 7922 7794
f 7793 7921 7922
f 7794 7923 7795
f 7794 7922 7923
f 7795 7924 7796
f 7795 7923 7924
f 7796 7925 7797
f 7796 7924 7925
f 7797 7926 7798
f 7797 7925 7926
f 7798 7927 7799
f 7798 7926 7927
f 7799 7928 7800
f 7799 7927 7928
f 7800 7929 7801
f 7800 7928 7929
f 7801 7930 7802
f 7801 7929 7930
f 7802 7931 7803
f 7802 7930 7931
f 7803 7932 7804
f 7803 7931 7932
f 7804 7933 7805
f 7804 7932 7933
f 7805 7934 7806
f 7805 7933 7934
f 7806 7935 7807
f 7806 7934 7935
f 7807 7936 7808
f 7807 7935 7936
f 7808 7937 7809
f 7808 7936 7937
f 7809 7810 7682
f 7809 7937 7810
f 7810 7939 7811
f 7810 7938 7939
f 7811 7940 7812
f 7811 7939 7940
f 7812 7941 7813
f 7812 7940 7941
f 7813 7942 7814
f 7813 7941 7942
f 7814 7943 7815
f 7814 7942 7943
f 7815 7944 7816
f 7815 7943 7944
f 7816 7945 7817
f 7816 7944 7945
f 7817 7946 7818
f 7817 7945 7946
f 7818 7947 7819
f 7818 7946 7947
f 7819 7948 7820
f 7819 7947 7948
f 7820 7949 7821
f 7820 7948 7949
f 7821 7950 7822
f 7821 7949 7950
f 7822 7951 7823
f 7822 7950 7951
f 7823 7952 7824
f 7823 7951 7952
f 7824 7953 7825
f 7824 7952 7953
f 7825 7954 7826
f 7825 7953 7954
f 7826 7955 7827
f 7826 7954 7955
f 7827 7956 7828
f 7827 7955 7956
f 7828 7957 7829
f 7828 7956 7957
f 7829 7958 7830
f 7829 7957 7958
f 7830 7959 7831
f 7830 7958 7959
f 7831 7960 7832
f 7831 7959 7960
f 7832 7961 7833
f 7832 7960 7961
f 7833 7962 7834
f 7833 7961 7962
f 7834 7963 7835
f 7834 7962 7963
f 7835 7964 7836
f 7835 7963 7964
f 7836 7965 7837
f 7836 7964 7965
f 7837 7966 7838
f 7837 7965 7966
f 7838 7967 7839
f 7838 7966 7967
f 7839 7968 7840
f 7839 7967 7968
f 7840 7969 7841
f 7840 7968 7969
f 7841 7970 7842
f 7841 7969 7970
f 7842 7971 7843
f 7842 7970 7971
f 7843 7972 7844
f 7843 7971 7972
f 7844 7973 7845
f 7844 7972 7973
f 7845 7974 7846
f 7845 7973 7974
f 7846 7975 7847
f 7846 7974 7975
f 7847 7976 7848
f 7847 7975 7976
f 7848 7977 7849
f 7848 7976 7977
f 7849 7978 7850
f 7849 7977 7978
f 7850 7979 7851
f 7850 7978 7979
f 7851 7980 7852
f 7851 7979 7980
f 7852 7981 7853
f 7852 7980 7981
f 7853 7982 7854
f 7853 7981 7982
f 7854 7983 7855
f 7854 7982 7983
f 7855 7984 7856
f 7855 7983 7984
f 7856 7985 7857
f 7856 7984 7985
f 7857 7986 7858
f 7857 7985 7986
f 7858 7987 7859
f 7858 7986 7987
f 7859 7988 7860
f 7859 7987 7988
f 7860 7989 7861
f 7860 7988 7989
f 7861 7990 7862
f 7861 7989 7990
f 7862 7991 7863
f 7862 7990 7991
f 7863 7992 7864
f 7863 7991 7992
f 7864 7993 7865
f 7864 7992 7993
f 7865 7994 7866
f 7865 7993 7994
f 7866 7995 7867
f 7866 7994 7995
f 7867 7996 7868
f 7867 7995 7996
f 7868 7997 7869
f 7868 7996 7997
f 7869 7998 7870
f 7869 7997 7998
f 7870 7999 7871
f 7870 7998 7999
f 7871 8000 7872
f 7871 7999 8000
f 7872 8001 7873
f 7872 8000 8001
f 7873 8002 7874
f 7873 8001 8002
f 7874 8003 7875
f 7874 8002 8003
f 7875 8004 7876
f 7875 8003 8004
f 7876 8005 7877
f 7876 8004 8005
f 7877 8006 7878
f 7877 8005 8006
f 7878 8007 7879
f 7878 8006 8007
f 7879 8008 7880
f 7879 8007 8008
f 7880 8009 7881
f 7880 8008 8009
f 7881 8010 7882
f 7881 8009 8010
f 7882 8011 7883
f 7882 8010 8011
f 7883 8012 7884
f 7883 8011 8012
f 7884 8013 7885
f 7884 8012 8013
f 7885 8014 7886
f 7885 8013 8014
f 7886 8015 7887
f 7886 8014 8015
f 7887 8016 7888
f 7887 8015 8016
f 7888 8017 7889
f 7888 8016 8017
f 7889 8018 7890
f 7889 8017 8018
f 7890 8019 7891
f 7890 8018 8019
f 7891 8020 7892
f 7891 8019 8020
f 7892 8021 7893
f 7892 8020 8021
f 7893 8022 7894
f 7893 8021 8022
f 7894 8023 7895
f 7894 8022 8023
f 7895 8024 7896
f 7895 8023 8024
f 7896 8025 7897
f 7896 8024 8025
f 7897 8026 7898
f 7897 8025 8026
f 7898 8027 7899
f 7898 8026 8027
f 7899 8028 7900
f 7899 8027 8028
f 7900 8029 7901
f 7900 8028 8029
f 7901 8030 7902
f 7901 8029 8030
f 7902 8031 7903
f 7902 8030 8031
f 7903 8032 7904
f 7903 8031 8032
f 7904 8033 7905
f 7904 8032 8033
f 7905 8034 7906
f 7905 8033 8034
f 7906 8035 7907
f 7906 8034 8035
f 7907 8036 7908
f 7907 8035 8036
f 7908 8037 7909
f 7908 8036 8037
f 7909 8038 7910
f 7909 8037 8038
f 7910 8039 7911
f 7910 8038 8039
f 7911 8040 7912
f 7911 8039 8040
f 7912 8041 7913
f 7912 8040 8041
f 7913 8042 7914
f 7913 8041 8042
f 7914 8043 7915
f 7914 8042 8043
f 7915 8044 7916
f 7915 8043 8044
f 7916 8045 7917
f 7916 8044 8045
f 7917 8046 7918
f 7917 8045 8046
f 7918 8047 7919
f 7918 8046 8047
f 7919 8048 7920
f 7919 8047 8048
f 7920 8049 7921
f 7920 8048 8049
f 7921 8050 7922
f 7921 8049 8050
f 7922 8051 7923
f 7922 8050 8051
f 7923 8052 7924
f 7923 8051 8052
f 7924 8053 7925
f 7924 8052 8053
f 7925 8054 7926
f 7925 8053 8054
f 7926 8055 7927
f 7926 8054 8055
f 7927 8056 7928
f 7927 8055 8056
f 7928 8057 7929
f 7928 8056 8057
f 7929 8058 7930
f 7929 8057 8058
f 7930 8059 7931
f 7930 8058 8059
f 7931 8060 7932
f 7931 8059 8060
f 7932 8061 7933
f 7932 8060 8061
f 7933 8062 7934
f 7933 8061 8062
f 7934 8063 7935
f 7934 8062 8063
f 7935 8064 7936
f 7935 8063 8064
f 7936 8065 7937
f 7936 8064 8065
f 7937 7938 7810
f 7937 8065 7938
f 7938 8067 7939
f 7938 8066 8067
f 7939 8068 7940
f 7939 8067 8068
f 7940 8069 7941
f 7940 8068 8069
f 7941 8070 7942
f 7941 8069 8070
f 7942 8071 7943
f 7942 8070 8071
f 7943 8072 7944
f 7943 8071 8072
f 7944 8073 7945
f 7944 8072 8073
f 7945 8074 7946
f 7945 8073 8074
f 7946 8075 7947
f 7946 8074 8075
f 7947 8076 7948
f 7947 8075 8076
f 7948 8077 7949
f 7948 8076 8077
f 7949 8078 7950
f 7949 8077 8078
f 7950 8079 7951
f 7950 8078 8079
f 7951 8080 7952
f 7951 8079 8080
f 7952 8081 7953
f 7952 8080 8081
f 7953 8082 7954
f 7953 8081 8082
f 7954 8083 7955
f 7954 8082 8083
f 7955 8084 7956
f 7955 8083 8084
f 7956 8085 7957
f 7956 8084 8085
f 7957 8086 7958
f 7957 8085 8086
f 7958 8087 7959
f 7958 8086 8087
f 7959 8088 7960
f 7959 8087 8088
f 7960 8089 7961
f 7960 8088 8089
f 7961 8090 7962
f 7961 8089 8090
f 7962 8091 7963
f 7962 8090 8091
f 7963 8092 7964
f 7963 8091 8092
f 7964 8093 7965
f 7964 8092 8093
f 7965 8094 7966
f 7965 8093 8094
f 7966 8095 7967
f 7966 8094 8095
f 7967 8096 7968
f 7967 8095 8096
f 7968 8097 7969
f 7968 8096 8097
f 7969 8098 7970
f 7969 8097 8098
f 7970 8099 7971
f 7970 8098 8099
f 7971 8100 7972
f 7971 8099 8100
f 7972 8101 7973
f 7972 8100 8101
f 7973 8102 7974
f 7973 8101 8102
f 7974 8103 7975
f 7974 8102 8103
f 7975 8104 7976
f 7975 8103 8104
f 7976 8105 7977
f 7976 8104 8105
f 7977 8106 7978
f 7977 8105 8106
f 7978 8107 7979
f 7978 8106 8107
f 7979 8108 7980
f 7979 8107 8108
f 7980 8109 7981
f 7980 8108 8109
f 7981 8110 7982
f 7981 8109 8110
f 7982 8111 7983
f 7982 8110 8111
f 7983 8112 7984
f 7983 8111 8112
f 7984 8113 7985
f 7984 8112 8113
f 7985 8114 7986
f 7985 8113 8114
f 7986 8115 7987
f 7986 8114 8115
f 7987 8116 7988
f 7987 8115 8116
f 7988 8117 7989
f 7988 8116 8117
f 7989 8118 7990
f 7989 8117 8118
f 7990 8119 7991
f 7990 8118 8119
f 7991 8120 7992
f 7991 8119 8120
f 7992 8121 7993
f 7992 8120 8121
f 7993 8122 7994
f 7993 8121 8122
f 7994 8123 7995
f 7994 8122 8123
f 7995 8124 7996
f 7995 8123 8124
f 7996 8125 7997
f 7996 8124 8125
f 7997 8126 7998
f 7997 8125 8126
f 7998 8127 7999
f 7998 8126 8127
f 7999 8128 8000
f 7999 8127 8128
f 8000 8129 8001
f 8000 8128 8129
f 8001 8130 8002
f 8001 8129 8130
f 8002 8131 8003
f 8002 8130 8131
f 8003 8132 8004
f 8003 8131 8132
f 8004 8133 8005
f 8004 8132 8133
f 8005 8134 8006
f 8005 8133 8134
f 8006 8135 8007
f 8006 8134 8135
f 8007 8136 8008
f 8007 8135 8136
f 8008 8137 8009
f 8008 8136 8137
f 8009 8138 8010
f 8009 8137 8138
f 8010 8139 8011
f 8010 8138 8139
f 8011 8140 8012
f 8011 8139 8140
f 8012 8141 8013
f 8012 8140 8141
f 8013 8142 8014
f 8013 8141 8142
f 8014 8143 8015
f 8014 8142 8143
f 8015 8144 8016
f 8015 8143 8144
f 8016 8145 8017
f 8016 8144 8145
f 8017 8146 8018
f 8017 8145 8146
f 8018 8147 8019
f 8018 8146 8147
f 8019 8148 8020
f 8019 8147 8148
f 8020 8149 8021
f 8020 8148 8149
f 8021 8150 8022
f 8021 8149 8150
f 8022 8151 8023
f 8022 8150 8151
f 8023 8152 8024
f 8023 8151 8152
f 8024 8153 8025
f 8024 8152 8153
f 8025 8154 8026
f 8025 8153 8154
f 8026 8155 8027
f 8026 8154 8155
f 8027 8156 8028
f 8027 8155 8156
f 8028 8157 8029
f 8028 8156 8157
f 8029 8158 8030
f 8029 8157 8158
f 8030 8159 8031
f 8030 8158 8159
f 8031 8160 8032
f 8031 8159 8160
f 8032 8161 8033
f 8032 8160 8161
f 8033 8162 8034
f 8033 8161 8162
f 8034 8163 8035
f 8034 8162 8163
f 8035 8164 8036
f 8035 8163 8164
f 8036 8165 8037
f 8036 8164 8165
f 8037 8166 8038
f 8037 8165 8166
f 8038 8167 8039
f 8038 8166 8167
f 8039 8168 8040
f 8039 8167 8168
f 8040 8169 8041
f 8040 8168 8169
f 8041 8170 8042
f 8041 8169 8170
f 8042 8171 8043
f 8042 8170 8171
f 8043 8172 8044
f 8043 8171 8172
f 8044 8173 8045
f 8044 8172 8173
f 8045 8174 8046
f 8045 8173 8174
f 8046 8175 8047
f 8046 8174 8175
f 8047 8176 8048
f 8047 8175 8176
f 8048 8177 8049
f 8048 8176 8177
f 8049 8178 8050
f 8049 8177 8178
f 8050 8179 8051
f 8050 8178 8179
f 8051 8180 8052
f 8051 8179 8180
f 8052 8181 8053
f 8052 8180 8181
f 8053 8182 8054
f 8053 8181 8182
f 8054 8183 8055
f 8054 8182 8183
f 8055 8184 8056
f 8055 8183 8184
f 8056 8185 8057
f 8056 8184 8185
f 8057 8186 8058
f 8057 8185 8186
f 8058 8187 8059
f 8058 8186 8187
f 8059 8188 8060
f 8059 8187 8188
f 8060 8189 8061
f 8060 8188 8189
f 8061 8190 8062
f 8061 8189 8190
f 8062 8191 8063
f 8062 8190 8191
f 8063 8192 8064
f 8063 8191 8192
f 8064 8193 8065
f 8064 8192 8193
f 8065 8066 7938
f 8065 8193 8066
f 8066 8195 8067
f 8066 8194 8195
f 8067 8196 8068
f 8067 8195 8196
f 8068 8197 8069
f 8068 8196 8197
f 8069 8198 8070
f 8069 8197 8198
f 8070 8199 8071
f 8070 8198 8199
f 8071 8200 8072
f 8071 8199 8200
f 8072 8201 8073
f 8072 8200 8201
f 8073 8202 8074
f 8073 8201 8202
f 8074 8203 8075
f 8074 8202 8203
f 8075 8204 8076
f 8075 8203 8204
f 8076 8205 8077
f 8076 8204 8205
f 8077 8206 8078
f 8077 8205 8206
f 8078 8207 8079
f 8078 8206 8207
f 8079 8208 8080
f 8079 8207 8208
f 8080 8209 8081
f 8080 8208 8209
f 8081 8210 8082
f 8081 8209 8210
f 8082 8211 8083
f 8082 8210 8211
f 8083 8212 8084
f 8083 8211 8212
f 8084 8213 8085
f 8084 8212 8213
f 8085 8214 8086
f 8085 8213 8214
f 8086 8215 8087
f 8086 8214 8215
f 8087 8216 8088
f 8087 8215 8216
f 8088 8217 8089
f 8088 8216 8217
f 8089 8218 8090
f 8089 8217 8218
f 8090 8219 8091
f 8090 8218 8219
f 8091 8220 8092
f 8091 8219 8220
f 8092 8221 8093
f 8092 8220 8221
f 8093 8222 8094
f 8093 8221 8222
f 8094 8223 8095
f 8094 8222 8223
f 8095 8224 8096
f 8095 8223 8224
f 8096 8225 8097
f 8096 8224 8225
f 8097 8226 8098
f 8097 8225 8226
f 8098 8227 8099
f 8098 8226 8227
f 8099 8228 8100
f 8099 8227 8228
f 8100 8229 8101
f 8100 8228 8229
f 8101 8230 8102
f 8101 8229 8230
f 8102 8231 8103
f 8102 8230 8231
f 8103 8232 8104
f 8103 8231 8232
f 8104 8233 8105
f 8104 8232 8233
f 8105 8234 8106
f 8105 8233 8234
f 8106 8235 8107
f 8106 8234 8235
f 8107 8236 8108
f 8107 8235 8236
f 8108 8237 8109
f 8108 8236 8237
f 8109 8238 8110
f 8109 8237 8238
f 8110 8239 8111
f 8110 8238 8239
f 8111 8240 8112
f 8111 8239 8240
f 8112 8241 8113
f 8112 8240 8241
f 8113 8242 8114
f 8113 8241 8242
f 8114 8243 8115
f 8114 8242 8243
f 8115 8244 8116
f 8115 8243 8244
f 8116 8245 8117
f 8116 8244 8245
f 8117 8246 8118
f 8117 8245 8246
f 8118 8247 8119
f 8118 8246 8247
f 8119 8248 8120
f 8119 8247 8248
f 8120 8249 8121
f 8120 8248 8249
f 8121 8250 8122
f 8121 8249 8250
f 8122 8251 8123
f 8122 8250 8251
f 8123 8252 8124
f 8123 8251 8252
f 8124 8253 8125
f 8124 8252 8253
f 8125 8254 8126
f 8125 8253 8254
f 8126 8255 8127
f 8126 8254 8255
f 8127 8256 8128
f 8127 8255 8256
f 8128 8257 8129
f 8128 8256 8257
f 8129 8258 8130
f 8129 8257 8258
f 8130 8259 8131
f 8130 8258 8259
f 8131 8260 8132
f 8131 8259 8260
f 8132 8261 8133
f 8132 8260 8261
f 8133 8262 8134
f 8133 8261 8262
f 8134 8263 8135
f 8134 8262 8263
f 8135 8264 8136
f 8135 8263 8264
f 8136 8265 8137
f 8136 8264 8265
f 8137 8266 8138
f 8137 8265 8266
f 8138 8267 8139
f 8138 8266 8267
f 8139 8268 8140
f 8139 8267 8268
f 8140 8269 8141
f 8140 8268 8269
f 8141 8270 8142
f 8141 8269 8270
f 8142 8271 8143
f 8142 8270 8271
f 8143 8272 8144
f 8143 8271 8272
f 8144 8273 8145
f 8144 8272 8273
f 8145 8274 8146
f 8145 8273 8274
f 8146 8275 8147
f 8146 8274 8275
f 8147 8276 8148
f 8147 8275 8276
f 8148 8277 8149
f 8148 8276 8277
f 8149 8278 8150
f 8149 8277 8278
f 8150 8279 8151
f 8150 8278 8279
f 8151 8280 8152
f 8151 8279 8280
f 8152 8281 8153
f 8152 8280 8281
f 8153 8282 8154
f 8153 8281 8282
f 8154 8283 8155
f 8154 8282 8283
f 8155 8284 8156
f 8155 8283 8284
f 8156 8285 8157
f 8156 8284 8285
f 8157 8286 8158
f 8157 8285 8286
f 8158 8287 8159
f 8158 8286 8287
f 8159 8288 8160
f 8159 8287 8288
f 8160 8289 8161
f 8160 8288 8289
f 8161 8290 8162
f 8161 8289 8290
f 8162 8291 8163
f 8162 8290 8291
f 8163 8292 8164
f 8163 8291 8292
f 8164 8293 8165
f 8164 8292 8293
f 8165 8294 8166
f 8165 8293 8294
f 8166 8295 8167
f 8166 8294 8295
f 8167 8296 8168
f 8167 8295 8296
f 8168 8297 8169
f 8168 8296 8297
f 8169 8298 8170
f 8169 8297 8298
f 8170 8299 8171
f 8170 8298 8299
f 8171 8300 8172
f 8171 8299 8300
f 8172 8301 8173
f 8172 8300 8301
f 8173 8302 8174
f 8173 8301 8302
f 8174 8303 8175
f 8174 8302 8303
f 8175 8304 8176
f 8175 8303 8304
f 8176 8305 8177
f 8176 8304 8305
f 8177 8306 8178
f 8177 8305 8306
f 8178 8307 8179
f 8178 8306 8307
f 8179 8308 8180
f 8179 8307 8308
f 8180 8309 8181
f 8180 8308 8309
f 8181 8310 8182
f 8181 8309 8310
f 8182 8311 8183
f 8182 8310 8311
f 8183 8312 8184
f 8183 8311 8312
f 8184 8313 8185
f 8184 8312 8313
f 8185 8314 8186
f 8185 8313 8314
f 8186 8315 8187
f 8186 8314 8315
f 8187 8316 8188
f 8187 8315 8316
f 8188 8317 8189
f 8188 8316 8317
f 8189 8318 8190
f 8189 8317 8318
f 8190 8319 8191
f 8190 8318 8319
f 8191 8320 8192
f 8191 8319 8320
f 8192 8321 8193
f 8192 8320 8321
f 8193 8194 8066
f 8193 8321 8194
f 8194 8323 8195
f 8194 8322 8323
f 8195 8324 8196
f 8195 8323 8324
f 8196 8325 8197
f 8196 8324 8325
f 8197 8326 8198
f 8197 8325 8326
f 8198 8327 8199
f 8198 8326 8327
f 8199 8328 8200
f 8199 8327 8328
f 8200 8329 8201
f 8200 8328 8329
f 8201 8330 8202
f 8201 8329 8330
f 8202 8331 8203
f 8202 8330 8331
f 8203 8332 8204
f 8203 8331 8332
f 8204 8333 8205
f 8204 8332 8333
f 8205 8334 8206
f 8205 8333 8334
f 8206 8335 8207
f 8206 8334 8335
f 8207 8336 8208
f 8207 8335 8336
f 8208 8337 8209
f 8208 8336 8337
f 8209 8338 8210
f 8209 8337 8338
f 8210 8339 8211
f 8210 8338 8339
f 8211 8340 8212
f 8211 8339 8340
f 8212 8341 8213
f 8212 8340 8341
f 8213 8342 8214
f 8213 8341 8342
f 8214 8343 8215
f 8214 8342 8343
f 8215 8344 8216
f 8215 8343 8344
f 8216 8345 8217
f 8216 8344 8345
f 8217 8346 8218
f 8217 8345 8346
f 8218 8347 8219
f 8218 8346 8347
f 8219 8348 8220
f 8219 8347 8348
f 8220 8349 8221
f 8220 8348 8349
f 8221 8350 8222
f 8221 8349 8350
f 8222 8351 8223
f 8222 8350 8351
f 8223 8352 8224
f 8223 8351 8352
f 8224 8353 8225
f 8224 8352 8353
f 8225 8354 8226
f 8225 8353 8354
f 8226 8355 8227
f 8226 8354 8355
f 8227 8356 8228
f 8227 8355 8356
f 8228 8357 8229
f 8228 8356 8357
f 8229 8358 8230
f 8229 8357 8358
f 8230 8359 8231
f 8230 8358 8359
f 8231 8360 8232
f 8231 8359 8360
f 8232 8361 8233
f 8232 8360 8361
f 8233 8362 8234
f 8233 8361 8362
f 8234 8363 8235
f 8234 8362 8363
f 8235 8364 8236
f 8235 8363 8364
f 8236 8365 8237
f 8236 8364 8365
f 8237 8366 8238
f 8237 8365 8366
f 8238 8367 8239
f 8238 8366 8367
f 8239 8368 8240
f 8239 8367 8368
f 8240 8369 8241
f 8240 8368 8369
f 8241 8370 8242
f 8241 8369 8370
f 8242 8371 8243
f 8242 8370 8371
f 8243 8372 8244
f 8243 8371 8372
f 8244 8373 8245
f 8244 8372 8373
f 8245 8374 8246
f 8245 8373 8374
f 8246 8375 8247
f 8246 8374 8375
f 8247 8376 8248
f 8247 8375 8376
f 8248 8377 8249
f 8248 8376 8377
f 8249 8378 8250
f 8249 8377 8378
f 8250 8379 8251
f 8250 8378 8379
f 8251 8380 8252
f 8251 8379 8380
f 8252 8381 8253
f 8252 8380 8381
f 8253 8382 8254
f 8253 8381 8382
f 8254 8383 8255
f 8254 8382 8383
f 8255 8384 8256
f 8255 8383 8384
f 8256 8385 8257
f 8256 8384 8385
f 8257 8386 8258
f 8257 8385 8386
f 8258 8387 8259
f 8258 8386 8387
f 8259 8388 8260
f 8259 8387 8388
f 8260 8389 8261
f 8260 8388 8389
f 8261 8390 8262
f 8261 8389 8390
f 8262 8391 8263
f 8262 8390 8391
f 8263 8392 8264
f 8263 8391 8392
f 8264 8393 8265
f 8264 8392 8393
f 8265 8394 8266
f 8265 8393 8394
f 8266 8395 8267
f 8266 8394 8395
f 8267 8396 8268
f 8267 8395 8396
f 8268 8397 8269
f 8268 8396 8397
f 8269 8398 8270
f 8269 8397 8398
f 8270 8399 8271
f 8270 8398 8399
f 8271 8400 8272
f 8271 8399 8400
f 8272 8401 8273
f 8272 8400 8401
f 8273 8402 8274
f 8273 8401 8402
f 8274 8403 8275
f 8274 8402 8403
f 8275 8404 8276
f 8275 8403 8404
f 8276 8405 8277
f 8276 8404 8405
f 8277 8406 8278
f 8277 8405 8406
f 8278 8407 8279
f 8278 8406 8407
f 8279 8408 8280
f 8279 8407 8408
f 8280 8409 8281
f 8280 8408 8409
f 8281 8410 8282
f 8281 8409 8410
f 8282 8411 8283
f 8282 8410 8411
f 8283 8412 8284
f 8283 8411 8412
f 8284 8413 8285
f 8284 8412 8413
f 8285 8414 8286
f 8285 8413 8414
f 8286 8415 8287
f 8286 8414 8415
f 8287 8416 8288
f 8287 8415 8416
f 8288 8417 8289
f 8288 8416 8417
f 8289 8418 8290
f 8289 8417 8418
f 8290 8419 8291
f 8290 8418 8419
f 8291 8420 8292
f 8291 8419 8420
f 8292 8421 8293
f 8292 8420 8421
f 8293 8422 8294
f 8293 8421 8422
f 8294 8423 8295
f 8294 8422 8423
f 8295 8424 8296
f 8295 8423 8424
f 8296 8425 8297
f 8296 8424 8425
f 8297 8426 8298
f 8297 8425 8426
f 8298 8427 8299
f 8298 8426 8427
f 8299 8428 8300
f 8299 8427 8428
f 8300 8429 8301
f 8300 8428 8429
f 8301 8430 8302
f 8301 8429 8430
f 8302 8431 8303
f 8302 8430 8431
f 8303 8432 8304
f 8303 8431 8432
f 8304 8433 8305
f 8304 8432 8433
f 8305 8434 8306
f 8305 8433 8434
f 8306 8435 8307
f 8306 8434 8435
f 8307 8436 8308
f 8307 8435 8436
f 8308 8437 8309
f 8308 8436 8437
f 8309 8438 8310
f 8309 8437 8438
f 8310 8439 8311
f 8310 8438 8439
f 8311 8440 8312
f 8311 8439 8440
f 8312 8441 8313
f 8312 8440 8441
f 8313 8442 8314
f 8313 8441 8442
f 8314 8443 8315
f 8314 8442 8443
f 8315 8444 8316
f 8315 8443 8444
f 8316 8445 8317
f 8316 8444 8445
f 8317 8446 8318
f 8317 8445 8446
f 8318 8447 8319
f 8318 8446 8447
f 8319 8448 8320
f 8319 8447 8448
f 8320 8449 8321
f 8320 8448 8449
f 8321 8322 8194
f 8321 8449 8322
f 8322 8451 8323
f 8322 8450 8451
f 8323 8452 8324
f 8323 8451 8452
f 8324 8453 8325
f 8324 8452 8453
f 8325 8454 8326
f 8325 8453 8454
f 8326 8455 8327
f 8326 8454 8455
f 8327 8456 8328
f 8327 8455 8456
f 8328 8457 8329
f 8328 8456 8457
f 8329 8458 8330
f 8329 8457 8458
f 8330 8459 8331
f 8330 8458 8459
f 8331 8460 8332
f 8331 8459 8460
f 8332 8461 8333
f 8332 8460 8461
f 8333 8462 8334
f 8333 8461 8462
f 8334 8463 8335
f 8334 8462 8463
f 8335 8464 8336
f 8335 8463 8464
f 8336 8465 8337
f 8336 8464 8465
f 8337 8466 8338
f 8337 8465 8466
f 8338 8467 8339
f 8338 8466 8467
f 8339 8468 8340
f 8339 8467 8468
f 8340 8469 8341
f 8340 8468 8469
f 8341 8470 8342
f 8341 8469 8470
f 8342 8471 8343
f 8342 8470 8471
f 8343 8472 8344
f 8343 8471 8472
f 8344 8473 8345
f 8344 8472 8473
f 8345 8474 8346
f 8345 8473 8474
f 8346 8475 8347
f 8346 8474 8475
f 8347 8476 8348
f 8347 8475 8476
f 8348 8477 8349
f 8348 8476 8477
f 8349 8478 8350
f 8349 8477 8478
f 8350 8479 8351
f 8350 8478 8479
f 8351 8480 8352
f 8351 8479 8480
f 8352 8481 8353
f 8352 8480 8481
f 8353 8482 8354
f 8353 8481 8482
f 8354 8483 8355
f 8354 8482 8483
f 8355 8484 8356
f 8355 8483 8484
f 8356 8485 8357
f 8356 8484 8485
f 8357 8486 8358
f 8357 8485 8486
f 8358 8487 8359
f 8358 8486 8487
f 8359 8488 8360
f 8359 8487 8488
f 8360 8489 8361
f 8360 8488 8489
f 8361 8490 8362
f 8361 8489 8490
f 8362 8491 8363
f 8362 8490 8491
f 8363 8492 8364
f 8363 8491 8492
f 8364 8493 8365
f 8364 8492 8493
f 8365 8494 8366
f 8365 8493 8494
f 8366 8495 8367
f 8366 8494 8495
f 8367 8496 8368
f 8367 8495 8496
f 8368 8497 8369
f 8368 8496 8497
f 8369 8498 8370
f 8369 8497 8498
f 8370 8499 8371
f 8370 8498 8499
f 8371 8500 8372
f 8371 8499 8500
f 8372 8501 8373
f 8372 8500 8501
f 8373 8502 8374
f 8373 8501 8502
f 8374 8503 8375
f 8374 8502 8503
f 8375 8504 8376
f 8375 8503 8504
f 8376 8505 8377
f 8376 8504 8505
f 8377 8506 8378
f 8377 8505 8506
f 8378 8507 8379
f 8378 8506 8507
f 8379 8508 8380
f 8379 8507 8508
f 8380 8509 8381
f 8380 8508 8509
f 8381 8510 8382
f 8381 8509 8510
f 8382 8511 8383
f 8382 8510 8511
f 8383 8512 8384
f 8383 8511 8512
f 8384 8513 8385
f 8384 8512 8513
f 8385 8514 8386
f 8385 8513 8514
f 8386 8515 8387
f 8386 8514 8515
f 8387 8516 8388
f 8387 8515 8516
f 8388 8517 8389
f 8388 8516 8517
f 8389 8518 8390
f 8389 8517 8518
f 8390 8519 8391
f 8390 8518 8519
f 8391 8520 8392
f 8391 8519 8520
f 8392 8521 8393
f 8392 8520 8521
f 8393 8522 8394
f 8393 8521 8522
f 8394 8523 8395
f 8394 8522 8523
f 8395 8524 8396
f 8395 8523 8524
f 8396 8525 8397
f 8396 8524 8525
f 8397 8526 8398
f 8397 8525 8526
f 8398 8527 8399
f 8398 8526 8527
f 8399 8528 8400
f 8399 8527 8528
f 8400 8529 8401
f 8400 8528 8529
f 8401 8530 8402
f 8401 8529 8530
f 8402 8531 8403
f 8402 8530 8531
f 8403 8532 8404
f 8403 8531 8532
f 8404 8533 8405
f 8404 8532 8533
f 8405 8534 8406
f 8405 8533 8534
f 8406 8535 8407
f 8406 8534 8535
f 8407 8536 8408
f 8407 8535 8536
f 8408 8537 8409
f 8408 8536 8537
f 8409 8538 8410
f 8409 8537 8538
f 8410 8539 8411
f 8410 8538 8539
f 8411 8540 8412
f 8411 8539 8540
f 8412 8541 8413
f 8412 8540 8541
f 8413 8542 8414
f 8413 8541 8542
f 8414 8543 8415
f 8414 8542 8543
f 8415 8544 8416
f 8415 8543 8544
f 8416 8545 8417
f 8416 8544 8545
f 8417 8546 8418
f 8417 8545 8546
f 8418 8547 8419
f 8418 8546 8547
f 8419 8548 8420
f 8419 8547 8548
f 8420 8549 8421
f 8420 8548 8549
f 8421 8550 8422
f 8421 8549 8550
f 8422 8551 8423
f 8422 8550 8551
f 8423 8552 8424
f 8423 8551 8552
f 8424 8553 8425
f 8424 8552 8553
f 8425 8554 8426
f 8425 8553 8554
f 8426 8555 8427
f 8426 8554 8555
f 8427 8556 8428
f 8427 8555 8556
f 8428 8557 8429
f 8428 8556 8557
f 8429 8558 8430
f 8429 8557 8558
f 8430 8559 8431
f 8430 8558 8559
f 8431 8560 8432
f 8431 8559 8560
f 8432 8561 8433
f 8432 8560 8561
f 8433 8562 8434
f 8433 8561 8562
f 8434 8563 8435
f 8434 8562 8563
f 8435 8564 8436
f 8435 8563 8564
f 8436 8565 8437
f 8436 8564 8565
f 8437 8566 8438
f 8437 8565 8566
f 8438 8567 8439
f 8438 8566 8567
f 8439 8568 8440
f 8439 8567 8568
f 8440 8569 8441
f 8440 8568 8569
f 8441 8570 8442
f 8441 8569 8570
f 8442 8571 8443
f 8442 8570 8571
f 8443 8572 8444
f 8443 8571 8572
f 8444 8573 8445
f 8444 8572 8573
f 8445 8574 8446
f 8445 8573 8574
f 8446 8575 8447
f 8446 8574 8575
f 8447 8576 8448
f 8447 8575 8576
f 8448 8577 8449
f 8448 8576 8577
f 8449 8450 8322
f 8449 8577 8450
f 8450 8579 8451
f 8450 8578 8579
f 8451 8580 8452
f 8451 8579 8580
f 8452 8581 8453
f 8452 8580 8581
f 8453 8582 8454
f 8453 8581 8582
f 8454 8583 8455
f 8454 8582 8583
f 8455 8584 8456
f 8455 8583 8584
f 8456 8585 8457
f 8456 8584 8585
f 8457 8586 8458
f 8457 8585 8586
f 8458 8587 8459
f 8458 8586 8587
f 8459 8588 8460
f 8459 8587 8588
f 8460 8589 8461
f 8460 8588 8589
f 8461 8590 8462
f 8461 8589 8590
f 8462 8591 8463
f 8462 8590 8591
f 8463 8592 8464
f 8463 8591 8592
f 8464 8593 8465
f 8464 8592 8593
f 8465 8594 8466
f 8465 8593 8594
f 8466 8595 8467
f 8466 8594 8595
f 8467 8596 8468
f 8467 8595 8596
f 8468 8597 8469
f 8468 8596 8597
f 8469 8598 8470
f 8469 8597 8598
f 8470 8599 8471
f 8470 8598 8599
f 8471 8600 8472
f 8471 8599 8600
f 8472 8601 8473
f 8472 8600 8601
f 8473 8602 8474
f 8473 8601 8602
f 8474 8603 8475
f 8474 8602 8603
f 8475 8604 8476
f 8475 8603 8604
f 8476 8605 8477
f 8476 8604 8605
f 8477 8606 8478
f 8477 8605 8606
f 8478 8607 8479
f 8478 8606 8607
f 8479 8608 8480
f 8479 8607 8608
f 8480 8609 8481
f 8480 8608 8609
f 8481 8610 8482
f 8481 8609 8610
f 8482 8611 8483
f 8482 8610 8611
f 8483 8612 8484
f 8483 8611 8612
f 8484 8613 8485
f 8484 8612 8613
f 8485 8614 8486
f 8485 8613 8614
f 8486 8615 8487
f 8486 8614 8615
f 8487 8616 8488
f 8487 8615 8616
f 8488 8617 8489
f 8488 8616 8617
f 8489 8618 8490
f 8489 8617 8618
f 8490 8619 8491
f 8490 8618 8619
f 8491 8620 8492
f 8491 8619 8620
f 8492 8621 8493
f 8492 8620 8621
f 8493 8622 8494
f 8493 8621 8622
f 8494 8623 8495
f 8494 8622 8623
f 8495 8624 8496
f 8495 8623 8624
f 8496 8625 8497
f 8496 8624 8625
f 8497 8626 8498
f 8497 8625 8626
f 8498 8627 8499
f 8498 8626 8627
f 8499 8628 8500
f 8499 8627 8628
f 8500 8629 8501
f 8500 8628 8629
f 8501 8630 8502
f 8501 8629 8630
f 8502 8631 8503
f 8502 8630 8631
f 8503 8632 8504
f 8503 8631 8632
f 8504 8633 8505
f 8504 8632 8633
f 8505 8634 8506
f 8505 8633 8634
f 8506 8635 8507
f 8506 8634 8635
f 8507 8636 8508
f 8507 8635 8636
f 8508 8637 8509
f 8508 8636 8637
f 8509 8638 8510
f 8509 8637 8638
f 8510 8639 8511
f 8510 8638 8639
f 8511 8640 8512
f 8511 8639 8640
f 8512 8641 8513
f 8512 8640 8641
f 8513 8642 8514
f 8513 8641 8642
f 8514 8643 8515
f 8514 8642 8643
f 8515 8644 8516
f 8515 8643 8644
f 8516 8645 8517
f 8516 8644 8645
f 8517 8646 8518
f 8517 8645 8646
f 8518 8647 8519
f 8518 8646 8647
f 8519 8648 8520
f 8519 8647 8648
f 8520 8649 8521
f 8520 8648 8649
f 8521 8650 8522
f 8521 8649 8650
f 8522 8651 8523
f 8522 8650 8651
f 8523 8652 8524
f 8523 8651 8652
f 8524 8653 8525
f 8524 8652 8653
f 8525 8654 8526
f 8525 8653 8654
f 8526 8655 8527
f 8526 8654 8655
f 8527 8656 8528
f 8527 8655 8656
f 8528 8657 8529
f 8528 8656 8657
f 8529 8658 8530
f 8529 8657 8658
f 8530 8659 8531
f 8530 8658 8659
f 8531 8660 8532
f 8531 8659 8660
f 8532 8661 8533
f 8532 8660 8661
f 8533 8662 8534
f 8533 8661 8662
f 8534 8663 8535
f 8534 8662 8663
f 8535 8664 8536
f 8535 8663 8664
f 8536 8665 8537
f 8536 8664 8665
f 8537 8666 8538
f 8537 8665 8666
f 8538 8667 8539
f 8538 8666 8667
f 8539 8668 8540
f 8539 8667 8668
f 8540 8669 8541
f 8540 8668 8669
f 8541 8670 8542
f 8541 8669 8670
f 8542 8671 8543
f 8542 8670 8671
f 8543 8672 8544
f 8543 8671 8672
f 8544 8673 8545
f 8544 8672 8673
f 8545 8674 8546
f 8545 8673 8674
f 8546 8675 8547
f 8546 8674 8675
f 8547 8676 8548
f 8547 8675 8676
f 8548 8677 8549
f 8548 8676 8677
f 8549 8678 8550
f 8549 8677 8678
f 8550 8679 8551
f 8550 8678 8679
f 8551 8680 8552
f 8551 8679 8680
f 8552 8681 8553
f 8552 8680 8681
f 8553 8682 8554
f 8553 8681 8682
f 8554 8683 8555
f 8554 8682 8683
f 8555 8684 8556
f 8555 8683 8684
f 8556 8685 8557
f 8556 8684 8685
f 8557 8686 8558
f 8557 8685 8686
f 8558 8687 8559
f 8558 8686 8687
f 8559 8688 8560
f 8559 8687 8688
f 8560 8689 8561
f 8560 8688 8689
f 8561 8690 8562
f 8561 8689 8690
f 8562 8691 8563
f 8562 8690 8691
f 8563 8692 8564
f 8563 8691 8692
f 8564 8693 8565
f 8564 8692 8693
f 8565 8694 8566
f 8565 8693 8694
f 8566 8695 8567
f 8566 8694 8695
f 8567 8696 8568
f 8567 8695 8696
f 8568 8697 8569
f 8568 8696 8697
f 8569 8698 8570
f 8569 8697 8698
f 8570 8699 8571
f 8570 8698 8699
f 8571 8700 8572
f 8571 8699 8700
f 8572 8701 8573
f 8572 8700 8701
f 8573 8702 8574
f 8573 8701 8702
f 8574 8703 8575
f 8574 8702 8703
f 8575 8704 8576
f 8575 8703 8704
f 8576 8705 8577
f 8576 8704 8705
f 8577 8578 8450
f 8577 8705 8578
f 8578 8707 8579
f 8578 8706 8707
f 8579 8708 8580
f 8579 8707 8708
f 8580 8709 8581
f 8580 8708 8709
f 8581 8710 8582
f 8581 8709 8710
f 8582 8711 8583
f 8582 8710 8711
f 8583 8712 8584
f 8583 8711 8712
f 8584 8713 8585
f 8584 8712 8713
f 8585 8714 8586
f 8585 8713 8714
f 8586 8715 8587
f 8586 8714 8715
f 8587 8716 8588
f 8587 8715 8716
f 8588 8717 8589
f 8588 8716 8717
f 8589 8718 8590
f 8589 8717 8718
f 8590 8719 8591
f 8590 8718 8719
f 8591 8720 8592
f 8591 8719 8720
f 8592 8721 8593
f 8592 8720 8721
f 8593 8722 8594
f 8593 8721 8722
f 8594 8723 8595
f 8594 8722 8723
f 8595 8724 8596
f 8595 8723 8724
f 8596 8725 8597
f 8596 8724 8725
f 8597 8726 8598
f 8597 8725 8726
f 8598 8727 8599
f 8598 8726 8727
f 8599 8728 8600
f 8599 8727 8728
f 8600 8729 8601
f 8600 8728 8729
f 8601 8730 8602
f 8601 8729 8730
f 8602 8731 8603
f 8602 8730 8731
f 8603 8732 8604
f 8603 8731 8732
f 8604 8733 8605
f 8604 8732 8733
f 8605 8734 8606
f 8605 8733 8734
f 8606 8735 8607
f 8606 8734 8735
f 8607 8736 8608
f 8607 8735 8736
f 8608 8737 8609
f 8608 8736 8737
f 8609 8738 8610
f 8609 8737 8738
f 8610 8739 8611
f 8610 8738 8739
f 8611 8740 8612
f 8611 8739 8740
f 8612 8741 8613
f 8612 8740 8741
f 8613 8742 8614
f 8613 8741 8742
f 8614 8743 8615
f 8614 8742 8743
f 8615 8744 8616
f 8615 8743 8744
f 8616 8745 8617
f 8616 8744 8745
f 8617 8746 8618
f 8617 8745 8746
f 8618 8747 8619
f 8618 8746 8747
f 8619 8748 8620
f 8619 8747 8748
f 8620 8749 8621
f 8620 8748 8749
f 8621 8750 8622
f 8621 8749 8750
f 8622 8751 8623
f 8622 8750 8751
f 8623 8752 8624
f 8623 8751 8752
f 8624 8753 8625
f 8624 8752 8753
f 8625 8754 8626
f 8625 8753 8754
f 8626 8755 8627
f 8626 8754 8755
f 8627 8756 8628
f 8627 8755 8756
f 8628 8757 8629
f 8628 8756 8757
f 8629 8758 8630
f 8629 8757 8758
f 8630 8759 8631
f 8630 8758 8759
f 8631 8760 8632
f 8631 8759 8760
f 8632 8761 8633
f 8632 8760 8761
f 8633 8762 8634
f 8633 8761 8762
f 8634 8763 8635
f 8634 8762 8763
f 8635 8764 8636
f 8635 8763 8764
f 8636 8765 8637
f 8636 8764 8765
f 8637 8766 8638
f 8637 8765 8766
f 8638 8767 8639
f 8638 8766 8767
f 8639 8768 8640
f 8639 8767 8768
f 8640 8769 8641
f 8640 8768 8769
f 8641 8770 8642
f 8641 8769 8770
f 8642 8771 8643
f 8642 8770 8771
f 8643 8772 8644
f 8643 8771 8772
f 8644 8773 8645
f 8644 8772 8773
f 8645 8774 8646
f 8645 8773 8774
f 8646 8775 8647
f 8646 8774 8775
f 8647 8776 8648
f 8647 8775 8776
f 8648 8777 8649
f 8648 8776 8777
f 8649 8778 8650
f 8649 8777 8778
f 8650 8779 8651
f 8650 8778 8779
f 8651 8780 8652
f 8651 8779 8780
f 8652 8781 8653
f 8652 8780 8781
f 8653 8782 8654
f 8653 8781 8782
f 8654 8783 8655
f 8654 8782 8783
f 8655 8784 8656
f 8655 8783 8784
f 8656 8785 8657
f 8656 8784 8785
f 8657 8786 8658
f 8657 8785 8786
f 8658 8787 8659
f 8658 8786 8787
f 8659 8788 8660
f 8659 8787 8788
f 8660 8789 8661
f 8660 8788 8789
f 8661 8790 8662
f 8661 8789 8790
f 8662 8791 8663
f 8662 8790 8791
f 8663 8792 8664
f 8663 8791 8792
f 8664 8793 8665
f 8664 8792 8793
f 8665 8794 8666
f 8665 8793 8794
f 8666 8795 8667
f 8666 8794 8795
f 8667 8796 8668
f 8667 8795 8796
f 8668 8797 8669
f 8668 8796 8797
f 8669 8798 8670
f 8669 8797 8798
f 8670 8799 8671
f 8670 8798 8799
f 8671 8800 8672
f 8671 8799 8800
f 8672 8801 8673
f 8672 8800 8801
f 8673 8802 8674
f 8673 8801 8802
f 8674 8803 8675
f 8674 8802 8803
f 8675 8804 8676
f 8675 8803 8804
f 8676 8805 8677
f 8676 8804 8805
f 8677 8806 8678
f 8677 8805 8806
f 8678 8807 8679
f 8678 8806 8807
f 8679 8808 8680
f 8679 8807 8808
f 8680 8809 8681
f 8680 8808 8809
f 8681 8810 8682
f 8681 8809 8810
f 8682 8811 8683
f 8682 8810 8811
f 8683 8812 8684
f 8683 8811 8812
f 8684 8813 8685
f 8684 8812 8813
f 8685 8814 8686
f 8685 8813 8814
f 8686 8815 8687
f 8686 8814 8815
f 8687 8816 8688
f 8687 8815 8816
f 8688 8817 8689
f 8688 8816 8817
f 8689 8818 8690
f 8689 8817 8818
f 8690 8819 8691
f 8690 8818 8819
f 8691 8820 8692
f 8691 8819 8820
f 8692 8821 8693
f 8692 8820 8821
f 8693 8822 8694
f 8693 8821 8822
f 8694 8823 8695
f 8694 8822 8823
f 8695 8824 8696
f 8695 8823 8824
f 8696 8825 8697
f 8696 8824 8825
f 8697 8826 8698
f 8697 8825 8826
f 8698 8827 8699
f 8698 8826 8827
f 8699 8828 8700
f 8699 8827 8828
f 8700 8829 8701
f 8700 8828 8829
f 8701 8830 8702
f 8701 8829 8830
f 8702 8831 8703
f 8702 8830 8831
f 8703 8832 8704
f 8703 8831 8832
f 8704 8833 8705
f 8704 8832 8833
f 8705 8706 8578
f 8705 8833 8706
f 8706 8835 8707
f 8706 8834 8835
f 8707 8836 8708
f 8707 8835 8836
f 8708 8837 8709
f 8708 8836 8837
f 8709 8838 8710
f 8709 8837 8838
f 8710 8839 8711
f 8710 8838 8839
f 8711 8840 8712
f 8711 8839 8840
f 8712 8841 8713
f 8712 8840 8841
f 8713 8842 8714
f 8713 8841 8842
f 8714 8843 8715
f 8714 8842 8843
f 8715 8844 8716
f 8715 8843 8844
f 8716 8845 8717
f 8716 8844 8845
f 8717 8846 8718
f 8717 8845 8846
f 8718 8847 8719
f 8718 8846 8847
f 8719 8848 8720
f 8719 8847 8848
f 8720 8849 8721
f 8720 8848 8849
f 8721 8850 8722
f 8721 8849 8850
f 8722 8851 8723
f 8722 8850 8851
f 8723 8852 8724
f 8723 8851 8852
f 8724 8853 8725
f 8724 8852 8853
f 8725 8854 8726
f 8725 8853 8854
f 8726 8855 8727
f 8726 8854 8855
f 8727 8856 8728
f 8727 8855 8856
f 8728 8857 8729
f 8728 8856 8857
f 8729 8858 8730
f 8729 8857 8858
f 8730 8859 8731
f 8730 8858 8859
f 8731 8860 8732
f 8731 8859 8860
f 8732 8861 8733
f 8732 8860 8861
f 8733 8862 8734
f 8733 8861 8862
f 8734 8863 8735
f 8734 8862 8863
f 8735 8864 8736
f 8735 8863 8864
f 8736 8865 8737
f 8736 8864 8865
f 8737 8866 8738
f 8737 8865 8866
f 8738 8867 8739
f 8738 8866 8867
f 8739 8868 8740
f 8739 8867 8868
f 8740 8869 8741
f 8740 8868 8869
f 8741 8870 8742
f 8741 8869 8870
f 8742 8871 8743
f 8742 8870 8871
f 8743 8872 8744
f 8743 8871 8872
f 8744 8873 8745
f 8744 8872 8873
f 8745 8874 8746
f 8745 8873 8874
f 8746 8875 8747
f 8746 8874 8875
f 8747 8876 8748
f 8747 8875 8876
f 8748 8877 8749
f 8748 8876 8877
f 8749 8878 8750
f 8749 8877 8878
f 8750 8879 8751
f 8750 8878 8879
f 8751 8880 8752
f 8751 8879 8880
f 8752 8881 8753
f 8752 8880 8881
f 8753 8882 8754
f 8753 8881 8882
f 8754 8883 8755
f 8754 8882 8883
f 8755 8884 8756
f 8755 8883 8884
f 8756 8885 8757
f 8756 8884 8885
f 8757 8886 8758
f 8757 8885 8886
f 8758 8887 8759
f 8758 8886 8887
f 8759 8888 8760
f 8759 8887 8888
f 8760 8889 8761
f 8760 8888 8889
f 8761 8890 8762
f 8761 8889 8890
f 8762 8891 8763
f 8762 8890 8891
f 8763 8892 8764
f 8763 8891 8892
f 8764 8893 8765
f 8764 8892 8893
f 8765 8894 8766
f 8765 8893 8894
f 8766 8895 8767
f 8766 8894 8895
f 8767 8896 8768
f 8767 8895 8896
f 8768 8897 8769
f 8768 8896 8897
f 8769 8898 8770
f 8769 8897 8898
f 8770 8899 8771
f 8770 8898 8899
f 8771 8900 8772
f 8771 8899 8900
f 8772 8901 8773
f 8772 8900 8901
f 8773 8902 8774
f 8773 8901 8902
f 8774 8903 8775
f 8774 8902 8903
f 8775 8904 8776
f 8775 8903 8904
f 8776 8905 8777
f 8776 8904 8905
f 8777 8906 8778
f 8777 8905 8906
f 8778 8907 8779
f 8778 8906 8907
f 8779 8908 8780
f 8779 8907 8908
f 8780 8909 8781
f 8780 8908 8909
f 8781 8910 8782
f 8781 8909 8910
f 8782 8911 8783
f 8782 8910 8911
f 8783 8912 8784
f 8783 8911 8912
f 8784 8913 8785
f 8784 8912 8913
f 8785 8914 8786
f 8785 8913 8914
f 8786 8915 8787
f 8786 8914 8915
f 8787 8916 8788
f 8787 8915 8916
f 8788 8917 8789
f 8788 8916 8917
f 8789 8918 8790
f 8789 8917 8918
f 8790 8919 8791
f 8790 8918 8919
f 8791 8920 8792
f 8791 8919 8920
f 8792 8921 8793
f 8792 8920 8921
f 8793 8922 8794
f 8793 8921 8922
f 8794 8923 8795
f 8794 8922 8923
f 8795 8924 8796
f 8795 8923 8924
f 8796 8925 8797
f 8796 8924 8925
f 8797 8926 8798
f 8797 8925 8926
f 8798 8927 8799
f 8798 8926 8927
f 8799 8928 8800
f 8799 8927 8928
f 8800 8929 8801
f 8800 8928 8929
f 8801 8930 8802
f 8801 8929 8930
f 8802 8931 8803
f 8802 8930 8931
f 8803 8932 8804
f 8803 8931 8932
f 8804 8933 8805
f 8804 8932 8933
f 8805 8934 8806
f 8805 8933 8934
f 8806 8935 8807
f 8806 8934 8935
f 8807 8936 8808
f 8807 8935 8936
f 8808 8937 8809
f 8808 8936 8937
f 8809 8938 8810
f 8809 8937 8938
f 8810 8939 8811
f 8810 8938 8939
f 8811 8940 8812
f 8811 8939 8940
f 8812 8941 8813
f 8812 8940 8941
f 8813 8942 8814
f 8813 8941 8942
f 8814 8943 8815
f 8814 8942 8943
f 8815 8944 8816
f 8815 8943 8944
f 8816 8945 8817
f 8816 8944 8945
f 8817 8946 8818
f 8817 8945 8946
f 8818 8947 8819
f 8818 8946 8947
f 8819 8948 8820
f 8819 8947 8948
f 8820 8949 8821
f 8820 8948 8949
f 8821 8950 8822
f 8821 8949 8950
f 8822 8951 8823
f 8822 8950 8951
f 8823 8952 8824
f 8823 8951 8952
f 8824 8953 8825
f 8824 8952 8953
f 8825 8954 8826
f 8825 8953 8954
f 8826 8955 8827
f 8826 8954 8955
f 8827 8956 8828
f 8827 8955 8956
f 8828 8957 8829
f 8828 8956 8957
f 8829 8958 8830
f 8829 8957 8958
f 8830 8959 8831
f 8830 8958 8959
f 8831 8960 8832
f 8831 8959 8960
f 8832 8961 8833
f 8832 8960 8961
f 8833 8834 8706
f 8833 8961 8834
f 8834 8963 8835
f 8834 8962 8963
f 8835 8964 8836
f 8835 8963 8964
f 8836 8965 8837
f 8836 8964 8965
f 8837 8966 8838
f 8837 8965 8966
f 8838 8967 8839
f 8838 8966 8967
f 8839 8968 8840
f 8839 8967 8968
f 8840 8969 8841
f 8840 8968 8969
f 8841 8970 8842
f 8841 8969 8970
f 8842 8971 8843
f 8842 8970 8971
f 8843 8972 8844
f 8843 8971 8972
f 8844 8973 8845
f 8844 8972 8973
f 8845 8974 8846
f 8845 8973 8974
f 8846 8975 8847
f 8846 8974 8975
f 8847 8976 8848
f 8847 8975 8976
f 8848 8977 8849
f 8848 8976 8977
f 8849 8978 8850
f 8849 8977 8978
f 8850 8979 8851
f 8850 8978 8979
f 8851 8980 8852
f 8851 8979 8980
f 8852 8981 8853
f 8852 8980 8981
f 8853 8982 8854
f 8853 8981 8982
f 8854 8983 8855
f 8854 8982 8983
f 8855 8984 8856
f 8855 8983 8984
f 8856 8985 8857
f 8856 8984 8985
f 8857 8986 8858
f 8857 8985 8986
f 8858 8987 8859
f 8858 8986 8987
f 8859 8988 8860
f 8859 8987 8988
f 8860 8989 8861
f 8860 8988 8989
f 8861 8990 8862
f 8861 8989 8990
f 8862 8991 8863
f 8862 8990 8991
f 8863 8992 8864
f 8863 8991 8992
f 8864 8993 8865
f 8864 8992 8993
f 8865 8994 8866
f 8865 8993 8994
f 8866 8995 8867
f 8866 8994 8995
f 8867 8996 8868
f 8867 8995 8996
f 8868 8997 8869
f 8868 8996 8997
f 8869 8998 8870
f 8869 8997 8998
f 8870 8999 8871
f 8870 8998 8999
f 8871 9000 8872
f 8871 8999 9000
f 8872 9001 8873
f 8872 9000 9001
f 8873 9002 8874
f 8873 9001 9002
f 8874 9003 8875
f 8874 9002 9003
f 8875 9004 8876
f 8875 9003 9004
f 8876 9005 8877
f 8876 9004 9005
f 8877 9006 8878
f 8877 9005 9006
f 8878 9007 8879
f 8878 9006 9007
f 8879 9008 8880
f 8879 9007 9008
f 8880 9009 8881
f 8880 9008 9009
f 8881 9010 8882
f 8881 9009 9010
f 8882 9011 8883
f 8882 9010 9011
f 8883 9012 8884
f 8883 9011 9012
f 8884 9013 8885
f 8884 9012 9013
f 8885 9014 8886
f 8885 9013 9014
f 8886 9015 8887
f 8886 9014 9015
f 8887 9016 8888
f 8887 9015 9016
f 8888 9017 8889
f 8888 9016 9017
f 8889 9018 8890
f 8889 9017 9018
f 8890 9019 8891
f 8890 9018 9019
f 8891 9020 8892
f 8891 9019 9020
f 8892 9021 8893
f 8892 9020 9021
f 8893 9022 8894
f 8893 9021 9022
f 8894 9023 8895
f 8894 9022 9023
f 8895 9024 8896
f 8895 9023 9024
f 8896 9025 8897
f 8896 9024 9025
f 8897 9026 8898
f 8897 9025 9026
f 8898 9027 8899
f 8898 9026 9027
f 8899 9028 8900
f 8899 9027 9028
f 8900 9029 8901
f 8900 9028 9029
f 8901 9030 8902
f 8901 9029 9030
f 8902 9031 8903
f 8902 9030 9031
f 8903 9032 8904
f 8903 9031 9032
f 8904 9033 8905
f 8904 9032 9033
f 8905 9034 8906
f 8905 9033 9034
f 8906 9035 8907
f 8906 9034 9035
f 8907 9036 8908
f 8907 9035 9036
f 8908 9037 8909
f 8908 9036 9037
f 8909 9038 8910
f 8909 9037 9038
f 8910 9039 8911
f 8910 9038 9039
f 8911 9040 8912
f 8911 9039 9040
f 8912 9041 8913
f 8912 9040 9041
f 8913 9042 8914
f 8913 9041 9042
f 8914 9043 8915
f 8914 9042 9043
f 8915 9044 8916
f 8915 9043 9044
f 8916 9045 8917
f 8916 9044 9045
f 8917 9046 8918
f 8917 9045 9046
f 8918 9047 8919
f 8918 9046 9047
f 8919 9048 8920
f 8919 9047 9048
f 8920 9049 8921
f 8920 9048 9049
f 8921 9050 8922
f 8921 9049 9050
f 8922 9051 8923
f 8922 9050 9051
f 8923 9052 8924
f 8923 9051 9052
f 8924 9053 8925
f 8924 9052 9053
f 8925 9054 8926
f 8925 9053 9054
f 8926 9055 8927
f 8926 9054 9055
f 8927 9056 8928
f 8927 9055 9056
f 8928 9057 8929
f 8928 9056 9057
f 8929 9058 8930
f 8929 9057 9058
f 8930 9059 8931
f 8930 9058 9059
f 8931 9060 8932
f 8931 9059 9060
f 8932 9061 8933
f 8932 9060 9061
f 8933 9062 8934
f 8933 9061 9062
f 8934 9063 8935
f 8934 9062 9063
f 8935 9064 8936
f 8935 9063 9064
f 8936 9065 8937
f 8936 9064 9065
f 8937 9066 8938
f 8937 9065 9066
f 8938 9067 8939
f 8938 9066 9067
f 8939 9068 8940
f 8939 9067 9068
f 8940 9069 8941
f 8940 9068 9069
f 8941 9070 8942
f 8941 9069 9070
f 8942 9071 8943
f 8942 9070 9071
f 8943 9072 8944
f 8943 9071 9072
f 8944 9073 8945
f 8944 9072 9073
f 8945 9074 8946
f 8945 9073 9074
f 8946 9075 8947
f 8946 9074 9075
f 8947 9076 8948
f 8947 9075 9076
f 8948 9077 8949
f 8948 9076 9077
f 8949 9078 8950
f 8949 9077 9078
f 8950 9079 8951
f 8950 9078 9079
f 8951 9080 8952
f 8951 9079 9080
f 8952 9081 8953
f 8952 9080 9081
f 8953 9082 8954
f 8953 9081 9082
f 8954 9083 8955
f 8954 9082 9083
f 8955 9084 8956
f 8955 9083 9084
f 8956 9085 8957
f 8956 9084 9085
f 8957 9086 8958
f 8957 9085 9086
f 8958 9087 8959
f 8958 9086 9087
f 8959 9088 8960
f 8959 9087 9088
f 8960 9089 8961
f 8960 9088 9089
f 8961 8962 8834
f 8961 9089 8962
f 8962 9091 8963
f 8962 9090 9091
f 8963 9092 8964
f 8963 9091 9092
f 8964 9093 8965
f 8964 9092 9093
f 8965 9094 8966
f 8965 9093 9094
f 8966 9095 8967
f 8966 9094 9095
f 8967 9096 8968
f 8967 9095 9096
f 8968 9097 8969
f 8968 9096 9097
f 8969 9098 8970
f 8969 9097 9098
f 8970 9099 8971
f 8970 9098 9099
f 8971 9100 8972
f 8971 9099 9100
f 8972 9101 8973
f 8972 9100 9101
f 8973 9102 8974
f 8973 9101 9102
f 8974 9103 8975
f 8974 9102 9103
f 8975 9104 8976
f 8975 9103 9104
f 8976 9105 8977
f 8976 9104 9105
f 8977 9106 8978
f 8977 9105 9106
f 8978 9107 8979
f 8978 9106 9107
f 8979 9108 8980
f 8979 9107 9108
f 8980 9109 8981
f 8980 9108 9109
f 8981 9110 8982
f 8981 9109 9110
f 8982 9111 8983
f 8982 9110 9111
f 8983 9112 8984
f 8983 9111 9112
f 8984 9113 8985
f 8984 9112 9113
f 8985 9114 8986
f 8985 9113 9114
f 8986 9115 8987
f 8986 9114 9115
f 8987 9116 8988
f 8987 9115 9116
f 8988 9117 8989
f 8988 9116 9117
f 8989 9118 8990
f 8989 9117 9118
f 8990 9119 8991
f 8990 9118 9119
f 8991 9120 8992
f 8991 9119 9120
f 8992 9121 8993
f 8992 9120 9121
f 8993 9122 8994
f 8993 9121 9122
f 8994 9123 8995
f 8994 9122 9123
f 8995 9124 8996
f 8995 9123 9124
f 8996 9125 8997
f 8996 9124 9125
f 8997 9126 8998
f 8997 9125 9126
f 8998 9127 8999
f 8998 9126 9127
f 8999 9128 9000
f 8999 9127 9128
f 9000 9129 9001
f 9000 9128 9129
f 9001 9130 9002
f 9001 9129 9130
f 9002 9131 9003
f 9002 9130 9131
f 9003 9132 9004
f 9003 9131 9132
f 9004 9133 9005
f 9004 9132 9133
f 9005 9134 9006
f 9005 9133 9134
f 9006 9135 9007
f 9006 9134 9135
f 9007 9136 9008
f 9007 9135 9136
f 9008 9137 9009
f 9008 9136 9137
f 9009 9138 9010
f 9009 9137 9138
f 9010 9139 9011
f 9010 9138 9139
f 9011 9140 9012
f 9011 9139 9140
f 9012 9141 9013
f 9012 9140 9141
f 9013 9142 9014
f 9013 9141 9142
f 9014 9143 9015
f 9014 9142 9143
f 9015 9144 9016
f 9015 9143 9144
f 9016 9145 9017
f 9016 9144 9145
f 9017 9146 9018
f 9017 9145 9146
f 9018 9147 9019
f 9018 9146 9147
f 9019 9148 9020
f 9019 9147 9148
f 9020 9149 9021
f 9020 9148 9149
f 9021 9150 9022
f 9021 9149 9150
f 9022 9151 9023
f 9022 9150 9151
f 9023 9152 9024
f 9023 9151 9152
f 9024 9153 9025
f 9024 9152 9153
f 9025 9154 9026
f 9025 9153 9154
f 9026 9155 9027
f 9026 9154 9155
f 9027 9156 9028
f 9027 9155 9156
f 9028 9157 9029
f 9028 9156 9157
f 9029 9158 9030
f 9029 9157 9158
f 9030 9159 9031
f 9030 9158 9159
f 9031 9160 9032
f 9031 9159 9160
f 9032 9161 9033
f 9032 9160 9161
f 9033 9162 9034
f 9033 9161 9162
f 9034 9163 9035
f 9034 9162 9163
f 9035 9164 9036
f 9035 9163 9164
f 9036 9165 9037
f 9036 9164 9165
f 9037 9166 9038
f 9037 9165 9166
f 9038 9167 9039
f 9038 9166 9167
f 9039 9168 9040
f 9039 9167 9168
f 9040 9169 9041
f 9040 9168 9169
f 9041 9170 9042
f 9041 9169 9170
f 9042 9171 9043
f 9042 9170 9171
f 9043 9172 9044
f 9043 9171 9172
f 9044 9173 9045
f 9044 9172 9173
f 9045 9174 9046
f 9045 9173 9174
f 9046 9175 9047
f 9046 9174 9175
f 9047 9176 9048
f 9047 9175 9176
f 9048 9177 9049
f 9048 9176 9177
f 9049 9178 9050
f 9049 9177 9178
f 9050 9179 9051
f 9050 9178 9179
f 9051 9180 9052
f 9051 9179 9180
f 9052 9181 9053
f 9052 9180 9181
f 9053 9182 9054
f 9053 9181 9182
f 9054 9183 9055
f 9054 9182 9183
f 9055 9184 9056
f 9055 9183 9184
f 9056 9185 9057
f 9056 9184 9185
f 9057 9186 9058
f 9057 9185 9186
f 9058 9187 9059
f 9058 9186 9187
f 9059 9188 9060
f 9059 9187 9188
f 9060 9189 9061
f 9060 9188 9189
f 9061 9190 9062
f 9061 9189 9190
f 9062 9191 9063
f 9062 9190 9191
f 9063 9192 9064
f 9063 9191 9192
f 9064 9193 9065
f 9064 9192 9193
f 9065 9194 9066
f 9065 9193 9194
f 9066 9195 9067
f 9066 9194 9195
f 9067 9196 9068
f 9067 9195 9196
f 9068 9197 9069
f 9068 9196 9197
f 9069 9198 9070
f 9069 9197 9198
f 9070 9199 9071
f 9070 9198 9199
f 9071 9200 9072
f 9071 9199 9200
f 9072 9201 9073
f 9072 9200 9201
f 9073 9202 9074
f 9073 9201 9202
f 9074 9203 9075
f 9074 9202 9203
f 9075 9204 9076
f 9075 9203 9204
f 9076 9205 9077
f 9076 9204 9205
f 9077 9206 9078
f 9077 9205 9206
f 9078 9207 9079
f 9078 9206 9207
f 9079 9208 9080
f 9079 9207 9208
f 9080 9209 9081
f 9080 9208 9209
f 9081 9210 9082
f 9081 9209 9210
f 9082 9211 9083
f 9082 9210 9211
f 9083 9212 9084
f 9083 9211 9212
f 9084 9213 9085
f 9084 9212 9213
f 9085 9214 9086
f 9085 9213 9214
f 9086 9215 9087
f 9086 9214 9215
f 9087 9216 9088
f 9087 9215 9216
f 9088 9217 9089
f 9088 9216 9217
f 9089 9090 8962
f 9089 9217 9090
f 9090 9219 9091
f 9090 9218 9219
f 9091 9220 9092
f 9091 9219 9220
f 9092 9221 9093
f 9092 9220 9221
f 9093 9222 9094
f 9093 9221 9222
f 9094 9223 9095
f 9094 9222 9223
f 9095 9224 9096
f 9095 9223 9224
f 9096 9225 9097
f 9096 9224 9225
f 9097 9226 9098
f 9097 9225 9226
f 9098 9227 9099
f 9098 9226 9227
f 9099 9228 9100
f 9099 9227 9228
f 9100 9229 9101
f 9100 9228 9229
f 9101 9230 9102
f 9101 9229 9230
f 9102 9231 9103
f 9102 9230 9231
f 9103 9232 9104
f 9103 9231 9232
f 9104 9233 9105
f 9104 9232 9233
f 9105 9234 9106
f 9105 9233 9234
f 9106 9235 9107
f 9106 9234 9235
f 9107 9236 9108
f 9107 9235 9236
f 9108 9237 9109
f 9108 9236 9237
f 9109 9238 9110
f 9109 9237 9238
f 9110 9239 9111
f 9110 9238 9239
f 9111 9240 9112
f 9111 9239 9240
f 9112 9241 9113
f 9112 9240 9241
f 9113 9242 9114
f 9113 9241 9242
f 9114 9243 9115
f 9114 9242 9243
f 9115 9244 9116
f 9115 9243 9244
f 9116 9245 9117
f 9116 9244 9245
f 9117 9246 9118
f 9117 9245 9246
f 9118 9247 9119
f 9118 9246 9247
f 9119 9248 9120
f 9119 9247 9248
f 9120 9249 9121
f 9120 9248 9249
f 9121 9250 9122
f 9121 9249 9250
f 9122 9251 9123
f 9122 9250 9251
f 9123 9252 9124
f 9123 9251 9252
f 9124 9253 9125
f 9124 9252 9253
f 9125 9254 9126
f 9125 9253 9254
f 9126 9255 9127
f 9126 9254 9255
f 9127 9256 9128
f 9127 9255 9256
f 9128 9257 9129
f 9128 9256 9257
f 9129 9258 9130
f 9129 9257 9258
f 9130 9259 9131
f 9130 9258 9259
f 9131 9260 9132
f 9131 9259 9260
f 9132 9261 9133
f 9132 9260 9261
f 9133 9262 9134
f 9133 9261 9262
f 9134 9263 9135
f 9134 9262 9263
f 9135 9264 9136
f 9135 9263 9264
f 9136 9265 9137
f 9136 9264 9265
f 9137 9266 9138
f 9137 9265 9266
f 9138 9267 9139
f 9138 9266 9267
f 9139 9268 9140
f 9139 9267 9268
f 9140 9269 9141
f 9140 9268 9269
f 9141 9270 9142
f 9141 9269 9270
f 9142 9271 9143
f 9142 9270 9271
f 9143 9272 9144
f 9143 9271 9272
f 9144 9273 9145
f 9144 9272 9273
f 9145 9274 9146
f 9145 9273 9274
f 9146 9275 9147
f 9146 9274 9275
f 9147 9276 9148
f 9147 9275 9276
f 9148 9277 9149
f 9148 9276 9277
f 9149 9278 9150
f 9149 9277 9278
f 9150 9279 9151
f 9150 9278 9279
f 9151 9280 9152
f 9151 9279 9280
f 9152 9281 9153
f 9152 9280 9281
f 9153 9282 9154
f 9153 9281 9282
f 9154 9283 9155
f 9154 9282 9283
f 9155 9284 9156
f 9155 9283 9284
f 9156 9285 9157
f 9156 9284 9285
f 9157 9286 9158
f 9157 9285 9286
f 9158 9287 9159
f 9158 9286 9287
f 9159 9288 9160
f 9159 9287 9288
f 9160 9289 9161
f 9160 9288 9289
f 9161 9290 9162
f 9161 9289 9290
f 9162 9291 9163
f 9162 9290 9291
f 9163 9292 9164
f 9163 9291 9292
f 9164 9293 9165
f 9164 9292 9293
f 9165 9294 9166
f 9165 9293 9294
f 9166 9295 9167
f 9166 9294 9295
f 9167 9296 9168
f 9167 9295 9296
f 9168 9297 9169
f 9168 9296 9297
f 9169 9298 9170
f 9169 9297 9298
f 9170 9299 9171
f 9170 9298 9299
f 9171 9300 9172
f 9171 9299 9300
f 9172 9301 9173
f 9172 9300 9301
f 9173 9302 9174
f 9173 9301 9302
f 9174 9303 9175
f 9174 9302 9303
f 9175 9304 9176
f 9175 9303 9304
f 9176 9305 9177
f 9176 9304 9305
f 9177 9306 9178
f 9177 9305 9306
f 9178 9307 9179
f 9178 9306 9307
f 9179 9308 9180
f 9179 9307 9308
f 9180 9309 9181
f 9180 9308 9309
f 9181 9310 9182
f 9181 9309 9310
f 9182 9311 9183
f 9182 9310 9311
f 9183 9312 9184
f 9183 9311 9312
f 9184 9313 9185
f 9184 9312 9313
f 9185 9314 9186
f 9185 9313 9314
f 9186 9315 9187
f 9186 9314 9315
f 9187 9316 9188
f 9187 9315 9316
f 9188 9317 9189
f 9188 9316 9317
f 9189 9318 9190
f 9189 9317 9318
f 9190 9319 9191
f 9190 9318 9319
f 9191 9320 9192
f 9191 9319 9320
f 9192 9321 9193
f 9192 9320 9321
f 9193 9322 9194
f 9193 9321 9322
f 9194 9323 9195
f 9194 9322 9323
f 9195 9324 9196
f 9195 9323 9324
f 9196 9325 9197
f 9196 9324 9325
f 9197 9326 9198
f 9197 9325 9326
f 9198 9327 9199
f 9198 9326 9327
f 9199 9328 9200
f 9199 9327 9328
f 9200 9329 9201
f 9200 9328 9329
f 9201 9330 9202
f 9201 9329 9330
f 9202 9331 9203
f 9202 9330 9331
f 9203 9332 9204
f 9203 9331 9332
f 9204 9333 9205
f 9204 9332 9333
f 9205 9334 9206
f 9205 9333 9334
f 9206 9335 9207
f 9206 9334 9335
f 9207 9336 9208
f 9207 9335 9336
f 9208 9337 9209
f 9208 9336 9337
f 9209 9338 9210
f 9209 9337 9338
f 9210 9339 9211
f 9210 9338 9339
f 9211 9340 9212
f 9211 9339 9340
f 9212 9341 9213
f 9212 9340 9341
f 9213 9342 9214
f 9213 9341 9342
f 9214 9343 9215
f 9214 9342 9343
f 9215 9344 9216
f 9215 9343 9344
f 9216 9345 9217
f 9216 9344 9345
f 9217 9218 9090
f 9217 9345 9218
f 9218 9347 9219
f 9218 9346 9347
f 9219 9348 9220
f 9219 9347 9348
f 9220 9349 9221
f 9220 9348 9349
f 9221 9350 9222
f 9221 9349 9350
f 9222 9351 9223
f 9222 9350 9351
f 9223 9352 9224
f 9223 9351 9352
f 9224 9353 9225
f 9224 9352 9353
f 9225 9354 9226
f 9225 9353 9354
f 9226 9355 9227
f 9226 9354 9355
f 9227 9356 9228
f 9227 9355 9356
f 9228 9357 9229
f 9228 9356 9357
f 9229 9358 9230
f 9229 9357 9358
f 9230 9359 9231
f 9230 9358 9359
f 9231 9360 9232
f 9231 9359 9360
f 9232 9361 9233
f 9232 9360 9361
f 9233 9362 9234
f 9233 9361 9362
f 9234 9363 9235
f 9234 9362 9363
f 9235 9364 9236
f 9235 9363 9364
f 9236 9365 9237
f 9236 9364 9365
f 9237 9366 9238
f 9237 9365 9366
f 9238 9367 9239
f 9238 9366 9367
f 9239 9368 9240
f 9239 9367 9368
f 9240 9369 9241
f 9240 9368 9369
f 9241 9370 9242
f 9241 9369 9370
f 9242 9371 9243
f 9242 9370 9371
f 9243 9372 9244
f 9243 9371 9372
f 9244 9373 9245
f 9244 9372 9373
f 9245 9374 9246
f 9245 9373 9374
f 9246 9375 9247
f 9246 9374 9375
f 9247 9376 9248
f 9247 9375 9376
f 9248 9377 9249
f 9248 9376 9377
f 9249 9378 9250
f 9249 9377 9378
f 9250 9379 9251
f 9250 9378 9379
f 9251 9380 9252
f 9251 9379 9380
f 9252 9381 9253
f 9252 9380 9381
f 9253 9382 9254
f 9253 9381 9382
f 9254 9383 9255
f 9254 9382 9383
f 9255 9384 9256
f 9255 9383 9384
f 9256 9385 9257
f 9256 9384 9385
f 9257 9386 9258
f 9257 9385 9386
f 9258 9387 9259
f 9258 9386 9387
f 9259 9388 9260
f 9259 9387 9388
f 9260 9389 9261
f 9260 9388 9389
f 9261 9390 9262
f 9261 9389 9390
f 9262 9391 9263
f 9262 9390 9391
f 9263 9392 9264
f 9263 9391 9392
f 9264 9393 9265
f 9264 9392 9393
f 9265 9394 9266
f 9265 9393 9394
f 9266 9395 9267
f 9266 9394 9395
f 9267 9396 9268
f 9267 9395 9396
f 9268 9397 9269
f 9268 9396 9397
f 9269 9398 9270
f 9269 9397 9398
f 9270 9399 9271
f 9270 9398 9399
f 9271 9400 9272
f 9271 9399 9400
f 9272 9401 9273
f 9272 9400 9401
f 9273 9402 9274
f 9273 9401 9402
f 9274 9403 9275
f 9274 9402 9403
f 9275 9404 9276
f 9275 9403 9404
f 9276 9405 9277
f 9276 9404 9405
f 9277 9406 9278
f 9277 9405 9406
f 9278 9407 9279
f 9278 9406 9407
f 9279 9408 9280
f 9279 9407 9408
f 9280 9409 9281
f 9280 9408 9409
f 9281 9410 9282
f 9281 9409 9410
f 9282 9411 9283
f 9282 9410 9411
f 9283 9412 9284
f 9283 9411 9412
f 9284 9413 9285
f 9284 9412 9413
f 9285 9414 9286
f 9285 9413 9414
f 9286 9415 9287
f 9286 9414 9415
f 9287 9416 9288
f 9287 9415 9416
f 9288 9417 9289
f 9288 9416 9417
f 9289 9418 9290
f 9289 9417 9418
f 9290 9419 9291
f 9290 9418 9419
f 9291 9420 9292
f 9291 9419 9420
f 9292 9421 9293
f 9292 9420 9421
f 9293 9422 9294
f 9293 9421 9422
f 9294 9423 9295
f 9294 9422 9423
f 9295 9424 9296
f 9295 9423 9424
f 9296 9425 9297
f 9296 9424 9425
f 9297 9426 9298
f 9297 9425 9426
f 9298 9427 9299
f 9298 9426 9427
f 9299 9428 9300
f 9299 9427 9428
f 9300 9429 9301
f 9300 9428 9429
f 9301 9430 9302
f 9301 9429 9430
f 9302 9431 9303
f 9302 9430 9431
f 9303 9432 9304
f 9303 9431 9432
f 9304 9433 9305
f 9304 9432 9433
f 9305 9434 9306
f 9305 9433 9434
f 9306 9435 9307
f 9306 9434 9435
f 9307 9436 9308
f 9307 9435 9436
f 9308 9437 9309
f 9308 9436 9437
f 9309 9438 9310
f 9309 9437 9438
f 9310 9439 9311
f 9310 9438 9439
f 9311 9440 9312
f 9311 9439 9440
f 9312 9441 9313
f 9312 9440 9441
f 9313 9442 9314
f 9313 9441 9442
f 9314 9443 9315
f 9314 9442 9443
f 9315 9444 9316
f 9315 9443 9444
f 9316 9445 9317
f 9316 9444 9445
f 9317 9446 9318
f 9317 9445 9446
f 9318 9447 9319
f 9318 9446 9447
f 9319 9448 9320
f 9319 9447 9448
f 9320 9449 9321
f 9320 9448 9449
f 9321 9450 9322
f 9321 9449 9450
f 9322 9451 9323
f 9322 9450 9451
f 9323 9452 9324
f 9323 9451 9452
f 9324 9453 9325
f 9324 9452 9453
f 9325 9454 9326
f 9325 9453 9454
f 9326 9455 9327
f 9326 9454 9455
f 9327 9456 9328
f 9327 9455 9456
f 9328 9457 9329
f 9328 9456 9457
f 9329 9458 9330
f 9329 9457 9458
f 9330 9459 9331
f 9330 9458 9459
f 9331 9460 9332
f 9331 9459 9460
f 9332 9461 9333
f 9332 9460 9461
f 9333 9462 9334
f 9333 9461 9462
f 9334 9463 9335
f 9334 9462 9463
f 9335 9464 9336
f 9335 9463 9464
f 9336 9465 9337
f 9336 9464 9465
f 9337 9466 9338
f 9337 9465 9466
f 9338 9467 9339
f 9338 9466 9467
f 9339 9468 9340
f 9339 9467 9468
f 9340 9469 9341
f 9340 9468 9469
f 9341 9470 9342
f 9341 9469 9470
f 9342 9471 9343
f 9342 9470 9471
f 9343 9472 9344
f 9343 9471 9472
f 9344 9473 9345
f 9344 9472 9473
f 9345 9346 9218
f 9345 9473 9346
f 9346 9475 9347
f 9346 9474 9475
f 9347 9476 9348
f 9347 9475 9476
f 9348 9477 9349
f 9348 9476 9477
f 9349 9478 9350
f 9349 9477 9478
f 9350 9479 9351
f 9350 9478 9479
f 9351 9480 9352
f 9351 9479 9480
f 9352 9481 9353
f 9352 9480 9481
f 9353 9482 9354
f 9353 9481 9482
f 9354 9483 9355
f 9354 9482 9483
f 9355 9484 9356
f 9355 9483 9484
f 9356 9485 9357
f 9356 9484 9485
f 9357 9486 9358
f 9357 9485 9486
f 9358 9487 9359
f 9358 9486 9487
f 9359 9488 9360
f 9359 9487 9488
f 9360 9489 9361
f 9360 9488 9489
f 9361 9490 9362
f 9361 9489 9490
f 9362 9491 9363
f 9362 9490 9491
f 9363 9492 9364
f 9363 9491 9492
f 9364 9493 9365
f 9364 9492 9493
f 9365 9494 9366
f 9365 9493 9494
f 9366 9495 9367
f 9366 9494 9495
f 9367 9496 9368
f 9367 9495 9496
f 9368 9497 9369
f 9368 9496 9497
f 9369 9498 9370
f 9369 9497 9498
f 9370 9499 9371
f 9370 9498 9499
f 9371 9500 9372
f 9371 9499 9500
f 9372 9501 9373
f 9372 9500 9501
f 9373 9502 9374
f 9373 9501 9502
f 9374 9503 9375
f 9374 9502 9503
f 9375 9504 9376
f 9375 9503 9504
f 9376 9505 9377
f 9376 9504 9505
f 9377 9506 9378
f 9377 9505 9506
f 9378 9507 9379
f 9378 9506 9507
f 9379 9508 9380
f 9379 9507 9508
f 9380 9509 9381
f 9380 9508 9509
f 9381 9510 9382
f 9381 9509 9510
f 9382 9511 9383
f 9382 9510 9511
f 9383 9512 9384
f 9383 9511 9512
f 9384 9513 9385
f 9384 9512 9513
f 9385 9514 9386
f 9385 9513 9514
f 9386 9515 9387
f 9386 9514 9515
f 9387 9516 9388
f 9387 9515 9516
f 9388 9517 9389
f 9388 9516 9517
f 9389 9518 9390
f 9389 9517 9518
f 9390 9519 9391
f 9390 9518 9519
f 9391 9520 9392
f 9391 9519 9520
f 9392 9521 9393
f 9392 9520 9521
f 9393 9522 9394
f 9393 9521 9522
f 9394 9523 9395
f 9394 9522 9523
f 9395 9524 9396
f 9395 9523 9524
f 9396 9525 9397
f 9396 9524 9525
f 9397 9526 9398
f 9397 9525 9526
f 9398 9527 9399
f 9398 9526 9527
f 9399 9528 9400
f 9399 9527 9528
f 9400 9529 9401
f 9400 9528 9529
f 9401 9530 9402
f 9401 9529 9530
f 9402 9531 9403
f 9402 9530 9531
f 9403 9532 9404
f 9403 9531 9532
f 9404 9533 9405
f 9404 9532 9533
f 9405 9534 9406
f 9405 9533 9534
f 9406 9535 9407
f 9406 9534 9535
f 9407 9536 9408
f 9407 9535 9536
f 9408 9537 9409
f 9408 9536 9537
f 9409 9538 9410
f 9409 9537 9538
f 9410 9539 9411
f 9410 9538 9539
f 9411 9540 9412
f 9411 9539 9540
f 9412 9541 9413
f 9412 9540 9541
f 9413 9542 9414
f 9413 9541 9542
f 9414 9543 9415
f 9414 9542 9543
f 9415 9544 9416
f 9415 9543 9544
f 9416 9545 9417
f 9416 9544 9545
f 9417 9546 9418
f 9417 9545 9546
f 9418 9547 9419
f 9418 9546 9547
f 9419 9548 9420
f 9419 9547 9548
f 9420 9549 9421
f 9420 9548 9549
f 9421 9550 9422
f 9421 9549 9550
f 9422 9551 9423
f 9422 9550 9551
f 9423 9552 9424
f 9423 9551 9552
f 9424 9553 9425
f 9424 9552 9553
f 9425 9554 9426
f 9425 9553 9554
f 9426 9555 9427
f 9426 9554 9555
f 9427 9556 9428
f 9427 9555 9556
f 9428 9557 9429
f 9428 9556 9557
f 9429 9558 9430
f 9429 9557 9558
f 9430 9559 9431
f 9430 9558 9559
f 9431 9560 9432
f 9431 9559 9560
f 9432 9561 9433
f 9432 9560 9561
f 9433 9562 9434
f 9433 9561 9562
f 9434 9563 9435
f 9434 9562 9563
f 9435 9564 9436
f 9435 9563 9564
f 9436 9565 9437
f 9436 9564 9565
f 9437 9566 9438
f 9437 9565 9566
f 9438 9567 9439
f 9438 9566 9567
f 9439 9568 9440
f 9439 9567 9568
f 9440 9569 9441
f 9440 9568 9569
f 9441 9570 9442
f 9441 9569 9570
f 9442 9571 9443
f 9442 9570 9571
f 9443 9572 9444
f 9443 9571 9572
f 9444 9573 9445
f 9444 9572 9573
f 9445 9574 9446
f 9445 9573 9574
f 9446 9575 9447
f 9446 9574 9575
f 9447 9576 9448
f 9447 9575 9576
f 9448 9577 9449
f 9448 9576 9577
f 9449 9578 9450
f 9449 9577 9578
f 9450 9579 9451
f 9450 9578 9579
f 9451 9580 9452
f 9451 9579 9580
f 9452 9581 9453
f 9452 9580 9581
f 9453 9582 9454
f 9453 9581 9582
f 9454 9583 9455
f 9454 9582 9583
f 9455 9584 9456
f 9455 9583 9584
f 9456 9585 9457
f 9456 9584 9585
f 9457 9586 9458
f 9457 9585 9586
f 9458 9587 9459
f 9458 9586 9587
f 9459 9588 9460
f 9459 9587 9588
f 9460 9589 9461
f 9460 9588 9589
f 9461 9590 9462
f 9461 9589 9590
f 9462 9591 9463
f 9462 9590 9591
f 9463 9592 9464
f 9463 9591 9592
f 9464 9593 9465
f 9464 9592 9593
f 9465 9594 9466
f 9465 9593 9594
f 9466 9595 9467
f 9466 9594 9595
f 9467 9596 9468
f 9467 9595 9596
f 9468 9597 9469
f 9468 9596 9597
f 9469 9598 9470
f 9469 9597 9598
f 9470 9599 9471
f 9470 9598 9599
f 9471 9600 9472
f 9471 9599 9600
f 9472 9601 9473
f 9472 9600 9601
f 9473 9474 9346
f 9473 9601 9474
f 9474 9603 9475
f 9474 9602 9603
f 9475 9604 9476
f 9475 9603 9604
f 9476 9605 9477
f 9476 9604 9605
f 9477 9606 9478
f 9477 9605 9606
f 9478 9607 9479
f 9478 9606 9607
f 9479 9608 9480
f 9479 9607 9608
f 9480 9609 9481
f 9480 9608 9609
f 9481 9610 9482
f 9481 9609 9610
f 9482 9611 9483
f 9482 9610 9611
f 9483 9612 9484
f 9483 9611 9612
f 9484 9613 9485
f 9484 9612 9613
f 9485 9614 9486
f 9485 9613 9614
f 9486 9615 9487
f 9486 9614 9615
f 9487 9616 9488
f 9487 9615 9616
f 9488 9617 9489
f 9488 9616 9617
f 9489 9618 9490
f 9489 9617 9618
f 9490 9619 9491
f 9490 9618 9619
f 9491 9620 9492
f 9491 9619 9620
f 9492 9621 9493
f 9492 9620 9621
f 9493 9622 9494
f 9493 9621 9622
f 9494 9623 9495
f 9494 9622 9623
f 9495 9624 9496
f 9495 9623 9624
f 9496 9625 9497
f 9496 9624 9625
f 9497 9626 9498
f 9497 9625 9626
f 9498 9627 9499
f 9498 9626 9627
f 9499 9628 9500
f 9499 9627 9628
f 9500 9629 9501
f 9500 9628 9629
f 9501 9630 9502
f 9501 9629 9630
f 9502 9631 9503
f 9502 9630 9631
f 9503 9632 9504
f 9503 9631 9632
f 9504 9633 9505
f 9504 9632 9633
f 9505 9634 9506
f 9505 9633 9634
f 9506 9635 9507
f 9506 9634 9635
f 9507 9636 9508
f 9507 9635 9636
f 9508 9637 9509
f 9508 9636 9637
f 9509 9638 9510
f 9509 9637 9638
f 9510 9639 9511
f 9510 9638 9639
f 9511 9640 9512
f 9511 9639 9640
f 9512 9641 9513
f 9512 9640 9641
f 9513 9642 9514
f 9513 9641 9642
f 9514 9643 9515
f 9514 9642 9643
f 9515 9644 9516
f 9515 9643 9644
f 9516 9645 9517
f 9516 9644 9645
f 9517 9646 9518
f 9517 9645 9646
f 9518 9647 9519
f 9518 9646 9647
f 9519 9648 9520
f 9519 9647 9648
f 9520 9649 9521
f 9520 9648 9649
f 9521 9650 9522
f 9521 9649 9650
f 9522 9651 9523
f 9522 9650 9651
f 9523 9652 9524
f 9523 9651 9652
f 9524 9653 9525
f 9524 9652 9653
f 9525 9654 9526
f 9525 9653 9654
f 9526 9655 9527
f 9526 9654 9655
f 9527 9656 9528
f 9527 9655 9656
f 9528 9657 9529
f 9528 9656 9657
f 9529 9658 9530
f 9529 9657 9658
f 9530 9659 9531
f 9530 9658 9659
f 9531 9660 9532
f 9531 9659 9660
f 9532 9661 9533
f 9532 9660 9661
f 9533 9662 9534
f 9533 9661 9662
f 9534 9663 9535
f 9534 9662 9663
f 9535 9664 9536
f 9535 9663 9664
f 9536 9665 9537
f 9536 9664 9665
f 9537 9666 9538
f 9537 9665 9666
f 9538 9667 9539
f 9538 9666 9667
f 9539 9668 9540
f 9539 9667 9668
f 9540 9669 9541
f 9540 9668 9669
f 9541 9670 9542
f 9541 9669 9670
f 9542 9671 9543
f 9542 9670 9671
f 9543 9672 9544
f 9543 9671 9672
f 9544 9673 9545
f 9544 9672 9673
f 9545 9674 9546
f 9545 9673 9674
f 9546 9675 9547
f 9546 9674 9675
f 9547 9676 9548
f 9547 9675 9676
f 9548 9677 9549
f 9548 9676 9677
f 9549 9678 9550
f 9549 9677 9678
f 9550 9679 9551
f 9550 9678 9679
f 9551 9680 9552
f 9551 9679 9680
f 9552 9681 9553
f 9552 9680 9681
f 9553 9682 9554
f 9553 9681 9682
f 9554 9683 9555
f 9554 9682 9683
f 9555 9684 9556
f 9555 9683 9684
f 9556 9685 9557
f 9556 9684 9685
f 9557 9686 9558
f 9557 9685 9686
f 9558 9687 9559
f 9558 9686 9687
f 9559 9688 9560
f 9559 9687 9688
f 9560 9689 9561
f 9560 9688 9689
f 9561 9690 9562
f 9561 9689 9690
f 9562 9691 9563
f 9562 9690 9691
f 9563 9692 9564
f 9563 9691 9692
f 9564 9693 9565
f 9564 9692 9693
f 9565 9694 9566
f 9565 9693 9694
f 9566 9695 9567
f 9566 9694 9695
f 9567 9696 9568
f 9567 9695 9696
f 9568 9697 9569
f 9568 9696 9697
f 9569 9698 9570
f 9569 9697 9698
f 9570 9699 9571
f 9570 9698 9699
f 9571 9700 9572
f 9571 9699 9700
f 9572 9701 9573
f 9572 9700 9701
f 9573 9702 9574
f 9573 9701 9702
f 9574 9703 9575
f 9574 9702 9703
f 9575 9704 9576
f 9575 9703 9704
f 9576 9705 9577
f 9576 9704 9705
f 9577 9706 9578
f 9577 9705 9706
f 9578 9707 9579
f 9578 9706 9707
f 9579 9708 9580
f 9579 9707 9708
f 9580 9709 9581
f 9580 9708 9709
f 9581 9710 9582
f 9581 9709 9710
f 9582 9711 9583
f 9582 9710 9711
f 9583 9712 9584
f 9583 9711 9712
f 9584 9713 9585
f 9584 9712 9713
f 9585 9714 9586
f 9585 9713 9714
f 9586 9715 9587
f 9586 9714 9715
f 9587 9716 9588
f 9587 9715 9716
f 9588 9717 9589
f 9588 9716 9717
f 9589 9718 9590
f 9589 9717 9718
f 9590 9719 9591
f 9590 9718 9719
f 9591 9720 9592
f 9591 9719 9720
f 9592 9721 9593
f 9592 9720 9721
f 9593 9722 9594
f 9593 9721 9722
f 9594 9723 9595
f 9594 9722 9723
f 9595 9724 9596
f 9595 9723 9724
f 9596 9725 9597
f 9596 9724 9725
f 9597 9726 9598
f 9597 9725 9726
f 9598 9727 9599
f 9598 9726 9727
f 9599 9728 9600
f 9599 9727 9728
f 9600 9729 9601
f 9600 9728 9729
f 9601 9602 9474
f 9601 9729 9602
f 9602 9731 9603
f 9602 9730 9731
f 9603 9732 9604
f 9603 9731 9732
f 9604 9733 9605
f 9604 9732 9733
f 9605 9734 9606
f 9605 9733 9734
f 9606 9735 9607
f 9606 9734 9735
f 9607 9736 9608
f 9607 9735 9736
f 9608 9737 9609
f 9608 9736 9737
f 9609 9738 9610
f 9609 9737 9738
f 9610 9739 9611
f 9610 9738 9739
f 9611 9740 9612
f 9611 9739 9740
f 9612 9741 9613
f 9612 9740 9741
f 9613 9742 9614
f 9613 9741 9742
f 9614 9743 9615
f 9614 9742 9743
f 9615 9744 9616
f 9615 9743 9744
f 9616 9745 9617
f 9616 9744 9745
f 9617 9746 9618
f 9617 9745 9746
f 9618 9747 9619
f 9618 9746 9747
f 9619 9748 9620
f 9619 9747 9748
f 9620 9749 9621
f 9620 9748 9749
f 9621 9750 9622
f 9621 9749 9750
f 9622 9751 9623
f 9622 9750 9751
f 9623 9752 9624
f 9623 9751 9752
f 9624 9753 9625
f 9624 9752 9753
f 9625 9754 9626
f 9625 9753 9754
f 9626 9755 9627
f 9626 9754 9755
f 9627 9756 9628
f 9627 9755 9756
f 9628 9757 9629
f 9628 9756 9757
f 9629 9758 9630
f 9629 9757 9758
f 9630 9759 9631
f 9630 9758 9759
f 9631 9760 9632
f 9631 9759 9760
f 9632 9761 9633
f 9632 9760 9761
f 9633 9762 9634
f 9633 9761 9762
f 9634 9763 9635
f 9634 9762 9763
f 9635 9764 9636
f 9635 9763 9764
f 9636 9765 9637
f 9636 9764 9765
f 9637 9766 9638
f 9637 9765 9766
f 9638 9767 9639
f 9638 9766 9767
f 9639 9768 9640
f 9639 9767 9768
f 9640 9769 9641
f 9640 9768 9769
f 9641 9770 9642
f 9641 9769 9770
f 9642 9771 9643
f 9642 9770 9771
f 9643 9772 9644
f 9643 9771 9772
f 9644 9773 9645
f 9644 9772 9773
f 9645 9774 9646
f 9645 9773 9774
f 9646 9775 9647
f 9646 9774 9775
f 9647 9776 9648
f 9647 9775 9776
f 9648 9777 9649
f 9648 9776 9777
f 9649 9778 9650
f 9649 9777 9778
f 9650 9779 9651
f 9650 9778 9779
f 9651 9780 9652
f 9651 9779 9780
f 9652 9781 9653
f 9652 9780 9781
f 9653 9782 9654
f 9653 9781 9782
f 9654 9783 9655
f 9654 9782 9783
f 9655 9784 9656
f 9655 9783 9784
f 9656 9785 9657
f 9656 9784 9785
f 9657 9786 9658
f 9657 9785 9786
f 9658 9787 9659
f 9658 9786 9787
f 9659 9788 9660
f 9659 9787 9788
f 9660 9789 9661
f 9660 9788 9789
f 9661 9790 9662
f 9661 9789 9790
f 9662 9791 9663
f 9662 9790 9791
f 9663 9792 9664
f 9663 9791 9792
f 9664 9793 9665
f 9664 9792 9793
f 9665 9794 9666
f 9665 9793 9794
f 9666 9795 9667
f 9666 9794 9795
f 9667 9796 9668
f 9667 9795 9796
f 9668 9797 9669
f 9668 9796 9797
f 9669 9798 9670
f 9669 9797 9798
f 9670 9799 9671
f 9670 9798 9799
f 9671 9800 9672
f 9671 9799 9800
f 9672 9801 9673
f 9672 9800 9801
f 9673 9802 9674
f 9673 9801 9802
f 9674 9803 9675
f 9674 9802 9803
f 9675 9804 9676
f 9675 9803 9804
f 9676 9805 9677
f 9676 9804 9805
f 9677 9806 9678
f 9677 9805 9806
f 9678 9807 9679
f 9678 9806 9807
f 9679 9808 9680
f 9679 9807 9808
f 9680 9809 9681
f 9680 9808 9809
f 9681 9810 9682
f 9681 9809 9810
f 9682 9811 9683
f 9682 9810 9811
f 9683 9812 9684
f 9683 9811 9812
f 9684 9813 9685
f 9684 9812 9813
f 9685 9814 9686
f 9685 9813 9814
f 9686 9815 9687
f 9686 9814 9815
f 9687 9816 9688
f 9687 9815 9816
f 9688 9817 9689
f 9688 9816 9817
f 9689 9818 9690
f 9689 9817 9818
f 9690 9819 9691
f 9690 9818 9819
f 9691 9820 9692
f 9691 9819 9820
f 9692 9821 9693
f 9692 9820 9821
f 9693 9822 9694
f 9693 9821 9822
f 9694 9823 9695
f 9694 9822 9823
f 9695 9824 9696
f 9695 9823 9824
f 9696 9825 9697
f 9696 9824 9825
f 9697 9826 9698
f 9697 9825 9826
f 9698 9827 9699
f 9698 9826 9827
f 9699 9828 9700
f 9699 9827 9828
f 9700 9829 9701
f 9700 9828 9829
f 9701 9830 9702
f 9701 9829 9830
f 9702 9831 9703
f 9702 9830 9831
f 9703 9832 9704
f 9703 9831 9832
f 9704 9833 9705
f 9704 9832 9833
f 9705 9834 9706
f 9705 9833 9834
f 9706 9835 9707
f 9706 9834 9835
f 9707 9836 9708
f 9707 9835 9836
f 9708 9837 9709
f 9708 9836 9837
f 9709 9838 9710
f 9709 9837 9838
f 9710 9839 9711
f 9710 9838 9839
f 9711 9840 9712
f 9711 9839 9840
f 9712 9841 9713
f 9712 9840 9841
f 9713 9842 9714
f 9713 9841 9842
f 9714 9843 9715
f 9714 9842 9843
f 9715 9844 9716
f 9715 9843 9844
f 9716 9845 9717
f 9716 9844 9845
f 9717 9846 9718
f 9717 9845 9846
f 9718 9847 9719
f 9718 9846 9847
f 9719 9848 9720
f 9719 9847 9848
f 9720 9849 9721
f 9720 9848 9849
f 9721 9850 9722
f 9721 9849 9850
f 9722 9851 9723
f 9722 9850 9851
f 9723 9852 9724
f 9723 9851 9852
f 9724 9853 9725
f 9724 9852 9853
f 9725 9854 9726
f 9725 9853 9854
f 9726 9855 9727
f 9726 9854 9855
f 9727 9856 9728
f 9727 9855 9856
f 9728 9857 9729
f 9728 9856 9857
f 9729 9730 9602
f 9729 9857 9730
f 9730 9859 9731
f 9730 9858 9859
f 9731 9860 9732
f 9731 9859 9860
f 9732 9861 9733
f 9732 9860 9861
f 9733 9862 9734
f 9733 9861 9862
f 9734 9863 9735
f 9734 9862 9863
f 9735 9864 9736
f 9735 9863 9864
f 9736 9865 9737
f 9736 9864 9865
f 9737 9866 9738
f 9737 9865 9866
f 9738 9867 9739
f 9738 9866 9867
f 9739 9868 9740
f 9739 9867 9868
f 9740 9869 9741
f 9740 9868 9869
f 9741 9870 9742
f 9741 9869 9870
f 9742 9871 9743
f 9742 9870 9871
f 9743 9872 9744
f 9743 9871 9872
f 9744 9873 9745
f 9744 9872 9873
f 9745 9874 9746
f 9745 9873 9874
f 9746 9875 9747
f 9746 9874 9875
f 9747 9876 9748
f 9747 9875 9876
f 9748 9877 9749
f 9748 9876 9877
f 9749 9878 9750
f 9749 9877 9878
f 9750 9879 9751
f 9750 9878 9879
f 9751 9880 9752
f 9751 9879 9880
f 9752 9881 9753
f 9752 9880 9881
f 9753 9882 9754
f 9753 9881 9882
f 9754 9883 9755
f 9754 9882 9883
f 9755 9884 9756
f 9755 9883 9884
f 9756 9885 9757
f 9756 9884 9885
f 9757 9886 9758
f 9757 9885 9886
f 9758 9887 9759
f 9758 9886 9887
f 9759 9888 9760
f 9759 9887 9888
f 9760 9889 9761
f 9760 9888 9889
f 9761 9890 9762
f 9761 9889 9890
f 9762 9891 9763
f 9762 9890 9891
f 9763 9892 9764
f 9763 9891 9892
f 9764 9893 9765
f 9764 9892 9893
f 9765 9894 9766
f 9765 9893 9894
f 9766 9895 9767
f 9766 9894 9895
f 9767 9896 9768
f 9767 9895 9896
f 9768 9897 9769
f 9768 9896 9897
f 9769 9898 9770
f 9769 9897 9898
f 9770 9899 9771
f 9770 9898 9899
f 9771 9900 9772
f 9771 9899 9900
f 9772 9901 9773
f 9772 9900 9901
f 9773 9902 9774
f 9773 9901 9902
f 9774 9903 9775
f 9774 9902 9903
f 9775 9904 9776
f 9775 9903 9904
f 9776 9905 9777
f 9776 9904 9905
f 9777 9906 9778
f 9777 9905 9906
f 9778 9907 9779
f 9778 9906 9907
f 9779 9908 9780
f 9779 9907 9908
f 9780 9909 9781
f 9780 9908 9909
f 9781 9910 9782
f 9781 9909 9910
f 9782 9911 9783
f 9782 9910 9911
f 9783 9912 9784
f 9783 9911 9912
f 9784 9913 9785
f 9784 9912 9913
f 9785 9914 9786
f 9785 9913 9914
f 9786 9915 9787
f 9786 9914 9915
f 9787 9916 9788
f 9787 9915 9916
f 9788 9917 9789
f 9788 9916 9917
f 9789 9918 9790
f 9789 9917 9918
f 9790 9919 9791
f 9790 9918 9919
f 9791 9920 9792
f 9791 9919 9920
f 9792 9921 9793
f 9792 9920 9921
f 9793 9922 9794
f 9793 9921 9922
f 9794 9923 9795
f 9794 9922 9923
f 9795 9924 9796
f 9795 9923 9924
f 9796 9925 9797
f 9796 9924 9925
f 9797 9926 9798
f 9797 9925 9926
f 9798 9927 9799
f 9798 9926 9927
f 9799 9928 9800
f 9799 9927 9928
f 9800 9929 9801
f 9800 9928 9929
f 9801 9930 9802
f 9801 9929 9930
f 9802 9931 9803
f 9802 9930 9931
f 9803 9932 9804
f 9803 9931 9932
f 9804 9933 9805
f 9804 9932 9933
f 9805 9934 9806
f 9805 9933 9934
f 9806 9935 9807
f 9806 9934 9935
f 9807 9936 9808
f 9807 9935 9936
f 9808 9937 9809
f 9808 9936 9937
f 9809 9938 9810
f 9809 9937 9938
f 9810 9939 9811
f 9810 9938 9939
f 9811 9940 9812
f 9811 9939 9940
f 9812 9941 9813
f 9812 9940 9941
f 9813 9942 9814
f 9813 9941 9942
f 9814 9943 9815
f 9814 9942 9943
f 9815 9944 9816
f 9815 9943 9944
f 9816 9945 9817
f 9816 9944 9945
f 9817 9946 9818
f 9817 9945 9946
f 9818 9947 9819
f 9818 9946 9947
f 9819 9948 9820
f 9819 9947 9948
f 9820 9949 9821
f 9820 9948 9949
f 9821 9950 9822
f 9821 9949 9950
f 9822 9951 9823
f 9822 9950 9951
f 9823 9952 9824
f 9823 9951 9952
f 9824 9953 9825
f 9824 9952 9953
f 9825 9954 9826
f 9825 9953 9954
f 9826 9955 9827
f 9826 9954 9955
f 9827 9956 9828
f 9827 9955 9956
f 9828 9957 9829
f 9828 9956 9957
f 9829 9958 9830
f 9829 9957 9958
f 9830 9959 9831
f 9830 9958 9959
f 9831 9960 9832
f 9831 9959 9960
f 9832 9961 9833
f 9832 9960 9961
f 9833 9962 9834
f 9833 9961 9962
f 9834 9963 9835
f 9834 9962 9963
f 9835 9964 9836
f 9835 9963 9964
f 9836 9965 9837
f 9836 9964 9965
f 9837 9966 9838
f 9837 9965 9966
f 9838 9967 9839
f 9838 9966 9967
f 9839 9968 9840
f 9839 9967 9968
f 9840 9969 9841
f 9840 9968 9969
f 9841 9970 9842
f 9841 9969 9970
f 9842 9971 9843
f 9842 9970 9971
f 9843 9972 9844
f 9843 9971 9972
f 9844 9973 9845
f 9844 9972 9973
f 9845 9974 9846
f 9845 9973 9974
f 9846 9975 9847
f 9846 9974 9975
f 9847 9976 9848
f 9847 9975 9976
f 9848 9977 9849
f 9848 9976 9977
f 9849 9978 9850
f 9849 9977 9978
f 9850 9979 9851
f 9850 9978 9979
f 9851 9980 9852
f 9851 9979 9980
f 9852 9981 9853
f 9852 9980 9981
f 9853 9982 9854
f 9853 9981 9982
f 9854 9983 9855
f 9854 9982 9983
f 9855 9984 9856
f 9855 9983 9984
f 9856 9985 9857
f 9856 9984 9985
f 9857 9858 9730
f 9857 9985 9858
f 9858 9987 9859
f 9858 9986 9987
f 9859 9988 9860
f 9859 9987 9988
f 9860 9989 9861
f 9860 9988 9989
f 9861 9990 9862
f 9861 9989 9990
f 9862 9991 9863
f 9862 9990 9991
f 9863 9992 9864
f 9863 9991 9992
f 9864 9993 9865
f 9864 9992 9993
f 9865 9994 9866
f 9865 9993 9994
f 9866 9995 9867
f 9866 9994 9995
f 9867 9996 9868
f 9867 9995 9996
f 9868 9997 9869
f 9868 9996 9997
f 9869 9998 9870
f 9869 9997 9998
f 9870 9999 9871
f 9870 9998 9999
f 9871 10000 9872
f 9871 9999 10000
f 9872 10001 9873
f 9872 10000 10001
f 9873 10002 9874
f 9873 10001 10002
f 9874 10003 9875
f 9874 10002 10003
f 9875 10004 9876
f 9875 10003 10004
f 9876 10005 9877
f 9876 10004 10005
f 9877 10006 9878
f 9877 10005 10006
f 9878 10007 9879
f 9878 10006 10007
f 9879 10008 9880
f 9879 10007 10008
f 9880 10009 9881
f 9880 10008 10009
f 9881 10010 9882
f 9881 10009 10010
f 9882 10011 9883
f 9882 10010 10011
f 9883 10012 9884
f 9883 10011 10012
f 9884 10013 9885
f 9884 10012 10013
f 9885 10014 9886
f 9885 10013 10014
f 9886 10015 9887
f 9886 10014 10015
f 9887 10016 9888
f 9887 10015 10016
f 9888 10017 9889
f 9888 10016 10017
f 9889 10018 9890
f 9889 10017 10018
f 9890 10019 9891
f 9890 10018 10019
f 9891 10020 9892
f 9891 10019 10020
f 9892 10021 9893
f 9892 10020 10021
f 9893 10022 9894
f 9893 10021 10022
f 9894 10023 9895
f 9894 10022 10023
f 9895 10024 9896
f 9895 10023 10024
f 9896 10025 9897
f 9896 10024 10025
f 9897 10026 9898
f 9897 10025 10026
f 9898 10027 9899
f 9898 10026 10027
f 9899 10028 9900
f 9899 10027 10028
f 9900 10029 9901
f 9900 10028 10029
f 9901 10030 9902
f 9901 10029 10030
f 9902 10031 9903
f 9902 10030 10031
f 9903 10032 9904
f 9903 10031 10032
f 9904 10033 9905
f 9904 10032 10033
f 9905 10034 9906
f 9905 10033 10034
f 9906 10035 9907
f 9906 10034 10035
f 9907 10036 9908
f 9907 10035 10036
f 9908 10037 9909
f 9908 10036 10037
f 9909 10038 9910
f 9909 10037 10038
f 9910 10039 9911
f 9910 10038 10039
f 9911 10040 9912
f 9911 10039 10040
f 9912 10041 9913
f 9912 10040 10041
f 9913 10042 9914
f 9913 10041 10042
f 9914 10043 9915
f 9914 10042 10043
f 9915 10044 9916
f 9915 10043 10044
f 9916 10045 9917
f 9916 10044 10045
f 9917 10046 9918
f 9917 10045 10046
f 9918 10047 9919
f 9918 10046 10047
f 9919 10048 9920
f 9919 10047 10048
f 9920 10049 9921
f 9920 10048 10049
f 9921 10050 9922
f 9921 10049 10050
f 9922 10051 9923
f 9922 10050 10051
f 9923 10052 9924
f 9923 10051 10052
f 9924 10053 9925
f 9924 10052 10053
f 9925 10054 9926
f 9925 10053 10054
f 9926 10055 9927
f 9926 10054 10055
f 9927 10056 9928
f 9927 10055 10056
f 9928 10057 9929
f 9928 10056 10057
f 9929 10058 9930
f 9929 10057 10058
f 9930 10059 9931
f 9930 10058 10059
f 9931 10060 9932
f 9931 10059 10060
f 9932 10061 9933
f 9932 10060 10061
f 9933 10062 9934
f 9933 10061 10062
f 9934 10063 9935
f 9934 10062 10063
f 9935 10064 9936
f 9935 10063 10064
f 9936 10065 9937
f 9936 10064 10065
f 9937 10066 9938
f 9937 10065 10066
f 9938 10067 9939
f 9938 10066 10067
f 9939 10068 9940
f 9939 10067 10068
f 9940 10069 9941
f 9940 10068 10069
f 9941 10070 9942
f 9941 10069 10070
f 9942 10071 9943
f 9942 10070 10071
f 9943 10072 9944
f 9943 10071 10072
f 9944 10073 9945
f 9944 10072 10073
f 9945 10074 9946
f 9945 10073 10074
f 9946 10075 9947
f 9946 10074 10075
f 9947 10076 9948
f 9947 10075 10076
f 9948 10077 9949
f 9948 10076 10077
f 9949 10078 9950
f 9949 10077 10078
f 9950 10079 9951
f 9950 10078 10079
f 9951 10080 9952
f 9951 10079 10080
f 9952 10081 9953
f 9952 10080 10081
f 9953 10082 9954
f 9953 10081 10082
f 9954 10083 9955
f 9954 10082 10083
f 9955 10084 9956
f 9955 10083 10084
f 9956 10085 9957
f 9956 10084 10085
f 9957 10086 9958
f 9957 10085 10086
f 9958 10087 9959
f 9958 10086 10087
f 9959 10088 9960
f 9959 10087 10088
f 9960 10089 9961
f 9960 10088 10089
f 9961 10090 9962
f 9961 10089 10090
f 9962 10091 9963
f 9962 10090 10091
f 9963 10092 9964
f 9963 10091 10092
f 9964 10093 9965
f 9964 10092 10093
f 9965 10094 9966
f 9965 10093 10094
f 9966 10095 9967
f 9966 10094 10095
f 9967 10096 9968
f 9967 10095 10096
f 9968 10097 9969
f 9968 10096 10097
f 9969 10098 9970
f 9969 10097 10098
f 9970 10099 9971
f 9970 10098 10099
f 9971 10100 9972
f 9971 10099 10100
f 9972 10101 9973
f 9972 10100 10101
f 9973 10102 9974
f 9973 10101 10102
f 9974 10103 9975
f 9974 10102 10103
f 9975 10104 9976
f 9975 10103 10104
f 9976 10105 9977
f 9976 10104 10105
f 9977 10106 9978
f 9977 10105 10106
f 9978 10107 9979
f 9978 10106 10107
f 9979 10108 9980
f 9979 10107 10108
f 9980 10109 9981
f 9980 10108 10109
f 9981 10110 9982
f 9981 10109 10110
f 9982 10111 9983
f 9982 10110 10111
f 9983 10112 9984
f 9983 10111 10112
f 9984 10113 9985
f 9984 10112 10113
f 9985 9986 9858
f 9985 10113 9986
f 9986 10115 9987
f 9986 10114 10115
f 9987 10116 9988
f 9987 10115 10116
f 9988 10117 9989
f 9988 10116 10117
f 9989 10118 9990
f 9989 10117 10118
f 9990 10119 9991
f 9990 10118 10119
f 9991 10120 9992
f 9991 10119 10120
f 9992 10121 9993
f 9992 10120 10121
f 9993 10122 9994
f 9993 10121 10122
f 9994 10123 9995
f 9994 10122 10123
f 9995 10124 9996
f 9995 10123 10124
f 9996 10125 9997
f 9996 10124 10125
f 9997 10126 9998
f 9997 10125 10126
f 9998 10127 9999
f 9998 10126 10127
f 9999 10128 10000
f 9999 10127 10128
f 10000 10129 10001
f 10000 10128 10129
f 10001 10130 10002
f 10001 10129 10130
f 10002 10131 10003
f 10002 10130 10131
f 10003 10132 10004
f 10003 10131 10132
f 10004 10133 10005
f 10004 10132 10133
f 10005 10134 10006
f 10005 10133 10134
f 10006 10135 10007
f 10006 10134 10135
f 10007 10136 10008
f 10007 10135 10136
f 10008 10137 10009
f 10008 10136 10137
f 10009 10138 10010
f 10009 10137 10138
f 10010 10139 10011
f 10010 10138 10139
f 10011 10140 10012
f 10011 10139 10140
f 10012 10141 10013
f 10012 10140 10141
f 10013 10142 10014
f 10013 10141 10142
f 10014 10143 10015
f 10014 10142 10143
f 10015 10144 10016
f 10015 10143 10144
f 10016 10145 10017
f 10016 10144 10145
f 10017 10146 10018
f 10017 10145 10146
f 10018 10147 10019
f 10018 10146 10147
f 10019 10148 10020
f 10019 10147 10148
f 10020 10149 10021
f 10020 10148 10149
f 10021 10150 10022
f 10021 10149 10150
f 10022 10151 10023
f 10022 10150 10151
f 10023 10152 10024
f 10023 10151 10152
f 10024 10153 10025
f 10024 10152 10153
f 10025 10154 10026
f 10025 10153 10154
f 10026 10155 10027
f 10026 10154 10155
f 10027 10156 10028
f 10027 10155 10156
f 10028 10157 10029
f 10028 10156 10157
f 10029 10158 10030
f 10029 10157 10158
f 10030 10159 10031
f 10030 10158 10159
f 10031 10160 10032
f 10031 10159 10160
f 10032 10161 10033
f 10032 10160 10161
f 10033 10162 10034
f 10033 10161 10162
f 10034 10163 10035
f 10034 10162 10163
f 10035 10164 10036
f 10035 10163 10164
f 10036 10165 10037
f 10036 10164 10165
f 10037 10166 10038
f 10037 10165 10166
f 10038 10167 10039
f 10038 10166 10167
f 10039 10168 10040
f 10039 10167 10168
f 10040 10169 10041
f 10040 10168 10169
f 10041 10170 10042
f 10041 10169 10170
f 10042 10171 10043
f 10042 10170 10171
f 10043 10172 10044
f 10043 10171 10172
f 10044 10173 10045
f 10044 10172 10173
f 10045 10174 10046
f 10045 10173 10174
f 10046 10175 10047
f 10046 10174 10175
f 10047 10176 10048
f 10047 10175 10176
f 10048 10177 10049
f 10048 10176 10177
f 10049 10178 10050
f 10049 10177 10178
f 10050 10179 10051
f 10050 10178 10179
f 10051 10180 10052
f 10051 10179 10180
f 10052 10181 10053
f 10052 10180 10181
f 10053 10182 10054
f 10053 10181 10182
f 10054 10183 10055
f 10054 10182 10183
f 10055 10184 10056
f 10055 10183 10184
f 10056 10185 10057
f 10056 10184 10185
f 10057 10186 10058
f 10057 10185 10186
f 10058 10187 10059
f 10058 10186 10187
f 10059 10188 10060
f 10059 10187 10188
f 10060 10189 10061
f 10060 10188 10189
f 10061 10190 10062
f 10061 10189 10190
f 10062 10191 10063
f 10062 10190 10191
f 10063 10192 10064
f 10063 10191 10192
f 10064 10193 10065
f 10064 10192 10193
f 10065 10194 10066
f 10065 10193 10194
f 10066 10195 10067
f 10066 10194 10195
f 10067 10196 10068
f 10067 10195 10196
f 10068 10197 10069
f 10068 10196 10197
f 10069 10198 10070
f 10069 10197 10198
f 10070 10199 10071
f 10070 10198 10199
f 10071 10200 10072
f 10071 10199 10200
f 10072 10201 10073
f 10072 10200 10201
f 10073 10202 10074
f 10073 10201 10202
f 10074 10203 10075
f 10074 10202 10203
f 10075 10204 10076
f 10075 10203 10204
f 10076 10205 10077
f 10076 10204 10205
f 10077 10206 10078
f 10077 10205 10206
f 10078 10207 10079
f 10078 10206 10207
f 10079 10208 10080
f 10079 10207 10208
f 10080 10209 10081
f 10080 10208 10209
f 10081 10210 10082
f 10081 10209 10210
f 10082 10211 10083
f 10082 10210 10211
f 10083 10212 10084
f 10083 10211 10212
f 10084 10213 10085
f 10084 10212 10213
f 10085 10214 10086
f 10085 10213 10214
f 10086 10215 10087
f 10086 10214 10215
f 10087 10216 10088
f 10087 10215 10216
f 10088 10217 10089
f 10088 10216 10217
f 10089 10218 10090
f 10089 10217 10218
f 10090 10219 10091
f 10090 10218 10219
f 10091 10220 10092
f 10091 10219 10220
f 10092 10221 10093
f 10092 10220 10221
f 10093 10222 10094
f 10093 10221 10222
f 10094 10223 10095
f 10094 10222 10223
f 10095 10224 10096
f 10095 10223 10224
f 10096 10225 10097
f 10096 10224 10225
f 10097 10226 10098
f 10097 10225 10226
f 10098 10227 10099
f 10098 10226 10227
f 10099 10228 10100
f 10099 10227 10228
f 10100 10229 10101
f 10100 10228 10229
f 10101 10230 10102
f 10101 10229 10230
f 10102 10231 10103
f 10102 10230 10231
f 10103 10232 10104
f 10103 10231 10232
f 10104 10233 10105
f 10104 10232 10233
f 10105 10234 10106
f 10105 10233 10234
f 10106 10235 10107
f 10106 10234 10235
f 10107 10236 10108
f 10107 10235 10236
f 10108 10237 10109
f 10108 10236 10237
f 10109 10238 10110
f 10109 10237 10238
f 10110 10239 10111
f 10110 10238 10239
f 10111 10240 10112
f 10111 10239 10240
f 10112 10241 10113
f 10112 10240 10241
f 10113 10114 9986
f 10113 10241 10114
f 10114 10243 10115
f 10114 10242 10243
f 10115 10244 10116
f 10115 10243 10244
f 10116 10245 10117
f 10116 10244 10245
f 10117 10246 10118
f 10117 10245 10246
f 10118 10247 10119
f 10118 10246 10247
f 10119 10248 10120
f 10119 10247 10248
f 10120 10249 10121
f 10120 10248 10249
f 10121 10250 10122
f 10121 10249 10250
f 10122 10251 10123
f 10122 10250 10251
f 10123 10252 10124
f 10123 10251 10252
f 10124 10253 10125
f 10124 10252 10253
f 10125 10254 10126
f 10125 10253 10254
f 10126 10255 10127
f 10126 10254 10255
f 10127 10256 10128
f 10127 10255 10256
f 10128 10257 10129
f 10128 10256 10257
f 10129 10258 10130
f 10129 10257 10258
f 10130 10259 10131
f 10130 10258 10259
f 10131 10260 10132
f 10131 10259 10260
f 10132 10261 10133
f 10132 10260 10261
f 10133 10262 10134
f 10133 10261 10262
f 10134 10263 10135
f 10134 10262 10263
f 10135 10264 10136
f 10135 10263 10264
f 10136 10265 10137
f 10136 10264 10265
f 10137 10266 10138
f 10137 10265 10266
f 10138 10267 10139
f 10138 10266 10267
f 10139 10268 10140
f 10139 10267 10268
f 10140 10269 10141
f 10140 10268 10269
f 10141 10270 10142
f 10141 10269 10270
f 10142 10271 10143
f 10142 10270 10271
f 10143 10272 10144
f 10143 10271 10272
f 10144 10273 10145
f 10144 10272 10273
f 10145 10274 10146
f 10145 10273 10274
f 10146 10275 10147
f 10146 10274 10275
f 10147 10276 10148
f 10147 10275 10276
f 10148 10277 10149
f 10148 10276 10277
f 10149 10278 10150
f 10149 10277 10278
f 10150 10279 10151
f 10150 10278 10279
f 10151 10280 10152
f 10151 10279 10280
f 10152 10281 10153
f 10152 10280 10281
f 10153 10282 10154
f 10153 10281 10282
f 10154 10283 10155
f 10154 10282 10283
f 10155 10284 10156
f 10155 10283 10284
f 10156 10285 10157
f 10156 10284 10285
f 10157 10286 10158
f 10157 10285 10286
f 10158 10287 10159
f 10158 10286 10287
f 10159 10288 10160
f 10159 10287 10288
f 10160 10289 10161
f 10160 10288 10289
f 10161 10290 10162
f 10161 10289 10290
f 10162 10291 10163
f 10162 10290 10291
f 10163 10292 10164
f 10163 10291 10292
f 10164 10293 10165
f 10164 10292 10293
f 10165 10294 10166
f 10165 10293 10294
f 10166 10295 10167
f 10166 10294 10295
f 10167 10296 10168
f 10167 10295 10296
f 10168 10297 10169
f 10168 10296 10297
f 10169 10298 10170
f 10169 10297 10298
f 10170 10299 10171
f 10170 10298 10299
f 10171 10300 10172
f 10171 10299 10300
f 10172 10301 10173
f 10172 10300 10301
f 10173 10302 10174
f 10173 10301 10302
f 10174 10303 10175
f 10174 10302 10303
f 10175 10304 10176
f 10175 10303 10304
f 10176 10305 10177
f 10176 10304 10305
f 10177 10306 10178
f 10177 10305 10306
f 10178 10307 10179
f 10178 10306 10307
f 10179 10308 10180
f 10179 10307 10308
f 10180 10309 10181
f 10180 10308 10309
f 10181 10310 10182
f 10181 10309 10310
f 10182 10311 10183
f 10182 10310 10311
f 10183 10312 10184
f 10183 10311 10312
f 10184 10313 10185
f 10184 10312 10313
f 10185 10314 10186
f 10185 10313 10314
f 10186 10315 10187
f 10186 10314 10315
f 10187 10316 10188
f 10187 10315 10316
f 10188 10317 10189
f 10188 10316 10317
f 10189 10318 10190
f 10189 10317 10318
f 10190 10319 10191
f 10190 10318 10319
f 10191 10320 10192
f 10191 10319 10320
f 10192 10321 10193
f 10192 10320 10321
f 10193 10322 10194
f 10193 10321 10322
f 10194 10323 10195
f 10194 10322 10323
f 10195 10324 10196
f 10195 10323 10324
f 10196 10325 10197
f 10196 10324 10325
f 10197 10326 10198
f 10197 10325 10326
f 10198 10327 10199
f 10198 10326 10327
f 10199 10328 10200
f 10199 10327 10328
f 10200 10329 10201
f 10200 10328 10329
f 10201 10330 10202
f 10201 10329 10330
f 10202 10331 10203
f 10202 10330 10331
f 10203 10332 10204
f 10203 10331 10332
f 10204 10333 10205
f 10204 10332 10333
f 10205 10334 10206
f 10205 10333 10334
f 10206 10335 10207
f 10206 10334 10335
f 10207 10336 10208
f 10207 10335 10336
f 10208 10337 10209
f 10208 10336 10337
f 10209 10338 10210
f 10209 10337 10338
f 10210 10339 10211
f 10210 10338 10339
f 10211 10340 10212
f 10211 10339 10340
f 10212 10341 10213
f 10212 10340 10341
f 10213 10342 10214
f 10213 10341 10342
f 10214 10343 10215
f 10214 10342 10343
f 10215 10344 10216
f 10215 10343 10344
f 10216 10345 10217
f 10216 10344 10345
f 10217 10346 10218
f 10217 10345 10346
f 10218 10347 10219
f 10218 10346 10347
f 10219 10348 10220
f 10219 10347 10348
f 10220 10349 10221
f 10220 10348 10349
f 10221 10350 10222
f 10221 10349 10350
f 10222 10351 10223
f 10222 10350 10351
f 10223 10352 10224
f 10223 10351 10352
f 10224 10353 10225
f 10224 10352 10353
f 10225 10354 10226
f 10225 10353 10354
f 10226 10355 10227
f 10226 10354 10355
f 10227 10356 10228
f 10227 10355 10356
f 10228 10357 10229
f 10228 10356 10357
f 10229 10358 10230
f 10229 10357 10358
f 10230 10359 10231
f 10230 10358 10359
f 10231 10360 10232
f 10231 10359 10360
f 10232 10361 10233
f 10232 10360 10361
f 10233 10362 10234
f 10233 10361 10362
f 10234 10363 10235
f 10234 10362 10363
f 10235 10364 10236
f 10235 10363 10364
f 10236 10365 10237
f 10236 10364 10365
f 10237 10366 10238
f 10237 10365 10366
f 10238 10367 10239
f 10238 10366 10367
f 10239 10368 10240
f 10239 10367 10368
f 10240 10369 10241
f 10240 10368 10369
f 10241 10242 10114
f 10241 10369 10242
f 10242 10371 10243
f 10242 10370 10371
f 10243 10372 10244
f 10243 10371 10372
f 10244 10373 10245
f 10244 10372 10373
f 10245 10374 10246
f 10245 10373 10374
f 10246 10375 10247
f 10246 10374 10375
f 10247 10376 10248
f 10247 10375 10376
f 10248 10377 10249
f 10248 10376 10377
f 10249 10378 10250
f 10249 10377 10378
f 10250 10379 10251
f 10250 10378 10379
f 10251 10380 10252
f 10251 10379 10380
f 10252 10381 10253
f 10252 10380 10381
f 10253 10382 10254
f 10253 10381 10382
f 10254 10383 10255
f 10254 10382 10383
f 10255 10384 10256
f 10255 10383 10384
f 10256 10385 10257
f 10256 10384 10385
f 10257 10386 10258
f 10257 10385 10386
f 10258 10387 10259
f 10258 10386 10387
f 10259 10388 10260
f 10259 10387 10388
f 10260 10389 10261
f 10260 10388 10389
f 10261 10390 10262
f 10261 10389 10390
f 10262 10391 10263
f 10262 10390 10391
f 10263 10392 10264
f 10263 10391 10392
f 10264 10393 10265
f 10264 10392 10393
f 10265 10394 10266
f 10265 10393 10394
f 10266 10395 10267
f 10266 10394 10395
f 10267 10396 10268
f 10267 10395 10396
f 10268 10397 10269
f 10268 10396 10397
f 10269 10398 10270
f 10269 10397 10398
f 10270 10399 10271
f 10270 10398 10399
f 10271 10400 10272
f 10271 10399 10400
f 10272 10401 10273
f 10272 10400 10401
f 10273 10402 10274
f 10273 10401 10402
f 10274 10403 10275
f 10274 10402 10403
f 10275 10404 10276
f 10275 10403 10404
f 10276 10405 10277
f 10276 10404 10405
f 10277 10406 10278
f 10277 10405 10406
f 10278 10407 10279
f 10278 10406 10407
f 10279 10408 10280
f 10279 10407 10408
f 10280 10409 10281
f 10280 10408 10409
f 10281 10410 10282
f 10281 10409 10410
f 10282 10411 10283
f 10282 10410 10411
f 10283 10412 10284
f 10283 10411 10412
f 10284 10413 10285
f 10284 10412 10413
f 10285 10414 10286
f 10285 10413 10414
f 10286 10415 10287
f 10286 10414 10415
f 10287 10416 10288
f 10287 10415 10416
f 10288 10417 10289
f 10288 10416 10417
f 10289 10418 10290
f 10289 10417 10418
f 10290 10419 10291
f 10290 10418 10419
f 10291 10420 10292
f 10291 10419 10420
f 10292 10421 10293
f 10292 10420 10421
f 10293 10422 10294
f 10293 10421 10422
f 10294 10423 10295
f 10294 10422 10423
f 10295 10424 10296
f 10295 10423 10424
f 10296 10425 10297
f 10296 10424 10425
f 10297 10426 10298
f 10297 10425 10426
f 10298 10427 10299
f 10298 10426 10427
f 10299 10428 10300
f 10299 10427 10428
f 10300 10429 10301
f 10300 10428 10429
f 10301 10430 10302
f 10301 10429 10430
f 10302 10431 10303
f 10302 10430 10431
f 10303 10432 10304
f 10303 10431 10432
f 10304 10433 10305
f 10304 10432 10433
f 10305 10434 10306
f 10305 10433 10434
f 10306 10435 10307
f 10306 10434 10435
f 10307 10436 10308
f 10307 10435 10436
f 10308 10437 10309
f 10308 10436 10437
f 10309 10438 10310
f 10309 10437 10438
f 10310 10439 10311
f 10310 10438 10439
f 10311 10440 10312
f 10311 10439 10440
f 10312 10441 10313
f 10312 10440 10441
f 10313 10442 10314
f 10313 10441 10442
f 10314 10443 10315
f 10314 10442 10443
f 10315 10444 10316
f 10315 10443 10444
f 10316 10445 10317
f 10316 10444 10445
f 10317 10446 10318
f 10317 10445 10446
f 10318 10447 10319
f 10318 10446 10447
f 10319 10448 10320
f 10319 10447 10448
f 10320 10449 10321
f 10320 10448 10449
f 10321 10450 10322
f 10321 10449 10450
f 10322 10451 10323
f 10322 10450 10451
f 10323 10452 10324
f 10323 10451 10452
f 10324 10453 10325
f 10324 10452 10453
f 10325 10454 10326
f 10325 10453 10454
f 10326 10455 10327
f 10326 10454 10455
f 10327 10456 10328
f 10327 10455 10456
f 10328 10457 10329
f 10328 10456 10457
f 10329 10458 10330
f 10329 10457 10458
f 10330 10459 10331
f 10330 10458 10459
f 10331 10460 10332
f 10331 10459 10460
f 10332 10461 10333
f 10332 10460 10461
f 10333 10462 10334
f 10333 10461 10462
f 10334 10463 10335
f 10334 10462 10463
f 10335 10464 10336
f 10335 10463 10464
f 10336 10465 10337
f 10336 10464 10465
f 10337 10466 10338
f 10337 10465 10466
f 10338 10467 10339
f 10338 10466 10467
f 10339 10468 10340
f 10339 10467 10468
f 10340 10469 10341
f 10340 10468 10469
f 10341 10470 10342
f 10341 10469 10470
f 10342 10471 10343
f 10342 10470 10471
f 10343 10472 10344
f 10343 10471 10472
f 10344 10473 10345
f 10344 10472 10473
f 10345 10474 10346
f 10345 10473 10474
f 10346 10475 10347
f 10346 10474 10475
f 10347 10476 10348
f 10347 10475 10476
f 10348 10477 10349
f 10348 10476 10477
f 10349 10478 10350
f 10349 10477 10478
f 10350 10479 10351
f 10350 10478 10479
f 10351 10480 10352
f 10351 10479 10480
f 10352 10481 10353
f 10352 10480 10481
f 10353 10482 10354
f 10353 10481 10482
f 10354 10483 10355
f 10354 10482 10483
f 10355 10484 10356
f 10355 10483 10484
f 10356 10485 10357
f 10356 10484 10485
f 10357 10486 10358
f 10357 10485 10486
f 10358 10487 10359
f 10358 10486 10487
f 10359 10488 10360
f 10359 10487 10488
f 10360 10489 10361
f 10360 10488 10489
f 10361 10490 10362
f 10361 10489 10490
f 10362 10491 10363
f 10362 10490 10491
f 10363 10492 10364
f 10363 10491 10492
f 10364 10493 10365
f 10364 10492 10493
f 10365 10494 10366
f 10365 10493 10494
f 10366 10495 10367
f 10366 10494 10495
f 10367 10496 10368
f 10367 10495 10496
f 10368 10497 10369
f 10368 10496 10497
f 10369 10370 10242
f 10369 10497 10370
f 10370 10499 10371
f 10370 10498 10499
f 10371 10500 10372
f 10371 10499 10500
f 10372 10501 10373
f 10372 10500 10501
f 10373 10502 10374
f 10373 10501 10502
f 10374 10503 10375
f 10374 10502 10503
f 10375 10504 10376
f 10375 10503 10504
f 10376 10505 10377
f 10376 10504 10505
f 10377 10506 10378
f 10377 10505 10506
f 10378 10507 10379
f 10378 10506 10507
f 10379 10508 10380
f 10379 10507 10508
f 10380 10509 10381
f 10380 10508 10509
f 10381 10510 10382
f 10381 10509 10510
f 10382 10511 10383
f 10382 10510 10511
f 10383 10512 10384
f 10383 10511 10512
f 10384 10513 10385
f 10384 10512 10513
f 10385 10514 10386
f 10385 10513 10514
f 10386 10515 10387
f 10386 10514 10515
f 10387 10516 10388
f 10387 10515 10516
f 10388 10517 10389
f 10388 10516 10517
f 10389 10518 10390
f 10389 10517 10518
f 10390 10519 10391
f 10390 10518 10519
f 10391 10520 10392
f 10391 10519 10520
f 10392 10521 10393
f 10392 10520 10521
f 10393 10522 10394
f 10393 10521 10522
f 10394 10523 10395
f 10394 10522 10523
f 10395 10524 10396
f 10395 10523 10524
f 10396 10525 10397
f 10396 10524 10525
f 10397 10526 10398
f 10397 10525 10526
f 10398 10527 10399
f 10398 10526 10527
f 10399 10528 10400
f 10399 10527 10528
f 10400 10529 10401
f 10400 10528 10529
f 10401 10530 10402
f 10401 10529 10530
f 10402 10531 10403
f 10402 10530 10531
f 10403 10532 10404
f 10403 10531 10532
f 10404 10533 10405
f 10404 10532 10533
f 10405 10534 10406
f 10405 10533 10534
f 10406 10535 10407
f 10406 10534 10535
f 10407 10536 10408
f 10407 10535 10536
f 10408 10537 10409
f 10408 10536 10537
f 10409 10538 10410
f 10409 10537 10538
f 10410 10539 10411
f 10410 10538 10539
f 10411 10540 10412
f 10411 10539 10540
f 10412 10541 10413
f 10412 10540 10541
f 10413 10542 10414
f 10413 10541 10542
f 10414 10543 10415
f 10414 10542 10543
f 10415 10544 10416
f 10415 10543 10544
f 10416 10545 10417
f 10416 10544 10545
f 10417 10546 10418
f 10417 10545 10546
f 10418 10547 10419
f 10418 10546 10547
f 10419 10548 10420
f 10419 10547 10548
f 10420 10549 10421
f 10420 10548 10549
f 10421 10550 10422
f 10421 10549 10550
f 10422 10551 10423
f 10422 10550 10551
f 10423 10552 10424
f 10423 10551 10552
f 10424 10553 10425
f 10424 10552 10553
f 10425 10554 10426
f 10425 10553 10554
f 10426 10555 10427
f 10426 10554 10555
f 10427 10556 10428
f 10427 10555 10556
f 10428 10557 10429
f 10428 10556 10557
f 10429 10558 10430
f 10429 10557 10558
f 10430 10559 10431
f 10430 10558 10559
f 10431 10560 10432
f 10431 10559 10560
f 10432 10561 10433
f 10432 10560 10561
f 10433 10562 10434
f 10433 10561 10562
f 10434 10563 10435
f 10434 10562 10563
f 10435 10564 10436
f 10435 10563 10564
f 10436 10565 10437
f 10436 10564 10565
f 10437 10566 10438
f 10437 10565 10566
f 10438 10567 10439
f 10438 10566 10567
f 10439 10568 10440
f 10439 10567 10568
f 10440 10569 10441
f 10440 10568 10569
f 10441 10570 10442
f 10441 10569 10570
f 10442 10571 10443
f 10442 10570 10571
f 10443 10572 10444
f 10443 10571 10572
f 10444 10573 10445
f 10444 10572 10573
f 10445 10574 10446
f 10445 10573 10574
f 10446 10575 10447
f 10446 10574 10575
f 10447 10576 10448
f 10447 10575 10576
f 10448 10577 10449
f 10448 10576 10577
f 10449 10578 10450
f 10449 10577 10578
f 10450 10579 10451
f 10450 10578 10579
f 10451 10580 10452
f 10451 10579 10580
f 10452 10581 10453
f 10452 10580 10581
f 10453 10582 10454
f 10453 10581 10582
f 10454 10583 10455
f 10454 10582 10583
f 10455 10584 10456
f 10455 10583 10584
f 10456 10585 10457
f 10456 10584 10585
f 10457 10586 10458
f 10457 10585 10586
f 10458 10587 10459
f 10458 10586 10587
f 10459 10588 10460
f 10459 10587 10588
f 10460 10589 10461
f 10460 10588 10589
f 10461 10590 10462
f 10461 10589 10590
f 10462 10591 10463
f 10462 10590 10591
f 10463 10592 10464
f 10463 10591 10592
f 10464 10593 10465
f 10464 10592 10593
f 10465 10594 10466
f 10465 10593 10594
f 10466 10595 10467
f 10466 10594 10595
f 10467 10596 10468
f 10467 10595 10596
f 10468 10597 10469
f 10468 10596 10597
f 10469 10598 10470
f 10469 10597 10598
f 10470 10599 10471
f 10470 10598 10599
f 10471 10600 10472
f 10471 10599 10600
f 10472 10601 10473
f 10472 10600 10601
f 10473 10602 10474
f 10473 10601 10602
f 10474 10603 10475
f 10474 10602 10603
f 10475 10604 10476
f 10475 10603 10604
f 10476 10605 10477
f 10476 10604 10605
f 10477 10606 10478
f 10477 10605 10606
f 10478 10607 10479
f 10478 10606 10607
f 10479 10608 10480
f 10479 10607 10608
f 10480 10609 10481
f 10480 10608 10609
f 10481 10610 10482
f 10481 10609 10610
f 10482 10611 10483
f 10482 10610 10611
f 10483 10612 10484
f 10483 10611 10612
f 10484 10613 10485
f 10484 10612 10613
f 10485 10614 10486
f 10485 10613 10614
f 10486 10615 10487
f 10486 10614 10615
f 10487 10616 10488
f 10487 10615 10616
f 10488 10617 10489
f 10488 10616 10617
f 10489 10618 10490
f 10489 10617 10618
f 10490 10619 10491
f 10490 10618 10619
f 10491 10620 10492
f 10491 10619 10620
f 10492 10621 10493
f 10492 10620 10621
f 10493 10622 10494
f 10493 10621 10622
f 10494 10623 10495
f 10494 10622 10623
f 10495 10624 10496
f 10495 10623 10624
f 10496 10625 10497
f 10496 10624 10625
f 10497 10498 10370
f 10497 10625 10498
f 10498 10627 10499
f 10498 10626 10627
f 10499 10628 10500
f 10499 10627 10628
f 10500 10629 10501
f 10500 10628 10629
f 10501 10630 10502
f 10501 10629 10630
f 10502 10631 10503
f 10502 10630 10631
f 10503 10632 10504
f 10503 10631 10632
f 10504 10633 10505
f 10504 10632 10633
f 10505 10634 10506
f 10505 10633 10634
f 10506 10635 10507
f 10506 10634 10635
f 10507 10636 10508
f 10507 10635 10636
f 10508 10637 10509
f 10508 10636 10637
f 10509 10638 10510
f 10509 10637 10638
f 10510 10639 10511
f 10510 10638 10639
f 10511 10640 10512
f 10511 10639 10640
f 10512 10641 10513
f 10512 10640 10641
f 10513 10642 10514
f 10513 10641 10642
f 10514 10643 10515
f 10514 10642 10643
f 10515 10644 10516
f 10515 10643 10644
f 10516 10645 10517
f 10516 10644 10645
f 10517 10646 10518
f 10517 10645 10646
f 10518 10647 10519
f 10518 10646 10647
f 10519 10648 10520
f 10519 10647 10648
f 10520 10649 10521
f 10520 10648 10649
f 10521 10650 10522
f 10521 10649 10650
f 10522 10651 10523
f 10522 10650 10651
f 10523 10652 10524
f 10523 10651 10652
f 10524 10653 10525
f 10524 10652 10653
f 10525 10654 10526
f 10525 10653 10654
f 10526 10655 10527
f 10526 10654 10655
f 10527 10656 10528
f 10527 10655 10656
f 10528 10657 10529
f 10528 10656 10657
f 10529 10658 10530
f 10529 10657 10658
f 10530 10659 10531
f 10530 10658 10659
f 10531 10660 10532
f 10531 10659 10660
f 10532 10661 10533
f 10532 10660 10661
f 10533 10662 10534
f 10533 10661 10662
f 10534 10663 10535
f 10534 10662 10663
f 10535 10664 10536
f 10535 10663 10664
f 10536 10665 10537
f 10536 10664 10665
f 10537 10666 10538
f 10537 10665 10666
f 10538 10667 10539
f 10538 10666 10667
f 10539 10668 10540
f 10539 10667 10668
f 10540 10669 10541
f 10540 10668 10669
f 10541 10670 10542
f 10541 10669 10670
f 10542 10671 10543
f 10542 10670 10671
f 10543 10672 10544
f 10543 10671 10672
f 10544 10673 10545
f 10544 10672 10673
f 10545 10674 10546
f 10545 10673 10674
f 10546 10675 10547
f 10546 10674 10675
f 10547 10676 10548
f 10547 10675 10676
f 10548 10677 10549
f 10548 10676 10677
f 10549 10678 10550
f 10549 10677 10678
f 10550 10679 10551
f 10550 10678 10679
f 10551 10680 10552
f 10551 10679 10680
f 10552 10681 10553
f 10552 10680 10681
f 10553 10682 10554
f 10553 10681 10682
f 10554 10683 10555
f 10554 10682 10683
f 10555 10684 10556
f 10555 10683 10684
f 10556 10685 10557
f 10556 10684 10685
f 10557 10686 10558
f 10557 10685 10686
f 10558 10687 10559
f 10558 10686 10687
f 10559 10688 10560
f 10559 10687 10688
f 10560 10689 10561
f 10560 10688 10689
f 10561 10690 10562
f 10561 10689 10690
f 10562 10691 10563
f 10562 10690 10691
f 10563 10692 10564
f 10563 10691 10692
f 10564 10693 10565
f 10564 10692 10693
f 10565 10694 10566
f 10565 10693 10694
f 10566 10695 10567
f 10566 10694 10695
f 10567 10696 10568
f 10567 10695 10696
f 10568 10697 10569
f 10568 10696 10697
f 10569 10698 10570
f 10569 10697 10698
f 10570 10699 10571
f 10570 10698 10699
f 10571 10700 10572
f 10571 10699 10700
f 10572 10701 10573
f 10572 10700 10701
f 10573 10702 10574
f 10573 10701 10702
f 10574 10703 10575
f 10574 10702 10703
f 10575 10704 10576
f 10575 10703 10704
f 10576 10705 10577
f 10576 10704 10705
f 10577 10706 10578
f 10577 10705 10706
f 10578 10707 10579
f 10578 10706 10707
f 10579 10708 10580
f 10579 10707 10708
f 10580 10709 10581
f 10580 10708 10709
f 10581 10710 10582
f 10581 10709 10710
f 10582 10711 10583
f 10582 10710 10711
f 10583 10712 10584
f 10583 10711 10712
f 10584 10713 10585
f 10584 10712 10713
f 10585 10714 10586
f 10585 10713 10714
f 10586 10715 10587
f 10586 10714 10715
f 10587 10716 10588
f 10587 10715 10716
f 10588 10717 10589
f 10588 10716 10717
f 10589 10718 10590
f 10589 10717 10718
f 10590 10719 10591
f 10590 10718 10719
f 10591 10720 10592
f 10591 10719 10720
f 10592 10721 10593
f 10592 10720 10721
f 10593 10722 10594
f 10593 10721 10722
f 10594 10723 10595
f 10594 10722 10723
f 10595 10724 10596
f 10595 10723 10724
f 10596 10725 10597
f 10596 10724 10725
f 10597 10726 10598
f 10597 10725 10726
f 10598 10727 10599
f 10598 10726 10727
f 10599 10728 10600
f 10599 10727 10728
f 10600 10729 10601
f 10600 10728 10729
f 10601 10730 10602
f 10601 10729 10730
f 10602 10731 10603
f 10602 10730 10731
f 10603 10732 10604
f 10603 10731 10732
f 10604 10733 10605
f 10604 10732 10733
f 10605 10734 10606
f 10605 10733 10734
f 10606 10735 10607
f 10606 10734 10735
f 10607 10736 10608
f 10607 10735 10736
f 10608 10737 10609
f 10608 10736 10737
f 10609 10738 10610
f 10609 10737 10738
f 10610 10739 10611
f 10610 10738 10739
f 10611 10740 10612
f 10611 10739 10740
f 10612 10741 10613
f 10612 10740 10741
f 10613 10742 10614
f 10613 10741 10742
f 10614 10743 10615
f 10614 10742 10743
f 10615 10744 10616
f 10615 10743 10744
f 10616 10745 10617
f 10616 10744 10745
f 10617 10746 10618
f 10617 10745 10746
f 10618 10747 10619
f 10618 10746 10747
f 10619 10748 10620
f 10619 10747 10748
f 10620 10749 10621
f 10620 10748 10749
f 10621 10750 10622
f 10621 10749 10750
f 10622 10751 10623
f 10622 10750 10751
f 10623 10752 10624
f 10623 10751 10752
f 10624 10753 10625
f 10624 10752 10753
f 10625 10626 10498
f 10625 10753 10626
f 10626 10755 10627
f 10626 10754 10755
f 10627 10756 10628
f 10627 10755 10756
f 10628 10757 10629
f 10628 10756 10757
f 10629 10758 10630
f 10629 10757 10758
f 10630 10759 10631
f 10630 10758 10759
f 10631 10760 10632
f 10631 10759 10760
f 10632 10761 10633
f 10632 10760 10761
f 10633 10762 10634
f 10633 10761 10762
f 10634 10763 10635
f 10634 10762 10763
f 10635 10764 10636
f 10635 10763 10764
f 10636 10765 10637
f 10636 10764 10765
f 10637 10766 10638
f 10637 10765 10766
f 10638 10767 10639
f 10638 10766 10767
f 10639 10768 10640
f 10639 10767 10768
f 10640 10769 10641
f 10640 10768 10769
f 10641 10770 10642
f 10641 10769 10770
f 10642 10771 10643
f 10642 10770 10771
f 10643 10772 10644
f 10643 10771 10772
f 10644 10773 10645
f 10644 10772 10773
f 10645 10774 10646
f 10645 10773 10774
f 10646 10775 10647
f 10646 10774 10775
f 10647 10776 10648
f 10647 10775 10776
f 10648 10777 10649
f 10648 10776 10777
f 10649 10778 10650
f 10649 10777 10778
f 10650 10779 10651
f 10650 10778 10779
f 10651 10780 10652
f 10651 10779 10780
f 10652 10781 10653
f 10652 10780 10781
f 10653 10782 10654
f 10653 10781 10782
f 10654 10783 10655
f 10654 10782 10783
f 10655 10784 10656
f 10655 10783 10784
f 10656 10785 10657
f 10656 10784 10785
f 10657 10786 10658
f 10657 10785 10786
f 10658 10787 10659
f 10658 10786 10787
f 10659 10788 10660
f 10659 10787 10788
f 10660 10789 10661
f 10660 10788 10789
f 10661 10790 10662
f 10661 10789 10790
f 10662 10791 10663
f 10662 10790 10791
f 10663 10792 10664
f 10663 10791 10792
f 10664 10793 10665
f 10664 10792 10793
f 10665 10794 10666
f 10665 10793 10794
f 10666 10795 10667
f 10666 10794 10795
f 10667 10796 10668
f 10667 10795 10796
f 10668 10797 10669
f 10668 10796 10797
f 10669 10798 10670
f 10669 10797 10798
f 10670 10799 10671
f 10670 10798 10799
f 10671 10800 10672
f 10671 10799 10800
f 10672 10801 10673
f 10672 10800 10801
f 10673 10802 10674
f 10673 10801 10802
f 10674 10803 10675
f 10674 10802 10803
f 10675 10804 10676
f 10675 10803 10804
f 10676 10805 10677
f 10676 10804 10805
f 10677 10806 10678
f 10677 10805 10806
f 10678 10807 10679
f 10678 10806 10807
f 10679 10808 10680
f 10679 10807 10808
f 10680 10809 10681
f 10680 10808 10809
f 10681 10810 10682
f 10681 10809 10810
f 10682 10811 10683
f 10682 10810 10811
f 10683 10812 10684
f 10683 10811 10812
f 10684 10813 10685
f 10684 10812 10813
f 10685 10814 10686
f 10685 10813 10814
f 10686 10815 10687
f 10686 10814 10815
f 10687 10816 10688
f 10687 10815 10816
f 10688 10817 10689
f 10688 10816 10817
f 10689 10818 10690
f 10689 10817 10818
f 10690 10819 10691
f 10690 10818 10819
f 10691 10820 10692
f 10691 10819 10820
f 10692 10821 10693
f 10692 10820 10821
f 10693 10822 10694
f 10693 10821 10822
f 10694 10823 10695
f 10694 10822 10823
f 10695 10824 10696
f 10695 10823 10824
f 10696 10825 10697
f 10696 10824 10825
f 10697 10826 10698
f 10697 10825 10826
f 10698 10827 10699
f 10698 10826 10827
f 10699 10828 10700
f 10699 10827 10828
f 10700 10829 10701
f 10700 10828 10829
f 10701 10830 10702
f 10701 10829 10830
f 10702 10831 10703
f 10702 10830 10831
f 10703 10832 10704
f 10703 10831 10832
f 10704 10833 10705
f 10704 10832 10833
f 10705 10834 10706
f 10705 10833 10834
f 10706 10835 10707
f 10706 10834 10835
f 10707 10836 10708
f 10707 10835 10836
f 10708 10837 10709
f 10708 10836 10837
f 10709 10838 10710
f 10709 10837 10838
f 10710 10839 10711
f 10710 10838 10839
f 10711 10840 10712
f 10711 10839 10840
f 10712 10841 10713
f 10712 10840 10841
f 10713 10842 10714
f 10713 10841 10842
f 10714 10843 10715
f 10714 10842 10843
f 10715 10844 10716
f 10715 10843 10844
f 10716 10845 10717
f 10716 10844 10845
f 10717 10846 10718
f 10717 10845 10846
f 10718 10847 10719
f 10718 10846 10847
f 10719 10848 10720
f 10719 10847 10848
f 10720 10849 10721
f 10720 10848 10849
f 10721 10850 10722
f 10721 10849 10850
f 10722 10851 10723
f 10722 10850 10851
f 10723 10852 10724
f 10723 10851 10852
f 10724 10853 10725
f 10724 10852 10853
f 10725 10854 10726
f 10725 10853 10854
f 10726 10855 10727
f 10726 10854 10855
f 10727 10856 10728
f 10727 10855 10856
f 10728 10857 10729
f 10728 10856 10857
f 10729 10858 10730
f 10729 10857 10858
f 10730 10859 10731
f 10730 10858 10859
f 10731 10860 10732
f 10731 10859 10860
f 10732 10861 10733
f 10732 10860 10861
f 10733 10862 10734
f 10733 10861 10862
f 10734 10863 10735
f 10734 10862 10863
f 10735 10864 10736
f 10735 10863 10864
f 10736 10865 10737
f 10736 10864 10865
f 10737 10866 10738
f 10737 10865 10866
f 10738 10867 10739
f 10738 10866 10867
f 10739 10868 10740
f 10739 10867 10868
f 10740 10869 10741
f 10740 10868 10869
f 10741 10870 10742
f 10741 10869 10870
f 10742 10871 10743
f 10742 10870 10871
f 10743 10872 10744
f 10743 10871 10872
f 10744 10873 10745
f 10744 10872 10873
f 10745 10874 10746
f 10745 10873 10874
f 10746 10875 10747
f 10746 10874 10875
f 10747 10876 10748
f 10747 10875 10876
f 10748 10877 10749
f 10748 10876 10877
f 10749 10878 10750
f 10749 10877 10878
f 10750 10879 10751
f 10750 10878 10879
f 10751 10880 10752
f 10751 10879 10880
f 10752 10881 10753
f 10752 10880 10881
f 10753 10754 10626
f 10753 10881 10754
f 10754 10883 10755
f 10754 10882 10883
f 10755 10884 10756
f 10755 10883 10884
f 10756 10885 10757
f 10756 10884 10885
f 10757 10886 10758
f 10757 10885 10886
f 10758 10887 10759
f 10758 10886 10887
f 10759 10888 10760
f 10759 10887 10888
f 10760 10889 10761
f 10760 10888 10889
f 10761 10890 10762
f 10761 10889 10890
f 10762 10891 10763
f 10762 10890 10891
f 10763 10892 10764
f 10763 10891 10892
f 10764 10893 10765
f 10764 10892 10893
f 10765 10894 10766
f 10765 10893 10894
f 10766 10895 10767
f 10766 10894 10895
f 10767 10896 10768
f 10767 10895 10896
f 10768 10897 10769
f 10768 10896 10897
f 10769 10898 10770
f 10769 10897 10898
f 10770 10899 10771
f 10770 10898 10899
f 10771 10900 10772
f 10771 10899 10900
f 10772 10901 10773
f 10772 10900 10901
f 10773 10902 10774
f 10773 10901 10902
f 10774 10903 10775
f 10774 10902 10903
f 10775 10904 10776
f 10775 10903 10904
f 10776 10905 10777
f 10776 10904 10905
f 10777 10906 10778
f 10777 10905 10906
f 10778 10907 10779
f 10778 10906 10907
f 10779 10908 10780
f 10779 10907 10908
f 10780 10909 10781
f 10780 10908 10909
f 10781 10910 10782
f 10781 10909 10910
f 10782 10911 10783
f 10782 10910 10911
f 10783 10912 10784
f 10783 10911 10912
f 10784 10913 10785
f 10784 10912 10913
f 10785 10914 10786
f 10785 10913 10914
f 10786 10915 10787
f 10786 10914 10915
f 10787 10916 10788
f 10787 10915 10916
f 10788 10917 10789
f 10788 10916 10917
f 10789 10918 10790
f 10789 10917 10918
f 10790 10919 10791
f 10790 10918 10919
f 10791 10920 10792
f 10791 10919 10920
f 10792 10921 10793
f 10792 10920 10921
f 10793 10922 10794
f 10793 10921 10922
f 10794 10923 10795
f 10794 10922 10923
f 10795 10924 10796
f 10795 10923 10924
f 10796 10925 10797
f 10796 10924 10925
f 10797 10926 10798
f 10797 10925 10926
f 10798 10927 10799
f 10798 10926 10927
f 10799 10928 10800
f 10799 10927 10928
f 10800 10929 10801
f 10800 10928 10929
f 10801 10930 10802
f 10801 10929 10930
f 10802 10931 10803
f 10802 10930 10931
f 10803 10932 10804
f 10803 10931 10932
f 10804 10933 10805
f 10804 10932 10933
f 10805 10934 10806
f 10805 10933 10934
f 10806 10935 10807
f 10806 10934 10935
f 10807 10936 10808
f 10807 10935 10936
f 10808 10937 10809
f 10808 10936 10937
f 10809 10938 10810
f 10809 10937 10938
f 10810 10939 10811
f 10810 10938 10939
f 10811 10940 10812
f 10811 10939 10940
f 10812 10941 10813
f 10812 10940 10941
f 10813 10942 10814
f 10813 10941 10942
f 10814 10943 10815
f 10814 10942 10943
f 10815 10944 10816
f 10815 10943 10944
f 10816 10945 10817
f 10816 10944 10945
f 10817 10946 10818
f 10817 10945 10946
f 10818 10947 10819
f 10818 10946 10947
f 10819 10948 10820
f 10819 10947 10948
f 10820 10949 10821
f 10820 10948 10949
f 10821 10950 10822
f 10821 10949 10950
f 10822 10951 10823
f 10822 10950 10951
f 10823 10952 10824
f 10823 10951 10952
f 10824 10953 10825
f 10824 10952 10953
f 10825 10954 10826
f 10825 10953 10954
f 10826 10955 10827
f 10826 10954 10955
f 10827 10956 10828
f 10827 10955 10956
f 10828 10957 10829
f 10828 10956 10957
f 10829 10958 10830
f 10829 10957 10958
f 10830 10959 10831
f 10830 10958 10959
f 10831 10960 10832
f 10831 10959 10960
f 10832 10961 10833
f 10832 10960 10961
f 10833 10962 10834
f 10833 10961 10962
f 10834 10963 10835
f 10834 10962 10963
f 10835 10964 10836
f 10835 10963 10964
f 10836 10965 10837
f 10836 10964 10965
f 10837 10966 10838
f 10837 10965 10966
f 10838 10967 10839
f 10838 10966 10967
f 10839 10968 10840
f 10839 10967 10968
f 10840 10969 10841
f 10840 10968 10969
f 10841 10970 10842
f 10841 10969 10970
f 10842 10971 10843
f 10842 10970 10971
f 10843 10972 10844
f 10843 10971 10972
f 10844 10973 10845
f 10844 10972 10973
f 10845 10974 10846
f 10845 10973 10974
f 10846 10975 10847
f 10846 10974 10975
f 10847 10976 10848
f 10847 10975 10976
f 10848 10977 10849
f 10848 10976 10977
f 10849 10978 10850
f 10849 10977 10978
f 10850 10979 10851
f 10850 10978 10979
f 10851 10980 10852
f 10851 10979 10980
f 10852 10981 10853
f 10852 10980 10981
f 10853 10982 10854
f 10853 10981 10982
f 10854 10983 10855
f 10854 10982 10983
f 10855 10984 10856
f 10855 10983 10984
f 10856 10985 10857
f 10856 10984 10985
f 10857 10986 10858
f 10857 10985 10986
f 10858 10987 10859
f 10858 10986 10987
f 10859 10988 10860
f 10859 10987 10988
f 10860 10989 10861
f 10860 10988 10989
f 10861 10990 10862
f 10861 10989 10990
f 10862 10991 10863
f 10862 10990 10991
f 10863 10992 10864
f 10863 10991 10992
f 10864 10993 10865
f 10864 10992 10993
f 10865 10994 10866
f 10865 10993 10994
f 10866 10995 10867
f 10866 10994 10995
f 10867 10996 10868
f 10867 10995 10996
f 10868 10997 10869
f 10868 10996 10997
f 10869 10998 10870
f 10869 10997 10998
f 10870 10999 10871
f 10870 10998 10999
f 10871 11000 10872
f 10871 10999 11000
f 10872 11001 10873
f 10872 11000 11001
f 10873 11002 10874
f 10873 11001 11002
f 10874 11003 10875
f 10874 11002 11003
f 10875 11004 10876
f 10875 11003 11004
f 10876 11005 10877
f 10876 11004 11005
f 10877 11006 10878
f 10877 11005 11006
f 10878 11007 10879
f 10878 11006 11007
f 10879 11008 10880
f 10879 11007 11008
f 10880 11009 10881
f 10880 11008 11009
f 10881 10882 10754
f 10881 11009 10882
f 10882 11011 10883
f 10882 11010 11011
f 10883 11012 10884
f 10883 11011 11012
f 10884 11013 10885
f 10884 11012 11013
f 10885 11014 10886
f 10885 11013 11014
f 10886 11015 10887
f 10886 11014 11015
f 10887 11016 10888
f 10887 11015 11016
f 10888 11017 10889
f 10888 11016 11017
f 10889 11018 10890
f 10889 11017 11018
f 10890 11019 10891
f 10890 11018 11019
f 10891 11020 10892
f 10891 11019 11020
f 10892 11021 10893
f 10892 11020 11021
f 10893 11022 10894
f 10893 11021 11022
f 10894 11023 10895
f 10894 11022 11023
f 10895 11024 10896
f 10895 11023 11024
f 10896 11025 10897
f 10896 11024 11025
f 10897 11026 10898
f 10897 11025 11026
f 10898 11027 10899
f 10898 11026 11027
f 10899 11028 10900
f 10899 11027 11028
f 10900 11029 10901
f 10900 11028 11029
f 10901 11030 10902
f 10901 11029 11030
f 10902 11031 10903
f 10902 11030 11031
f 10903 11032 10904
f 10903 11031 11032
f 10904 11033 10905
f 10904 11032 11033
f 10905 11034 10906
f 10905 11033 11034
f 10906 11035 10907
f 10906 11034 11035
f 10907 11036 10908
f 10907 11035 11036
f 10908 11037 10909
f 10908 11036 11037
f 10909 11038 10910
f 10909 11037 11038
f 10910 11039 10911
f 10910 11038 11039
f 10911 11040 10912
f 10911 11039 11040
f 10912 11041 10913
f 10912 11040 11041
f 10913 11042 10914
f 10913 11041 11042
f 10914 11043 10915
f 10914 11042 11043
f 10915 11044 10916
f 10915 11043 11044
f 10916 11045 10917
f 10916 11044 11045
f 10917 11046 10918
f 10917 11045 11046
f 10918 11047 10919
f 10918 11046 11047
f 10919 11048 10920
f 10919 11047 11048
f 10920 11049 10921
f 10920 11048 11049
f 10921 11050 10922
f 10921 11049 11050
f 10922 11051 10923
f 10922 11050 11051
f 10923 11052 10924
f 10923 11051 11052
f 10924 11053 10925
f 10924 11052 11053
f 10925 11054 10926
f 10925 11053 11054
f 10926 11055 10927
f 10926 11054 11055
f 10927 11056 10928
f 10927 11055 11056
f 10928 11057 10929
f 10928 11056 11057
f 10929 11058 10930
f 10929 11057 11058
f 10930 11059 10931
f 10930 11058 11059
f 10931 11060 10932
f 10931 11059 11060
f 10932 11061 10933
f 10932 11060 11061
f 10933 11062 10934
f 10933 11061 11062
f 10934 11063 10935
f 10934 11062 11063
f 10935 11064 10936
f 10935 11063 11064
f 10936 11065 10937
f 10936 11064 11065
f 10937 11066 10938
f 10937 11065 11066
f 10938 11067 10939
f 10938 11066 11067
f 10939 11068 10940
f 10939 11067 11068
f 10940 11069 10941
f 10940 11068 11069
f 10941 11070 10942
f 10941 11069 11070
f 10942 11071 10943
f 10942 11070 11071
f 10943 11072 10944
f 10943 11071 11072
f 10944 11073 10945
f 10944 11072 11073
f 10945 11074 10946
f 10945 11073 11074
f 10946 11075 10947
f 10946 11074 11075
f 10947 11076 10948
f 10947 11075 11076
f 10948 11077 10949
f 10948 11076 11077
f 10949 11078 10950
f 10949 11077 11078
f 10950 11079 10951
f 10950 11078 11079
f 10951 11080 10952
f 10951 11079 11080
f 10952 11081 10953
f 10952 11080 11081
f 10953 11082 10954
f 10953 11081 11082
f 10954 11083 10955
f 10954 11082 11083
f 10955 11084 10956
f 10955 11083 11084
f 10956 11085 10957
f 10956 11084 11085
f 10957 11086 10958
f 10957 11085 11086
f 10958 11087 10959
f 10958 11086 11087
f 10959 11088 10960
f 10959 11087 11088
f 10960 11089 10961
f 10960 11088 11089
f 10961 11090 10962
f 10961 11089 11090
f 10962 11091 10963
f 10962 11090 11091
f 10963 11092 10964
f 10963 11091 11092
f 10964 11093 10965
f 10964 11092 11093
f 10965 11094 10966
f 10965 11093 11094
f 10966 11095 10967
f 10966 11094 11095
f 10967 11096 10968
f 10967 11095 11096
f 10968 11097 10969
f 10968 11096 11097
f 10969 11098 10970
f 10969 11097 11098
f 10970 11099 10971
f 10970 11098 11099
f 10971 11100 10972
f 10971 11099 11100
f 10972 11101 10973
f 10972 11100 11101
f 10973 11102 10974
f 10973 11101 11102
f 10974 11103 10975
f 10974 11102 11103
f 10975 11104 10976
f 10975 11103 11104
f 10976 11105 10977
f 10976 11104 11105
f 10977 11106 10978
f 10977 11105 11106
f 10978 11107 10979
f 10978 11106 11107
f 10979 11108 10980
f 10979 11107 11108
f 10980 11109 10981
f 10980 11108 11109
f 10981 11110 10982
f 10981 11109 11110
f 10982 11111 10983
f 10982 11110 11111
f 10983 11112 10984
f 10983 11111 11112
f 10984 11113 10985
f 10984 11112 11113
f 10985 11114 10986
f 10985 11113 11114
f 10986 11115 10987
f 10986 11114 11115
f 10987 11116 10988
f 10987 11115 11116
f 10988 11117 10989
f 10988 11116 11117
f 10989 11118 10990
f 10989 11117 11118
f 10990 11119 10991
f 10990 11118 11119
f 10991 11120 10992
f 10991 11119 11120
f 10992 11121 10993
f 10992 11120 11121
f 10993 11122 10994
f 10993 11121 11122
f 10994 11123 10995
f 10994 11122 11123
f 10995 11124 10996
f 10995 11123 11124
f 10996 11125 10997
f 10996 11124 11125
f 10997 11126 10998
f 10997 11125 11126
f 10998 11127 10999
f 10998 11126 11127
f 10999 11128 11000
f 10999 11127 11128
f 11000 11129 11001
f 11000 11128 11129
f 11001 11130 11002
f 11001 11129 11130
f 11002 11131 11003
f 11002 11130 11131
f 11003 11132 11004
f 11003 11131 11132
f 11004 11133 11005
f 11004 11132 11133
f 11005 11134 11006
f 11005 11133 11134
f 11006 11135 11007
f 11006 11134 11135
f 11007 11136 11008
f 11007 11135 11136
f 11008 11137 11009
f 11008 11136 11137
f 11009 11010 10882
f 11009 11137 11010
f 11010 11139 11011
f 11010 11138 11139
f 11011 11140 11012
f 11011 11139 11140
f 11012 11141 11013
f 11012 11140 11141
f 11013 11142 11014
f 11013 11141 11142
f 11014 11143 11015
f 11014 11142 11143
f 11015 11144 11016
f 11015 11143 11144
f 11016 11145 11017
f 11016 11144 11145
f 11017 11146 11018
f 11017 11145 11146
f 11018 11147 11019
f 11018 11146 11147
f 11019 11148 11020
f 11019 11147 11148
f 11020 11149 11021
f 11020 11148 11149
f 11021 11150 11022
f 11021 11149 11150
f 11022 11151 11023
f 11022 11150 11151
f 11023 11152 11024
f 11023 11151 11152
f 11024 11153 11025
f 11024 11152 11153
f 11025 11154 11026
f 11025 11153 11154
f 11026 11155 11027
f 11026 11154 11155
f 11027 11156 11028
f 11027 11155 11156
f 11028 11157 11029
f 11028 11156 11157
f 11029 11158 11030
f 11029 11157 11158
f 11030 11159 11031
f 11030 11158 11159
f 11031 11160 11032
f 11031 11159 11160
f 11032 11161 11033
f 11032 11160 11161
f 11033 11162 11034
f 11033 11161 11162
f 11034 11163 11035
f 11034 11162 11163
f 11035 11164 11036
f 11035 11163 11164
f 11036 11165 11037
f 11036 11164 11165
f 11037 11166 11038
f 11037 11165 11166
f 11038 11167 11039
f 11038 11166 11167
f 11039 11168 11040
f 11039 11167 11168
f 11040 11169 11041
f 11040 11168 11169
f 11041 11170 11042
f 11041 11169 11170
f 11042 11171 11043
f 11042 11170 11171
f 11043 11172 11044
f 11043 11171 11172
f 11044 11173 11045
f 11044 11172 11173
f 11045 11174 11046
f 11045 11173 11174
f 11046 11175 11047
f 11046 11174 11175
f 11047 11176 11048
f 11047 11175 11176
f 11048 11177 11049
f 11048 11176 11177
f 11049 11178 11050
f 11049 11177 11178
f 11050 11179 11051
f 11050 11178 11179
f 11051 11180 11052
f 11051 11179 11180
f 11052 11181 11053
f 11052 11180 11181
f 11053 11182 11054
f 11053 11181 11182
f 11054 11183 11055
f 11054 11182 11183
f 11055 11184 11056
f 11055 11183 11184
f 11056 11185 11057
f 11056 11184 11185
f 11057 11186 11058
f 11057 11185 11186
f 11058 11187 11059
f 11058 11186 11187
f 11059 11188 11060
f 11059 11187 11188
f 11060 11189 11061
f 11060 11188 11189
f 11061 11190 11062
f 11061 11189 11190
f 11062 11191 11063
f 11062 11190 11191
f 11063 11192 11064
f 11063 11191 11192
f 11064 11193 11065
f 11064 11192 11193
f 11065 11194 11066
f 11065 11193 11194
f 11066 11195 11067
f 11066 11194 11195
f 11067 11196 11068
f 11067 11195 11196
f 11068 11197 11069
f 11068 11196 11197
f 11069 11198 11070
f 11069 11197 11198
f 11070 11199 11071
f 11070 11198 11199
f 11071 11200 11072
f 11071 11199 11200
f 11072 11201 11073
f 11072 11200 11201
f 11073 11202 11074
f 11073 11201 11202
f 11074 11203 11075
f 11074 11202 11203
f 11075 11204 11076
f 11075 11203 11204
f 11076 11205 11077
f 11076 11204 11205
f 11077 11206 11078
f 11077 11205 11206
f 11078 11207 11079
f 11078 11206 11207
f 11079 11208 11080
f 11079 11207 11208
f 11080 11209 11081
f 11080 11208 11209
f 11081 11210 11082
f 11081 11209 11210
f 11082 11211 11083
f 11082 11210 11211
f 11083 11212 11084
f 11083 11211 11212
f 11084 11213 11085
f 11084 11212 11213
f 11085 11214 11086
f 11085 11213 11214
f 11086 11215 11087
f 11086 11214 11215
f 11087 11216 11088
f 11087 11215 11216
f 11088 11217 11089
f 11088 11216 11217
f 11089 11218 11090
f 11089 11217 11218
f 11090 11219 11091
f 11090 11218 11219
f 11091 11220 11092
f 11091 11219 11220
f 11092 11221 11093
f 11092 11220 11221
f 11093 11222 11094
f 11093 11221 11222
f 11094 11223 11095
f 11094 11222 11223
f 11095 11224 11096
f 11095 11223 11224
f 11096 11225 11097
f 11096 11224 11225
f 11097 11226 11098
f 11097 11225 11226
f 11098 11227 11099
f 11098 11226 11227
f 11099 11228 11100
f 11099 11227 11228
f 11100 11229 11101
f 11100 11228 11229
f 11101 11230 11102
f 11101 11229 11230
f 11102 11231 11103
f 11102 11230 11231
f 11103 11232 11104
f 11103 11231 11232
f 11104 11233 11105
f 11104 11232 11233
f 11105 11234 11106
f 11105 11233 11234
f 11106 11235 11107
f 11106 11234 11235
f 11107 11236 11108
f 11107 11235 11236
f 11108 11237 11109
f 11108 11236 11237
f 11109 11238 11110
f 11109 11237 11238
f 11110 11239 11111
f 11110 11238 11239
f 11111 11240 11112
f 11111 11239 11240
f 11112 11241 11113
f 11112 11240 11241
f 11113 11242 11114
f 11113 11241 11242
f 11114 11243 11115
f 11114 11242 11243
f 11115 11244 11116
f 11115 11243 11244
f 11116 11245 11117
f 11116 11244 11245
f 11117 11246 11118
f 11117 11245 11246
f 11118 11247 11119
f 11118 11246 11247
f 11119 11248 11120
f 11119 11247 11248
f 11120 11249 11121
f 11120 11248 11249
f 11121 11250 11122
f 11121 11249 11250
f 11122 11251 11123
f 11122 11250 11251
f 11123 11252 11124
f 11123 11251 11252
f 11124 11253 11125
f 11124 11252 11253
f 11125 11254 11126
f 11125 11253 11254
f 11126 11255 11127
f 11126 11254 11255
f 11127 11256 11128
f 11127 11255 11256
f 11128 11257 11129
f 11128 11256 11257
f 11129 11258 11130
f 11129 11257 11258
f 11130 11259 11131
f 11130 11258 11259
f 11131 11260 11132
f 11131 11259 11260
f 11132 11261 11133
f 11132 11260 11261
f 11133 11262 11134
f 11133 11261 11262
f 11134 11263 11135
f 11134 11262 11263
f 11135 11264 11136
f 11135 11263 11264
f 11136 11265 11137
f 11136 11264 11265
f 11137 11138 11010
f 11137 11265 11138
f 11138 11267 11139
f 11138 11266 11267
f 11139 11268 11140
f 11139 11267 11268
f 11140 11269 11141
f 11140 11268 11269
f 11141 11270 11142
f 11141 11269 11270
f 11142 11271 11143
f 11142 11270 11271
f 11143 11272 11144
f 11143 11271 11272
f 11144 11273 11145
f 11144 11272 11273
f 11145 11274 11146
f 11145 11273 11274
f 11146 11275 11147
f 11146 11274 11275
f 11147 11276 11148
f 11147 11275 11276
f 11148 11277 11149
f 11148 11276 11277
f 11149 11278 11150
f 11149 11277 11278
f 11150 11279 11151
f 11150 11278 11279
f 11151 11280 11152
f 11151 11279 11280
f 11152 11281 11153
f 11152 11280 11281
f 11153 11282 11154
f 11153 11281 11282
f 11154 11283 11155
f 11154 11282 11283
f 11155 11284 11156
f 11155 11283 11284
f 11156 11285 11157
f 11156 11284 11285
f 11157 11286 11158
f 11157 11285 11286
f 11158 11287 11159
f 11158 11286 11287
f 11159 11288 11160
f 11159 11287 11288
f 11160 11289 11161
f 11160 11288 11289
f 11161 11290 11162
f 11161 11289 11290
f 11162 11291 11163
f 11162 11290 11291
f 11163 11292 11164
f 11163 11291 11292
f 11164 11293 11165
f 11164 11292 11293
f 11165 11294 11166
f 11165 11293 11294
f 11166 11295 11167
f 11166 11294 11295
f 11167 11296 11168
f 11167 11295 11296
f 11168 11297 11169
f 11168 11296 11297
f 11169 11298 11170
f 11169 11297 11298
f 11170 11299 11171
f 11170 11298 11299
f 11171 11300 11172
f 11171 11299 11300
f 11172 11301 11173
f 11172 11300 11301
f 11173 11302 11174
f 11173 11301 11302
f 11174 11303 11175
f 11174 11302 11303
f 11175 11304 11176
f 11175 11303 11304
f 11176 11305 11177
f 11176 11304 11305
f 11177 11306 11178
f 11177 11305 11306
f 11178 11307 11179
f 11178 11306 11307
f 11179 11308 11180
f 11179 11307 11308
f 11180 11309 11181
f 11180 11308 11309
f 11181 11310 11182
f 11181 11309 11310
f 11182 11311 11183
f 11182 11310 11311
f 11183 11312 11184
f 11183 11311 11312
f 11184 11313 11185
f 11184 11312 11313
f 11185 11314 11186
f 11185 11313 11314
f 11186 11315 11187
f 11186 11314 11315
f 11187 11316 11188
f 11187 11315 11316
f 11188 11317 11189
f 11188 11316 11317
f 11189 11318 11190
f 11189 11317 11318
f 11190 11319 11191
f 11190 11318 11319
f 11191 11320 11192
f 11191 11319 11320
f 11192 11321 11193
f 11192 11320 11321
f 11193 11322 11194
f 11193 11321 11322
f 11194 11323 11195
f 11194 11322 11323
f 11195 11324 11196
f 11195 11323 11324
f 11196 11325 11197
f 11196 11324 11325
f 11197 11326 11198
f 11197 11325 11326
f 11198 11327 11199
f 11198 11326 11327
f 11199 11328 11200
f 11199 11327 11328
f 11200 11329 11201
f 11200 11328 11329
f 11201 11330 11202
f 11201 11329 11330
f 11202 11331 11203
f 11202 11330 11331
f 11203 11332 11204
f 11203 11331 11332
f 11204 11333 11205
f 11204 11332 11333
f 11205 11334 11206
f 11205 11333 11334
f 11206 11335 11207
f 11206 11334 11335
f 11207 11336 11208
f 11207 11335 11336
f 11208 11337 11209
f 11208 11336 11337
f 11209 11338 11210
f 11209 11337 11338
f 11210 11339 11211
f 11210 11338 11339
f 11211 11340 11212
f 11211 11339 11340
f 11212 11341 11213
f 11212 11340 11341
f 11213 11342 11214
f 11213 11341 11342
f 11214 11343 11215
f 11214 11342 11343
f 11215 11344 11216
f 11215 11343 11344
f 11216 11345 11217
f 11216 11344 11345
f 11217 11346 11218
f 11217 11345 11346
f 11218 11347 11219
f 11218 11346 11347
f 11219 11348 11220
f 11219 11347 11348
f 11220 11349 11221
f 11220 11348 11349
f 11221 11350 11222
f 11221 11349 11350
f 11222 11351 11223
f 11222 11350 11351
f 11223 11352 11224
f 11223 11351 11352
f 11224 11353 11225
f 11224 11352 11353
f 11225 11354 11226
f 11225 11353 11354
f 11226 11355 11227
f 11226 11354 11355
f 11227 11356 11228
f 11227 11355 11356
f 11228 11357 11229
f 11228 11356 11357
f 11229 11358 11230
f 11229 11357 11358
f 11230 11359 11231
f 11230 11358 11359
f 11231 11360 11232
f 11231 11359 11360
f 11232 11361 11233
f 11232 11360 11361
f 11233 11362 11234
f 11233 11361 11362
f 11234 11363 11235
f 11234 11362 11363
f 11235 11364 11236
f 11235 11363 11364
f 11236 11365 11237
f 11236 11364 11365
f 11237 11366 11238
f 11237 11365 11366
f 11238 11367 11239
f 11238 11366 11367
f 11239 11368 11240
f 11239 11367 11368
f 11240 11369 11241
f 11240 11368 11369
f 11241 11370 11242
f 11241 11369 11370
f 11242 11371 11243
f 11242 11370 11371
f 11243 11372 11244
f 11243 11371 11372
f 11244 11373 11245
f 11244 11372 11373
f 11245 11374 11246
f 11245 11373 11374
f 11246 11375 11247
f 11246 11374 11375
f 11247 11376 11248
f 11247 11375 11376
f 11248 11377 11249
f 11248 11376 11377
f 11249 11378 11250
f 11249 11377 11378
f 11250 11379 11251
f 11250 11378 11379
f 11251 11380 11252
f 11251 11379 11380
f 11252 11381 11253
f 11252 11380 11381
f 11253 11382 11254
f 11253 11381 11382
f 11254 11383 11255
f 11254 11382 11383
f 11255 11384 11256
f 11255 11383 11384
f 11256 11385 11257
f 11256 11384 11385
f 11257 11386 11258
f 11257 11385 11386
f 11258 11387 11259
f 11258 11386 11387
f 11259 11388 11260
f 11259 11387 11388
f 11260 11389 11261
f 11260 11388 11389
f 11261 11390 11262
f 11261 11389 11390
f 11262 11391 11263
f 11262 11390 11391
f 11263 11392 11264
f 11263 11391 11392
f 11264 11393 11265
f 11264 11392 11393
f 11265 11266 11138
f 11265 11393 11266
f 11266 11395 11267
f 11266 11394 11395
f 11267 11396 11268
f 11267 11395 11396
f 11268 11397 11269
f 11268 11396 11397
f 11269 11398 11270
f 11269 11397 11398
f 11270 11399 11271
f 11270 11398 11399
f 11271 11400 11272
f 11271 11399 11400
f 11272 11401 11273
f 11272 11400 11401
f 11273 11402 11274
f 11273 11401 11402
f 11274 11403 11275
f 11274 11402 11403
f 11275 11404 11276
f 11275 11403 11404
f 11276 11405 11277
f 11276 11404 11405
f 11277 11406 11278
f 11277 11405 11406
f 11278 11407 11279
f 11278 11406 11407
f 11279 11408 11280
f 11279 11407 11408
f 11280 11409 11281
f 11280 11408 11409
f 11281 11410 11282
f 11281 11409 11410
f 11282 11411 11283
f 11282 11410 11411
f 11283 11412 11284
f 11283 11411 11412
f 11284 11413 11285
f 11284 11412 11413
f 11285 11414 11286
f 11285 11413 11414
f 11286 11415 11287
f 11286 11414 11415
f 11287 11416 11288
f 11287 11415 11416
f 11288 11417 11289
f 11288 11416 11417
f 11289 11418 11290
f 11289 11417 11418
f 11290 11419 11291
f 11290 11418 11419
f 11291 11420 11292
f 11291 11419 11420
f 11292 11421 11293
f 11292 11420 11421
f 11293 11422 11294
f 11293 11421 11422
f 11294 11423 11295
f 11294 11422 11423
f 11295 11424 11296
f 11295 11423 11424
f 11296 11425 11297
f 11296 11424 11425
f 11297 11426 11298
f 11297 11425 11426
f 11298 11427 11299
f 11298 11426 11427
f 11299 11428 11300
f 11299 11427 11428
f 11300 11429 11301
f 11300 11428 11429
f 11301 11430 11302
f 11301 11429 11430
f 11302 11431 11303
f 11302 11430 11431
f 11303 11432 11304
f 11303 11431 11432
f 11304 11433 11305
f 11304 11432 11433
f 11305 11434 11306
f 11305 11433 11434
f 11306 11435 11307
f 11306 11434 11435
f 11307 11436 11308
f 11307 11435 11436
f 11308 11437 11309
f 11308 11436 11437
f 11309 11438 11310
f 11309 11437 11438
f 11310 11439 11311
f 11310 11438 11439
f 11311 11440 11312
f 11311 11439 11440
f 11312 11441 11313
f 11312 11440 11441
f 11313 11442 11314
f 11313 11441 11442
f 11314 11443 11315
f 11314 11442 11443
f 11315 11444 11316
f 11315 11443 11444
f 11316 11445 11317
f 11316 11444 11445
f 11317 11446 11318
f 11317 11445 11446
f 11318 11447 11319
f 11318 11446 11447
f 11319 11448 11320
f 11319 11447 11448
f 11320 11449 11321
f 11320 11448 11449
f 11321 11450 11322
f 11321 11449 11450
f 11322 11451 11323
f 11322 11450 11451
f 11323 11452 11324
f 11323 11451 11452
f 11324 11453 11325
f 11324 11452 11453
f 11325 11454 11326
f 11325 11453 11454
f 11326 11455 11327
f 11326 11454 11455
f 11327 11456 11328
f 11327 11455 11456
f 11328 11457 11329
f 11328 11456 11457
f 11329 11458 11330
f 11329 11457 11458
f 11330 11459 11331
f 11330 11458 11459
f 11331 11460 11332
f 11331 11459 11460
f 11332 11461 11333
f 11332 11460 11461
f 11333 11462 11334
f 11333 11461 11462
f 11334 11463 11335
f 11334 11462 11463
f 11335 11464 11336
f 11335 11463 11464
f 11336 11465 11337
f 11336 11464 11465
f 11337 11466 11338
f 11337 11465 11466
f 11338 11467 11339
f 11338 11466 11467
f 11339 11468 11340
f 11339 11467 11468
f 11340 11469 11341
f 11340 11468 11469
f 11341 11470 11342
f 11341 11469 11470
f 11342 11471 11343
f 11342 11470 11471
f 11343 11472 11344
f 11343 11471 11472
f 11344 11473 11345
f 11344 11472 11473
f 11345 11474 11346
f 11345 11473 11474
f 11346 11475 11347
f 11346 11474 11475
f 11347 11476 11348
f 11347 11475 11476
f 11348 11477 11349
f 11348 11476 11477
f 11349 11478 11350
f 11349 11477 11478
f 11350 11479 11351
f 11350 11478 11479
f 11351 11480 11352
f 11351 11479 11480
f 11352 11481 11353
f 11352 11480 11481
f 11353 11482 11354
f 11353 11481 11482
f 11354 11483 11355
f 11354 11482 11483
f 11355 11484 11356
f 11355 11483 11484
f 11356 11485 11357
f 11356 11484 11485
f 11357 11486 11358
f 11357 11485 11486
f 11358 11487 11359
f 11358 11486 11487
f 11359 11488 11360
f 11359 11487 11488
f 11360 11489 11361
f 11360 11488 11489
f 11361 11490 11362
f 11361 11489 11490
f 11362 11491 11363
f 11362 11490 11491
f 11363 11492 11364
f 11363 11491 11492
f 11364 11493 11365
f 11364 11492 11493
f 11365 11494 11366
f 11365 11493 11494
f 11366 11495 11367
f 11366 11494 11495
f 11367 11496 11368
f 11367 11495 11496
f 11368 11497 11369
f 11368 11496 11497
f 11369 11498 11370
f 11369 11497 11498
f 11370 11499 11371
f 11370 11498 11499
f 11371 11500 11372
f 11371 11499 11500
f 11372 11501 11373
f 11372 11500 11501
f 11373 11502 11374
f 11373 11501 11502
f 11374 11503 11375
f 11374 11502 11503
f 11375 11504 11376
f 11375 11503 11504
f 11376 11505 11377
f 11376 11504 11505
f 11377 11506 11378
f 11377 11505 11506
f 11378 11507 11379
f 11378 11506 11507
f 11379 11508 11380
f 11379 11507 11508
f 11380 11509 11381
f 11380 11508 11509
f 11381 11510 11382
f 11381 11509 11510
f 11382 11511 11383
f 11382 11510 11511
f 11383 11512 11384
f 11383 11511 11512
f 11384 11513 11385
f 11384 11512 11513
f 11385 11514 11386
f 11385 11513 11514
f 11386 11515 11387
f 11386 11514 11515
f 11387 11516 11388
f 11387 11515 11516
f 11388 11517 11389
f 11388 11516 11517
f 11389 11518 11390
f 11389 11517 11518
f 11390 11519 11391
f 11390 11518 11519
f 11391 11520 11392
f 11391 11519 11520
f 11392 11521 11393
f 11392 11520 11521
f 11393 11394 11266
f 11393 11521 11394
f 11394 11523 11395
f 11394 11522 11523
f 11395 11524 11396
f 11395 11523 11524
f 11396 11525 11397
f 11396 11524 11525
f 11397 11526 11398
f 11397 11525 11526
f 11398 11527 11399
f 11398 11526 11527
f 11399 11528 11400
f 11399 11527 11528
f 11400 11529 11401
f 11400 11528 11529
f 11401 11530 11402
f 11401 11529 11530
f 11402 11531 11403
f 11402 11530 11531
f 11403 11532 11404
f 11403 11531 11532
f 11404 11533 11405
f 11404 11532 11533
f 11405 11534 11406
f 11405 11533 11534
f 11406 11535 11407
f 11406 11534 11535
f 11407 11536 11408
f 11407 11535 11536
f 11408 11537 11409
f 11408 11536 11537
f 11409 11538 11410
f 11409 11537 11538
f 11410 11539 11411
f 11410 11538 11539
f 11411 11540 11412
f 11411 11539 11540
f 11412 11541 11413
f 11412 11540 11541
f 11413 11542 11414
f 11413 11541 11542
f 11414 11543 11415
f 11414 11542 11543
f 11415 11544 11416
f 11415 11543 11544
f 11416 11545 11417
f 11416 11544 11545
f 11417 11546 11418
f 11417 11545 11546
f 11418 11547 11419
f 11418 11546 11547
f 11419 11548 11420
f 11419 11547 11548
f 11420 11549 11421
f 11420 11548 11549
f 11421 11550 11422
f 11421 11549 11550
f 11422 11551 11423
f 11422 11550 11551
f 11423 11552 11424
f 11423 11551 11552
f 11424 11553 11425
f 11424 11552 11553
f 11425 11554 11426
f 11425 11553 11554
f 11426 11555 11427
f 11426 11554 11555
f 11427 11556 11428
f 11427 11555 11556
f 11428 11557 11429
f 11428 11556 11557
f 11429 11558 11430
f 11429 11557 11558
f 11430 11559 11431
f 11430 11558 11559
f 11431 11560 11432
f 11431 11559 11560
f 11432 11561 11433
f 11432 11560 11561
f 11433 11562 11434
f 11433 11561 11562
f 11434 11563 11435
f 11434 11562 11563
f 11435 11564 11436
f 11435 11563 11564
f 11436 11565 11437
f 11436 11564 11565
f 11437 11566 11438
f 11437 11565 11566
f 11438 11567 11439
f 11438 11566 11567
f 11439 11568 11440
f 11439 11567 11568
f 11440 11569 11441
f 11440 11568 11569
f 11441 11570 11442
f 11441 11569 11570
f 11442 11571 11443
f 11442 11570 11571
f 11443 11572 11444
f 11443 11571 11572
f 11444 11573 11445
f 11444 11572 11573
f 11445 11574 11446
f 11445 11573 11574
f 11446 11575 11447
f 11446 11574 11575
f 11447 11576 11448
f 11447 11575 11576
f 11448 11577 11449
f 11448 11576 11577
f 11449 11578 11450
f 11449 11577 11578
f 11450 11579 11451
f 11450 11578 11579
f 11451 11580 11452
f 11451 11579 11580
f 11452 11581 11453
f 11452 11580 11581
f 11453 11582 11454
f 11453 11581 11582
f 11454 11583 11455
f 11454 11582 11583
f 11455 11584 11456
f 11455 11583 11584
f 11456 11585 11457
f 11456 11584 11585
f 11457 11586 11458
f 11457 11585 11586
f 11458 11587 11459
f 11458 11586 11587
f 11459 11588 11460
f 11459 11587 11588
f 11460 11589 11461
f 11460 11588 11589
f 11461 11590 11462
f 11461 11589 11590
f 11462 11591 11463
f 11462 11590 11591
f 11463 11592 11464
f 11463 11591 11592
f 11464 11593 11465
f 11464 11592 11593
f 11465 11594 11466
f 11465 11593 11594
f 11466 11595 11467
f 11466 11594 11595
f 11467 11596 11468
f 11467 11595 11596
f 11468 11597 11469
f 11468 11596 11597
f 11469 11598 11470
f 11469 11597 11598
f 11470 11599 11471
f 11470 11598 11599
f 11471 11600 11472
f 11471 11599 11600
f 11472 11601 11473
f 11472 11600 11601
f 11473 11602 11474
f 11473 11601 11602
f 11474 11603 11475
f 11474 11602 11603
f 11475 11604 11476
f 11475 11603 11604
f 11476 11605 11477
f 11476 11604 11605
f 11477 11606 11478
f 11477 11605 11606
f 11478 11607 11479
f 11478 11606 11607
f 11479 11608 11480
f 11479 11607 11608
f 11480 11609 11481
f 11480 11608 11609
f 11481 11610 11482
f 11481 11609 11610
f 11482 11611 11483
f 11482 11610 11611
f 11483 11612 11484
f 11483 11611 11612
f 11484 11613 11485
f 11484 11612 11613
f 11485 11614 11486
f 11485 11613 11614
f 11486 11615 11487
f 11486 11614 11615
f 11487 11616 11488
f 11487 11615 11616
f 11488 11617 11489
f 11488 11616 11617
f 11489 11618 11490
f 11489 11617 11618
f 11490 11619 11491
f 11490 11618 11619
f 11491 11620 11492
f 11491 11619 11620
f 11492 11621 11493
f 11492 11620 11621
f 11493 11622 11494
f 11493 11621 11622
f 11494 11623 11495
f 11494 11622 11623
f 11495 11624 11496
f 11495 11623 11624
f 11496 11625 11497
f 11496 11624 11625
f 11497 11626 11498
f 11497 11625 11626
f 11498 11627 11499
f 11498 11626 11627
f 11499 11628 11500
f 11499 11627 11628
f 11500 11629 11501
f 11500 11628 11629
f 11501 11630 11502
f 11501 11629 11630
f 11502 11631 11503
f 11502 11630 11631
f 11503 11632 11504
f 11503 11631 11632
f 11504 11633 11505
f 11504 11632 11633
f 11505 11634 11506
f 11505 11633 11634
f 11506 11635 11507
f 11506 11634 11635
f 11507 11636 11508
f 11507 11635 11636
f 11508 11637 11509
f 11508 11636 11637
f 11509 11638 11510
f 11509 11637 11638
f 11510 11639 11511
f 11510 11638 11639
f 11511 11640 11512
f 11511 11639 11640
f 11512 11641 11513
f 11512 11640 11641
f 11513 11642 11514
f 11513 11641 11642
f 11514 11643 11515
f 11514 11642 11643
f 11515 11644 11516
f 11515 11643 11644
f 11516 11645 11517
f 11516 11644 11645
f 11517 11646 11518
f 11517 11645 11646
f 11518 11647 11519
f 11518 11646 11647
f 11519 11648 11520
f 11519 11647 11648
f 11520 11649 11521
f 11520 11648 11649
f 11521 11522 11394
f 11521 11649 11522
f 11522 11651 11523
f 11522 11650 11651
f 11523 11652 11524
f 11523 11651 11652
f 11524 11653 11525
f 11524 11652 11653
f 11525 11654 11526
f 11525 11653 11654
f 11526 11655 11527
f 11526 11654 11655
f 11527 11656 11528
f 11527 11655 11656
f 11528 11657 11529
f 11528 11656 11657
f 11529 11658 11530
f 11529 11657 11658
f 11530 11659 11531
f 11530 11658 11659
f 11531 11660 11532
f 11531 11659 11660
f 11532 11661 11533
f 11532 11660 11661
f 11533 11662 11534
f 11533 11661 11662
f 11534 11663 11535
f 11534 11662 11663
f 11535 11664 11536
f 11535 11663 11664
f 11536 11665 11537
f 11536 11664 11665
f 11537 11666 11538
f 11537 11665 11666
f 11538 11667 11539
f 11538 11666 11667
f 11539 11668 11540
f 11539 11667 11668
f 11540 11669 11541
f 11540 11668 11669
f 11541 11670 11542
f 11541 11669 11670
f 11542 11671 11543
f 11542 11670 11671
f 11543 11672 11544
f 11543 11671 11672
f 11544 11673 11545
f 11544 11672 11673
f 11545 11674 11546
f 11545 11673 11674
f 11546 11675 11547
f 11546 11674 11675
f 11547 11676 11548
f 11547 11675 11676
f 11548 11677 11549
f 11548 11676 11677
f 11549 11678 11550
f 11549 11677 11678
f 11550 11679 11551
f 11550 11678 11679
f 11551 11680 11552
f 11551 11679 11680
f 11552 11681 11553
f 11552 11680 11681
f 11553 11682 11554
f 11553 11681 11682
f 11554 11683 11555
f 11554 11682 11683
f 11555 11684 11556
f 11555 11683 11684
f 11556 11685 11557
f 11556 11684 11685
f 11557 11686 11558
f 11557 11685 11686
f 11558 11687 11559
f 11558 11686 11687
f 11559 11688 11560
f 11559 11687 11688
f 11560 11689 11561
f 11560 11688 11689
f 11561 11690 11562
f 11561 11689 11690
f 11562 11691 11563
f 11562 11690 11691
f 11563 11692 11564
f 11563 11691 11692
f 11564 11693 11565
f 11564 11692 11693
f 11565 11694 11566
f 11565 11693 11694
f 11566 11695 11567
f 11566 11694 11695
f 11567 11696 11568
f 11567 11695 11696
f 11568 11697 11569
f 11568 11696 11697
f 11569 11698 11570
f 11569 11697 11698
f 11570 11699 11571
f 11570 11698 11699
f 11571 11700 11572
f 11571 11699 11700
f 11572 11701 11573
f 11572 11700 11701
f 11573 11702 11574
f 11573 11701 11702
f 11574 11703 11575
f 11574 11702 11703
f 11575 11704 11576
f 11575 11703 11704
f 11576 11705 11577
f 11576 11704 11705
f 11577 11706 11578
f 11577 11705 11706
f 11578 11707 11579
f 11578 11706 11707
f 11579 11708 11580
f 11579 11707 11708
f 11580 11709 11581
f 11580 11708 11709
f 11581 11710 11582
f 11581 11709 11710
f 11582 11711 11583
f 11582 11710 11711
f 11583 11712 11584
f 11583 11711 11712
f 11584 11713 11585
f 11584 11712 11713
f 11585 11714 11586
f 11585 11713 11714
f 11586 11715 11587
f 11586 11714 11715
f 11587 11716 11588
f 11587 11715 11716
f 11588 11717 11589
f 11588 11716 11717
f 11589 11718 11590
f 11589 11717 11718
f 11590 11719 11591
f 11590 11718 11719
f 11591 11720 11592
f 11591 11719 11720
f 11592 11721 11593
f 11592 11720 11721
f 11593 11722 11594
f 11593 11721 11722
f 11594 11723 11595
f 11594 11722 11723
f 11595 11724 11596
f 11595 11723 11724
f 11596 11725 11597
f 11596 11724 11725
f 11597 11726 11598
f 11597 11725 11726
f 11598 11727 11599
f 11598 11726 11727
f 11599 11728 11600
f 11599 11727 11728
f 11600 11729 11601
f 11600 11728 11729
f 11601 11730 11602
f 11601 11729 11730
f 11602 11731 11603
f 11602 11730 11731
f 11603 11732 11604
f 11603 11731 11732
f 11604 11733 11605
f 11604 11732 11733
f 11605 11734 11606
f 11605 11733 11734
f 11606 11735 11607
f 11606 11734 11735
f 11607 11736 11608
f 11607 11735 11736
f 11608 11737 11609
f 11608 11736 11737
f 11609 11738 11610
f 11609 11737 11738
f 11610 11739 11611
f 11610 11738 11739
f 11611 11740 11612
f 11611 11739 11740
f 11612 11741 11613
f 11612 11740 11741
f 11613 11742 11614
f 11613 11741 11742
f 11614 11743 11615
f 11614 11742 11743
f 11615 11744 11616
f 11615 11743 11744
f 11616 11745 11617
f 11616 11744 11745
f 11617 11746 11618
f 11617 11745 11746
f 11618 11747 11619
f 11618 11746 11747
f 11619 11748 11620
f 11619 11747 11748
f 11620 11749 11621
f 11620 11748 11749
f 11621 11750 11622
f 11621 11749 11750
f 11622 11751 11623
f 11622 11750 11751
f 11623 11752 11624
f 11623 11751 11752
f 11624 11753 11625
f 11624 11752 11753
f 11625 11754 11626
f 11625 11753 11754
f 11626 11755 11627
f 11626 11754 11755
f 11627 11756 11628
f 11627 11755 11756
f 11628 11757 11629
f 11628 11756 11757
f 11629 11758 11630
f 11629 11757 11758
f 11630 11759 11631
f 11630 11758 11759
f 11631 11760 11632
f 11631 11759 11760
f 11632 11761 11633
f 11632 11760 11761
f 11633 11762 11634
f 11633 11761 11762
f 11634 11763 11635
f 11634 11762 11763
f 11635 11764 11636
f 11635 11763 11764
f 11636 11765 11637
f 11636 11764 11765
f 11637 11766 11638
f 11637 11765 11766
f 11638 11767 11639
f 11638 11766 11767
f 11639 11768 11640
f 11639 11767 11768
f 11640 11769 11641
f 11640 11768 11769
f 11641 11770 11642
f 11641 11769 11770
f 11642 11771 11643
f 11642 11770 11771
f 11643 11772 11644
f 11643 11771 11772
f 11644 11773 11645
f 11644 11772 11773
f 11645 11774 11646
f 11645 11773 11774
f 11646 11775 11647
f 11646 11774 11775
f 11647 11776 11648
f 11647 11775 11776
f 11648 11777 11649
f 11648 11776 11777
f 11649 11650 11522
f 11649 11777 11650
f 11650 11779 11651
f 11650 11778 11779
f 11651 11780 11652
f 11651 11779 11780
f 11652 11781 11653
f 11652 11780 11781
f 11653 11782 11654
f 11653 11781 11782
f 11654 11783 11655
f 11654 11782 11783
f 11655 11784 11656
f 11655 11783 11784
f 11656 11785 11657
f 11656 11784 11785
f 11657 11786 11658
f 11657 11785 11786
f 11658 11787 11659
f 11658 11786 11787
f 11659 11788 11660
f 11659 11787 11788
f 11660 11789 11661
f 11660 11788 11789
f 11661 11790 11662
f 11661 11789 11790
f 11662 11791 11663
f 11662 11790 11791
f 11663 11792 11664
f 11663 11791 11792
f 11664 11793 11665
f 11664 11792 11793
f 11665 11794 11666
f 11665 11793 11794
f 11666 11795 11667
f 11666 11794 11795
f 11667 11796 11668
f 11667 11795 11796
f 11668 11797 11669
f 11668 11796 11797
f 11669 11798 11670
f 11669 11797 11798
f 11670 11799 11671
f 11670 11798 11799
f 11671 11800 11672
f 11671 11799 11800
f 11672 11801 11673
f 11672 11800 11801
f 11673 11802 11674
f 11673 11801 11802
f 11674 11803 11675
f 11674 11802 11803
f 11675 11804 11676
f 11675 11803 11804
f 11676 11805 11677
f 11676 11804 11805
f 11677 11806 11678
f 11677 11805 11806
f 11678 11807 11679
f 11678 11806 11807
f 11679 11808 11680
f 11679 11807 11808
f 11680 11809 11681
f 11680 11808 11809
f 11681 11810 11682
f 11681 11809 11810
f 11682 11811 11683
f 11682 11810 11811
f 11683 11812 11684
f 11683 11811 11812
f 11684 11813 11685
f 11684 11812 11813
f 11685 11814 11686
f 11685 11813 11814
f 11686 11815 11687
f 11686 11814 11815
f 11687 11816 11688
f 11687 11815 11816
f 11688 11817 11689
f 11688 11816 11817
f 11689 11818 11690
f 11689 11817 11818
f 11690 11819 11691
f 11690 11818 11819
f 11691 11820 11692
f 11691 11819 11820
f 11692 11821 11693
f 11692 11820 11821
f 11693 11822 11694
f 11693 11821 11822
f 11694 11823 11695
f 11694 11822 11823
f 11695 11824 11696
f 11695 11823 11824
f 11696 11825 11697
f 11696 11824 11825
f 11697 11826 11698
f 11697 11825 11826
f 11698 11827 11699
f 11698 11826 11827
f 11699 11828 11700
f 11699 11827 11828
f 11700 11829 11701
f 11700 11828 11829
f 11701 11830 11702
f 11701 11829 11830
f 11702 11831 11703
f 11702 11830 11831
f 11703 11832 11704
f 11703 11831 11832
f 11704 11833 11705
f 11704 11832 11833
f 11705 11834 11706
f 11705 11833 11834
f 11706 11835 11707
f 11706 11834 11835
f 11707 11836 11708
f 11707 11835 11836
f 11708 11837 11709
f 11708 11836 11837
f 11709 11838 11710
f 11709 11837 11838
f 11710 11839 11711
f 11710 11838 11839
f 11711 11840 11712
f 11711 11839 11840
f 11712 11841 11713
f 11712 11840 11841
f 11713 11842 11714
f 11713 11841 11842
f 11714 11843 11715
f 11714 11842 11843
f 11715 11844 11716
f 11715 11843 11844
f 11716 11845 11717
f 11716 11844 11845
f 11717 11846 11718
f 11717 11845 11846
f 11718 11847 11719
f 11718 11846 11847
f 11719 11848 11720
f 11719 11847 11848
f 11720 11849 11721
f 11720 11848 11849
f 11721 11850 11722
f 11721 11849 11850
f 11722 11851 11723
f 11722 11850 11851
f 11723 11852 11724
f 11723 11851 11852
f 11724 11853 11725
f 11724 11852 11853
f 11725 11854 11726
f 11725 11853 11854
f 11726 11855 11727
f 11726 11854 11855
f 11727 11856 11728
f 11727 11855 11856
f 11728 11857 11729
f 11728 11856 11857
f 11729 11858 11730
f 11729 11857 11858
f 11730 11859 11731
f 11730 11858 11859
f 11731 11860 11732
f 11731 11859 11860
f 11732 11861 11733
f 11732 11860 11861
f 11733 11862 11734
f 11733 11861 11862
f 11734 11863 11735
f 11734 11862 11863
f 11735 11864 11736
f 11735 11863 11864
f 11736 11865 11737
f 11736 11864 11865
f 11737 11866 11738
f 11737 11865 11866
f 11738 11867 11739
f 11738 11866 11867
f 11739 11868 11740
f 11739 11867 11868
f 11740 11869 11741
f 11740 11868 11869
f 11741 11870 11742
f 11741 11869 11870
f 11742 11871 11743
f 11742 11870 11871
f 11743 11872 11744
f 11743 11871 11872
f 11744 11873 11745
f 11744 11872 11873
f 11745 11874 11746
f 11745 11873 11874
f 11746 11875 11747
f 11746 11874 11875
f 11747 11876 11748
f 11747 11875 11876
f 11748 11877 11749
f 11748 11876 11877
f 11749 11878 11750
f 11749 11877 11878
f 11750 11879 11751
f 11750 11878 11879
f 11751 11880 11752
f 11751 11879 11880
f 11752 11881 11753
f 11752 11880 11881
f 11753 11882 11754
f 11753 11881 11882
f 11754 11883 11755
f 11754 11882 11883
f 11755 11884 11756
f 11755 11883 11884
f 11756 11885 11757
f 11756 11884 11885
f 11757 11886 11758
f 11757 11885 11886
f 11758 11887 11759
f 11758 11886 11887
f 11759 11888 11760
f 11759 11887 11888
f 11760 11889 11761
f 11760 11888 11889
f 11761 11890 11762
f 11761 11889 11890
f 11762 11891 11763
f 11762 11890 11891
f 11763 11892 11764
f 11763 11891 11892
f 11764 11893 11765
f 11764 11892 11893
f 11765 11894 11766
f 11765 11893 11894
f 11766 11895 11767
f 11766 11894 11895
f 11767 11896 11768
f 11767 11895 11896
f 11768 11897 11769
f 11768 11896 11897
f 11769 11898 11770
f 11769 11897 11898
f 11770 11899 11771
f 11770 11898 11899
f 11771 11900 11772
f 11771 11899 11900
f 11772 11901 11773
f 11772 11900 11901
f 11773 11902 11774
f 11773 11901 11902
f 11774 11903 11775
f 11774 11902 11903
f 11775 11904 11776
f 11775 11903 11904
f 11776 11905 11777
f 11776 11904 11905
f 11777 11778 11650
f 11777 11905 11778
f 11778 11907 11779
f 11778 11906 11907
f 11779 11908 11780
f 11779 11907 11908
f 11780 11909 11781
f 11780 11908 11909
f 11781 11910 11782
f 11781 11909 11910
f 11782 11911 11783
f 11782 11910 11911
f 11783 11912 11784
f 11783 11911 11912
f 11784 11913 11785
f 11784 11912 11913
f 11785 11914 11786
f 11785 11913 11914
f 11786 11915 11787
f 11786 11914 11915
f 11787 11916 11788
f 11787 11915 11916
f 11788 11917 11789
f 11788 11916 11917
f 11789 11918 11790
f 11789 11917 11918
f 11790 11919 11791
f 11790 11918 11919
f 11791 11920 11792
f 11791 11919 11920
f 11792 11921 11793
f 11792 11920 11921
f 11793 11922 11794
f 11793 11921 11922
f 11794 11923 11795
f 11794 11922 11923
f 11795 11924 11796
f 11795 11923 11924
f 11796 11925 11797
f 11796 11924 11925
f 11797 11926 11798
f 11797 11925 11926
f 11798 11927 11799
f 11798 11926 11927
f 11799 11928 11800
f 11799 11927 11928
f 11800 11929 11801
f 11800 11928 11929
f 11801 11930 11802
f 11801 11929 11930
f 11802 11931 11803
f 11802 11930 11931
f 11803 11932 11804
f 11803 11931 11932
f 11804 11933 11805
f 11804 11932 11933
f 11805 11934 11806
f 11805 11933 11934
f 11806 11935 11807
f 11806 11934 11935
f 11807 11936 11808
f 11807 11935 11936
f 11808 11937 11809
f 11808 11936 11937
f 11809 11938 11810
f 11809 11937 11938
f 11810 11939 11811
f 11810 11938 11939
f 11811 11940 11812
f 11811 11939 11940
f 11812 11941 11813
f 11812 11940 11941
f 11813 11942 11814
f 11813 11941 11942
f 11814 11943 11815
f 11814 11942 11943
f 11815 11944 11816
f 11815 11943 11944
f 11816 11945 11817
f 11816 11944 11945
f 11817 11946 11818
f 11817 11945 11946
f 11818 11947 11819
f 11818 11946 11947
f 11819 11948 11820
f 11819 11947 11948
f 11820 11949 11821
f 11820 11948 11949
f 11821 11950 11822
f 11821 11949 11950
f 11822 11951 11823
f 11822 11950 11951
f 11823 11952 11824
f 11823 11951 11952
f 11824 11953 11825
f 11824 11952 11953
f 11825 11954 11826
f 11825 11953 11954
f 11826 11955 11827
f 11826 11954 11955
f 11827 11956 11828
f 11827 11955 11956
f 11828 11957 11829
f 11828 11956 11957
f 11829 11958 11830
f 11829 11957 11958
f 11830 11959 11831
f 11830 11958 11959
f 11831 11960 11832
f 11831 11959 11960
f 11832 11961 11833
f 11832 11960 11961
f 11833 11962 11834
f 11833 11961 11962
f 11834 11963 11835
f 11834 11962 11963
f 11835 11964 11836
f 11835 11963 11964
f 11836 11965 11837
f 11836 11964 11965
f 11837 11966 11838
f 11837 11965 11966
f 11838 11967 11839
f 11838 11966 11967
f 11839 11968 11840
f 11839 11967 11968
f 11840 11969 11841
f 11840 11968 11969
f 11841 11970 11842
f 11841 11969 11970
f 11842 11971 11843
f 11842 11970 11971
f 11843 11972 11844
f 11843 11971 11972
f 11844 11973 11845
f 11844 11972 11973
f 11845 11974 11846
f 11845 11973 11974
f 11846 11975 11847
f 11846 11974 11975
f 11847 11976 11848
f 11847 11975 11976
f 11848 11977 11849
f 11848 11976 11977
f 11849 11978 11850
f 11849 11977 11978
f 11850 11979 11851
f 11850 11978 11979
f 11851 11980 11852
f 11851 11979 11980
f 11852 11981 11853
f 11852 11980 11981
f 11853 11982 11854
f 11853 11981 11982
f 11854 11983 11855
f 11854 11982 11983
f 11855 11984 11856
f 11855 11983 11984
f 11856 11985 11857
f 11856 11984 11985
f 11857 11986 11858
f 11857 11985 11986
f 11858 11987 11859
f 11858 11986 11987
f 11859 11988 11860
f 11859 11987 11988
f 11860 11989 11861
f 11860 11988 11989
f 11861 11990 11862
f 11861 11989 11990
f 11862 11991 11863
f 11862 11990 11991
f 11863 11992 11864
f 11863 11991 11992
f 11864 11993 11865
f 11864 11992 11993
f 11865 11994 11866
f 11865 11993 11994
f 11866 11995 11867
f 11866 11994 11995
f 11867 11996 11868
f 11867 11995 11996
f 11868 11997 11869
f 11868 11996 11997
f 11869 11998 11870
f 11869 11997 11998
f 11870 11999 11871
f 11870 11998 11999
f 11871 12000 11872
f 11871 11999 12000
f 11872 12001 11873
f 11872 12000 12001
f 11873 12002 11874
f 11873 12001 12002
f 11874 12003 11875
f 11874 12002 12003
f 11875 12004 11876
f 11875 12003 12004
f 11876 12005 11877
f 11876 12004 12005
f 11877 12006 11878
f 11877 12005 12006
f 11878 12007 11879
f 11878 12006 12007
f 11879 12008 11880
f 11879 12007 12008
f 11880 12009 11881
f 11880 12008 12009
f 11881 12010 11882
f 11881 12009 12010
f 11882 12011 11883
f 11882 12010 12011
f 11883 12012 11884
f 11883 12011 12012
f 11884 12013 11885
f 11884 12012 12013
f 11885 12014 11886
f 11885 12013 12014
f 11886 12015 11887
f 11886 12014 12015
f 11887 12016 11888
f 11887 12015 12016
f 11888 12017 11889
f 11888 12016 12017
f 11889 12018 11890
f 11889 12017 12018
f 11890 12019 11891
f 11890 12018 12019
f 11891 12020 11892
f 11891 12019 12020
f 11892 12021 11893
f 11892 12020 12021
f 11893 12022 11894
f 11893 12021 12022
f 11894 12023 11895
f 11894 12022 12023
f 11895 12024 11896
f 11895 12023 12024
f 11896 12025 11897
f 11896 12024 12025
f 11897 12026 11898
f 11897 12025 12026
f 11898 12027 11899
f 11898 12026 12027
f 11899 12028 11900
f 11899 12027 12028
f 11900 12029 11901
f 11900 12028 12029
f 11901 12030 11902
f 11901 12029 12030
f 11902 12031 11903
f 11902 12030 12031
f 11903 12032 11904
f 11903 12031 12032
f 11904 12033 11905
f 11904 12032 12033
f 11905 11906 11778
f 11905 12033 11906
f 11906 12035 11907
f 11906 12034 12035
f 11907 12036 11908
f 11907 12035 12036
f 11908 12037 11909
f 11908 12036 12037
f 11909 12038 11910
f 11909 12037 12038
f 11910 12039 11911
f 11910 12038 12039
f 11911 12040 11912
f 11911 12039 12040
f 11912 12041 11913
f 11912 12040 12041
f 11913 12042 11914
f 11913 12041 12042
f 11914 12043 11915
f 11914 12042 12043
f 11915 12044 11916
f 11915 12043 12044
f 11916 12045 11917
f 11916 12044 12045
f 11917 12046 11918
f 11917 12045 12046
f 11918 12047 11919
f 11918 12046 12047
f 11919 12048 11920
f 11919 12047 12048
f 11920 12049 11921
f 11920 12048 12049
f 11921 12050 11922
f 11921 12049 12050
f 11922 12051 11923
f 11922 12050 12051
f 11923 12052 11924
f 11923 12051 12052
f 11924 12053 11925
f 11924 12052 12053
f 11925 12054 11926
f 11925 12053 12054
f 11926 12055 11927
f 11926 12054 12055
f 11927 12056 11928
f 11927 12055 12056
f 11928 12057 11929
f 11928 12056 12057
f 11929 12058 11930
f 11929 12057 12058
f 11930 12059 11931
f 11930 12058 12059
f 11931 12060 11932
f 11931 12059 12060
f 11932 12061 11933
f 11932 12060 12061
f 11933 12062 11934
f 11933 12061 12062
f 11934 12063 11935
f 11934 12062 12063
f 11935 12064 11936
f 11935 12063 12064
f 11936 12065 11937
f 11936 12064 12065
f 11937 12066 11938
f 11937 12065 12066
f 11938 12067 11939
f 11938 12066 12067
f 11939 12068 11940
f 11939 12067 12068
f 11940 12069 11941
f 11940 12068 12069
f 11941 12070 11942
f 11941 12069 12070
f 11942 12071 11943
f 11942 12070 12071
f 11943 12072 11944
f 11943 12071 12072
f 11944 12073 11945
f 11944 12072 12073
f 11945 12074 11946
f 11945 12073 12074
f 11946 12075 11947
f 11946 12074 12075
f 11947 12076 11948
f 11947 12075 12076
f 11948 12077 11949
f 11948 12076 12077
f 11949 12078 11950
f 11949 12077 12078
f 11950 12079 11951
f 11950 12078 12079
f 11951 12080 11952
f 11951 12079 12080
f 11952 12081 11953
f 11952 12080 12081
f 11953 12082 11954
f 11953 12081 12082
f 11954 12083 11955
f 11954 12082 12083
f 11955 12084 11956
f 11955 12083 12084
f 11956 12085 11957
f 11956 12084 12085
f 11957 12086 11958
f 11957 12085 12086
f 11958 12087 11959
f 11958 12086 12087
f 11959 12088 11960
f 11959 12087 12088
f 11960 12089 11961
f 11960 12088 12089
f 11961 12090 11962
f 11961 12089 12090
f 11962 12091 11963
f 11962 12090 12091
f 11963 12092 11964
f 11963 12091 12092
f 11964 12093 11965
f 11964 12092 12093
f 11965 12094 11966
f 11965 12093 12094
f 11966 12095 11967
f 11966 12094 12095
f 11967 12096 11968
f 11967 12095 12096
f 11968 12097 11969
f 11968 12096 12097
f 11969 12098 11970
f 11969 12097 12098
f 11970 12099 11971
f 11970 12098 12099
f 11971 12100 11972
f 11971 12099 12100
f 11972 12101 11973
f 11972 12100 12101
f 11973 12102 11974
f 11973 12101 12102
f 11974 12103 11975
f 11974 12102 12103
f 11975 12104 11976
f 11975 12103 12104
f 11976 12105 11977
f 11976 12104 12105
f 11977 12106 11978
f 11977 12105 12106
f 11978 12107 11979
f 11978 12106 12107
f 11979 12108 11980
f 11979 12107 12108
f 11980 12109 11981
f 11980 12108 12109
f 11981 12110 11982
f 11981 12109 12110
f 11982 12111 11983
f 11982 12110 12111
f 11983 12112 11984
f 11983 12111 12112
f 11984 12113 11985
f 11984 12112 12113
f 11985 12114 11986
f 11985 12113 12114
f 11986 12115 11987
f 11986 12114 12115
f 11987 12116 11988
f 11987 12115 12116
f 11988 12117 11989
f 11988 12116 12117
f 11989 12118 11990
f 11989 12117 12118
f 11990 12119 11991
f 11990 12118 12119
f 11991 12120 11992
f 11991 12119 12120
f 11992 12121 11993
f 11992 12120 12121
f 11993 12122 11994
f 11993 12121 12122
f 11994 12123 11995
f 11994 12122 12123
f 11995 12124 11996
f 11995 12123 12124
f 11996 12125 11997
f 11996 12124 12125
f 11997 12126 11998
f 11997 12125 12126
f 11998 12127 11999
f 11998 12126 12127
f 11999 12128 12000
f 11999 12127 12128
f 12000 12129 12001
f 12000 12128 12129
f 12001 12130 12002
f 12001 12129 12130
f 12002 12131 12003
f 12002 12130 12131
f 12003 12132 12004
f 12003 12131 12132
f 12004 12133 12005
f 12004 12132 12133
f 12005 12134 12006
f 12005 12133 12134
f 12006 12135 12007
f 12006 12134 12135
f 12007 12136 12008
f 12007 12135 12136
f 12008 12137 12009
f 12008 12136 12137
f 12009 12138 12010
f 12009 12137 12138
f 12010 12139 12011
f 12010 12138 12139
f 12011 12140 12012
f 12011 12139 12140
f 12012 12141 12013
f 12012 12140 12141
f 12013 12142 12014
f 12013 12141 12142
f 12014 12143 12015
f 12014 12142 12143
f 12015 12144 12016
f 12015 12143 12144
f 12016 12145 12017
f 12016 12144 12145
f 12017 12146 12018
f 12017 12145 12146
f 12018 12147 12019
f 12018 12146 12147
f 12019 12148 12020
f 12019 12147 12148
f 12020 12149 12021
f 12020 12148 12149
f 12021 12150 12022
f 12021 12149 12150
f 12022 12151 12023
f 12022 12150 12151
f 12023 12152 12024
f 12023 12151 12152
f 12024 12153 12025
f 12024 12152 12153
f 12025 12154 12026
f 12025 12153 12154
f 12026 12155 12027
f 12026 12154 12155
f 12027 12156 12028
f 12027 12155 12156
f 12028 12157 12029
f 12028 12156 12157
f 12029 12158 12030
f 12029 12157 12158
f 12030 12159 12031
f 12030 12158 12159
f 12031 12160 12032
f 12031 12159 12160
f 12032 12161 12033
f 12032 12160 12161
f 12033 12034 11906
f 12033 12161 12034
f 12034 12163 12035
f 12034 12162 12163
f 12035 12164 12036
f 12035 12163 12164
f 12036 12165 12037
f 12036 12164 12165
f 12037 12166 12038
f 12037 12165 12166
f 12038 12167 12039
f 12038 12166 12167
f 12039 12168 12040
f 12039 12167 12168
f 12040 12169 12041
f 12040 12168 12169
f 12041 12170 12042
f 12041 12169 12170
f 12042 12171 12043
f 12042 12170 12171
f 12043 12172 12044
f 12043 12171 12172
f 12044 12173 12045
f 12044 12172 12173
f 12045 12174 12046
f 12045 12173 12174
f 12046 12175 12047
f 12046 12174 12175
f 12047 12176 12048
f 12047 12175 12176
f 12048 12177 12049
f 12048 12176 12177
f 12049 12178 12050
f 12049 12177 12178
f 12050 12179 12051
f 12050 12178 12179
f 12051 12180 12052
f 12051 12179 12180
f 12052 12181 12053
f 12052 12180 12181
f 12053 12182 12054
f 12053 12181 12182
f 12054 12183 12055
f 12054 12182 12183
f 12055 12184 12056
f 12055 12183 12184
f 12056 12185 12057
f 12056 12184 12185
f 12057 12186 12058
f 12057 12185 12186
f 12058 12187 12059
f 12058 12186 12187
f 12059 12188 12060
f 12059 12187 12188
f 12060 12189 12061
f 12060 12188 12189
f 12061 12190 12062
f 12061 12189 12190
f 12062 12191 12063
f 12062 12190 12191
f 12063 12192 12064
f 12063 12191 12192
f 12064 12193 12065
f 12064 12192 12193
f 12065 12194 12066
f 12065 12193 12194
f 12066 12195 12067
f 12066 12194 12195
f 12067 12196 12068
f 12067 12195 12196
f 12068 12197 12069
f 12068 12196 12197
f 12069 12198 12070
f 12069 12197 12198
f 12070 12199 12071
f 12070 12198 12199
f 12071 12200 12072
f 12071 12199 12200
f 12072 12201 12073
f 12072 12200 12201
f 12073 12202 12074
f 12073 12201 12202
f 12074 12203 12075
f 12074 12202 12203
f 12075 12204 12076
f 12075 12203 12204
f 12076 12205 12077
f 12076 12204 12205
f 12077 12206 12078
f 12077 12205 12206
f 12078 12207 12079
f 12078 12206 12207
f 12079 12208 12080
f 12079 12207 12208
f 12080 12209 12081
f 12080 12208 12209
f 12081 12210 12082
f 12081 12209 12210
f 12082 12211 12083
f 12082 12210 12211
f 12083 12212 12084
f 12083 12211 12212
f 12084 12213 12085
f 12084 12212 12213
f 12085 12214 12086
f 12085 12213 12214
f 12086 12215 12087
f 12086 12214 12215
f 12087 12216 12088
f 12087 12215 12216
f 12088 12217 12089
f 12088 12216 12217
f 12089 12218 12090
f 12089 12217 12218
f 12090 12219 12091
f 12090 12218 12219
f 12091 12220 12092
f 12091 12219 12220
f 12092 12221 12093
f 12092 12220 12221
f 12093 12222 12094
f 12093 12221 12222
f 12094 12223 12095
f 12094 12222 12223
f 12095 12224 12096
f 12095 12223 12224
f 12096 12225 12097
f 12096 12224 12225
f 12097 12226 12098
f 12097 12225 12226
f 12098 12227 12099
f 12098 12226 12227
f 12099 12228 12100
f 12099 12227 12228
f 12100 12229 12101
f 12100 12228 12229
f 12101 12230 12102
f 12101 12229 12230
f 12102 12231 12103
f 12102 12230 12231
f 12103 12232 12104
f 12103 12231 12232
f 12104 12233 12105
f 12104 12232 12233
f 12105 12234 12106
f 12105 12233 12234
f 12106 12235 12107
f 12106 12234 12235
f 12107 12236 12108
f 12107 12235 12236
f 12108 12237 12109
f 12108 12236 12237
f 12109 12238 12110
f 12109 12237 12238
f 12110 12239 12111
f 12110 12238 12239
f 12111 12240 12112
f 12111 12239 12240
f 12112 12241 12113
f 12112 12240 12241
f 12113 12242 12114
f 12113 12241 12242
f 12114 12243 12115
f 12114 12242 12243
f 12115 12244 12116
f 12115 12243 12244
f 12116 12245 12117
f 12116 12244 12245
f 12117 12246 12118
f 12117 12245 12246
f 12118 12247 12119
f 12118 12246 12247
f 12119 12248 12120
f 12119 12247 12248
f 12120 12249 12121
f 12120 12248 12249
f 12121 12250 12122
f 12121 12249 12250
f 12122 12251 12123
f 12122 12250 12251
f 12123 12252 12124
f 12123 12251 12252
f 12124 12253 12125
f 12124 12252 12253
f 12125 12254 12126
f 12125 12253 12254
f 12126 12255 12127
f 12126 12254 12255
f 12127 12256 12128
f 12127 12255 12256
f 12128 12257 12129
f 12128 12256 12257
f 12129 12258 12130
f 12129 12257 12258
f 12130 12259 12131
f 12130 12258 12259
f 12131 12260 12132
f 12131 12259 12260
f 12132 12261 12133
f 12132 12260 12261
f 12133 12262 12134
f 12133 12261 12262
f 12134 12263 12135
f 12134 12262 12263
f 12135 12264 12136
f 12135 12263 12264
f 12136 12265 12137
f 12136 12264 12265
f 12137 12266 12138
f 12137 12265 12266
f 12138 12267 12139
f 12138 12266 12267
f 12139 12268 12140
f 12139 12267 12268
f 12140 12269 12141
f 12140 12268 12269
f 12141 12270 12142
f 12141 12269 12270
f 12142 12271 12143
f 12142 12270 12271
f 12143 12272 12144
f 12143 12271 12272
f 12144 12273 12145
f 12144 12272 12273
f 12145 12274 12146
f 12145 12273 12274
f 12146 12275 12147
f 12146 12274 12275
f 12147 12276 12148
f 12147 12275 12276
f 12148 12277 12149
f 12148 12276 12277
f 12149 12278 12150
f 12149 12277 12278
f 12150 12279 12151
f 12150 12278 12279
f 12151 12280 12152
f 12151 12279 12280
f 12152 12281 12153
f 12152 12280 12281
f 12153 12282 12154
f 12153 12281 12282
f 12154 12283 12155
f 12154 12282 12283
f 12155 12284 12156
f 12155 12283 12284
f 12156 12285 12157
f 12156 12284 12285
f 12157 12286 12158
f 12157 12285 12286
f 12158 12287 12159
f 12158 12286 12287
f 12159 12288 12160
f 12159 12287 12288
f 12160 12289 12161
f 12160 12288 12289
f 12161 12162 12034
f 12161 12289 12162
f 12162 12291 12163
f 12162 12290 12291
f 12163 12292 12164
f 12163 12291 12292
f 12164 12293 12165
f 12164 12292 12293
f 12165 12294 12166
f 12165 12293 12294
f 12166 12295 12167
f 12166 12294 12295
f 12167 12296 12168
f 12167 12295 12296
f 12168 12297 12169
f 12168 12296 12297
f 12169 12298 12170
f 12169 12297 12298
f 12170 12299 12171
f 12170 12298 12299
f 12171 12300 12172
f 12171 12299 12300
f 12172 12301 12173
f 12172 12300 12301
f 12173 12302 12174
f 12173 12301 12302
f 12174 12303 12175
f 12174 12302 12303
f 12175 12304 12176
f 12175 12303 12304
f 12176 12305 12177
f 12176 12304 12305
f 12177 12306 12178
f 12177 12305 12306
f 12178 12307 12179
f 12178 12306 12307
f 12179 12308 12180
f 12179 12307 12308
f 12180 12309 12181
f 12180 12308 12309
f 12181 12310 12182
f 12181 12309 12310
f 12182 12311 12183
f 12182 12310 12311
f 12183 12312 12184
f 12183 12311 12312
f 12184 12313 12185
f 12184 12312 12313
f 12185 12314 12186
f 12185 12313 12314
f 12186 12315 12187
f 12186 12314 12315
f 12187 12316 12188
f 12187 12315 12316
f 12188 12317 12189
f 12188 12316 12317
f 12189 12318 12190
f 12189 12317 12318
f 12190 12319 12191
f 12190 12318 12319
f 12191 12320 12192
f 12191 12319 12320
f 12192 12321 12193
f 12192 12320 12321
f 12193 12322 12194
f 12193 12321 12322
f 12194 12323 12195
f 12194 12322 12323
f 12195 12324 12196
f 12195 12323 12324
f 12196 12325 12197
f 12196 12324 12325
f 12197 12326 12198
f 12197 12325 12326
f 12198 12327 12199
f 12198 12326 12327
f 12199 12328 12200
f 12199 12327 12328
f 12200 12329 12201
f 12200 12328 12329
f 12201 12330 12202
f 12201 12329 12330
f 12202 12331 12203
f 12202 12330 12331
f 12203 12332 12204
f 12203 12331 12332
f 12204 12333 12205
f 12204 12332 12333
f 12205 12334 12206
f 12205 12333 12334
f 12206 12335 12207
f 12206 12334 12335
f 12207 12336 12208
f 12207 12335 12336
f 12208 12337 12209
f 12208 12336 12337
f 12209 12338 12210
f 12209 12337 12338
f 12210 12339 12211
f 12210 12338 12339
f 12211 12340 12212
f 12211 12339 12340
f 12212 12341 12213
f 12212 12340 12341
f 12213 12342 12214
f 12213 12341 12342
f 12214 12343 12215
f 12214 12342 12343
f 12215 12344 12216
f 12215 12343 12344
f 12216 12345 12217
f 12216 12344 12345
f 12217 12346 12218
f 12217 12345 12346
f 12218 12347 12219
f 12218 12346 12347
f 12219 12348 12220
f 12219 12347 12348
f 12220 12349 12221
f 12220 12348 12349
f 12221 12350 12222
f 12221 12349 12350
f 12222 12351 12223
f 12222 12350 12351
f 12223 12352 12224
f 12223 12351 12352
f 12224 12353 12225
f 12224 12352 12353
f 12225 12354 12226
f 12225 12353 12354
f 12226 12355 12227
f 12226 12354 12355
f 12227 12356 12228
f 12227 12355 12356
f 12228 12357 12229
f 12228 12356 12357
f 12229 12358 12230
f 12229 12357 12358
f 12230 12359 12231
f 12230 12358 12359
f 12231 12360 12232
f 12231 12359 12360
f 12232 12361 12233
f 12232 12360 12361
f 12233 12362 12234
f 12233 12361 12362
f 12234 12363 12235
f 12234 12362 12363
f 12235 12364 12236
f 12235 12363 12364
f 12236 12365 12237
f 12236 12364 12365
f 12237 12366 12238
f 12237 12365 12366
f 12238 12367 12239
f 12238 12366 12367
f 12239 12368 12240
f 12239 12367 12368
f 12240 12369 12241
f 12240 12368 12369
f 12241 12370 12242
f 12241 12369 12370
f 12242 12371 12243
f 12242 12370 12371
f 12243 12372 12244
f 12243 12371 12372
f 12244 12373 12245
f 12244 12372 12373
f 12245 12374 12246
f 12245 12373 12374
f 12246 12375 12247
f 12246 12374 12375
f 12247 12376 12248
f 12247 12375 12376
f 12248 12377 12249
f 12248 12376 12377
f 12249 12378 12250
f 12249 12377 12378
f 12250 12379 12251
f 12250 12378 12379
f 12251 12380 12252
f 12251 12379 12380
f 12252 12381 12253
f 12252 12380 12381
f 12253 12382 12254
f 12253 12381 12382
f 12254 12383 12255
f 12254 12382 12383
f 12255 12384 12256
f 12255 12383 12384
f 12256 12385 12257
f 12256 12384 12385
f 12257 12386 12258
f 12257 12385 12386
f 12258 12387 12259
f 12258 12386 12387
f 12259 12388 12260
f 12259 12387 12388
f 12260 12389 12261
f 12260 12388 12389
f 12261 12390 12262
f 12261 12389 12390
f 12262 12391 12263
f 12262 12390 12391
f 12263 12392 12264
f 12263 12391 12392
f 12264 12393 12265
f 12264 12392 12393
f 12265 12394 12266
f 12265 12393 12394
f 12266 12395 12267
f 12266 12394 12395
f 12267 12396 12268
f 12267 12395 12396
f 12268 12397 12269
f 12268 12396 12397
f 12269 12398 12270
f 12269 12397 12398
f 12270 12399 12271
f 12270 12398 12399
f 12271 12400 12272
f 12271 12399 12400
f 12272 12401 12273
f 12272 12400 12401
f 12273 12402 12274
f 12273 12401 12402
f 12274 12403 12275
f 12274 12402 12403
f 12275 12404 12276
f 12275 12403 12404
f 12276 12405 12277
f 12276 12404 12405
f 12277 12406 12278
f 12277 12405 12406
f 12278 12407 12279
f 12278 12406 12407
f 12279 12408 12280
f 12279 12407 12408
f 12280 12409 12281
f 12280 12408 12409
f 12281 12410 12282
f 12281 12409 12410
f 12282 12411 12283
f 12282 12410 12411
f 12283 12412 12284
f 12283 12411 12412
f 12284 12413 12285
f 12284 12412 12413
f 12285 12414 12286
f 12285 12413 12414
f 12286 12415 12287
f 12286 12414 12415
f 12287 12416 12288
f 12287 12415 12416
f 12288 12417 12289
f 12288 12416 12417
f 12289 12290 12162
f 12289 12417 12290
f 12418 12291 12290
f 12418 12292 12291
f 12418 12293 12292
f 12418 12294 12293
f 12418 12295 12294
f 12418 12296 12295
f 12418 12297 12296
f 12418 12298 12297
f 12418 12299 12298
f 12418 12300 12299
f 12418 12301 12300
f 12418 12302 12301
f 12418 12303 12302
f 12418 12304 12303
f 12418 12305 12304
f 12418 12306 12305
f 12418 12307 12306
f 12418 12308 12307
f 12418 12309 12308
f 12418 12310 12309
f 12418 12311 12310
f 12418 12312 12311
f 12418 12313 12312
f 12418 12314 12313
f 12418 12315 12314
f 12418 12316 12315
f 12418 12317 12316
f 12418 12318 12317
f 12418 12319 12318
f 12418 12320 12319
f 12418 12321 12320
f 12418 12322 12321
f 12418 12323 12322
f 12418 12324 12323
f 12418 12325 12324
f 12418 12326 12325
f 12418 12327 12326
f 12418 12328 12327
f 12418 12329 12328
f 12418 12330 12329
f 12418 12331 12330
f 12418 12332 12331
f 12418 12333 12332
f 12418 12334 12333
f 12418 12335 12334
f 12418 12336 12335
f 12418 12337 12336
f 12418 12338 12337
f 12418 12339 12338
f 12418 12340 12339
f 12418 12341 12340
f 12418 12342 12341
f 12418 12343 12342
f 12418 12344 12343
f 12418 12345 12344
f 12418 12346 12345
f 12418 12347 12346
f 12418 12348 12347
f 12418 12349 12348
f 12418 12350 12349
f 12418 12351 12350
f 12418 12352 12351
f 12418 12353 12352
f 12418 12354 12353
f 12418 12355 12354
f 12418 12356 12355
f 12418 12357 12356
f 12418 12358 12357
f 12418 12359 12358
f 12418 12360 12359
f 12418 12361 12360
f 12418 12362 12361
f 12418 12363 12362
f 12418 12364 12363
f 12418 12365 12364
f 12418 12366 12365
f 12418 12367 12366
f 12418 12368 12367
f 12418 12369 12368
f 12418 12370 12369
f 12418 12371 12370
f 12418 12372 12371
f 12418 12373 12372
f 12418 12374 12373
f 12418 12375 12374
f 12418 12376 12375
f 12418 12377 12376
f 12418 12378 12377
f 12418 12379 12378
f 12418 12380 12379
f 12418 12381 12380
f 12418 12382 12381
f 12418 12383 12382
f 12418 12384 12383
f 12418 12385 12384
f 12418 12386 12385
f 12418 12387 12386
f 12418 12388 12387
f 12418 12389 12388
f 12418 12390 12389
f 12418 12391 12390
f 12418 12392 12391
f 12418 12393 12392
f 12418 12394 12393
f 12418 12395 12394
f 12418 12396 12395
f 12418 12397 12396
f 12418 12398 12397
f 12418 12399 12398
f 12418 12400 12399
f 12418 12401 12400
f 12418 12402 12401
f 12418 12403 12402
f 12418 12404 12403
f 12418 12405 12404
f 12418 12406 12405
f 12418 12407 12406
f 12418 12408 12407
f 12418 12409 12408
f 12418 12410 12409
f 12418 12411 12410
f 12418 12412 12411
f 12418 12413 12412
f 12418 12414 12413
f 12418 12415 12414
f 12418 12416 12415
f 12418 12417 12416
f 12418 12290 12417
