# MikroMasch TGXYZ02 XYZ calibration grating (SiO2 steps on Si).
# 5 um pitch area: circular holes 2.54 um across, 100 nm deep, over 20 x 20 um.
# Step height 100 nm (datasheet, +/-3%); pitch accurate to 0.1 um.
# Feature widths measured from the 27 AFM scans in TGXYZ02.zip
# (step there measured 104.9 +/- 2.6 nm, pitches 5.00 and 10.00 um).
# Lower surface at y = 0, 1 um support slab below. Units: nanometres, +Y up.
# Generated by make_tgxyz02_obj.py
#
# vertices: 3330   triangles: 6656

o tgxyz02_circles_20um
v 3770.0000 100.0000 2500.0000
v 3763.8850 100.0000 2624.4820
v 5000.0000 100.0000 2500.0000
v 5000.0000 100.0000 2746.2290
v 3770.0000 0.0000 2500.0000
v 3763.8850 0.0000 2624.4820
v 2500.0000 0.0000 2500.0000
v 5000.0000 -1000.0000 2500.0000
v 5000.0000 -1000.0000 2746.2290
v 2500.0000 -1000.0000 2500.0000
v 3745.5970 100.0000 2747.7650
v 5000.0000 100.0000 2997.2810
v 3745.5970 0.0000 2747.7650
v 5000.0000 -1000.0000 2997.2810
v 3715.3140 100.0000 2868.6620
v 5000.0000 100.0000 3258.3670
v 3715.3140 0.0000 2868.6620
v 5000.0000 -1000.0000 3258.3670
v 3673.3270 100.0000 2986.0080
v 5000.0000 100.0000 3535.5340
v 3673.3270 0.0000 2986.0080
v 5000.0000 -1000.0000 3535.5340
v 3620.0400 100.0000 3098.6740
v 5000.0000 100.0000 3836.2780
v 3620.0400 0.0000 3098.6740
v 5000.0000 -1000.0000 3836.2780
v 3555.9660 100.0000 3205.5740
v 5000.0000 100.0000 4170.4470
v 3555.9660 0.0000 3205.5740
v 5000.0000 -1000.0000 4170.4470
v 3481.7230 100.0000 3305.6790
v 5000.0000 100.0000 4551.6970
v 3481.7230 0.0000 3305.6790
v 5000.0000 -1000.0000 4551.6970
v 3398.0260 100.0000 3398.0260
v 5000.0000 100.0000 5000.0000
v 3398.0260 0.0000 3398.0260
v 5000.0000 -1000.0000 5000.0000
v 3305.6790 100.0000 3481.7230
v 4551.6970 100.0000 5000.0000
v 3305.6790 0.0000 3481.7230
v 4551.6970 -1000.0000 5000.0000
v 3205.5740 100.0000 3555.9660
v 4170.4470 100.0000 5000.0000
v 3205.5740 0.0000 3555.9660
v 4170.4470 -1000.0000 5000.0000
v 3098.6740 100.0000 3620.0400
v 3836.2780 100.0000 5000.0000
v 3098.6740 0.0000 3620.0400
v 3836.2780 -1000.0000 5000.0000
v 2986.0080 100.0000 3673.3270
v 3535.5340 100.0000 5000.0000
v 2986.0080 0.0000 3673.3270
v 3535.5340 -1000.0000 5000.0000
v 2868.6620 100.0000 3715.3140
v 3258.3670 100.0000 5000.0000
v 2868.6620 0.0000 3715.3140
v 3258.3670 -1000.0000 5000.0000
v 2747.7650 100.0000 3745.5970
v 2997.2810 100.0000 5000.0000
v 2747.7650 0.0000 3745.5970
v 2997.2810 -1000.0000 5000.0000
v 2624.4820 100.0000 3763.8850
v 2746.2290 100.0000 5000.0000
v 2624.4820 0.0000 3763.8850
v 2746.2290 -1000.0000 5000.0000
v 2500.0000 100.0000 3770.0000
v 2500.0000 100.0000 5000.0000
v 2500.0000 0.0000 3770.0000
v 2500.0000 -1000.0000 5000.0000
v 2375.5180 100.0000 3763.8850
v 2253.7710 100.0000 5000.0000
v 2375.5180 0.0000 3763.8850
v 2253.7710 -1000.0000 5000.0000
v 2252.2350 100.0000 3745.5970
v 2002.7190 100.0000 5000.0000
v 2252.2350 0.0000 3745.5970
v 2002.7190 -1000.0000 5000.0000
v 2131.3380 100.0000 3715.3140
v 1741.6330 100.0000 5000.0000
v 2131.3380 0.0000 3715.3140
v 1741.6330 -1000.0000 5000.0000
v 2013.9920 100.0000 3673.3270
v 1464.4660 100.0000 5000.0000
v 2013.9920 0.0000 3673.3270
v 1464.4660 -1000.0000 5000.0000
v 1901.3260 100.0000 3620.0400
v 1163.7220 100.0000 5000.0000
v 1901.3260 0.0000 3620.0400
v 1163.7220 -1000.0000 5000.0000
v 1794.4260 100.0000 3555.9660
v 829.5530 100.0000 5000.0000
v 1794.4260 0.0000 3555.9660
v 829.5530 -1000.0000 5000.0000
v 1694.3210 100.0000 3481.7230
v 448.3030 100.0000 5000.0000
v 1694.3210 0.0000 3481.7230
v 448.3030 -1000.0000 5000.0000
v 1601.9740 100.0000 3398.0260
v 0.0000 100.0000 5000.0000
v 1601.9740 0.0000 3398.0260
v 0.0000 -1000.0000 5000.0000
v 1518.2770 100.0000 3305.6790
v 0.0000 100.0000 4551.6970
v 1518.2770 0.0000 3305.6790
v 0.0000 -1000.0000 4551.6970
v 1444.0340 100.0000 3205.5740
v 0.0000 100.0000 4170.4470
v 1444.0340 0.0000 3205.5740
v 0.0000 -1000.0000 4170.4470
v 1379.9600 100.0000 3098.6740
v 0.0000 100.0000 3836.2780
v 1379.9600 0.0000 3098.6740
v 0.0000 -1000.0000 3836.2780
v 1326.6730 100.0000 2986.0080
v 0.0000 100.0000 3535.5340
v 1326.6730 0.0000 2986.0080
v 0.0000 -1000.0000 3535.5340
v 1284.6860 100.0000 2868.6620
v 0.0000 100.0000 3258.3670
v 1284.6860 0.0000 2868.6620
v 0.0000 -1000.0000 3258.3670
v 1254.4030 100.0000 2747.7650
v 0.0000 100.0000 2997.2810
v 1254.4030 0.0000 2747.7650
v 0.0000 -1000.0000 2997.2810
v 1236.1150 100.0000 2624.4820
v 0.0000 100.0000 2746.2290
v 1236.1150 0.0000 2624.4820
v 0.0000 -1000.0000 2746.2290
v 1230.0000 100.0000 2500.0000
v 0.0000 100.0000 2500.0000
v 1230.0000 0.0000 2500.0000
v 0.0000 -1000.0000 2500.0000
v 1236.1150 100.0000 2375.5180
v 0.0000 100.0000 2253.7710
v 1236.1150 0.0000 2375.5180
v 0.0000 -1000.0000 2253.7710
v 1254.4030 100.0000 2252.2350
v 0.0000 100.0000 2002.7190
v 1254.4030 0.0000 2252.2350
v 0.0000 -1000.0000 2002.7190
v 1284.6860 100.0000 2131.3380
v 0.0000 100.0000 1741.6330
v 1284.6860 0.0000 2131.3380
v 0.0000 -1000.0000 1741.6330
v 1326.6730 100.0000 2013.9920
v 0.0000 100.0000 1464.4660
v 1326.6730 0.0000 2013.9920
v 0.0000 -1000.0000 1464.4660
v 1379.9600 100.0000 1901.3260
v 0.0000 100.0000 1163.7220
v 1379.9600 0.0000 1901.3260
v 0.0000 -1000.0000 1163.7220
v 1444.0340 100.0000 1794.4260
v 0.0000 100.0000 829.5530
v 1444.0340 0.0000 1794.4260
v 0.0000 -1000.0000 829.5530
v 1518.2770 100.0000 1694.3210
v 0.0000 100.0000 448.3030
v 1518.2770 0.0000 1694.3210
v 0.0000 -1000.0000 448.3030
v 1601.9740 100.0000 1601.9740
v 0.0000 100.0000 0.0000
v 1601.9740 0.0000 1601.9740
v 0.0000 -1000.0000 0.0000
v 1694.3210 100.0000 1518.2770
v 448.3030 100.0000 0.0000
v 1694.3210 0.0000 1518.2770
v 448.3030 -1000.0000 0.0000
v 1794.4260 100.0000 1444.0340
v 829.5530 100.0000 0.0000
v 1794.4260 0.0000 1444.0340
v 829.5530 -1000.0000 0.0000
v 1901.3260 100.0000 1379.9600
v 1163.7220 100.0000 0.0000
v 1901.3260 0.0000 1379.9600
v 1163.7220 -1000.0000 0.0000
v 2013.9920 100.0000 1326.6730
v 1464.4660 100.0000 0.0000
v 2013.9920 0.0000 1326.6730
v 1464.4660 -1000.0000 0.0000
v 2131.3380 100.0000 1284.6860
v 1741.6330 100.0000 0.0000
v 2131.3380 0.0000 1284.6860
v 1741.6330 -1000.0000 0.0000
v 2252.2350 100.0000 1254.4030
v 2002.7190 100.0000 0.0000
v 2252.2350 0.0000 1254.4030
v 2002.7190 -1000.0000 0.0000
v 2375.5180 100.0000 1236.1150
v 2253.7710 100.0000 0.0000
v 2375.5180 0.0000 1236.1150
v 2253.7710 -1000.0000 0.0000
v 2500.0000 100.0000 1230.0000
v 2500.0000 100.0000 0.0000
v 2500.0000 0.0000 1230.0000
v 2500.0000 -1000.0000 0.0000
v 2624.4820 100.0000 1236.1150
v 2746.2290 100.0000 0.0000
v 2624.4820 0.0000 1236.1150
v 2746.2290 -1000.0000 0.0000
v 2747.7650 100.0000 1254.4030
v 2997.2810 100.0000 0.0000
v 2747.7650 0.0000 1254.4030
v 2997.2810 -1000.0000 0.0000
v 2868.6620 100.0000 1284.6860
v 3258.3670 100.0000 0.0000
v 2868.6620 0.0000 1284.6860
v 3258.3670 -1000.0000 0.0000
v 2986.0080 100.0000 1326.6730
v 3535.5340 100.0000 0.0000
v 2986.0080 0.0000 1326.6730
v 3535.5340 -1000.0000 0.0000
v 3098.6740 100.0000 1379.9600
v 3836.2780 100.0000 0.0000
v 3098.6740 0.0000 1379.9600
v 3836.2780 -1000.0000 0.0000
v 3205.5740 100.0000 1444.0340
v 4170.4470 100.0000 0.0000
v 3205.5740 0.0000 1444.0340
v 4170.4470 -1000.0000 0.0000
v 3305.6790 100.0000 1518.2770
v 4551.6970 100.0000 0.0000
v 3305.6790 0.0000 1518.2770
v 4551.6970 -1000.0000 0.0000
v 3398.0260 100.0000 1601.9740
v 5000.0000 100.0000 0.0000
v 3398.0260 0.0000 1601.9740
v 5000.0000 -1000.0000 0.0000
v 3481.7230 100.0000 1694.3210
v 5000.0000 100.0000 448.3030
v 3481.7230 0.0000 1694.3210
v 5000.0000 -1000.0000 448.3030
v 3555.9660 100.0000 1794.4260
v 5000.0000 100.0000 829.5530
v 3555.9660 0.0000 1794.4260
v 5000.0000 -1000.0000 829.5530
v 3620.0400 100.0000 1901.3260
v 5000.0000 100.0000 1163.7220
v 3620.0400 0.0000 1901.3260
v 5000.0000 -1000.0000 1163.7220
v 3673.3270 100.0000 2013.9920
v 5000.0000 100.0000 1464.4660
v 3673.3270 0.0000 2013.9920
v 5000.0000 -1000.0000 1464.4660
v 3715.3140 100.0000 2131.3380
v 5000.0000 100.0000 1741.6330
v 3715.3140 0.0000 2131.3380
v 5000.0000 -1000.0000 1741.6330
v 3745.5970 100.0000 2252.2350
v 5000.0000 100.0000 2002.7190
v 3745.5970 0.0000 2252.2350
v 5000.0000 -1000.0000 2002.7190
v 3763.8850 100.0000 2375.5180
v 5000.0000 100.0000 2253.7710
v 3763.8850 0.0000 2375.5180
v 5000.0000 -1000.0000 2253.7710
v 3770.0000 100.0000 7500.0000
v 3763.8850 100.0000 7624.4820
v 5000.0000 100.0000 7500.0000
v 5000.0000 100.0000 7746.2290
v 3770.0000 0.0000 7500.0000
v 3763.8850 0.0000 7624.4820
v 2500.0000 0.0000 7500.0000
v 5000.0000 -1000.0000 7500.0000
v 5000.0000 -1000.0000 7746.2290
v 2500.0000 -1000.0000 7500.0000
v 3745.5970 100.0000 7747.7650
v 5000.0000 100.0000 7997.2810
v 3745.5970 0.0000 7747.7650
v 5000.0000 -1000.0000 7997.2810
v 3715.3140 100.0000 7868.6620
v 5000.0000 100.0000 8258.3670
v 3715.3140 0.0000 7868.6620
v 5000.0000 -1000.0000 8258.3670
v 3673.3270 100.0000 7986.0080
v 5000.0000 100.0000 8535.5340
v 3673.3270 0.0000 7986.0080
v 5000.0000 -1000.0000 8535.5340
v 3620.0400 100.0000 8098.6740
v 5000.0000 100.0000 8836.2780
v 3620.0400 0.0000 8098.6740
v 5000.0000 -1000.0000 8836.2780
v 3555.9660 100.0000 8205.5740
v 5000.0000 100.0000 9170.4470
v 3555.9660 0.0000 8205.5740
v 5000.0000 -1000.0000 9170.4470
v 3481.7230 100.0000 8305.6790
v 5000.0000 100.0000 9551.6970
v 3481.7230 0.0000 8305.6790
v 5000.0000 -1000.0000 9551.6970
v 3398.0260 100.0000 8398.0260
v 5000.0000 100.0000 10000.0000
v 3398.0260 0.0000 8398.0260
v 5000.0000 -1000.0000 10000.0000
v 3305.6790 100.0000 8481.7230
v 4551.6970 100.0000 10000.0000
v 3305.6790 0.0000 8481.7230
v 4551.6970 -1000.0000 10000.0000
v 3205.5740 100.0000 8555.9660
v 4170.4470 100.0000 10000.0000
v 3205.5740 0.0000 8555.9660
v 4170.4470 -1000.0000 10000.0000
v 3098.6740 100.0000 8620.0400
v 3836.2780 100.0000 10000.0000
v 3098.6740 0.0000 8620.0400
v 3836.2780 -1000.0000 10000.0000
v 2986.0080 100.0000 8673.3270
v 3535.5340 100.0000 10000.0000
v 2986.0080 0.0000 8673.3270
v 3535.5340 -1000.0000 10000.0000
v 2868.6620 100.0000 8715.3140
v 3258.3670 100.0000 10000.0000
v 2868.6620 0.0000 8715.3140
v 3258.3670 -1000.0000 10000.0000
v 2747.7650 100.0000 8745.5970
v 2997.2810 100.0000 10000.0000
v 2747.7650 0.0000 8745.5970
v 2997.2810 -1000.0000 10000.0000
v 2624.4820 100.0000 8763.8850
v 2746.2290 100.0000 10000.0000
v 2624.4820 0.0000 8763.8850
v 2746.2290 -1000.0000 10000.0000
v 2500.0000 100.0000 8770.0000
v 2500.0000 100.0000 10000.0000
v 2500.0000 0.0000 8770.0000
v 2500.0000 -1000.0000 10000.0000
v 2375.5180 100.0000 8763.8850
v 2253.7710 100.0000 10000.0000
v 2375.5180 0.0000 8763.8850
v 2253.7710 -1000.0000 10000.0000
v 2252.2350 100.0000 8745.5970
v 2002.7190 100.0000 10000.0000
v 2252.2350 0.0000 8745.5970
v 2002.7190 -1000.0000 10000.0000
v 2131.3380 100.0000 8715.3140
v 1741.6330 100.0000 10000.0000
v 2131.3380 0.0000 8715.3140
v 1741.6330 -1000.0000 10000.0000
v 2013.9920 100.0000 8673.3270
v 1464.4660 100.0000 10000.0000
v 2013.9920 0.0000 8673.3270
v 1464.4660 -1000.0000 10000.0000
v 1901.3260 100.0000 8620.0400
v 1163.7220 100.0000 10000.0000
v 1901.3260 0.0000 8620.0400
v 1163.7220 -1000.0000 10000.0000
v 1794.4260 100.0000 8555.9660
v 829.5530 100.0000 10000.0000
v 1794.4260 0.0000 8555.9660
v 829.5530 -1000.0000 10000.0000
v 1694.3210 100.0000 8481.7230
v 448.3030 100.0000 10000.0000
v 1694.3210 0.0000 8481.7230
v 448.3030 -1000.0000 10000.0000
v 1601.9740 100.0000 8398.0260
v 0.0000 100.0000 10000.0000
v 1601.9740 0.0000 8398.0260
v 0.0000 -1000.0000 10000.0000
v 1518.2770 100.0000 8305.6790
v 0.0000 100.0000 9551.6970
v 1518.2770 0.0000 8305.6790
v 0.0000 -1000.0000 9551.6970
v 1444.0340 100.0000 8205.5740
v 0.0000 100.0000 9170.4470
v 1444.0340 0.0000 8205.5740
v 0.0000 -1000.0000 9170.4470
v 1379.9600 100.0000 8098.6740
v 0.0000 100.0000 8836.2780
v 1379.9600 0.0000 8098.6740
v 0.0000 -1000.0000 8836.2780
v 1326.6730 100.0000 7986.0080
v 0.0000 100.0000 8535.5340
v 1326.6730 0.0000 7986.0080
v 0.0000 -1000.0000 8535.5340
v 1284.6860 100.0000 7868.6620
v 0.0000 100.0000 8258.3670
v 1284.6860 0.0000 7868.6620
v 0.0000 -1000.0000 8258.3670
v 1254.4030 100.0000 7747.7650
v 0.0000 100.0000 7997.2810
v 1254.4030 0.0000 7747.7650
v 0.0000 -1000.0000 7997.2810
v 1236.1150 100.0000 7624.4820
v 0.0000 100.0000 7746.2290
v 1236.1150 0.0000 7624.4820
v 0.0000 -1000.0000 7746.2290
v 1230.0000 100.0000 7500.0000
v 0.0000 100.0000 7500.0000
v 1230.0000 0.0000 7500.0000
v 0.0000 -1000.0000 7500.0000
v 1236.1150 100.0000 7375.5180
v 0.0000 100.0000 7253.7710
v 1236.1150 0.0000 7375.5180
v 0.0000 -1000.0000 7253.7710
v 1254.4030 100.0000 7252.2350
v 0.0000 100.0000 7002.7190
v 1254.4030 0.0000 7252.2350
v 0.0000 -1000.0000 7002.7190
v 1284.6860 100.0000 7131.3380
v 0.0000 100.0000 6741.6330
v 1284.6860 0.0000 7131.3380
v 0.0000 -1000.0000 6741.6330
v 1326.6730 100.0000 7013.9920
v 0.0000 100.0000 6464.4660
v 1326.6730 0.0000 7013.9920
v 0.0000 -1000.0000 6464.4660
v 1379.9600 100.0000 6901.3260
v 0.0000 100.0000 6163.7220
v 1379.9600 0.0000 6901.3260
v 0.0000 -1000.0000 6163.7220
v 1444.0340 100.0000 6794.4260
v 0.0000 100.0000 5829.5530
v 1444.0340 0.0000 6794.4260
v 0.0000 -1000.0000 5829.5530
v 1518.2770 100.0000 6694.3210
v 0.0000 100.0000 5448.3030
v 1518.2770 0.0000 6694.3210
v 0.0000 -1000.0000 5448.3030
v 1601.9740 100.0000 6601.9740
v 1601.9740 0.0000 6601.9740
v 1694.3210 100.0000 6518.2770
v 1694.3210 0.0000 6518.2770
v 1794.4260 100.0000 6444.0340
v 1794.4260 0.0000 6444.0340
v 1901.3260 100.0000 6379.9600
v 1901.3260 0.0000 6379.9600
v 2013.9920 100.0000 6326.6730
v 2013.9920 0.0000 6326.6730
v 2131.3380 100.0000 6284.6860
v 2131.3380 0.0000 6284.6860
v 2252.2350 100.0000 6254.4030
v 2252.2350 0.0000 6254.4030
v 2375.5180 100.0000 6236.1150
v 2375.5180 0.0000 6236.1150
v 2500.0000 100.0000 6230.0000
v 2500.0000 0.0000 6230.0000
v 2624.4820 100.0000 6236.1150
v 2624.4820 0.0000 6236.1150
v 2747.7650 100.0000 6254.4030
v 2747.7650 0.0000 6254.4030
v 2868.6620 100.0000 6284.6860
v 2868.6620 0.0000 6284.6860
v 2986.0080 100.0000 6326.6730
v 2986.0080 0.0000 6326.6730
v 3098.6740 100.0000 6379.9600
v 3098.6740 0.0000 6379.9600
v 3205.5740 100.0000 6444.0340
v 3205.5740 0.0000 6444.0340
v 3305.6790 100.0000 6518.2770
v 3305.6790 0.0000 6518.2770
v 3398.0260 100.0000 6601.9740
v 3398.0260 0.0000 6601.9740
v 3481.7230 100.0000 6694.3210
v 5000.0000 100.0000 5448.3030
v 3481.7230 0.0000 6694.3210
v 5000.0000 -1000.0000 5448.3030
v 3555.9660 100.0000 6794.4260
v 5000.0000 100.0000 5829.5530
v 3555.9660 0.0000 6794.4260
v 5000.0000 -1000.0000 5829.5530
v 3620.0400 100.0000 6901.3260
v 5000.0000 100.0000 6163.7220
v 3620.0400 0.0000 6901.3260
v 5000.0000 -1000.0000 6163.7220
v 3673.3270 100.0000 7013.9920
v 5000.0000 100.0000 6464.4660
v 3673.3270 0.0000 7013.9920
v 5000.0000 -1000.0000 6464.4660
v 3715.3140 100.0000 7131.3380
v 5000.0000 100.0000 6741.6330
v 3715.3140 0.0000 7131.3380
v 5000.0000 -1000.0000 6741.6330
v 3745.5970 100.0000 7252.2350
v 5000.0000 100.0000 7002.7190
v 3745.5970 0.0000 7252.2350
v 5000.0000 -1000.0000 7002.7190
v 3763.8850 100.0000 7375.5180
v 5000.0000 100.0000 7253.7710
v 3763.8850 0.0000 7375.5180
v 5000.0000 -1000.0000 7253.7710
v 3770.0000 100.0000 12500.0000
v 3763.8850 100.0000 12624.4820
v 5000.0000 100.0000 12500.0000
v 5000.0000 100.0000 12746.2290
v 3770.0000 0.0000 12500.0000
v 3763.8850 0.0000 12624.4820
v 2500.0000 0.0000 12500.0000
v 5000.0000 -1000.0000 12500.0000
v 5000.0000 -1000.0000 12746.2290
v 2500.0000 -1000.0000 12500.0000
v 3745.5970 100.0000 12747.7650
v 5000.0000 100.0000 12997.2810
v 3745.5970 0.0000 12747.7650
v 5000.0000 -1000.0000 12997.2810
v 3715.3140 100.0000 12868.6620
v 5000.0000 100.0000 13258.3670
v 3715.3140 0.0000 12868.6620
v 5000.0000 -1000.0000 13258.3670
v 3673.3270 100.0000 12986.0080
v 5000.0000 100.0000 13535.5340
v 3673.3270 0.0000 12986.0080
v 5000.0000 -1000.0000 13535.5340
v 3620.0400 100.0000 13098.6740
v 5000.0000 100.0000 13836.2780
v 3620.0400 0.0000 13098.6740
v 5000.0000 -1000.0000 13836.2780
v 3555.9660 100.0000 13205.5740
v 5000.0000 100.0000 14170.4470
v 3555.9660 0.0000 13205.5740
v 5000.0000 -1000.0000 14170.4470
v 3481.7230 100.0000 13305.6790
v 5000.0000 100.0000 14551.6970
v 3481.7230 0.0000 13305.6790
v 5000.0000 -1000.0000 14551.6970
v 3398.0260 100.0000 13398.0260
v 5000.0000 100.0000 15000.0000
v 3398.0260 0.0000 13398.0260
v 5000.0000 -1000.0000 15000.0000
v 3305.6790 100.0000 13481.7230
v 4551.6970 100.0000 15000.0000
v 3305.6790 0.0000 13481.7230
v 4551.6970 -1000.0000 15000.0000
v 3205.5740 100.0000 13555.9660
v 4170.4470 100.0000 15000.0000
v 3205.5740 0.0000 13555.9660
v 4170.4470 -1000.0000 15000.0000
v 3098.6740 100.0000 13620.0400
v 3836.2780 100.0000 15000.0000
v 3098.6740 0.0000 13620.0400
v 3836.2780 -1000.0000 15000.0000
v 2986.0080 100.0000 13673.3270
v 3535.5340 100.0000 15000.0000
v 2986.0080 0.0000 13673.3270
v 3535.5340 -1000.0000 15000.0000
v 2868.6620 100.0000 13715.3140
v 3258.3670 100.0000 15000.0000
v 2868.6620 0.0000 13715.3140
v 3258.3670 -1000.0000 15000.0000
v 2747.7650 100.0000 13745.5970
v 2997.2810 100.0000 15000.0000
v 2747.7650 0.0000 13745.5970
v 2997.2810 -1000.0000 15000.0000
v 2624.4820 100.0000 13763.8850
v 2746.2290 100.0000 15000.0000
v 2624.4820 0.0000 13763.8850
v 2746.2290 -1000.0000 15000.0000
v 2500.0000 100.0000 13770.0000
v 2500.0000 100.0000 15000.0000
v 2500.0000 0.0000 13770.0000
v 2500.0000 -1000.0000 15000.0000
v 2375.5180 100.0000 13763.8850
v 2253.7710 100.0000 15000.0000
v 2375.5180 0.0000 13763.8850
v 2253.7710 -1000.0000 15000.0000
v 2252.2350 100.0000 13745.5970
v 2002.7190 100.0000 15000.0000
v 2252.2350 0.0000 13745.5970
v 2002.7190 -1000.0000 15000.0000
v 2131.3380 100.0000 13715.3140
v 1741.6330 100.0000 15000.0000
v 2131.3380 0.0000 13715.3140
v 1741.6330 -1000.0000 15000.0000
v 2013.9920 100.0000 13673.3270
v 1464.4660 100.0000 15000.0000
v 2013.9920 0.0000 13673.3270
v 1464.4660 -1000.0000 15000.0000
v 1901.3260 100.0000 13620.0400
v 1163.7220 100.0000 15000.0000
v 1901.3260 0.0000 13620.0400
v 1163.7220 -1000.0000 15000.0000
v 1794.4260 100.0000 13555.9660
v 829.5530 100.0000 15000.0000
v 1794.4260 0.0000 13555.9660
v 829.5530 -1000.0000 15000.0000
v 1694.3210 100.0000 13481.7230
v 448.3030 100.0000 15000.0000
v 1694.3210 0.0000 13481.7230
v 448.3030 -1000.0000 15000.0000
v 1601.9740 100.0000 13398.0260
v 0.0000 100.0000 15000.0000
v 1601.9740 0.0000 13398.0260
v 0.0000 -1000.0000 15000.0000
v 1518.2770 100.0000 13305.6790
v 0.0000 100.0000 14551.6970
v 1518.2770 0.0000 13305.6790
v 0.0000 -1000.0000 14551.6970
v 1444.0340 100.0000 13205.5740
v 0.0000 100.0000 14170.4470
v 1444.0340 0.0000 13205.5740
v 0.0000 -1000.0000 14170.4470
v 1379.9600 100.0000 13098.6740
v 0.0000 100.0000 13836.2780
v 1379.9600 0.0000 13098.6740
v 0.0000 -1000.0000 13836.2780
v 1326.6730 100.0000 12986.0080
v 0.0000 100.0000 13535.5340
v 1326.6730 0.0000 12986.0080
v 0.0000 -1000.0000 13535.5340
v 1284.6860 100.0000 12868.6620
v 0.0000 100.0000 13258.3670
v 1284.6860 0.0000 12868.6620
v 0.0000 -1000.0000 13258.3670
v 1254.4030 100.0000 12747.7650
v 0.0000 100.0000 12997.2810
v 1254.4030 0.0000 12747.7650
v 0.0000 -1000.0000 12997.2810
v 1236.1150 100.0000 12624.4820
v 0.0000 100.0000 12746.2290
v 1236.1150 0.0000 12624.4820
v 0.0000 -1000.0000 12746.2290
v 1230.0000 100.0000 12500.0000
v 0.0000 100.0000 12500.0000
v 1230.0000 0.0000 12500.0000
v 0.0000 -1000.0000 12500.0000
v 1236.1150 100.0000 12375.5180
v 0.0000 100.0000 12253.7710
v 1236.1150 0.0000 12375.5180
v 0.0000 -1000.0000 12253.7710
v 1254.4030 100.0000 12252.2350
v 0.0000 100.0000 12002.7190
v 1254.4030 0.0000 12252.2350
v 0.0000 -1000.0000 12002.7190
v 1284.6860 100.0000 12131.3380
v 0.0000 100.0000 11741.6330
v 1284.6860 0.0000 12131.3380
v 0.0000 -1000.0000 11741.6330
v 1326.6730 100.0000 12013.9920
v 0.0000 100.0000 11464.4660
v 1326.6730 0.0000 12013.9920
v 0.0000 -1000.0000 11464.4660
v 1379.9600 100.0000 11901.3260
v 0.0000 100.0000 11163.7220
v 1379.9600 0.0000 11901.3260
v 0.0000 -1000.0000 11163.7220
v 1444.0340 100.0000 11794.4260
v 0.0000 100.0000 10829.5530
v 1444.0340 0.0000 11794.4260
v 0.0000 -1000.0000 10829.5530
v 1518.2770 100.0000 11694.3210
v 0.0000 100.0000 10448.3030
v 1518.2770 0.0000 11694.3210
v 0.0000 -1000.0000 10448.3030
v 1601.9740 100.0000 11601.9740
v 1601.9740 0.0000 11601.9740
v 1694.3210 100.0000 11518.2770
v 1694.3210 0.0000 11518.2770
v 1794.4260 100.0000 11444.0340
v 1794.4260 0.0000 11444.0340
v 1901.3260 100.0000 11379.9600
v 1901.3260 0.0000 11379.9600
v 2013.9920 100.0000 11326.6730
v 2013.9920 0.0000 11326.6730
v 2131.3380 100.0000 11284.6860
v 2131.3380 0.0000 11284.6860
v 2252.2350 100.0000 11254.4030
v 2252.2350 0.0000 11254.4030
v 2375.5180 100.0000 11236.1150
v 2375.5180 0.0000 11236.1150
v 2500.0000 100.0000 11230.0000
v 2500.0000 0.0000 11230.0000
v 2624.4820 100.0000 11236.1150
v 2624.4820 0.0000 11236.1150
v 2747.7650 100.0000 11254.4030
v 2747.7650 0.0000 11254.4030
v 2868.6620 100.0000 11284.6860
v 2868.6620 0.0000 11284.6860
v 2986.0080 100.0000 11326.6730
v 2986.0080 0.0000 11326.6730
v 3098.6740 100.0000 11379.9600
v 3098.6740 0.0000 11379.9600
v 3205.5740 100.0000 11444.0340
v 3205.5740 0.0000 11444.0340
v 3305.6790 100.0000 11518.2770
v 3305.6790 0.0000 11518.2770
v 3398.0260 100.0000 11601.9740
v 3398.0260 0.0000 11601.9740
v 3481.7230 100.0000 11694.3210
v 5000.0000 100.0000 10448.3030
v 3481.7230 0.0000 11694.3210
v 5000.0000 -1000.0000 10448.3030
v 3555.9660 100.0000 11794.4260
v 5000.0000 100.0000 10829.5530
v 3555.9660 0.0000 11794.4260
v 5000.0000 -1000.0000 10829.5530
v 3620.0400 100.0000 11901.3260
v 5000.0000 100.0000 11163.7220
v 3620.0400 0.0000 11901.3260
v 5000.0000 -1000.0000 11163.7220
v 3673.3270 100.0000 12013.9920
v 5000.0000 100.0000 11464.4660
v 3673.3270 0.0000 12013.9920
v 5000.0000 -1000.0000 11464.4660
v 3715.3140 100.0000 12131.3380
v 5000.0000 100.0000 11741.6330
v 3715.3140 0.0000 12131.3380
v 5000.0000 -1000.0000 11741.6330
v 3745.5970 100.0000 12252.2350
v 5000.0000 100.0000 12002.7190
v 3745.5970 0.0000 12252.2350
v 5000.0000 -1000.0000 12002.7190
v 3763.8850 100.0000 12375.5180
v 5000.0000 100.0000 12253.7710
v 3763.8850 0.0000 12375.5180
v 5000.0000 -1000.0000 12253.7710
v 3770.0000 100.0000 17500.0000
v 3763.8850 100.0000 17624.4820
v 5000.0000 100.0000 17500.0000
v 5000.0000 100.0000 17746.2290
v 3770.0000 0.0000 17500.0000
v 3763.8850 0.0000 17624.4820
v 2500.0000 0.0000 17500.0000
v 5000.0000 -1000.0000 17500.0000
v 5000.0000 -1000.0000 17746.2290
v 2500.0000 -1000.0000 17500.0000
v 3745.5970 100.0000 17747.7650
v 5000.0000 100.0000 17997.2810
v 3745.5970 0.0000 17747.7650
v 5000.0000 -1000.0000 17997.2810
v 3715.3140 100.0000 17868.6620
v 5000.0000 100.0000 18258.3670
v 3715.3140 0.0000 17868.6620
v 5000.0000 -1000.0000 18258.3670
v 3673.3270 100.0000 17986.0080
v 5000.0000 100.0000 18535.5340
v 3673.3270 0.0000 17986.0080
v 5000.0000 -1000.0000 18535.5340
v 3620.0400 100.0000 18098.6740
v 5000.0000 100.0000 18836.2780
v 3620.0400 0.0000 18098.6740
v 5000.0000 -1000.0000 18836.2780
v 3555.9660 100.0000 18205.5740
v 5000.0000 100.0000 19170.4470
v 3555.9660 0.0000 18205.5740
v 5000.0000 -1000.0000 19170.4470
v 3481.7230 100.0000 18305.6790
v 5000.0000 100.0000 19551.6970
v 3481.7230 0.0000 18305.6790
v 5000.0000 -1000.0000 19551.6970
v 3398.0260 100.0000 18398.0260
v 5000.0000 100.0000 20000.0000
v 3398.0260 0.0000 18398.0260
v 5000.0000 -1000.0000 20000.0000
v 3305.6790 100.0000 18481.7230
v 4551.6970 100.0000 20000.0000
v 3305.6790 0.0000 18481.7230
v 4551.6970 -1000.0000 20000.0000
v 3205.5740 100.0000 18555.9660
v 4170.4470 100.0000 20000.0000
v 3205.5740 0.0000 18555.9660
v 4170.4470 -1000.0000 20000.0000
v 3098.6740 100.0000 18620.0400
v 3836.2780 100.0000 20000.0000
v 3098.6740 0.0000 18620.0400
v 3836.2780 -1000.0000 20000.0000
v 2986.0080 100.0000 18673.3270
v 3535.5340 100.0000 20000.0000
v 2986.0080 0.0000 18673.3270
v 3535.5340 -1000.0000 20000.0000
v 2868.6620 100.0000 18715.3140
v 3258.3670 100.0000 20000.0000
v 2868.6620 0.0000 18715.3140
v 3258.3670 -1000.0000 20000.0000
v 2747.7650 100.0000 18745.5970
v 2997.2810 100.0000 20000.0000
v 2747.7650 0.0000 18745.5970
v 2997.2810 -1000.0000 20000.0000
v 2624.4820 100.0000 18763.8850
v 2746.2290 100.0000 20000.0000
v 2624.4820 0.0000 18763.8850
v 2746.2290 -1000.0000 20000.0000
v 2500.0000 100.0000 18770.0000
v 2500.0000 100.0000 20000.0000
v 2500.0000 0.0000 18770.0000
v 2500.0000 -1000.0000 20000.0000
v 2375.5180 100.0000 18763.8850
v 2253.7710 100.0000 20000.0000
v 2375.5180 0.0000 18763.8850
v 2253.7710 -1000.0000 20000.0000
v 2252.2350 100.0000 18745.5970
v 2002.7190 100.0000 20000.0000
v 2252.2350 0.0000 18745.5970
v 2002.7190 -1000.0000 20000.0000
v 2131.3380 100.0000 18715.3140
v 1741.6330 100.0000 20000.0000
v 2131.3380 0.0000 18715.3140
v 1741.6330 -1000.0000 20000.0000
v 2013.9920 100.0000 18673.3270
v 1464.4660 100.0000 20000.0000
v 2013.9920 0.0000 18673.3270
v 1464.4660 -1000.0000 20000.0000
v 1901.3260 100.0000 18620.0400
v 1163.7220 100.0000 20000.0000
v 1901.3260 0.0000 18620.0400
v 1163.7220 -1000.0000 20000.0000
v 1794.4260 100.0000 18555.9660
v 829.5530 100.0000 20000.0000
v 1794.4260 0.0000 18555.9660
v 829.5530 -1000.0000 20000.0000
v 1694.3210 100.0000 18481.7230
v 448.3030 100.0000 20000.0000
v 1694.3210 0.0000 18481.7230
v 448.3030 -1000.0000 20000.0000
v 1601.9740 100.0000 18398.0260
v 0.0000 100.0000 20000.0000
v 1601.9740 0.0000 18398.0260
v 0.0000 -1000.0000 20000.0000
v 1518.2770 100.0000 18305.6790
v 0.0000 100.0000 19551.6970
v 1518.2770 0.0000 18305.6790
v 0.0000 -1000.0000 19551.6970
v 1444.0340 100.0000 18205.5740
v 0.0000 100.0000 19170.4470
v 1444.0340 0.0000 18205.5740
v 0.0000 -1000.0000 19170.4470
v 1379.9600 100.0000 18098.6740
v 0.0000 100.0000 18836.2780
v 1379.9600 0.0000 18098.6740
v 0.0000 -1000.0000 18836.2780
v 1326.6730 100.0000 17986.0080
v 0.0000 100.0000 18535.5340
v 1326.6730 0.0000 17986.0080
v 0.0000 -1000.0000 18535.5340
v 1284.6860 100.0000 17868.6620
v 0.0000 100.0000 18258.3670
v 1284.6860 0.0000 17868.6620
v 0.0000 -1000.0000 18258.3670
v 1254.4030 100.0000 17747.7650
v 0.0000 100.0000 17997.2810
v 1254.4030 0.0000 17747.7650
v 0.0000 -1000.0000 17997.2810
v 1236.1150 100.0000 17624.4820
v 0.0000 100.0000 17746.2290
v 1236.1150 0.0000 17624.4820
v 0.0000 -1000.0000 17746.2290
v 1230.0000 100.0000 17500.0000
v 0.0000 100.0000 17500.0000
v 1230.0000 0.0000 17500.0000
v 0.0000 -1000.0000 17500.0000
v 1236.1150 100.0000 17375.5180
v 0.0000 100.0000 17253.7710
v 1236.1150 0.0000 17375.5180
v 0.0000 -1000.0000 17253.7710
v 1254.4030 100.0000 17252.2350
v 0.0000 100.0000 17002.7190
v 1254.4030 0.0000 17252.2350
v 0.0000 -1000.0000 17002.7190
v 1284.6860 100.0000 17131.3380
v 0.0000 100.0000 16741.6330
v 1284.6860 0.0000 17131.3380
v 0.0000 -1000.0000 16741.6330
v 1326.6730 100.0000 17013.9920
v 0.0000 100.0000 16464.4660
v 1326.6730 0.0000 17013.9920
v 0.0000 -1000.0000 16464.4660
v 1379.9600 100.0000 16901.3260
v 0.0000 100.0000 16163.7220
v 1379.9600 0.0000 16901.3260
v 0.0000 -1000.0000 16163.7220
v 1444.0340 100.0000 16794.4260
v 0.0000 100.0000 15829.5530
v 1444.0340 0.0000 16794.4260
v 0.0000 -1000.0000 15829.5530
v 1518.2770 100.0000 16694.3210
v 0.0000 100.0000 15448.3030
v 1518.2770 0.0000 16694.3210
v 0.0000 -1000.0000 15448.3030
v 1601.9740 100.0000 16601.9740
v 1601.9740 0.0000 16601.9740
v 1694.3210 100.0000 16518.2770
v 1694.3210 0.0000 16518.2770
v 1794.4260 100.0000 16444.0340
v 1794.4260 0.0000 16444.0340
v 1901.3260 100.0000 16379.9600
v 1901.3260 0.0000 16379.9600
v 2013.9920 100.0000 16326.6730
v 2013.9920 0.0000 16326.6730
v 2131.3380 100.0000 16284.6860
v 2131.3380 0.0000 16284.6860
v 2252.2350 100.0000 16254.4030
v 2252.2350 0.0000 16254.4030
v 2375.5180 100.0000 16236.1150
v 2375.5180 0.0000 16236.1150
v 2500.0000 100.0000 16230.0000
v 2500.0000 0.0000 16230.0000
v 2624.4820 100.0000 16236.1150
v 2624.4820 0.0000 16236.1150
v 2747.7650 100.0000 16254.4030
v 2747.7650 0.0000 16254.4030
v 2868.6620 100.0000 16284.6860
v 2868.6620 0.0000 16284.6860
v 2986.0080 100.0000 16326.6730
v 2986.0080 0.0000 16326.6730
v 3098.6740 100.0000 16379.9600
v 3098.6740 0.0000 16379.9600
v 3205.5740 100.0000 16444.0340
v 3205.5740 0.0000 16444.0340
v 3305.6790 100.0000 16518.2770
v 3305.6790 0.0000 16518.2770
v 3398.0260 100.0000 16601.9740
v 3398.0260 0.0000 16601.9740
v 3481.7230 100.0000 16694.3210
v 5000.0000 100.0000 15448.3030
v 3481.7230 0.0000 16694.3210
v 5000.0000 -1000.0000 15448.3030
v 3555.9660 100.0000 16794.4260
v 5000.0000 100.0000 15829.5530
v 3555.9660 0.0000 16794.4260
v 5000.0000 -1000.0000 15829.5530
v 3620.0400 100.0000 16901.3260
v 5000.0000 100.0000 16163.7220
v 3620.0400 0.0000 16901.3260
v 5000.0000 -1000.0000 16163.7220
v 3673.3270 100.0000 17013.9920
v 5000.0000 100.0000 16464.4660
v 3673.3270 0.0000 17013.9920
v 5000.0000 -1000.0000 16464.4660
v 3715.3140 100.0000 17131.3380
v 5000.0000 100.0000 16741.6330
v 3715.3140 0.0000 17131.3380
v 5000.0000 -1000.0000 16741.6330
v 3745.5970 100.0000 17252.2350
v 5000.0000 100.0000 17002.7190
v 3745.5970 0.0000 17252.2350
v 5000.0000 -1000.0000 17002.7190
v 3763.8850 100.0000 17375.5180
v 5000.0000 100.0000 17253.7710
v 3763.8850 0.0000 17375.5180
v 5000.0000 -1000.0000 17253.7710
v 8770.0000 100.0000 2500.0000
v 8763.8850 100.0000 2624.4820
v 10000.0000 100.0000 2500.0000
v 10000.0000 100.0000 2746.2290
v 8770.0000 0.0000 2500.0000
v 8763.8850 0.0000 2624.4820
v 7500.0000 0.0000 2500.0000
v 10000.0000 -1000.0000 2500.0000
v 10000.0000 -1000.0000 2746.2290
v 7500.0000 -1000.0000 2500.0000
v 8745.5970 100.0000 2747.7650
v 10000.0000 100.0000 2997.2810
v 8745.5970 0.0000 2747.7650
v 10000.0000 -1000.0000 2997.2810
v 8715.3140 100.0000 2868.6620
v 10000.0000 100.0000 3258.3670
v 8715.3140 0.0000 2868.6620
v 10000.0000 -1000.0000 3258.3670
v 8673.3270 100.0000 2986.0080
v 10000.0000 100.0000 3535.5340
v 8673.3270 0.0000 2986.0080
v 10000.0000 -1000.0000 3535.5340
v 8620.0400 100.0000 3098.6740
v 10000.0000 100.0000 3836.2780
v 8620.0400 0.0000 3098.6740
v 10000.0000 -1000.0000 3836.2780
v 8555.9660 100.0000 3205.5740
v 10000.0000 100.0000 4170.4470
v 8555.9660 0.0000 3205.5740
v 10000.0000 -1000.0000 4170.4470
v 8481.7230 100.0000 3305.6790
v 10000.0000 100.0000 4551.6970
v 8481.7230 0.0000 3305.6790
v 10000.0000 -1000.0000 4551.6970
v 8398.0260 100.0000 3398.0260
v 10000.0000 100.0000 5000.0000
v 8398.0260 0.0000 3398.0260
v 10000.0000 -1000.0000 5000.0000
v 8305.6790 100.0000 3481.7230
v 9551.6970 100.0000 5000.0000
v 8305.6790 0.0000 3481.7230
v 9551.6970 -1000.0000 5000.0000
v 8205.5740 100.0000 3555.9660
v 9170.4470 100.0000 5000.0000
v 8205.5740 0.0000 3555.9660
v 9170.4470 -1000.0000 5000.0000
v 8098.6740 100.0000 3620.0400
v 8836.2780 100.0000 5000.0000
v 8098.6740 0.0000 3620.0400
v 8836.2780 -1000.0000 5000.0000
v 7986.0080 100.0000 3673.3270
v 8535.5340 100.0000 5000.0000
v 7986.0080 0.0000 3673.3270
v 8535.5340 -1000.0000 5000.0000
v 7868.6620 100.0000 3715.3140
v 8258.3670 100.0000 5000.0000
v 7868.6620 0.0000 3715.3140
v 8258.3670 -1000.0000 5000.0000
v 7747.7650 100.0000 3745.5970
v 7997.2810 100.0000 5000.0000
v 7747.7650 0.0000 3745.5970
v 7997.2810 -1000.0000 5000.0000
v 7624.4820 100.0000 3763.8850
v 7746.2290 100.0000 5000.0000
v 7624.4820 0.0000 3763.8850
v 7746.2290 -1000.0000 5000.0000
v 7500.0000 100.0000 3770.0000
v 7500.0000 100.0000 5000.0000
v 7500.0000 0.0000 3770.0000
v 7500.0000 -1000.0000 5000.0000
v 7375.5180 100.0000 3763.8850
v 7253.7710 100.0000 5000.0000
v 7375.5180 0.0000 3763.8850
v 7253.7710 -1000.0000 5000.0000
v 7252.2350 100.0000 3745.5970
v 7002.7190 100.0000 5000.0000
v 7252.2350 0.0000 3745.5970
v 7002.7190 -1000.0000 5000.0000
v 7131.3380 100.0000 3715.3140
v 6741.6330 100.0000 5000.0000
v 7131.3380 0.0000 3715.3140
v 6741.6330 -1000.0000 5000.0000
v 7013.9920 100.0000 3673.3270
v 6464.4660 100.0000 5000.0000
v 7013.9920 0.0000 3673.3270
v 6464.4660 -1000.0000 5000.0000
v 6901.3260 100.0000 3620.0400
v 6163.7220 100.0000 5000.0000
v 6901.3260 0.0000 3620.0400
v 6163.7220 -1000.0000 5000.0000
v 6794.4260 100.0000 3555.9660
v 5829.5530 100.0000 5000.0000
v 6794.4260 0.0000 3555.9660
v 5829.5530 -1000.0000 5000.0000
v 6694.3210 100.0000 3481.7230
v 5448.3030 100.0000 5000.0000
v 6694.3210 0.0000 3481.7230
v 5448.3030 -1000.0000 5000.0000
v 6601.9740 100.0000 3398.0260
v 6601.9740 0.0000 3398.0260
v 6518.2770 100.0000 3305.6790
v 6518.2770 0.0000 3305.6790
v 6444.0340 100.0000 3205.5740
v 6444.0340 0.0000 3205.5740
v 6379.9600 100.0000 3098.6740
v 6379.9600 0.0000 3098.6740
v 6326.6730 100.0000 2986.0080
v 6326.6730 0.0000 2986.0080
v 6284.6860 100.0000 2868.6620
v 6284.6860 0.0000 2868.6620
v 6254.4030 100.0000 2747.7650
v 6254.4030 0.0000 2747.7650
v 6236.1150 100.0000 2624.4820
v 6236.1150 0.0000 2624.4820
v 6230.0000 100.0000 2500.0000
v 6230.0000 0.0000 2500.0000
v 6236.1150 100.0000 2375.5180
v 6236.1150 0.0000 2375.5180
v 6254.4030 100.0000 2252.2350
v 6254.4030 0.0000 2252.2350
v 6284.6860 100.0000 2131.3380
v 6284.6860 0.0000 2131.3380
v 6326.6730 100.0000 2013.9920
v 6326.6730 0.0000 2013.9920
v 6379.9600 100.0000 1901.3260
v 6379.9600 0.0000 1901.3260
v 6444.0340 100.0000 1794.4260
v 6444.0340 0.0000 1794.4260
v 6518.2770 100.0000 1694.3210
v 6518.2770 0.0000 1694.3210
v 6601.9740 100.0000 1601.9740
v 6601.9740 0.0000 1601.9740
v 6694.3210 100.0000 1518.2770
v 5448.3030 100.0000 0.0000
v 6694.3210 0.0000 1518.2770
v 5448.3030 -1000.0000 0.0000
v 6794.4260 100.0000 1444.0340
v 5829.5530 100.0000 0.0000
v 6794.4260 0.0000 1444.0340
v 5829.5530 -1000.0000 0.0000
v 6901.3260 100.0000 1379.9600
v 6163.7220 100.0000 0.0000
v 6901.3260 0.0000 1379.9600
v 6163.7220 -1000.0000 0.0000
v 7013.9920 100.0000 1326.6730
v 6464.4660 100.0000 0.0000
v 7013.9920 0.0000 1326.6730
v 6464.4660 -1000.0000 0.0000
v 7131.3380 100.0000 1284.6860
v 6741.6330 100.0000 0.0000
v 7131.3380 0.0000 1284.6860
v 6741.6330 -1000.0000 0.0000
v 7252.2350 100.0000 1254.4030
v 7002.7190 100.0000 0.0000
v 7252.2350 0.0000 1254.4030
v 7002.7190 -1000.0000 0.0000
v 7375.5180 100.0000 1236.1150
v 7253.7710 100.0000 0.0000
v 7375.5180 0.0000 1236.1150
v 7253.7710 -1000.0000 0.0000
v 7500.0000 100.0000 1230.0000
v 7500.0000 100.0000 0.0000
v 7500.0000 0.0000 1230.0000
v 7500.0000 -1000.0000 0.0000
v 7624.4820 100.0000 1236.1150
v 7746.2290 100.0000 0.0000
v 7624.4820 0.0000 1236.1150
v 7746.2290 -1000.0000 0.0000
v 7747.7650 100.0000 1254.4030
v 7997.2810 100.0000 0.0000
v 7747.7650 0.0000 1254.4030
v 7997.2810 -1000.0000 0.0000
v 7868.6620 100.0000 1284.6860
v 8258.3670 100.0000 0.0000
v 7868.6620 0.0000 1284.6860
v 8258.3670 -1000.0000 0.0000
v 7986.0080 100.0000 1326.6730
v 8535.5340 100.0000 0.0000
v 7986.0080 0.0000 1326.6730
v 8535.5340 -1000.0000 0.0000
v 8098.6740 100.0000 1379.9600
v 8836.2780 100.0000 0.0000
v 8098.6740 0.0000 1379.9600
v 8836.2780 -1000.0000 0.0000
v 8205.5740 100.0000 1444.0340
v 9170.4470 100.0000 0.0000
v 8205.5740 0.0000 1444.0340
v 9170.4470 -1000.0000 0.0000
v 8305.6790 100.0000 1518.2770
v 9551.6970 100.0000 0.0000
v 8305.6790 0.0000 1518.2770
v 9551.6970 -1000.0000 0.0000
v 8398.0260 100.0000 1601.9740
v 10000.0000 100.0000 0.0000
v 8398.0260 0.0000 1601.9740
v 10000.0000 -1000.0000 0.0000
v 8481.7230 100.0000 1694.3210
v 10000.0000 100.0000 448.3030
v 8481.7230 0.0000 1694.3210
v 10000.0000 -1000.0000 448.3030
v 8555.9660 100.0000 1794.4260
v 10000.0000 100.0000 829.5530
v 8555.9660 0.0000 1794.4260
v 10000.0000 -1000.0000 829.5530
v 8620.0400 100.0000 1901.3260
v 10000.0000 100.0000 1163.7220
v 8620.0400 0.0000 1901.3260
v 10000.0000 -1000.0000 1163.7220
v 8673.3270 100.0000 2013.9920
v 10000.0000 100.0000 1464.4660
v 8673.3270 0.0000 2013.9920
v 10000.0000 -1000.0000 1464.4660
v 8715.3140 100.0000 2131.3380
v 10000.0000 100.0000 1741.6330
v 8715.3140 0.0000 2131.3380
v 10000.0000 -1000.0000 1741.6330
v 8745.5970 100.0000 2252.2350
v 10000.0000 100.0000 2002.7190
v 8745.5970 0.0000 2252.2350
v 10000.0000 -1000.0000 2002.7190
v 8763.8850 100.0000 2375.5180
v 10000.0000 100.0000 2253.7710
v 8763.8850 0.0000 2375.5180
v 10000.0000 -1000.0000 2253.7710
v 8770.0000 100.0000 7500.0000
v 8763.8850 100.0000 7624.4820
v 10000.0000 100.0000 7500.0000
v 10000.0000 100.0000 7746.2290
v 8770.0000 0.0000 7500.0000
v 8763.8850 0.0000 7624.4820
v 7500.0000 0.0000 7500.0000
v 10000.0000 -1000.0000 7500.0000
v 10000.0000 -1000.0000 7746.2290
v 7500.0000 -1000.0000 7500.0000
v 8745.5970 100.0000 7747.7650
v 10000.0000 100.0000 7997.2810
v 8745.5970 0.0000 7747.7650
v 10000.0000 -1000.0000 7997.2810
v 8715.3140 100.0000 7868.6620
v 10000.0000 100.0000 8258.3670
v 8715.3140 0.0000 7868.6620
v 10000.0000 -1000.0000 8258.3670
v 8673.3270 100.0000 7986.0080
v 10000.0000 100.0000 8535.5340
v 8673.3270 0.0000 7986.0080
v 10000.0000 -1000.0000 8535.5340
v 8620.0400 100.0000 8098.6740
v 10000.0000 100.0000 8836.2780
v 8620.0400 0.0000 8098.6740
v 10000.0000 -1000.0000 8836.2780
v 8555.9660 100.0000 8205.5740
v 10000.0000 100.0000 9170.4470
v 8555.9660 0.0000 8205.5740
v 10000.0000 -1000.0000 9170.4470
v 8481.7230 100.0000 8305.6790
v 10000.0000 100.0000 9551.6970
v 8481.7230 0.0000 8305.6790
v 10000.0000 -1000.0000 9551.6970
v 8398.0260 100.0000 8398.0260
v 10000.0000 100.0000 10000.0000
v 8398.0260 0.0000 8398.0260
v 10000.0000 -1000.0000 10000.0000
v 8305.6790 100.0000 8481.7230
v 9551.6970 100.0000 10000.0000
v 8305.6790 0.0000 8481.7230
v 9551.6970 -1000.0000 10000.0000
v 8205.5740 100.0000 8555.9660
v 9170.4470 100.0000 10000.0000
v 8205.5740 0.0000 8555.9660
v 9170.4470 -1000.0000 10000.0000
v 8098.6740 100.0000 8620.0400
v 8836.2780 100.0000 10000.0000
v 8098.6740 0.0000 8620.0400
v 8836.2780 -1000.0000 10000.0000
v 7986.0080 100.0000 8673.3270
v 8535.5340 100.0000 10000.0000
v 7986.0080 0.0000 8673.3270
v 8535.5340 -1000.0000 10000.0000
v 7868.6620 100.0000 8715.3140
v 8258.3670 100.0000 10000.0000
v 7868.6620 0.0000 8715.3140
v 8258.3670 -1000.0000 10000.0000
v 7747.7650 100.0000 8745.5970
v 7997.2810 100.0000 10000.0000
v 7747.7650 0.0000 8745.5970
v 7997.2810 -1000.0000 10000.0000
v 7624.4820 100.0000 8763.8850
v 7746.2290 100.0000 10000.0000
v 7624.4820 0.0000 8763.8850
v 7746.2290 -1000.0000 10000.0000
v 7500.0000 100.0000 8770.0000
v 7500.0000 100.0000 10000.0000
v 7500.0000 0.0000 8770.0000
v 7500.0000 -1000.0000 10000.0000
v 7375.5180 100.0000 8763.8850
v 7253.7710 100.0000 10000.0000
v 7375.5180 0.0000 8763.8850
v 7253.7710 -1000.0000 10000.0000
v 7252.2350 100.0000 8745.5970
v 7002.7190 100.0000 10000.0000
v 7252.2350 0.0000 8745.5970
v 7002.7190 -1000.0000 10000.0000
v 7131.3380 100.0000 8715.3140
v 6741.6330 100.0000 10000.0000
v 7131.3380 0.0000 8715.3140
v 6741.6330 -1000.0000 10000.0000
v 7013.9920 100.0000 8673.3270
v 6464.4660 100.0000 10000.0000
v 7013.9920 0.0000 8673.3270
v 6464.4660 -1000.0000 10000.0000
v 6901.3260 100.0000 8620.0400
v 6163.7220 100.0000 10000.0000
v 6901.3260 0.0000 8620.0400
v 6163.7220 -1000.0000 10000.0000
v 6794.4260 100.0000 8555.9660
v 5829.5530 100.0000 10000.0000
v 6794.4260 0.0000 8555.9660
v 5829.5530 -1000.0000 10000.0000
v 6694.3210 100.0000 8481.7230
v 5448.3030 100.0000 10000.0000
v 6694.3210 0.0000 8481.7230
v 5448.3030 -1000.0000 10000.0000
v 6601.9740 100.0000 8398.0260
v 6601.9740 0.0000 8398.0260
v 6518.2770 100.0000 8305.6790
v 6518.2770 0.0000 8305.6790
v 6444.0340 100.0000 8205.5740
v 6444.0340 0.0000 8205.5740
v 6379.9600 100.0000 8098.6740
v 6379.9600 0.0000 8098.6740
v 6326.6730 100.0000 7986.0080
v 6326.6730 0.0000 7986.0080
v 6284.6860 100.0000 7868.6620
v 6284.6860 0.0000 7868.6620
v 6254.4030 100.0000 7747.7650
v 6254.4030 0.0000 7747.7650
v 6236.1150 100.0000 7624.4820
v 6236.1150 0.0000 7624.4820
v 6230.0000 100.0000 7500.0000
v 6230.0000 0.0000 7500.0000
v 6236.1150 100.0000 7375.5180
v 6236.1150 0.0000 7375.5180
v 6254.4030 100.0000 7252.2350
v 6254.4030 0.0000 7252.2350
v 6284.6860 100.0000 7131.3380
v 6284.6860 0.0000 7131.3380
v 6326.6730 100.0000 7013.9920
v 6326.6730 0.0000 7013.9920
v 6379.9600 100.0000 6901.3260
v 6379.9600 0.0000 6901.3260
v 6444.0340 100.0000 6794.4260
v 6444.0340 0.0000 6794.4260
v 6518.2770 100.0000 6694.3210
v 6518.2770 0.0000 6694.3210
v 6601.9740 100.0000 6601.9740
v 6601.9740 0.0000 6601.9740
v 6694.3210 100.0000 6518.2770
v 6694.3210 0.0000 6518.2770
v 6794.4260 100.0000 6444.0340
v 6794.4260 0.0000 6444.0340
v 6901.3260 100.0000 6379.9600
v 6901.3260 0.0000 6379.9600
v 7013.9920 100.0000 6326.6730
v 7013.9920 0.0000 6326.6730
v 7131.3380 100.0000 6284.6860
v 7131.3380 0.0000 6284.6860
v 7252.2350 100.0000 6254.4030
v 7252.2350 0.0000 6254.4030
v 7375.5180 100.0000 6236.1150
v 7375.5180 0.0000 6236.1150
v 7500.0000 100.0000 6230.0000
v 7500.0000 0.0000 6230.0000
v 7624.4820 100.0000 6236.1150
v 7624.4820 0.0000 6236.1150
v 7747.7650 100.0000 6254.4030
v 7747.7650 0.0000 6254.4030
v 7868.6620 100.0000 6284.6860
v 7868.6620 0.0000 6284.6860
v 7986.0080 100.0000 6326.6730
v 7986.0080 0.0000 6326.6730
v 8098.6740 100.0000 6379.9600
v 8098.6740 0.0000 6379.9600
v 8205.5740 100.0000 6444.0340
v 8205.5740 0.0000 6444.0340
v 8305.6790 100.0000 6518.2770
v 8305.6790 0.0000 6518.2770
v 8398.0260 100.0000 6601.9740
v 8398.0260 0.0000 6601.9740
v 8481.7230 100.0000 6694.3210
v 10000.0000 100.0000 5448.3030
v 8481.7230 0.0000 6694.3210
v 10000.0000 -1000.0000 5448.3030
v 8555.9660 100.0000 6794.4260
v 10000.0000 100.0000 5829.5530
v 8555.9660 0.0000 6794.4260
v 10000.0000 -1000.0000 5829.5530
v 8620.0400 100.0000 6901.3260
v 10000.0000 100.0000 6163.7220
v 8620.0400 0.0000 6901.3260
v 10000.0000 -1000.0000 6163.7220
v 8673.3270 100.0000 7013.9920
v 10000.0000 100.0000 6464.4660
v 8673.3270 0.0000 7013.9920
v 10000.0000 -1000.0000 6464.4660
v 8715.3140 100.0000 7131.3380
v 10000.0000 100.0000 6741.6330
v 8715.3140 0.0000 7131.3380
v 10000.0000 -1000.0000 6741.6330
v 8745.5970 100.0000 7252.2350
v 10000.0000 100.0000 7002.7190
v 8745.5970 0.0000 7252.2350
v 10000.0000 -1000.0000 7002.7190
v 8763.8850 100.0000 7375.5180
v 10000.0000 100.0000 7253.7710
v 8763.8850 0.0000 7375.5180
v 10000.0000 -1000.0000 7253.7710
v 8770.0000 100.0000 12500.0000
v 8763.8850 100.0000 12624.4820
v 10000.0000 100.0000 12500.0000
v 10000.0000 100.0000 12746.2290
v 8770.0000 0.0000 12500.0000
v 8763.8850 0.0000 12624.4820
v 7500.0000 0.0000 12500.0000
v 10000.0000 -1000.0000 12500.0000
v 10000.0000 -1000.0000 12746.2290
v 7500.0000 -1000.0000 12500.0000
v 8745.5970 100.0000 12747.7650
v 10000.0000 100.0000 12997.2810
v 8745.5970 0.0000 12747.7650
v 10000.0000 -1000.0000 12997.2810
v 8715.3140 100.0000 12868.6620
v 10000.0000 100.0000 13258.3670
v 8715.3140 0.0000 12868.6620
v 10000.0000 -1000.0000 13258.3670
v 8673.3270 100.0000 12986.0080
v 10000.0000 100.0000 13535.5340
v 8673.3270 0.0000 12986.0080
v 10000.0000 -1000.0000 13535.5340
v 8620.0400 100.0000 13098.6740
v 10000.0000 100.0000 13836.2780
v 8620.0400 0.0000 13098.6740
v 10000.0000 -1000.0000 13836.2780
v 8555.9660 100.0000 13205.5740
v 10000.0000 100.0000 14170.4470
v 8555.9660 0.0000 13205.5740
v 10000.0000 -1000.0000 14170.4470
v 8481.7230 100.0000 13305.6790
v 10000.0000 100.0000 14551.6970
v 8481.7230 0.0000 13305.6790
v 10000.0000 -1000.0000 14551.6970
v 8398.0260 100.0000 13398.0260
v 10000.0000 100.0000 15000.0000
v 8398.0260 0.0000 13398.0260
v 10000.0000 -1000.0000 15000.0000
v 8305.6790 100.0000 13481.7230
v 9551.6970 100.0000 15000.0000
v 8305.6790 0.0000 13481.7230
v 9551.6970 -1000.0000 15000.0000
v 8205.5740 100.0000 13555.9660
v 9170.4470 100.0000 15000.0000
v 8205.5740 0.0000 13555.9660
v 9170.4470 -1000.0000 15000.0000
v 8098.6740 100.0000 13620.0400
v 8836.2780 100.0000 15000.0000
v 8098.6740 0.0000 13620.0400
v 8836.2780 -1000.0000 15000.0000
v 7986.0080 100.0000 13673.3270
v 8535.5340 100.0000 15000.0000
v 7986.0080 0.0000 13673.3270
v 8535.5340 -1000.0000 15000.0000
v 7868.6620 100.0000 13715.3140
v 8258.3670 100.0000 15000.0000
v 7868.6620 0.0000 13715.3140
v 8258.3670 -1000.0000 15000.0000
v 7747.7650 100.0000 13745.5970
v 7997.2810 100.0000 15000.0000
v 7747.7650 0.0000 13745.5970
v 7997.2810 -1000.0000 15000.0000
v 7624.4820 100.0000 13763.8850
v 7746.2290 100.0000 15000.0000
v 7624.4820 0.0000 13763.8850
v 7746.2290 -1000.0000 15000.0000
v 7500.0000 100.0000 13770.0000
v 7500.0000 100.0000 15000.0000
v 7500.0000 0.0000 13770.0000
v 7500.0000 -1000.0000 15000.0000
v 7375.5180 100.0000 13763.8850
v 7253.7710 100.0000 15000.0000
v 7375.5180 0.0000 13763.8850
v 7253.7710 -1000.0000 15000.0000
v 7252.2350 100.0000 13745.5970
v 7002.7190 100.0000 15000.0000
v 7252.2350 0.0000 13745.5970
v 7002.7190 -1000.0000 15000.0000
v 7131.3380 100.0000 13715.3140
v 6741.6330 100.0000 15000.0000
v 7131.3380 0.0000 13715.3140
v 6741.6330 -1000.0000 15000.0000
v 7013.9920 100.0000 13673.3270
v 6464.4660 100.0000 15000.0000
v 7013.9920 0.0000 13673.3270
v 6464.4660 -1000.0000 15000.0000
v 6901.3260 100.0000 13620.0400
v 6163.7220 100.0000 15000.0000
v 6901.3260 0.0000 13620.0400
v 6163.7220 -1000.0000 15000.0000
v 6794.4260 100.0000 13555.9660
v 5829.5530 100.0000 15000.0000
v 6794.4260 0.0000 13555.9660
v 5829.5530 -1000.0000 15000.0000
v 6694.3210 100.0000 13481.7230
v 5448.3030 100.0000 15000.0000
v 6694.3210 0.0000 13481.7230
v 5448.3030 -1000.0000 15000.0000
v 6601.9740 100.0000 13398.0260
v 6601.9740 0.0000 13398.0260
v 6518.2770 100.0000 13305.6790
v 6518.2770 0.0000 13305.6790
v 6444.0340 100.0000 13205.5740
v 6444.0340 0.0000 13205.5740
v 6379.9600 100.0000 13098.6740
v 6379.9600 0.0000 13098.6740
v 6326.6730 100.0000 12986.0080
v 6326.6730 0.0000 12986.0080
v 6284.6860 100.0000 12868.6620
v 6284.6860 0.0000 12868.6620
v 6254.4030 100.0000 12747.7650
v 6254.4030 0.0000 12747.7650
v 6236.1150 100.0000 12624.4820
v 6236.1150 0.0000 12624.4820
v 6230.0000 100.0000 12500.0000
v 6230.0000 0.0000 12500.0000
v 6236.1150 100.0000 12375.5180
v 6236.1150 0.0000 12375.5180
v 6254.4030 100.0000 12252.2350
v 6254.4030 0.0000 12252.2350
v 6284.6860 100.0000 12131.3380
v 6284.6860 0.0000 12131.3380
v 6326.6730 100.0000 12013.9920
v 6326.6730 0.0000 12013.9920
v 6379.9600 100.0000 11901.3260
v 6379.9600 0.0000 11901.3260
v 6444.0340 100.0000 11794.4260
v 6444.0340 0.0000 11794.4260
v 6518.2770 100.0000 11694.3210
v 6518.2770 0.0000 11694.3210
v 6601.9740 100.0000 11601.9740
v 6601.9740 0.0000 11601.9740
v 6694.3210 100.0000 11518.2770
v 6694.3210 0.0000 11518.2770
v 6794.4260 100.0000 11444.0340
v 6794.4260 0.0000 11444.0340
v 6901.3260 100.0000 11379.9600
v 6901.3260 0.0000 11379.9600
v 7013.9920 100.0000 11326.6730
v 7013.9920 0.0000 11326.6730
v 7131.3380 100.0000 11284.6860
v 7131.3380 0.0000 11284.6860
v 7252.2350 100.0000 11254.4030
v 7252.2350 0.0000 11254.4030
v 7375.5180 100.0000 11236.1150
v 7375.5180 0.0000 11236.1150
v 7500.0000 100.0000 11230.0000
v 7500.0000 0.0000 11230.0000
v 7624.4820 100.0000 11236.1150
v 7624.4820 0.0000 11236.1150
v 7747.7650 100.0000 11254.4030
v 7747.7650 0.0000 11254.4030
v 7868.6620 100.0000 11284.6860
v 7868.6620 0.0000 11284.6860
v 7986.0080 100.0000 11326.6730
v 7986.0080 0.0000 11326.6730
v 8098.6740 100.0000 11379.9600
v 8098.6740 0.0000 11379.9600
v 8205.5740 100.0000 11444.0340
v 8205.5740 0.0000 11444.0340
v 8305.6790 100.0000 11518.2770
v 8305.6790 0.0000 11518.2770
v 8398.0260 100.0000 11601.9740
v 8398.0260 0.0000 11601.9740
v 8481.7230 100.0000 11694.3210
v 10000.0000 100.0000 10448.3030
v 8481.7230 0.0000 11694.3210
v 10000.0000 -1000.0000 10448.3030
v 8555.9660 100.0000 11794.4260
v 10000.0000 100.0000 10829.5530
v 8555.9660 0.0000 11794.4260
v 10000.0000 -1000.0000 10829.5530
v 8620.0400 100.0000 11901.3260
v 10000.0000 100.0000 11163.7220
v 8620.0400 0.0000 11901.3260
v 10000.0000 -1000.0000 11163.7220
v 8673.3270 100.0000 12013.9920
v 10000.0000 100.0000 11464.4660
v 8673.3270 0.0000 12013.9920
v 10000.0000 -1000.0000 11464.4660
v 8715.3140 100.0000 12131.3380
v 10000.0000 100.0000 11741.6330
v 8715.3140 0.0000 12131.3380
v 10000.0000 -1000.0000 11741.6330
v 8745.5970 100.0000 12252.2350
v 10000.0000 100.0000 12002.7190
v 8745.5970 0.0000 12252.2350
v 10000.0000 -1000.0000 12002.7190
v 8763.8850 100.0000 12375.5180
v 10000.0000 100.0000 12253.7710
v 8763.8850 0.0000 12375.5180
v 10000.0000 -1000.0000 12253.7710
v 8770.0000 100.0000 17500.0000
v 8763.8850 100.0000 17624.4820
v 10000.0000 100.0000 17500.0000
v 10000.0000 100.0000 17746.2290
v 8770.0000 0.0000 17500.0000
v 8763.8850 0.0000 17624.4820
v 7500.0000 0.0000 17500.0000
v 10000.0000 -1000.0000 17500.0000
v 10000.0000 -1000.0000 17746.2290
v 7500.0000 -1000.0000 17500.0000
v 8745.5970 100.0000 17747.7650
v 10000.0000 100.0000 17997.2810
v 8745.5970 0.0000 17747.7650
v 10000.0000 -1000.0000 17997.2810
v 8715.3140 100.0000 17868.6620
v 10000.0000 100.0000 18258.3670
v 8715.3140 0.0000 17868.6620
v 10000.0000 -1000.0000 18258.3670
v 8673.3270 100.0000 17986.0080
v 10000.0000 100.0000 18535.5340
v 8673.3270 0.0000 17986.0080
v 10000.0000 -1000.0000 18535.5340
v 8620.0400 100.0000 18098.6740
v 10000.0000 100.0000 18836.2780
v 8620.0400 0.0000 18098.6740
v 10000.0000 -1000.0000 18836.2780
v 8555.9660 100.0000 18205.5740
v 10000.0000 100.0000 19170.4470
v 8555.9660 0.0000 18205.5740
v 10000.0000 -1000.0000 19170.4470
v 8481.7230 100.0000 18305.6790
v 10000.0000 100.0000 19551.6970
v 8481.7230 0.0000 18305.6790
v 10000.0000 -1000.0000 19551.6970
v 8398.0260 100.0000 18398.0260
v 10000.0000 100.0000 20000.0000
v 8398.0260 0.0000 18398.0260
v 10000.0000 -1000.0000 20000.0000
v 8305.6790 100.0000 18481.7230
v 9551.6970 100.0000 20000.0000
v 8305.6790 0.0000 18481.7230
v 9551.6970 -1000.0000 20000.0000
v 8205.5740 100.0000 18555.9660
v 9170.4470 100.0000 20000.0000
v 8205.5740 0.0000 18555.9660
v 9170.4470 -1000.0000 20000.0000
v 8098.6740 100.0000 18620.0400
v 8836.2780 100.0000 20000.0000
v 8098.6740 0.0000 18620.0400
v 8836.2780 -1000.0000 20000.0000
v 7986.0080 100.0000 18673.3270
v 8535.5340 100.0000 20000.0000
v 7986.0080 0.0000 18673.3270
v 8535.5340 -1000.0000 20000.0000
v 7868.6620 100.0000 18715.3140
v 8258.3670 100.0000 20000.0000
v 7868.6620 0.0000 18715.3140
v 8258.3670 -1000.0000 20000.0000
v 7747.7650 100.0000 18745.5970
v 7997.2810 100.0000 20000.0000
v 7747.7650 0.0000 18745.5970
v 7997.2810 -1000.0000 20000.0000
v 7624.4820 100.0000 18763.8850
v 7746.2290 100.0000 20000.0000
v 7624.4820 0.0000 18763.8850
v 7746.2290 -1000.0000 20000.0000
v 7500.0000 100.0000 18770.0000
v 7500.0000 100.0000 20000.0000
v 7500.0000 0.0000 18770.0000
v 7500.0000 -1000.0000 20000.0000
v 7375.5180 100.0000 18763.8850
v 7253.7710 100.0000 20000.0000
v 7375.5180 0.0000 18763.8850
v 7253.7710 -1000.0000 20000.0000
v 7252.2350 100.0000 18745.5970
v 7002.7190 100.0000 20000.0000
v 7252.2350 0.0000 18745.5970
v 7002.7190 -1000.0000 20000.0000
v 7131.3380 100.0000 18715.3140
v 6741.6330 100.0000 20000.0000
v 7131.3380 0.0000 18715.3140
v 6741.6330 -1000.0000 20000.0000
v 7013.9920 100.0000 18673.3270
v 6464.4660 100.0000 20000.0000
v 7013.9920 0.0000 18673.3270
v 6464.4660 -1000.0000 20000.0000
v 6901.3260 100.0000 18620.0400
v 6163.7220 100.0000 20000.0000
v 6901.3260 0.0000 18620.0400
v 6163.7220 -1000.0000 20000.0000
v 6794.4260 100.0000 18555.9660
v 5829.5530 100.0000 20000.0000
v 6794.4260 0.0000 18555.9660
v 5829.5530 -1000.0000 20000.0000
v 6694.3210 100.0000 18481.7230
v 5448.3030 100.0000 20000.0000
v 6694.3210 0.0000 18481.7230
v 5448.3030 -1000.0000 20000.0000
v 6601.9740 100.0000 18398.0260
v 6601.9740 0.0000 18398.0260
v 6518.2770 100.0000 18305.6790
v 6518.2770 0.0000 18305.6790
v 6444.0340 100.0000 18205.5740
v 6444.0340 0.0000 18205.5740
v 6379.9600 100.0000 18098.6740
v 6379.9600 0.0000 18098.6740
v 6326.6730 100.0000 17986.0080
v 6326.6730 0.0000 17986.0080
v 6284.6860 100.0000 17868.6620
v 6284.6860 0.0000 17868.6620
v 6254.4030 100.0000 17747.7650
v 6254.4030 0.0000 17747.7650
v 6236.1150 100.0000 17624.4820
v 6236.1150 0.0000 17624.4820
v 6230.0000 100.0000 17500.0000
v 6230.0000 0.0000 17500.0000
v 6236.1150 100.0000 17375.5180
v 6236.1150 0.0000 17375.5180
v 6254.4030 100.0000 17252.2350
v 6254.4030 0.0000 17252.2350
v 6284.6860 100.0000 17131.3380
v 6284.6860 0.0000 17131.3380
v 6326.6730 100.0000 17013.9920
v 6326.6730 0.0000 17013.9920
v 6379.9600 100.0000 16901.3260
v 6379.9600 0.0000 16901.3260
v 6444.0340 100.0000 16794.4260
v 6444.0340 0.0000 16794.4260
v 6518.2770 100.0000 16694.3210
v 6518.2770 0.0000 16694.3210
v 6601.9740 100.0000 16601.9740
v 6601.9740 0.0000 16601.9740
v 6694.3210 100.0000 16518.2770
v 6694.3210 0.0000 16518.2770
v 6794.4260 100.0000 16444.0340
v 6794.4260 0.0000 16444.0340
v 6901.3260 100.0000 16379.9600
v 6901.3260 0.0000 16379.9600
v 7013.9920 100.0000 16326.6730
v 7013.9920 0.0000 16326.6730
v 7131.3380 100.0000 16284.6860
v 7131.3380 0.0000 16284.6860
v 7252.2350 100.0000 16254.4030
v 7252.2350 0.0000 16254.4030
v 7375.5180 100.0000 16236.1150
v 7375.5180 0.0000 16236.1150
v 7500.0000 100.0000 16230.0000
v 7500.0000 0.0000 16230.0000
v 7624.4820 100.0000 16236.1150
v 7624.4820 0.0000 16236.1150
v 7747.7650 100.0000 16254.4030
v 7747.7650 0.0000 16254.4030
v 7868.6620 100.0000 16284.6860
v 7868.6620 0.0000 16284.6860
v 7986.0080 100.0000 16326.6730
v 7986.0080 0.0000 16326.6730
v 8098.6740 100.0000 16379.9600
v 8098.6740 0.0000 16379.9600
v 8205.5740 100.0000 16444.0340
v 8205.5740 0.0000 16444.0340
v 8305.6790 100.0000 16518.2770
v 8305.6790 0.0000 16518.2770
v 8398.0260 100.0000 16601.9740
v 8398.0260 0.0000 16601.9740
v 8481.7230 100.0000 16694.3210
v 10000.0000 100.0000 15448.3030
v 8481.7230 0.0000 16694.3210
v 10000.0000 -1000.0000 15448.3030
v 8555.9660 100.0000 16794.4260
v 10000.0000 100.0000 15829.5530
v 8555.9660 0.0000 16794.4260
v 10000.0000 -1000.0000 15829.5530
v 8620.0400 100.0000 16901.3260
v 10000.0000 100.0000 16163.7220
v 8620.0400 0.0000 16901.3260
v 10000.0000 -1000.0000 16163.7220
v 8673.3270 100.0000 17013.9920
v 10000.0000 100.0000 16464.4660
v 8673.3270 0.0000 17013.9920
v 10000.0000 -1000.0000 16464.4660
v 8715.3140 100.0000 17131.3380
v 10000.0000 100.0000 16741.6330
v 8715.3140 0.0000 17131.3380
v 10000.0000 -1000.0000 16741.6330
v 8745.5970 100.0000 17252.2350
v 10000.0000 100.0000 17002.7190
v 8745.5970 0.0000 17252.2350
v 10000.0000 -1000.0000 17002.7190
v 8763.8850 100.0000 17375.5180
v 10000.0000 100.0000 17253.7710
v 8763.8850 0.0000 17375.5180
v 10000.0000 -1000.0000 17253.7710
v 13770.0000 100.0000 2500.0000
v 13763.8850 100.0000 2624.4820
v 15000.0000 100.0000 2500.0000
v 15000.0000 100.0000 2746.2290
v 13770.0000 0.0000 2500.0000
v 13763.8850 0.0000 2624.4820
v 12500.0000 0.0000 2500.0000
v 15000.0000 -1000.0000 2500.0000
v 15000.0000 -1000.0000 2746.2290
v 12500.0000 -1000.0000 2500.0000
v 13745.5970 100.0000 2747.7650
v 15000.0000 100.0000 2997.2810
v 13745.5970 0.0000 2747.7650
v 15000.0000 -1000.0000 2997.2810
v 13715.3140 100.0000 2868.6620
v 15000.0000 100.0000 3258.3670
v 13715.3140 0.0000 2868.6620
v 15000.0000 -1000.0000 3258.3670
v 13673.3270 100.0000 2986.0080
v 15000.0000 100.0000 3535.5340
v 13673.3270 0.0000 2986.0080
v 15000.0000 -1000.0000 3535.5340
v 13620.0400 100.0000 3098.6740
v 15000.0000 100.0000 3836.2780
v 13620.0400 0.0000 3098.6740
v 15000.0000 -1000.0000 3836.2780
v 13555.9660 100.0000 3205.5740
v 15000.0000 100.0000 4170.4470
v 13555.9660 0.0000 3205.5740
v 15000.0000 -1000.0000 4170.4470
v 13481.7230 100.0000 3305.6790
v 15000.0000 100.0000 4551.6970
v 13481.7230 0.0000 3305.6790
v 15000.0000 -1000.0000 4551.6970
v 13398.0260 100.0000 3398.0260
v 15000.0000 100.0000 5000.0000
v 13398.0260 0.0000 3398.0260
v 15000.0000 -1000.0000 5000.0000
v 13305.6790 100.0000 3481.7230
v 14551.6970 100.0000 5000.0000
v 13305.6790 0.0000 3481.7230
v 14551.6970 -1000.0000 5000.0000
v 13205.5740 100.0000 3555.9660
v 14170.4470 100.0000 5000.0000
v 13205.5740 0.0000 3555.9660
v 14170.4470 -1000.0000 5000.0000
v 13098.6740 100.0000 3620.0400
v 13836.2780 100.0000 5000.0000
v 13098.6740 0.0000 3620.0400
v 13836.2780 -1000.0000 5000.0000
v 12986.0080 100.0000 3673.3270
v 13535.5340 100.0000 5000.0000
v 12986.0080 0.0000 3673.3270
v 13535.5340 -1000.0000 5000.0000
v 12868.6620 100.0000 3715.3140
v 13258.3670 100.0000 5000.0000
v 12868.6620 0.0000 3715.3140
v 13258.3670 -1000.0000 5000.0000
v 12747.7650 100.0000 3745.5970
v 12997.2810 100.0000 5000.0000
v 12747.7650 0.0000 3745.5970
v 12997.2810 -1000.0000 5000.0000
v 12624.4820 100.0000 3763.8850
v 12746.2290 100.0000 5000.0000
v 12624.4820 0.0000 3763.8850
v 12746.2290 -1000.0000 5000.0000
v 12500.0000 100.0000 3770.0000
v 12500.0000 100.0000 5000.0000
v 12500.0000 0.0000 3770.0000
v 12500.0000 -1000.0000 5000.0000
v 12375.5180 100.0000 3763.8850
v 12253.7710 100.0000 5000.0000
v 12375.5180 0.0000 3763.8850
v 12253.7710 -1000.0000 5000.0000
v 12252.2350 100.0000 3745.5970
v 12002.7190 100.0000 5000.0000
v 12252.2350 0.0000 3745.5970
v 12002.7190 -1000.0000 5000.0000
v 12131.3380 100.0000 3715.3140
v 11741.6330 100.0000 5000.0000
v 12131.3380 0.0000 3715.3140
v 11741.6330 -1000.0000 5000.0000
v 12013.9920 100.0000 3673.3270
v 11464.4660 100.0000 5000.0000
v 12013.9920 0.0000 3673.3270
v 11464.4660 -1000.0000 5000.0000
v 11901.3260 100.0000 3620.0400
v 11163.7220 100.0000 5000.0000
v 11901.3260 0.0000 3620.0400
v 11163.7220 -1000.0000 5000.0000
v 11794.4260 100.0000 3555.9660
v 10829.5530 100.0000 5000.0000
v 11794.4260 0.0000 3555.9660
v 10829.5530 -1000.0000 5000.0000
v 11694.3210 100.0000 3481.7230
v 10448.3030 100.0000 5000.0000
v 11694.3210 0.0000 3481.7230
v 10448.3030 -1000.0000 5000.0000
v 11601.9740 100.0000 3398.0260
v 11601.9740 0.0000 3398.0260
v 11518.2770 100.0000 3305.6790
v 11518.2770 0.0000 3305.6790
v 11444.0340 100.0000 3205.5740
v 11444.0340 0.0000 3205.5740
v 11379.9600 100.0000 3098.6740
v 11379.9600 0.0000 3098.6740
v 11326.6730 100.0000 2986.0080
v 11326.6730 0.0000 2986.0080
v 11284.6860 100.0000 2868.6620
v 11284.6860 0.0000 2868.6620
v 11254.4030 100.0000 2747.7650
v 11254.4030 0.0000 2747.7650
v 11236.1150 100.0000 2624.4820
v 11236.1150 0.0000 2624.4820
v 11230.0000 100.0000 2500.0000
v 11230.0000 0.0000 2500.0000
v 11236.1150 100.0000 2375.5180
v 11236.1150 0.0000 2375.5180
v 11254.4030 100.0000 2252.2350
v 11254.4030 0.0000 2252.2350
v 11284.6860 100.0000 2131.3380
v 11284.6860 0.0000 2131.3380
v 11326.6730 100.0000 2013.9920
v 11326.6730 0.0000 2013.9920
v 11379.9600 100.0000 1901.3260
v 11379.9600 0.0000 1901.3260
v 11444.0340 100.0000 1794.4260
v 11444.0340 0.0000 1794.4260
v 11518.2770 100.0000 1694.3210
v 11518.2770 0.0000 1694.3210
v 11601.9740 100.0000 1601.9740
v 11601.9740 0.0000 1601.9740
v 11694.3210 100.0000 1518.2770
v 10448.3030 100.0000 0.0000
v 11694.3210 0.0000 1518.2770
v 10448.3030 -1000.0000 0.0000
v 11794.4260 100.0000 1444.0340
v 10829.5530 100.0000 0.0000
v 11794.4260 0.0000 1444.0340
v 10829.5530 -1000.0000 0.0000
v 11901.3260 100.0000 1379.9600
v 11163.7220 100.0000 0.0000
v 11901.3260 0.0000 1379.9600
v 11163.7220 -1000.0000 0.0000
v 12013.9920 100.0000 1326.6730
v 11464.4660 100.0000 0.0000
v 12013.9920 0.0000 1326.6730
v 11464.4660 -1000.0000 0.0000
v 12131.3380 100.0000 1284.6860
v 11741.6330 100.0000 0.0000
v 12131.3380 0.0000 1284.6860
v 11741.6330 -1000.0000 0.0000
v 12252.2350 100.0000 1254.4030
v 12002.7190 100.0000 0.0000
v 12252.2350 0.0000 1254.4030
v 12002.7190 -1000.0000 0.0000
v 12375.5180 100.0000 1236.1150
v 12253.7710 100.0000 0.0000
v 12375.5180 0.0000 1236.1150
v 12253.7710 -1000.0000 0.0000
v 12500.0000 100.0000 1230.0000
v 12500.0000 100.0000 0.0000
v 12500.0000 0.0000 1230.0000
v 12500.0000 -1000.0000 0.0000
v 12624.4820 100.0000 1236.1150
v 12746.2290 100.0000 0.0000
v 12624.4820 0.0000 1236.1150
v 12746.2290 -1000.0000 0.0000
v 12747.7650 100.0000 1254.4030
v 12997.2810 100.0000 0.0000
v 12747.7650 0.0000 1254.4030
v 12997.2810 -1000.0000 0.0000
v 12868.6620 100.0000 1284.6860
v 13258.3670 100.0000 0.0000
v 12868.6620 0.0000 1284.6860
v 13258.3670 -1000.0000 0.0000
v 12986.0080 100.0000 1326.6730
v 13535.5340 100.0000 0.0000
v 12986.0080 0.0000 1326.6730
v 13535.5340 -1000.0000 0.0000
v 13098.6740 100.0000 1379.9600
v 13836.2780 100.0000 0.0000
v 13098.6740 0.0000 1379.9600
v 13836.2780 -1000.0000 0.0000
v 13205.5740 100.0000 1444.0340
v 14170.4470 100.0000 0.0000
v 13205.5740 0.0000 1444.0340
v 14170.4470 -1000.0000 0.0000
v 13305.6790 100.0000 1518.2770
v 14551.6970 100.0000 0.0000
v 13305.6790 0.0000 1518.2770
v 14551.6970 -1000.0000 0.0000
v 13398.0260 100.0000 1601.9740
v 15000.0000 100.0000 0.0000
v 13398.0260 0.0000 1601.9740
v 15000.0000 -1000.0000 0.0000
v 13481.7230 100.0000 1694.3210
v 15000.0000 100.0000 448.3030
v 13481.7230 0.0000 1694.3210
v 15000.0000 -1000.0000 448.3030
v 13555.9660 100.0000 1794.4260
v 15000.0000 100.0000 829.5530
v 13555.9660 0.0000 1794.4260
v 15000.0000 -1000.0000 829.5530
v 13620.0400 100.0000 1901.3260
v 15000.0000 100.0000 1163.7220
v 13620.0400 0.0000 1901.3260
v 15000.0000 -1000.0000 1163.7220
v 13673.3270 100.0000 2013.9920
v 15000.0000 100.0000 1464.4660
v 13673.3270 0.0000 2013.9920
v 15000.0000 -1000.0000 1464.4660
v 13715.3140 100.0000 2131.3380
v 15000.0000 100.0000 1741.6330
v 13715.3140 0.0000 2131.3380
v 15000.0000 -1000.0000 1741.6330
v 13745.5970 100.0000 2252.2350
v 15000.0000 100.0000 2002.7190
v 13745.5970 0.0000 2252.2350
v 15000.0000 -1000.0000 2002.7190
v 13763.8850 100.0000 2375.5180
v 15000.0000 100.0000 2253.7710
v 13763.8850 0.0000 2375.5180
v 15000.0000 -1000.0000 2253.7710
v 13770.0000 100.0000 7500.0000
v 13763.8850 100.0000 7624.4820
v 15000.0000 100.0000 7500.0000
v 15000.0000 100.0000 7746.2290
v 13770.0000 0.0000 7500.0000
v 13763.8850 0.0000 7624.4820
v 12500.0000 0.0000 7500.0000
v 15000.0000 -1000.0000 7500.0000
v 15000.0000 -1000.0000 7746.2290
v 12500.0000 -1000.0000 7500.0000
v 13745.5970 100.0000 7747.7650
v 15000.0000 100.0000 7997.2810
v 13745.5970 0.0000 7747.7650
v 15000.0000 -1000.0000 7997.2810
v 13715.3140 100.0000 7868.6620
v 15000.0000 100.0000 8258.3670
v 13715.3140 0.0000 7868.6620
v 15000.0000 -1000.0000 8258.3670
v 13673.3270 100.0000 7986.0080
v 15000.0000 100.0000 8535.5340
v 13673.3270 0.0000 7986.0080
v 15000.0000 -1000.0000 8535.5340
v 13620.0400 100.0000 8098.6740
v 15000.0000 100.0000 8836.2780
v 13620.0400 0.0000 8098.6740
v 15000.0000 -1000.0000 8836.2780
v 13555.9660 100.0000 8205.5740
v 15000.0000 100.0000 9170.4470
v 13555.9660 0.0000 8205.5740
v 15000.0000 -1000.0000 9170.4470
v 13481.7230 100.0000 8305.6790
v 15000.0000 100.0000 9551.6970
v 13481.7230 0.0000 8305.6790
v 15000.0000 -1000.0000 9551.6970
v 13398.0260 100.0000 8398.0260
v 15000.0000 100.0000 10000.0000
v 13398.0260 0.0000 8398.0260
v 15000.0000 -1000.0000 10000.0000
v 13305.6790 100.0000 8481.7230
v 14551.6970 100.0000 10000.0000
v 13305.6790 0.0000 8481.7230
v 14551.6970 -1000.0000 10000.0000
v 13205.5740 100.0000 8555.9660
v 14170.4470 100.0000 10000.0000
v 13205.5740 0.0000 8555.9660
v 14170.4470 -1000.0000 10000.0000
v 13098.6740 100.0000 8620.0400
v 13836.2780 100.0000 10000.0000
v 13098.6740 0.0000 8620.0400
v 13836.2780 -1000.0000 10000.0000
v 12986.0080 100.0000 8673.3270
v 13535.5340 100.0000 10000.0000
v 12986.0080 0.0000 8673.3270
v 13535.5340 -1000.0000 10000.0000
v 12868.6620 100.0000 8715.3140
v 13258.3670 100.0000 10000.0000
v 12868.6620 0.0000 8715.3140
v 13258.3670 -1000.0000 10000.0000
v 12747.7650 100.0000 8745.5970
v 12997.2810 100.0000 10000.0000
v 12747.7650 0.0000 8745.5970
v 12997.2810 -1000.0000 10000.0000
v 12624.4820 100.0000 8763.8850
v 12746.2290 100.0000 10000.0000
v 12624.4820 0.0000 8763.8850
v 12746.2290 -1000.0000 10000.0000
v 12500.0000 100.0000 8770.0000
v 12500.0000 100.0000 10000.0000
v 12500.0000 0.0000 8770.0000
v 12500.0000 -1000.0000 10000.0000
v 12375.5180 100.0000 8763.8850
v 12253.7710 100.0000 10000.0000
v 12375.5180 0.0000 8763.8850
v 12253.7710 -1000.0000 10000.0000
v 12252.2350 100.0000 8745.5970
v 12002.7190 100.0000 10000.0000
v 12252.2350 0.0000 8745.5970
v 12002.7190 -1000.0000 10000.0000
v 12131.3380 100.0000 8715.3140
v 11741.6330 100.0000 10000.0000
v 12131.3380 0.0000 8715.3140
v 11741.6330 -1000.0000 10000.0000
v 12013.9920 100.0000 8673.3270
v 11464.4660 100.0000 10000.0000
v 12013.9920 0.0000 8673.3270
v 11464.4660 -1000.0000 10000.0000
v 11901.3260 100.0000 8620.0400
v 11163.7220 100.0000 10000.0000
v 11901.3260 0.0000 8620.0400
v 11163.7220 -1000.0000 10000.0000
v 11794.4260 100.0000 8555.9660
v 10829.5530 100.0000 10000.0000
v 11794.4260 0.0000 8555.9660
v 10829.5530 -1000.0000 10000.0000
v 11694.3210 100.0000 8481.7230
v 10448.3030 100.0000 10000.0000
v 11694.3210 0.0000 8481.7230
v 10448.3030 -1000.0000 10000.0000
v 11601.9740 100.0000 8398.0260
v 11601.9740 0.0000 8398.0260
v 11518.2770 100.0000 8305.6790
v 11518.2770 0.0000 8305.6790
v 11444.0340 100.0000 8205.5740
v 11444.0340 0.0000 8205.5740
v 11379.9600 100.0000 8098.6740
v 11379.9600 0.0000 8098.6740
v 11326.6730 100.0000 7986.0080
v 11326.6730 0.0000 7986.0080
v 11284.6860 100.0000 7868.6620
v 11284.6860 0.0000 7868.6620
v 11254.4030 100.0000 7747.7650
v 11254.4030 0.0000 7747.7650
v 11236.1150 100.0000 7624.4820
v 11236.1150 0.0000 7624.4820
v 11230.0000 100.0000 7500.0000
v 11230.0000 0.0000 7500.0000
v 11236.1150 100.0000 7375.5180
v 11236.1150 0.0000 7375.5180
v 11254.4030 100.0000 7252.2350
v 11254.4030 0.0000 7252.2350
v 11284.6860 100.0000 7131.3380
v 11284.6860 0.0000 7131.3380
v 11326.6730 100.0000 7013.9920
v 11326.6730 0.0000 7013.9920
v 11379.9600 100.0000 6901.3260
v 11379.9600 0.0000 6901.3260
v 11444.0340 100.0000 6794.4260
v 11444.0340 0.0000 6794.4260
v 11518.2770 100.0000 6694.3210
v 11518.2770 0.0000 6694.3210
v 11601.9740 100.0000 6601.9740
v 11601.9740 0.0000 6601.9740
v 11694.3210 100.0000 6518.2770
v 11694.3210 0.0000 6518.2770
v 11794.4260 100.0000 6444.0340
v 11794.4260 0.0000 6444.0340
v 11901.3260 100.0000 6379.9600
v 11901.3260 0.0000 6379.9600
v 12013.9920 100.0000 6326.6730
v 12013.9920 0.0000 6326.6730
v 12131.3380 100.0000 6284.6860
v 12131.3380 0.0000 6284.6860
v 12252.2350 100.0000 6254.4030
v 12252.2350 0.0000 6254.4030
v 12375.5180 100.0000 6236.1150
v 12375.5180 0.0000 6236.1150
v 12500.0000 100.0000 6230.0000
v 12500.0000 0.0000 6230.0000
v 12624.4820 100.0000 6236.1150
v 12624.4820 0.0000 6236.1150
v 12747.7650 100.0000 6254.4030
v 12747.7650 0.0000 6254.4030
v 12868.6620 100.0000 6284.6860
v 12868.6620 0.0000 6284.6860
v 12986.0080 100.0000 6326.6730
v 12986.0080 0.0000 6326.6730
v 13098.6740 100.0000 6379.9600
v 13098.6740 0.0000 6379.9600
v 13205.5740 100.0000 6444.0340
v 13205.5740 0.0000 6444.0340
v 13305.6790 100.0000 6518.2770
v 13305.6790 0.0000 6518.2770
v 13398.0260 100.0000 6601.9740
v 13398.0260 0.0000 6601.9740
v 13481.7230 100.0000 6694.3210
v 15000.0000 100.0000 5448.3030
v 13481.7230 0.0000 6694.3210
v 15000.0000 -1000.0000 5448.3030
v 13555.9660 100.0000 6794.4260
v 15000.0000 100.0000 5829.5530
v 13555.9660 0.0000 6794.4260
v 15000.0000 -1000.0000 5829.5530
v 13620.0400 100.0000 6901.3260
v 15000.0000 100.0000 6163.7220
v 13620.0400 0.0000 6901.3260
v 15000.0000 -1000.0000 6163.7220
v 13673.3270 100.0000 7013.9920
v 15000.0000 100.0000 6464.4660
v 13673.3270 0.0000 7013.9920
v 15000.0000 -1000.0000 6464.4660
v 13715.3140 100.0000 7131.3380
v 15000.0000 100.0000 6741.6330
v 13715.3140 0.0000 7131.3380
v 15000.0000 -1000.0000 6741.6330
v 13745.5970 100.0000 7252.2350
v 15000.0000 100.0000 7002.7190
v 13745.5970 0.0000 7252.2350
v 15000.0000 -1000.0000 7002.7190
v 13763.8850 100.0000 7375.5180
v 15000.0000 100.0000 7253.7710
v 13763.8850 0.0000 7375.5180
v 15000.0000 -1000.0000 7253.7710
v 13770.0000 100.0000 12500.0000
v 13763.8850 100.0000 12624.4820
v 15000.0000 100.0000 12500.0000
v 15000.0000 100.0000 12746.2290
v 13770.0000 0.0000 12500.0000
v 13763.8850 0.0000 12624.4820
v 12500.0000 0.0000 12500.0000
v 15000.0000 -1000.0000 12500.0000
v 15000.0000 -1000.0000 12746.2290
v 12500.0000 -1000.0000 12500.0000
v 13745.5970 100.0000 12747.7650
v 15000.0000 100.0000 12997.2810
v 13745.5970 0.0000 12747.7650
v 15000.0000 -1000.0000 12997.2810
v 13715.3140 100.0000 12868.6620
v 15000.0000 100.0000 13258.3670
v 13715.3140 0.0000 12868.6620
v 15000.0000 -1000.0000 13258.3670
v 13673.3270 100.0000 12986.0080
v 15000.0000 100.0000 13535.5340
v 13673.3270 0.0000 12986.0080
v 15000.0000 -1000.0000 13535.5340
v 13620.0400 100.0000 13098.6740
v 15000.0000 100.0000 13836.2780
v 13620.0400 0.0000 13098.6740
v 15000.0000 -1000.0000 13836.2780
v 13555.9660 100.0000 13205.5740
v 15000.0000 100.0000 14170.4470
v 13555.9660 0.0000 13205.5740
v 15000.0000 -1000.0000 14170.4470
v 13481.7230 100.0000 13305.6790
v 15000.0000 100.0000 14551.6970
v 13481.7230 0.0000 13305.6790
v 15000.0000 -1000.0000 14551.6970
v 13398.0260 100.0000 13398.0260
v 15000.0000 100.0000 15000.0000
v 13398.0260 0.0000 13398.0260
v 15000.0000 -1000.0000 15000.0000
v 13305.6790 100.0000 13481.7230
v 14551.6970 100.0000 15000.0000
v 13305.6790 0.0000 13481.7230
v 14551.6970 -1000.0000 15000.0000
v 13205.5740 100.0000 13555.9660
v 14170.4470 100.0000 15000.0000
v 13205.5740 0.0000 13555.9660
v 14170.4470 -1000.0000 15000.0000
v 13098.6740 100.0000 13620.0400
v 13836.2780 100.0000 15000.0000
v 13098.6740 0.0000 13620.0400
v 13836.2780 -1000.0000 15000.0000
v 12986.0080 100.0000 13673.3270
v 13535.5340 100.0000 15000.0000
v 12986.0080 0.0000 13673.3270
v 13535.5340 -1000.0000 15000.0000
v 12868.6620 100.0000 13715.3140
v 13258.3670 100.0000 15000.0000
v 12868.6620 0.0000 13715.3140
v 13258.3670 -1000.0000 15000.0000
v 12747.7650 100.0000 13745.5970
v 12997.2810 100.0000 15000.0000
v 12747.7650 0.0000 13745.5970
v 12997.2810 -1000.0000 15000.0000
v 12624.4820 100.0000 13763.8850
v 12746.2290 100.0000 15000.0000
v 12624.4820 0.0000 13763.8850
v 12746.2290 -1000.0000 15000.0000
v 12500.0000 100.0000 13770.0000
v 12500.0000 100.0000 15000.0000
v 12500.0000 0.0000 13770.0000
v 12500.0000 -1000.0000 15000.0000
v 12375.5180 100.0000 13763.8850
v 12253.7710 100.0000 15000.0000
v 12375.5180 0.0000 13763.8850
v 12253.7710 -1000.0000 15000.0000
v 12252.2350 100.0000 13745.5970
v 12002.7190 100.0000 15000.0000
v 12252.2350 0.0000 13745.5970
v 12002.7190 -1000.0000 15000.0000
v 12131.3380 100.0000 13715.3140
v 11741.6330 100.0000 15000.0000
v 12131.3380 0.0000 13715.3140
v 11741.6330 -1000.0000 15000.0000
v 12013.9920 100.0000 13673.3270
v 11464.4660 100.0000 15000.0000
v 12013.9920 0.0000 13673.3270
v 11464.4660 -1000.0000 15000.0000
v 11901.3260 100.0000 13620.0400
v 11163.7220 100.0000 15000.0000
v 11901.3260 0.0000 13620.0400
v 11163.7220 -1000.0000 15000.0000
v 11794.4260 100.0000 13555.9660
v 10829.5530 100.0000 15000.0000
v 11794.4260 0.0000 13555.9660
v 10829.5530 -1000.0000 15000.0000
v 11694.3210 100.0000 13481.7230
v 10448.3030 100.0000 15000.0000
v 11694.3210 0.0000 13481.7230
v 10448.3030 -1000.0000 15000.0000
v 11601.9740 100.0000 13398.0260
v 11601.9740 0.0000 13398.0260
v 11518.2770 100.0000 13305.6790
v 11518.2770 0.0000 13305.6790
v 11444.0340 100.0000 13205.5740
v 11444.0340 0.0000 13205.5740
v 11379.9600 100.0000 13098.6740
v 11379.9600 0.0000 13098.6740
v 11326.6730 100.0000 12986.0080
v 11326.6730 0.0000 12986.0080
v 11284.6860 100.0000 12868.6620
v 11284.6860 0.0000 12868.6620
v 11254.4030 100.0000 12747.7650
v 11254.4030 0.0000 12747.7650
v 11236.1150 100.0000 12624.4820
v 11236.1150 0.0000 12624.4820
v 11230.0000 100.0000 12500.0000
v 11230.0000 0.0000 12500.0000
v 11236.1150 100.0000 12375.5180
v 11236.1150 0.0000 12375.5180
v 11254.4030 100.0000 12252.2350
v 11254.4030 0.0000 12252.2350
v 11284.6860 100.0000 12131.3380
v 11284.6860 0.0000 12131.3380
v 11326.6730 100.0000 12013.9920
v 11326.6730 0.0000 12013.9920
v 11379.9600 100.0000 11901.3260
v 11379.9600 0.0000 11901.3260
v 11444.0340 100.0000 11794.4260
v 11444.0340 0.0000 11794.4260
v 11518.2770 100.0000 11694.3210
v 11518.2770 0.0000 11694.3210
v 11601.9740 100.0000 11601.9740
v 11601.9740 0.0000 11601.9740
v 11694.3210 100.0000 11518.2770
v 11694.3210 0.0000 11518.2770
v 11794.4260 100.0000 11444.0340
v 11794.4260 0.0000 11444.0340
v 11901.3260 100.0000 11379.9600
v 11901.3260 0.0000 11379.9600
v 12013.9920 100.0000 11326.6730
v 12013.9920 0.0000 11326.6730
v 12131.3380 100.0000 11284.6860
v 12131.3380 0.0000 11284.6860
v 12252.2350 100.0000 11254.4030
v 12252.2350 0.0000 11254.4030
v 12375.5180 100.0000 11236.1150
v 12375.5180 0.0000 11236.1150
v 12500.0000 100.0000 11230.0000
v 12500.0000 0.0000 11230.0000
v 12624.4820 100.0000 11236.1150
v 12624.4820 0.0000 11236.1150
v 12747.7650 100.0000 11254.4030
v 12747.7650 0.0000 11254.4030
v 12868.6620 100.0000 11284.6860
v 12868.6620 0.0000 11284.6860
v 12986.0080 100.0000 11326.6730
v 12986.0080 0.0000 11326.6730
v 13098.6740 100.0000 11379.9600
v 13098.6740 0.0000 11379.9600
v 13205.5740 100.0000 11444.0340
v 13205.5740 0.0000 11444.0340
v 13305.6790 100.0000 11518.2770
v 13305.6790 0.0000 11518.2770
v 13398.0260 100.0000 11601.9740
v 13398.0260 0.0000 11601.9740
v 13481.7230 100.0000 11694.3210
v 15000.0000 100.0000 10448.3030
v 13481.7230 0.0000 11694.3210
v 15000.0000 -1000.0000 10448.3030
v 13555.9660 100.0000 11794.4260
v 15000.0000 100.0000 10829.5530
v 13555.9660 0.0000 11794.4260
v 15000.0000 -1000.0000 10829.5530
v 13620.0400 100.0000 11901.3260
v 15000.0000 100.0000 11163.7220
v 13620.0400 0.0000 11901.3260
v 15000.0000 -1000.0000 11163.7220
v 13673.3270 100.0000 12013.9920
v 15000.0000 100.0000 11464.4660
v 13673.3270 0.0000 12013.9920
v 15000.0000 -1000.0000 11464.4660
v 13715.3140 100.0000 12131.3380
v 15000.0000 100.0000 11741.6330
v 13715.3140 0.0000 12131.3380
v 15000.0000 -1000.0000 11741.6330
v 13745.5970 100.0000 12252.2350
v 15000.0000 100.0000 12002.7190
v 13745.5970 0.0000 12252.2350
v 15000.0000 -1000.0000 12002.7190
v 13763.8850 100.0000 12375.5180
v 15000.0000 100.0000 12253.7710
v 13763.8850 0.0000 12375.5180
v 15000.0000 -1000.0000 12253.7710
v 13770.0000 100.0000 17500.0000
v 13763.8850 100.0000 17624.4820
v 15000.0000 100.0000 17500.0000
v 15000.0000 100.0000 17746.2290
v 13770.0000 0.0000 17500.0000
v 13763.8850 0.0000 17624.4820
v 12500.0000 0.0000 17500.0000
v 15000.0000 -1000.0000 17500.0000
v 15000.0000 -1000.0000 17746.2290
v 12500.0000 -1000.0000 17500.0000
v 13745.5970 100.0000 17747.7650
v 15000.0000 100.0000 17997.2810
v 13745.5970 0.0000 17747.7650
v 15000.0000 -1000.0000 17997.2810
v 13715.3140 100.0000 17868.6620
v 15000.0000 100.0000 18258.3670
v 13715.3140 0.0000 17868.6620
v 15000.0000 -1000.0000 18258.3670
v 13673.3270 100.0000 17986.0080
v 15000.0000 100.0000 18535.5340
v 13673.3270 0.0000 17986.0080
v 15000.0000 -1000.0000 18535.5340
v 13620.0400 100.0000 18098.6740
v 15000.0000 100.0000 18836.2780
v 13620.0400 0.0000 18098.6740
v 15000.0000 -1000.0000 18836.2780
v 13555.9660 100.0000 18205.5740
v 15000.0000 100.0000 19170.4470
v 13555.9660 0.0000 18205.5740
v 15000.0000 -1000.0000 19170.4470
v 13481.7230 100.0000 18305.6790
v 15000.0000 100.0000 19551.6970
v 13481.7230 0.0000 18305.6790
v 15000.0000 -1000.0000 19551.6970
v 13398.0260 100.0000 18398.0260
v 15000.0000 100.0000 20000.0000
v 13398.0260 0.0000 18398.0260
v 15000.0000 -1000.0000 20000.0000
v 13305.6790 100.0000 18481.7230
v 14551.6970 100.0000 20000.0000
v 13305.6790 0.0000 18481.7230
v 14551.6970 -1000.0000 20000.0000
v 13205.5740 100.0000 18555.9660
v 14170.4470 100.0000 20000.0000
v 13205.5740 0.0000 18555.9660
v 14170.4470 -1000.0000 20000.0000
v 13098.6740 100.0000 18620.0400
v 13836.2780 100.0000 20000.0000
v 13098.6740 0.0000 18620.0400
v 13836.2780 -1000.0000 20000.0000
v 12986.0080 100.0000 18673.3270
v 13535.5340 100.0000 20000.0000
v 12986.0080 0.0000 18673.3270
v 13535.5340 -1000.0000 20000.0000
v 12868.6620 100.0000 18715.3140
v 13258.3670 100.0000 20000.0000
v 12868.6620 0.0000 18715.3140
v 13258.3670 -1000.0000 20000.0000
v 12747.7650 100.0000 18745.5970
v 12997.2810 100.0000 20000.0000
v 12747.7650 0.0000 18745.5970
v 12997.2810 -1000.0000 20000.0000
v 12624.4820 100.0000 18763.8850
v 12746.2290 100.0000 20000.0000
v 12624.4820 0.0000 18763.8850
v 12746.2290 -1000.0000 20000.0000
v 12500.0000 100.0000 18770.0000
v 12500.0000 100.0000 20000.0000
v 12500.0000 0.0000 18770.0000
v 12500.0000 -1000.0000 20000.0000
v 12375.5180 100.0000 18763.8850
v 12253.7710 100.0000 20000.0000
v 12375.5180 0.0000 18763.8850
v 12253.7710 -1000.0000 20000.0000
v 12252.2350 100.0000 18745.5970
v 12002.7190 100.0000 20000.0000
v 12252.2350 0.0000 18745.5970
v 12002.7190 -1000.0000 20000.0000
v 12131.3380 100.0000 18715.3140
v 11741.6330 100.0000 20000.0000
v 12131.3380 0.0000 18715.3140
v 11741.6330 -1000.0000 20000.0000
v 12013.9920 100.0000 18673.3270
v 11464.4660 100.0000 20000.0000
v 12013.9920 0.0000 18673.3270
v 11464.4660 -1000.0000 20000.0000
v 11901.3260 100.0000 18620.0400
v 11163.7220 100.0000 20000.0000
v 11901.3260 0.0000 18620.0400
v 11163.7220 -1000.0000 20000.0000
v 11794.4260 100.0000 18555.9660
v 10829.5530 100.0000 20000.0000
v 11794.4260 0.0000 18555.9660
v 10829.5530 -1000.0000 20000.0000
v 11694.3210 100.0000 18481.7230
v 10448.3030 100.0000 20000.0000
v 11694.3210 0.0000 18481.7230
v 10448.3030 -1000.0000 20000.0000
v 11601.9740 100.0000 18398.0260
v 11601.9740 0.0000 18398.0260
v 11518.2770 100.0000 18305.6790
v 11518.2770 0.0000 18305.6790
v 11444.0340 100.0000 18205.5740
v 11444.0340 0.0000 18205.5740
v 11379.9600 100.0000 18098.6740
v 11379.9600 0.0000 18098.6740
v 11326.6730 100.0000 17986.0080
v 11326.6730 0.0000 17986.0080
v 11284.6860 100.0000 17868.6620
v 11284.6860 0.0000 17868.6620
v 11254.4030 100.0000 17747.7650
v 11254.4030 0.0000 17747.7650
v 11236.1150 100.0000 17624.4820
v 11236.1150 0.0000 17624.4820
v 11230.0000 100.0000 17500.0000
v 11230.0000 0.0000 17500.0000
v 11236.1150 100.0000 17375.5180
v 11236.1150 0.0000 17375.5180
v 11254.4030 100.0000 17252.2350
v 11254.4030 0.0000 17252.2350
v 11284.6860 100.0000 17131.3380
v 11284.6860 0.0000 17131.3380
v 11326.6730 100.0000 17013.9920
v 11326.6730 0.0000 17013.9920
v 11379.9600 100.0000 16901.3260
v 11379.9600 0.0000 16901.3260
v 11444.0340 100.0000 16794.4260
v 11444.0340 0.0000 16794.4260
v 11518.2770 100.0000 16694.3210
v 11518.2770 0.0000 16694.3210
v 11601.9740 100.0000 16601.9740
v 11601.9740 0.0000 16601.9740
v 11694.3210 100.0000 16518.2770
v 11694.3210 0.0000 16518.2770
v 11794.4260 100.0000 16444.0340
v 11794.4260 0.0000 16444.0340
v 11901.3260 100.0000 16379.9600
v 11901.3260 0.0000 16379.9600
v 12013.9920 100.0000 16326.6730
v 12013.9920 0.0000 16326.6730
v 12131.3380 100.0000 16284.6860
v 12131.3380 0.0000 16284.6860
v 12252.2350 100.0000 16254.4030
v 12252.2350 0.0000 16254.4030
v 12375.5180 100.0000 16236.1150
v 12375.5180 0.0000 16236.1150
v 12500.0000 100.0000 16230.0000
v 12500.0000 0.0000 16230.0000
v 12624.4820 100.0000 16236.1150
v 12624.4820 0.0000 16236.1150
v 12747.7650 100.0000 16254.4030
v 12747.7650 0.0000 16254.4030
v 12868.6620 100.0000 16284.6860
v 12868.6620 0.0000 16284.6860
v 12986.0080 100.0000 16326.6730
v 12986.0080 0.0000 16326.6730
v 13098.6740 100.0000 16379.9600
v 13098.6740 0.0000 16379.9600
v 13205.5740 100.0000 16444.0340
v 13205.5740 0.0000 16444.0340
v 13305.6790 100.0000 16518.2770
v 13305.6790 0.0000 16518.2770
v 13398.0260 100.0000 16601.9740
v 13398.0260 0.0000 16601.9740
v 13481.7230 100.0000 16694.3210
v 15000.0000 100.0000 15448.3030
v 13481.7230 0.0000 16694.3210
v 15000.0000 -1000.0000 15448.3030
v 13555.9660 100.0000 16794.4260
v 15000.0000 100.0000 15829.5530
v 13555.9660 0.0000 16794.4260
v 15000.0000 -1000.0000 15829.5530
v 13620.0400 100.0000 16901.3260
v 15000.0000 100.0000 16163.7220
v 13620.0400 0.0000 16901.3260
v 15000.0000 -1000.0000 16163.7220
v 13673.3270 100.0000 17013.9920
v 15000.0000 100.0000 16464.4660
v 13673.3270 0.0000 17013.9920
v 15000.0000 -1000.0000 16464.4660
v 13715.3140 100.0000 17131.3380
v 15000.0000 100.0000 16741.6330
v 13715.3140 0.0000 17131.3380
v 15000.0000 -1000.0000 16741.6330
v 13745.5970 100.0000 17252.2350
v 15000.0000 100.0000 17002.7190
v 13745.5970 0.0000 17252.2350
v 15000.0000 -1000.0000 17002.7190
v 13763.8850 100.0000 17375.5180
v 15000.0000 100.0000 17253.7710
v 13763.8850 0.0000 17375.5180
v 15000.0000 -1000.0000 17253.7710
v 18770.0000 100.0000 2500.0000
v 18763.8850 100.0000 2624.4820
v 20000.0000 100.0000 2500.0000
v 20000.0000 100.0000 2746.2290
v 18770.0000 0.0000 2500.0000
v 18763.8850 0.0000 2624.4820
v 17500.0000 0.0000 2500.0000
v 20000.0000 -1000.0000 2500.0000
v 20000.0000 -1000.0000 2746.2290
v 17500.0000 -1000.0000 2500.0000
v 18745.5970 100.0000 2747.7650
v 20000.0000 100.0000 2997.2810
v 18745.5970 0.0000 2747.7650
v 20000.0000 -1000.0000 2997.2810
v 18715.3140 100.0000 2868.6620
v 20000.0000 100.0000 3258.3670
v 18715.3140 0.0000 2868.6620
v 20000.0000 -1000.0000 3258.3670
v 18673.3270 100.0000 2986.0080
v 20000.0000 100.0000 3535.5340
v 18673.3270 0.0000 2986.0080
v 20000.0000 -1000.0000 3535.5340
v 18620.0400 100.0000 3098.6740
v 20000.0000 100.0000 3836.2780
v 18620.0400 0.0000 3098.6740
v 20000.0000 -1000.0000 3836.2780
v 18555.9660 100.0000 3205.5740
v 20000.0000 100.0000 4170.4470
v 18555.9660 0.0000 3205.5740
v 20000.0000 -1000.0000 4170.4470
v 18481.7230 100.0000 3305.6790
v 20000.0000 100.0000 4551.6970
v 18481.7230 0.0000 3305.6790
v 20000.0000 -1000.0000 4551.6970
v 18398.0260 100.0000 3398.0260
v 20000.0000 100.0000 5000.0000
v 18398.0260 0.0000 3398.0260
v 20000.0000 -1000.0000 5000.0000
v 18305.6790 100.0000 3481.7230
v 19551.6970 100.0000 5000.0000
v 18305.6790 0.0000 3481.7230
v 19551.6970 -1000.0000 5000.0000
v 18205.5740 100.0000 3555.9660
v 19170.4470 100.0000 5000.0000
v 18205.5740 0.0000 3555.9660
v 19170.4470 -1000.0000 5000.0000
v 18098.6740 100.0000 3620.0400
v 18836.2780 100.0000 5000.0000
v 18098.6740 0.0000 3620.0400
v 18836.2780 -1000.0000 5000.0000
v 17986.0080 100.0000 3673.3270
v 18535.5340 100.0000 5000.0000
v 17986.0080 0.0000 3673.3270
v 18535.5340 -1000.0000 5000.0000
v 17868.6620 100.0000 3715.3140
v 18258.3670 100.0000 5000.0000
v 17868.6620 0.0000 3715.3140
v 18258.3670 -1000.0000 5000.0000
v 17747.7650 100.0000 3745.5970
v 17997.2810 100.0000 5000.0000
v 17747.7650 0.0000 3745.5970
v 17997.2810 -1000.0000 5000.0000
v 17624.4820 100.0000 3763.8850
v 17746.2290 100.0000 5000.0000
v 17624.4820 0.0000 3763.8850
v 17746.2290 -1000.0000 5000.0000
v 17500.0000 100.0000 3770.0000
v 17500.0000 100.0000 5000.0000
v 17500.0000 0.0000 3770.0000
v 17500.0000 -1000.0000 5000.0000
v 17375.5180 100.0000 3763.8850
v 17253.7710 100.0000 5000.0000
v 17375.5180 0.0000 3763.8850
v 17253.7710 -1000.0000 5000.0000
v 17252.2350 100.0000 3745.5970
v 17002.7190 100.0000 5000.0000
v 17252.2350 0.0000 3745.5970
v 17002.7190 -1000.0000 5000.0000
v 17131.3380 100.0000 3715.3140
v 16741.6330 100.0000 5000.0000
v 17131.3380 0.0000 3715.3140
v 16741.6330 -1000.0000 5000.0000
v 17013.9920 100.0000 3673.3270
v 16464.4660 100.0000 5000.0000
v 17013.9920 0.0000 3673.3270
v 16464.4660 -1000.0000 5000.0000
v 16901.3260 100.0000 3620.0400
v 16163.7220 100.0000 5000.0000
v 16901.3260 0.0000 3620.0400
v 16163.7220 -1000.0000 5000.0000
v 16794.4260 100.0000 3555.9660
v 15829.5530 100.0000 5000.0000
v 16794.4260 0.0000 3555.9660
v 15829.5530 -1000.0000 5000.0000
v 16694.3210 100.0000 3481.7230
v 15448.3030 100.0000 5000.0000
v 16694.3210 0.0000 3481.7230
v 15448.3030 -1000.0000 5000.0000
v 16601.9740 100.0000 3398.0260
v 16601.9740 0.0000 3398.0260
v 16518.2770 100.0000 3305.6790
v 16518.2770 0.0000 3305.6790
v 16444.0340 100.0000 3205.5740
v 16444.0340 0.0000 3205.5740
v 16379.9600 100.0000 3098.6740
v 16379.9600 0.0000 3098.6740
v 16326.6730 100.0000 2986.0080
v 16326.6730 0.0000 2986.0080
v 16284.6860 100.0000 2868.6620
v 16284.6860 0.0000 2868.6620
v 16254.4030 100.0000 2747.7650
v 16254.4030 0.0000 2747.7650
v 16236.1150 100.0000 2624.4820
v 16236.1150 0.0000 2624.4820
v 16230.0000 100.0000 2500.0000
v 16230.0000 0.0000 2500.0000
v 16236.1150 100.0000 2375.5180
v 16236.1150 0.0000 2375.5180
v 16254.4030 100.0000 2252.2350
v 16254.4030 0.0000 2252.2350
v 16284.6860 100.0000 2131.3380
v 16284.6860 0.0000 2131.3380
v 16326.6730 100.0000 2013.9920
v 16326.6730 0.0000 2013.9920
v 16379.9600 100.0000 1901.3260
v 16379.9600 0.0000 1901.3260
v 16444.0340 100.0000 1794.4260
v 16444.0340 0.0000 1794.4260
v 16518.2770 100.0000 1694.3210
v 16518.2770 0.0000 1694.3210
v 16601.9740 100.0000 1601.9740
v 16601.9740 0.0000 1601.9740
v 16694.3210 100.0000 1518.2770
v 15448.3030 100.0000 0.0000
v 16694.3210 0.0000 1518.2770
v 15448.3030 -1000.0000 0.0000
v 16794.4260 100.0000 1444.0340
v 15829.5530 100.0000 0.0000
v 16794.4260 0.0000 1444.0340
v 15829.5530 -1000.0000 0.0000
v 16901.3260 100.0000 1379.9600
v 16163.7220 100.0000 0.0000
v 16901.3260 0.0000 1379.9600
v 16163.7220 -1000.0000 0.0000
v 17013.9920 100.0000 1326.6730
v 16464.4660 100.0000 0.0000
v 17013.9920 0.0000 1326.6730
v 16464.4660 -1000.0000 0.0000
v 17131.3380 100.0000 1284.6860
v 16741.6330 100.0000 0.0000
v 17131.3380 0.0000 1284.6860
v 16741.6330 -1000.0000 0.0000
v 17252.2350 100.0000 1254.4030
v 17002.7190 100.0000 0.0000
v 17252.2350 0.0000 1254.4030
v 17002.7190 -1000.0000 0.0000
v 17375.5180 100.0000 1236.1150
v 17253.7710 100.0000 0.0000
v 17375.5180 0.0000 1236.1150
v 17253.7710 -1000.0000 0.0000
v 17500.0000 100.0000 1230.0000
v 17500.0000 100.0000 0.0000
v 17500.0000 0.0000 1230.0000
v 17500.0000 -1000.0000 0.0000
v 17624.4820 100.0000 1236.1150
v 17746.2290 100.0000 0.0000
v 17624.4820 0.0000 1236.1150
v 17746.2290 -1000.0000 0.0000
v 17747.7650 100.0000 1254.4030
v 17997.2810 100.0000 0.0000
v 17747.7650 0.0000 1254.4030
v 17997.2810 -1000.0000 0.0000
v 17868.6620 100.0000 1284.6860
v 18258.3670 100.0000 0.0000
v 17868.6620 0.0000 1284.6860
v 18258.3670 -1000.0000 0.0000
v 17986.0080 100.0000 1326.6730
v 18535.5340 100.0000 0.0000
v 17986.0080 0.0000 1326.6730
v 18535.5340 -1000.0000 0.0000
v 18098.6740 100.0000 1379.9600
v 18836.2780 100.0000 0.0000
v 18098.6740 0.0000 1379.9600
v 18836.2780 -1000.0000 0.0000
v 18205.5740 100.0000 1444.0340
v 19170.4470 100.0000 0.0000
v 18205.5740 0.0000 1444.0340
v 19170.4470 -1000.0000 0.0000
v 18305.6790 100.0000 1518.2770
v 19551.6970 100.0000 0.0000
v 18305.6790 0.0000 1518.2770
v 19551.6970 -1000.0000 0.0000
v 18398.0260 100.0000 1601.9740
v 20000.0000 100.0000 0.0000
v 18398.0260 0.0000 1601.9740
v 20000.0000 -1000.0000 0.0000
v 18481.7230 100.0000 1694.3210
v 20000.0000 100.0000 448.3030
v 18481.7230 0.0000 1694.3210
v 20000.0000 -1000.0000 448.3030
v 18555.9660 100.0000 1794.4260
v 20000.0000 100.0000 829.5530
v 18555.9660 0.0000 1794.4260
v 20000.0000 -1000.0000 829.5530
v 18620.0400 100.0000 1901.3260
v 20000.0000 100.0000 1163.7220
v 18620.0400 0.0000 1901.3260
v 20000.0000 -1000.0000 1163.7220
v 18673.3270 100.0000 2013.9920
v 20000.0000 100.0000 1464.4660
v 18673.3270 0.0000 2013.9920
v 20000.0000 -1000.0000 1464.4660
v 18715.3140 100.0000 2131.3380
v 20000.0000 100.0000 1741.6330
v 18715.3140 0.0000 2131.3380
v 20000.0000 -1000.0000 1741.6330
v 18745.5970 100.0000 2252.2350
v 20000.0000 100.0000 2002.7190
v 18745.5970 0.0000 2252.2350
v 20000.0000 -1000.0000 2002.7190
v 18763.8850 100.0000 2375.5180
v 20000.0000 100.0000 2253.7710
v 18763.8850 0.0000 2375.5180
v 20000.0000 -1000.0000 2253.7710
v 18770.0000 100.0000 7500.0000
v 18763.8850 100.0000 7624.4820
v 20000.0000 100.0000 7500.0000
v 20000.0000 100.0000 7746.2290
v 18770.0000 0.0000 7500.0000
v 18763.8850 0.0000 7624.4820
v 17500.0000 0.0000 7500.0000
v 20000.0000 -1000.0000 7500.0000
v 20000.0000 -1000.0000 7746.2290
v 17500.0000 -1000.0000 7500.0000
v 18745.5970 100.0000 7747.7650
v 20000.0000 100.0000 7997.2810
v 18745.5970 0.0000 7747.7650
v 20000.0000 -1000.0000 7997.2810
v 18715.3140 100.0000 7868.6620
v 20000.0000 100.0000 8258.3670
v 18715.3140 0.0000 7868.6620
v 20000.0000 -1000.0000 8258.3670
v 18673.3270 100.0000 7986.0080
v 20000.0000 100.0000 8535.5340
v 18673.3270 0.0000 7986.0080
v 20000.0000 -1000.0000 8535.5340
v 18620.0400 100.0000 8098.6740
v 20000.0000 100.0000 8836.2780
v 18620.0400 0.0000 8098.6740
v 20000.0000 -1000.0000 8836.2780
v 18555.9660 100.0000 8205.5740
v 20000.0000 100.0000 9170.4470
v 18555.9660 0.0000 8205.5740
v 20000.0000 -1000.0000 9170.4470
v 18481.7230 100.0000 8305.6790
v 20000.0000 100.0000 9551.6970
v 18481.7230 0.0000 8305.6790
v 20000.0000 -1000.0000 9551.6970
v 18398.0260 100.0000 8398.0260
v 20000.0000 100.0000 10000.0000
v 18398.0260 0.0000 8398.0260
v 20000.0000 -1000.0000 10000.0000
v 18305.6790 100.0000 8481.7230
v 19551.6970 100.0000 10000.0000
v 18305.6790 0.0000 8481.7230
v 19551.6970 -1000.0000 10000.0000
v 18205.5740 100.0000 8555.9660
v 19170.4470 100.0000 10000.0000
v 18205.5740 0.0000 8555.9660
v 19170.4470 -1000.0000 10000.0000
v 18098.6740 100.0000 8620.0400
v 18836.2780 100.0000 10000.0000
v 18098.6740 0.0000 8620.0400
v 18836.2780 -1000.0000 10000.0000
v 17986.0080 100.0000 8673.3270
v 18535.5340 100.0000 10000.0000
v 17986.0080 0.0000 8673.3270
v 18535.5340 -1000.0000 10000.0000
v 17868.6620 100.0000 8715.3140
v 18258.3670 100.0000 10000.0000
v 17868.6620 0.0000 8715.3140
v 18258.3670 -1000.0000 10000.0000
v 17747.7650 100.0000 8745.5970
v 17997.2810 100.0000 10000.0000
v 17747.7650 0.0000 8745.5970
v 17997.2810 -1000.0000 10000.0000
v 17624.4820 100.0000 8763.8850
v 17746.2290 100.0000 10000.0000
v 17624.4820 0.0000 8763.8850
v 17746.2290 -1000.0000 10000.0000
v 17500.0000 100.0000 8770.0000
v 17500.0000 100.0000 10000.0000
v 17500.0000 0.0000 8770.0000
v 17500.0000 -1000.0000 10000.0000
v 17375.5180 100.0000 8763.8850
v 17253.7710 100.0000 10000.0000
v 17375.5180 0.0000 8763.8850
v 17253.7710 -1000.0000 10000.0000
v 17252.2350 100.0000 8745.5970
v 17002.7190 100.0000 10000.0000
v 17252.2350 0.0000 8745.5970
v 17002.7190 -1000.0000 10000.0000
v 17131.3380 100.0000 8715.3140
v 16741.6330 100.0000 10000.0000
v 17131.3380 0.0000 8715.3140
v 16741.6330 -1000.0000 10000.0000
v 17013.9920 100.0000 8673.3270
v 16464.4660 100.0000 10000.0000
v 17013.9920 0.0000 8673.3270
v 16464.4660 -1000.0000 10000.0000
v 16901.3260 100.0000 8620.0400
v 16163.7220 100.0000 10000.0000
v 16901.3260 0.0000 8620.0400
v 16163.7220 -1000.0000 10000.0000
v 16794.4260 100.0000 8555.9660
v 15829.5530 100.0000 10000.0000
v 16794.4260 0.0000 8555.9660
v 15829.5530 -1000.0000 10000.0000
v 16694.3210 100.0000 8481.7230
v 15448.3030 100.0000 10000.0000
v 16694.3210 0.0000 8481.7230
v 15448.3030 -1000.0000 10000.0000
v 16601.9740 100.0000 8398.0260
v 16601.9740 0.0000 8398.0260
v 16518.2770 100.0000 8305.6790
v 16518.2770 0.0000 8305.6790
v 16444.0340 100.0000 8205.5740
v 16444.0340 0.0000 8205.5740
v 16379.9600 100.0000 8098.6740
v 16379.9600 0.0000 8098.6740
v 16326.6730 100.0000 7986.0080
v 16326.6730 0.0000 7986.0080
v 16284.6860 100.0000 7868.6620
v 16284.6860 0.0000 7868.6620
v 16254.4030 100.0000 7747.7650
v 16254.4030 0.0000 7747.7650
v 16236.1150 100.0000 7624.4820
v 16236.1150 0.0000 7624.4820
v 16230.0000 100.0000 7500.0000
v 16230.0000 0.0000 7500.0000
v 16236.1150 100.0000 7375.5180
v 16236.1150 0.0000 7375.5180
v 16254.4030 100.0000 7252.2350
v 16254.4030 0.0000 7252.2350
v 16284.6860 100.0000 7131.3380
v 16284.6860 0.0000 7131.3380
v 16326.6730 100.0000 7013.9920
v 16326.6730 0.0000 7013.9920
v 16379.9600 100.0000 6901.3260
v 16379.9600 0.0000 6901.3260
v 16444.0340 100.0000 6794.4260
v 16444.0340 0.0000 6794.4260
v 16518.2770 100.0000 6694.3210
v 16518.2770 0.0000 6694.3210
v 16601.9740 100.0000 6601.9740
v 16601.9740 0.0000 6601.9740
v 16694.3210 100.0000 6518.2770
v 16694.3210 0.0000 6518.2770
v 16794.4260 100.0000 6444.0340
v 16794.4260 0.0000 6444.0340
v 16901.3260 100.0000 6379.9600
v 16901.3260 0.0000 6379.9600
v 17013.9920 100.0000 6326.6730
v 17013.9920 0.0000 6326.6730
v 17131.3380 100.0000 6284.6860
v 17131.3380 0.0000 6284.6860
v 17252.2350 100.0000 6254.4030
v 17252.2350 0.0000 6254.4030
v 17375.5180 100.0000 6236.1150
v 17375.5180 0.0000 6236.1150
v 17500.0000 100.0000 6230.0000
v 17500.0000 0.0000 6230.0000
v 17624.4820 100.0000 6236.1150
v 17624.4820 0.0000 6236.1150
v 17747.7650 100.0000 6254.4030
v 17747.7650 0.0000 6254.4030
v 17868.6620 100.0000 6284.6860
v 17868.6620 0.0000 6284.6860
v 17986.0080 100.0000 6326.6730
v 17986.0080 0.0000 6326.6730
v 18098.6740 100.0000 6379.9600
v 18098.6740 0.0000 6379.9600
v 18205.5740 100.0000 6444.0340
v 18205.5740 0.0000 6444.0340
v 18305.6790 100.0000 6518.2770
v 18305.6790 0.0000 6518.2770
v 18398.0260 100.0000 6601.9740
v 18398.0260 0.0000 6601.9740
v 18481.7230 100.0000 6694.3210
v 20000.0000 100.0000 5448.3030
v 18481.7230 0.0000 6694.3210
v 20000.0000 -1000.0000 5448.3030
v 18555.9660 100.0000 6794.4260
v 20000.0000 100.0000 5829.5530
v 18555.9660 0.0000 6794.4260
v 20000.0000 -1000.0000 5829.5530
v 18620.0400 100.0000 6901.3260
v 20000.0000 100.0000 6163.7220
v 18620.0400 0.0000 6901.3260
v 20000.0000 -1000.0000 6163.7220
v 18673.3270 100.0000 7013.9920
v 20000.0000 100.0000 6464.4660
v 18673.3270 0.0000 7013.9920
v 20000.0000 -1000.0000 6464.4660
v 18715.3140 100.0000 7131.3380
v 20000.0000 100.0000 6741.6330
v 18715.3140 0.0000 7131.3380
v 20000.0000 -1000.0000 6741.6330
v 18745.5970 100.0000 7252.2350
v 20000.0000 100.0000 7002.7190
v 18745.5970 0.0000 7252.2350
v 20000.0000 -1000.0000 7002.7190
v 18763.8850 100.0000 7375.5180
v 20000.0000 100.0000 7253.7710
v 18763.8850 0.0000 7375.5180
v 20000.0000 -1000.0000 7253.7710
v 18770.0000 100.0000 12500.0000
v 18763.8850 100.0000 12624.4820
v 20000.0000 100.0000 12500.0000
v 20000.0000 100.0000 12746.2290
v 18770.0000 0.0000 12500.0000
v 18763.8850 0.0000 12624.4820
v 17500.0000 0.0000 12500.0000
v 20000.0000 -1000.0000 12500.0000
v 20000.0000 -1000.0000 12746.2290
v 17500.0000 -1000.0000 12500.0000
v 18745.5970 100.0000 12747.7650
v 20000.0000 100.0000 12997.2810
v 18745.5970 0.0000 12747.7650
v 20000.0000 -1000.0000 12997.2810
v 18715.3140 100.0000 12868.6620
v 20000.0000 100.0000 13258.3670
v 18715.3140 0.0000 12868.6620
v 20000.0000 -1000.0000 13258.3670
v 18673.3270 100.0000 12986.0080
v 20000.0000 100.0000 13535.5340
v 18673.3270 0.0000 12986.0080
v 20000.0000 -1000.0000 13535.5340
v 18620.0400 100.0000 13098.6740
v 20000.0000 100.0000 13836.2780
v 18620.0400 0.0000 13098.6740
v 20000.0000 -1000.0000 13836.2780
v 18555.9660 100.0000 13205.5740
v 20000.0000 100.0000 14170.4470
v 18555.9660 0.0000 13205.5740
v 20000.0000 -1000.0000 14170.4470
v 18481.7230 100.0000 13305.6790
v 20000.0000 100.0000 14551.6970
v 18481.7230 0.0000 13305.6790
v 20000.0000 -1000.0000 14551.6970
v 18398.0260 100.0000 13398.0260
v 20000.0000 100.0000 15000.0000
v 18398.0260 0.0000 13398.0260
v 20000.0000 -1000.0000 15000.0000
v 18305.6790 100.0000 13481.7230
v 19551.6970 100.0000 15000.0000
v 18305.6790 0.0000 13481.7230
v 19551.6970 -1000.0000 15000.0000
v 18205.5740 100.0000 13555.9660
v 19170.4470 100.0000 15000.0000
v 18205.5740 0.0000 13555.9660
v 19170.4470 -1000.0000 15000.0000
v 18098.6740 100.0000 13620.0400
v 18836.2780 100.0000 15000.0000
v 18098.6740 0.0000 13620.0400
v 18836.2780 -1000.0000 15000.0000
v 17986.0080 100.0000 13673.3270
v 18535.5340 100.0000 15000.0000
v 17986.0080 0.0000 13673.3270
v 18535.5340 -1000.0000 15000.0000
v 17868.6620 100.0000 13715.3140
v 18258.3670 100.0000 15000.0000
v 17868.6620 0.0000 13715.3140
v 18258.3670 -1000.0000 15000.0000
v 17747.7650 100.0000 13745.5970
v 17997.2810 100.0000 15000.0000
v 17747.7650 0.0000 13745.5970
v 17997.2810 -1000.0000 15000.0000
v 17624.4820 100.0000 13763.8850
v 17746.2290 100.0000 15000.0000
v 17624.4820 0.0000 13763.8850
v 17746.2290 -1000.0000 15000.0000
v 17500.0000 100.0000 13770.0000
v 17500.0000 100.0000 15000.0000
v 17500.0000 0.0000 13770.0000
v 17500.0000 -1000.0000 15000.0000
v 17375.5180 100.0000 13763.8850
v 17253.7710 100.0000 15000.0000
v 17375.5180 0.0000 13763.8850
v 17253.7710 -1000.0000 15000.0000
v 17252.2350 100.0000 13745.5970
v 17002.7190 100.0000 15000.0000
v 17252.2350 0.0000 13745.5970
v 17002.7190 -1000.0000 15000.0000
v 17131.3380 100.0000 13715.3140
v 16741.6330 100.0000 15000.0000
v 17131.3380 0.0000 13715.3140
v 16741.6330 -1000.0000 15000.0000
v 17013.9920 100.0000 13673.3270
v 16464.4660 100.0000 15000.0000
v 17013.9920 0.0000 13673.3270
v 16464.4660 -1000.0000 15000.0000
v 16901.3260 100.0000 13620.0400
v 16163.7220 100.0000 15000.0000
v 16901.3260 0.0000 13620.0400
v 16163.7220 -1000.0000 15000.0000
v 16794.4260 100.0000 13555.9660
v 15829.5530 100.0000 15000.0000
v 16794.4260 0.0000 13555.9660
v 15829.5530 -1000.0000 15000.0000
v 16694.3210 100.0000 13481.7230
v 15448.3030 100.0000 15000.0000
v 16694.3210 0.0000 13481.7230
v 15448.3030 -1000.0000 15000.0000
v 16601.9740 100.0000 13398.0260
v 16601.9740 0.0000 13398.0260
v 16518.2770 100.0000 13305.6790
v 16518.2770 0.0000 13305.6790
v 16444.0340 100.0000 13205.5740
v 16444.0340 0.0000 13205.5740
v 16379.9600 100.0000 13098.6740
v 16379.9600 0.0000 13098.6740
v 16326.6730 100.0000 12986.0080
v 16326.6730 0.0000 12986.0080
v 16284.6860 100.0000 12868.6620
v 16284.6860 0.0000 12868.6620
v 16254.4030 100.0000 12747.7650
v 16254.4030 0.0000 12747.7650
v 16236.1150 100.0000 12624.4820
v 16236.1150 0.0000 12624.4820
v 16230.0000 100.0000 12500.0000
v 16230.0000 0.0000 12500.0000
v 16236.1150 100.0000 12375.5180
v 16236.1150 0.0000 12375.5180
v 16254.4030 100.0000 12252.2350
v 16254.4030 0.0000 12252.2350
v 16284.6860 100.0000 12131.3380
v 16284.6860 0.0000 12131.3380
v 16326.6730 100.0000 12013.9920
v 16326.6730 0.0000 12013.9920
v 16379.9600 100.0000 11901.3260
v 16379.9600 0.0000 11901.3260
v 16444.0340 100.0000 11794.4260
v 16444.0340 0.0000 11794.4260
v 16518.2770 100.0000 11694.3210
v 16518.2770 0.0000 11694.3210
v 16601.9740 100.0000 11601.9740
v 16601.9740 0.0000 11601.9740
v 16694.3210 100.0000 11518.2770
v 16694.3210 0.0000 11518.2770
v 16794.4260 100.0000 11444.0340
v 16794.4260 0.0000 11444.0340
v 16901.3260 100.0000 11379.9600
v 16901.3260 0.0000 11379.9600
v 17013.9920 100.0000 11326.6730
v 17013.9920 0.0000 11326.6730
v 17131.3380 100.0000 11284.6860
v 17131.3380 0.0000 11284.6860
v 17252.2350 100.0000 11254.4030
v 17252.2350 0.0000 11254.4030
v 17375.5180 100.0000 11236.1150
v 17375.5180 0.0000 11236.1150
v 17500.0000 100.0000 11230.0000
v 17500.0000 0.0000 11230.0000
v 17624.4820 100.0000 11236.1150
v 17624.4820 0.0000 11236.1150
v 17747.7650 100.0000 11254.4030
v 17747.7650 0.0000 11254.4030
v 17868.6620 100.0000 11284.6860
v 17868.6620 0.0000 11284.6860
v 17986.0080 100.0000 11326.6730
v 17986.0080 0.0000 11326.6730
v 18098.6740 100.0000 11379.9600
v 18098.6740 0.0000 11379.9600
v 18205.5740 100.0000 11444.0340
v 18205.5740 0.0000 11444.0340
v 18305.6790 100.0000 11518.2770
v 18305.6790 0.0000 11518.2770
v 18398.0260 100.0000 11601.9740
v 18398.0260 0.0000 11601.9740
v 18481.7230 100.0000 11694.3210
v 20000.0000 100.0000 10448.3030
v 18481.7230 0.0000 11694.3210
v 20000.0000 -1000.0000 10448.3030
v 18555.9660 100.0000 11794.4260
v 20000.0000 100.0000 10829.5530
v 18555.9660 0.0000 11794.4260
v 20000.0000 -1000.0000 10829.5530
v 18620.0400 100.0000 11901.3260
v 20000.0000 100.0000 11163.7220
v 18620.0400 0.0000 11901.3260
v 20000.0000 -1000.0000 11163.7220
v 18673.3270 100.0000 12013.9920
v 20000.0000 100.0000 11464.4660
v 18673.3270 0.0000 12013.9920
v 20000.0000 -1000.0000 11464.4660
v 18715.3140 100.0000 12131.3380
v 20000.0000 100.0000 11741.6330
v 18715.3140 0.0000 12131.3380
v 20000.0000 -1000.0000 11741.6330
v 18745.5970 100.0000 12252.2350
v 20000.0000 100.0000 12002.7190
v 18745.5970 0.0000 12252.2350
v 20000.0000 -1000.0000 12002.7190
v 18763.8850 100.0000 12375.5180
v 20000.0000 100.0000 12253.7710
v 18763.8850 0.0000 12375.5180
v 20000.0000 -1000.0000 12253.7710
v 18770.0000 100.0000 17500.0000
v 18763.8850 100.0000 17624.4820
v 20000.0000 100.0000 17500.0000
v 20000.0000 100.0000 17746.2290
v 18770.0000 0.0000 17500.0000
v 18763.8850 0.0000 17624.4820
v 17500.0000 0.0000 17500.0000
v 20000.0000 -1000.0000 17500.0000
v 20000.0000 -1000.0000 17746.2290
v 17500.0000 -1000.0000 17500.0000
v 18745.5970 100.0000 17747.7650
v 20000.0000 100.0000 17997.2810
v 18745.5970 0.0000 17747.7650
v 20000.0000 -1000.0000 17997.2810
v 18715.3140 100.0000 17868.6620
v 20000.0000 100.0000 18258.3670
v 18715.3140 0.0000 17868.6620
v 20000.0000 -1000.0000 18258.3670
v 18673.3270 100.0000 17986.0080
v 20000.0000 100.0000 18535.5340
v 18673.3270 0.0000 17986.0080
v 20000.0000 -1000.0000 18535.5340
v 18620.0400 100.0000 18098.6740
v 20000.0000 100.0000 18836.2780
v 18620.0400 0.0000 18098.6740
v 20000.0000 -1000.0000 18836.2780
v 18555.9660 100.0000 18205.5740
v 20000.0000 100.0000 19170.4470
v 18555.9660 0.0000 18205.5740
v 20000.0000 -1000.0000 19170.4470
v 18481.7230 100.0000 18305.6790
v 20000.0000 100.0000 19551.6970
v 18481.7230 0.0000 18305.6790
v 20000.0000 -1000.0000 19551.6970
v 18398.0260 100.0000 18398.0260
v 20000.0000 100.0000 20000.0000
v 18398.0260 0.0000 18398.0260
v 20000.0000 -1000.0000 20000.0000
v 18305.6790 100.0000 18481.7230
v 19551.6970 100.0000 20000.0000
v 18305.6790 0.0000 18481.7230
v 19551.6970 -1000.0000 20000.0000
v 18205.5740 100.0000 18555.9660
v 19170.4470 100.0000 20000.0000
v 18205.5740 0.0000 18555.9660
v 19170.4470 -1000.0000 20000.0000
v 18098.6740 100.0000 18620.0400
v 18836.2780 100.0000 20000.0000
v 18098.6740 0.0000 18620.0400
v 18836.2780 -1000.0000 20000.0000
v 17986.0080 100.0000 18673.3270
v 18535.5340 100.0000 20000.0000
v 17986.0080 0.0000 18673.3270
v 18535.5340 -1000.0000 20000.0000
v 17868.6620 100.0000 18715.3140
v 18258.3670 100.0000 20000.0000
v 17868.6620 0.0000 18715.3140
v 18258.3670 -1000.0000 20000.0000
v 17747.7650 100.0000 18745.5970
v 17997.2810 100.0000 20000.0000
v 17747.7650 0.0000 18745.5970
v 17997.2810 -1000.0000 20000.0000
v 17624.4820 100.0000 18763.8850
v 17746.2290 100.0000 20000.0000
v 17624.4820 0.0000 18763.8850
v 17746.2290 -1000.0000 20000.0000
v 17500.0000 100.0000 18770.0000
v 17500.0000 100.0000 20000.0000
v 17500.0000 0.0000 18770.0000
v 17500.0000 -1000.0000 20000.0000
v 17375.5180 100.0000 18763.8850
v 17253.7710 100.0000 20000.0000
v 17375.5180 0.0000 18763.8850
v 17253.7710 -1000.0000 20000.0000
v 17252.2350 100.0000 18745.5970
v 17002.7190 100.0000 20000.0000
v 17252.2350 0.0000 18745.5970
v 17002.7190 -1000.0000 20000.0000
v 17131.3380 100.0000 18715.3140
v 16741.6330 100.0000 20000.0000
v 17131.3380 0.0000 18715.3140
v 16741.6330 -1000.0000 20000.0000
v 17013.9920 100.0000 18673.3270
v 16464.4660 100.0000 20000.0000
v 17013.9920 0.0000 18673.3270
v 16464.4660 -1000.0000 20000.0000
v 16901.3260 100.0000 18620.0400
v 16163.7220 100.0000 20000.0000
v 16901.3260 0.0000 18620.0400
v 16163.7220 -1000.0000 20000.0000
v 16794.4260 100.0000 18555.9660
v 15829.5530 100.0000 20000.0000
v 16794.4260 0.0000 18555.9660
v 15829.5530 -1000.0000 20000.0000
v 16694.3210 100.0000 18481.7230
v 15448.3030 100.0000 20000.0000
v 16694.3210 0.0000 18481.7230
v 15448.3030 -1000.0000 20000.0000
v 16601.9740 100.0000 18398.0260
v 16601.9740 0.0000 18398.0260
v 16518.2770 100.0000 18305.6790
v 16518.2770 0.0000 18305.6790
v 16444.0340 100.0000 18205.5740
v 16444.0340 0.0000 18205.5740
v 16379.9600 100.0000 18098.6740
v 16379.9600 0.0000 18098.6740
v 16326.6730 100.0000 17986.0080
v 16326.6730 0.0000 17986.0080
v 16284.6860 100.0000 17868.6620
v 16284.6860 0.0000 17868.6620
v 16254.4030 100.0000 17747.7650
v 16254.4030 0.0000 17747.7650
v 16236.1150 100.0000 17624.4820
v 16236.1150 0.0000 17624.4820
v 16230.0000 100.0000 17500.0000
v 16230.0000 0.0000 17500.0000
v 16236.1150 100.0000 17375.5180
v 16236.1150 0.0000 17375.5180
v 16254.4030 100.0000 17252.2350
v 16254.4030 0.0000 17252.2350
v 16284.6860 100.0000 17131.3380
v 16284.6860 0.0000 17131.3380
v 16326.6730 100.0000 17013.9920
v 16326.6730 0.0000 17013.9920
v 16379.9600 100.0000 16901.3260
v 16379.9600 0.0000 16901.3260
v 16444.0340 100.0000 16794.4260
v 16444.0340 0.0000 16794.4260
v 16518.2770 100.0000 16694.3210
v 16518.2770 0.0000 16694.3210
v 16601.9740 100.0000 16601.9740
v 16601.9740 0.0000 16601.9740
v 16694.3210 100.0000 16518.2770
v 16694.3210 0.0000 16518.2770
v 16794.4260 100.0000 16444.0340
v 16794.4260 0.0000 16444.0340
v 16901.3260 100.0000 16379.9600
v 16901.3260 0.0000 16379.9600
v 17013.9920 100.0000 16326.6730
v 17013.9920 0.0000 16326.6730
v 17131.3380 100.0000 16284.6860
v 17131.3380 0.0000 16284.6860
v 17252.2350 100.0000 16254.4030
v 17252.2350 0.0000 16254.4030
v 17375.5180 100.0000 16236.1150
v 17375.5180 0.0000 16236.1150
v 17500.0000 100.0000 16230.0000
v 17500.0000 0.0000 16230.0000
v 17624.4820 100.0000 16236.1150
v 17624.4820 0.0000 16236.1150
v 17747.7650 100.0000 16254.4030
v 17747.7650 0.0000 16254.4030
v 17868.6620 100.0000 16284.6860
v 17868.6620 0.0000 16284.6860
v 17986.0080 100.0000 16326.6730
v 17986.0080 0.0000 16326.6730
v 18098.6740 100.0000 16379.9600
v 18098.6740 0.0000 16379.9600
v 18205.5740 100.0000 16444.0340
v 18205.5740 0.0000 16444.0340
v 18305.6790 100.0000 16518.2770
v 18305.6790 0.0000 16518.2770
v 18398.0260 100.0000 16601.9740
v 18398.0260 0.0000 16601.9740
v 18481.7230 100.0000 16694.3210
v 20000.0000 100.0000 15448.3030
v 18481.7230 0.0000 16694.3210
v 20000.0000 -1000.0000 15448.3030
v 18555.9660 100.0000 16794.4260
v 20000.0000 100.0000 15829.5530
v 18555.9660 0.0000 16794.4260
v 20000.0000 -1000.0000 15829.5530
v 18620.0400 100.0000 16901.3260
v 20000.0000 100.0000 16163.7220
v 18620.0400 0.0000 16901.3260
v 20000.0000 -1000.0000 16163.7220
v 18673.3270 100.0000 17013.9920
v 20000.0000 100.0000 16464.4660
v 18673.3270 0.0000 17013.9920
v 20000.0000 -1000.0000 16464.4660
v 18715.3140 100.0000 17131.3380
v 20000.0000 100.0000 16741.6330
v 18715.3140 0.0000 17131.3380
v 20000.0000 -1000.0000 16741.6330
v 18745.5970 100.0000 17252.2350
v 20000.0000 100.0000 17002.7190
v 18745.5970 0.0000 17252.2350
v 20000.0000 -1000.0000 17002.7190
v 18763.8850 100.0000 17375.5180
v 20000.0000 100.0000 17253.7710
v 18763.8850 0.0000 17375.5180
v 20000.0000 -1000.0000 17253.7710
f 1 4 3
f 1 2 4
f 1 6 2
f 1 5 6
f 7 6 5
f 10 8 9
f 2 12 4
f 2 11 12
f 2 13 11
f 2 6 13
f 7 13 6
f 10 9 14
f 11 16 12
f 11 15 16
f 11 17 15
f 11 13 17
f 7 17 13
f 10 14 18
f 15 20 16
f 15 19 20
f 15 21 19
f 15 17 21
f 7 21 17
f 10 18 22
f 19 24 20
f 19 23 24
f 19 25 23
f 19 21 25
f 7 25 21
f 10 22 26
f 23 28 24
f 23 27 28
f 23 29 27
f 23 25 29
f 7 29 25
f 10 26 30
f 27 32 28
f 27 31 32
f 27 33 31
f 27 29 33
f 7 33 29
f 10 30 34
f 31 36 32
f 31 35 36
f 31 37 35
f 31 33 37
f 7 37 33
f 10 34 38
f 35 40 36
f 35 39 40
f 35 41 39
f 35 37 41
f 7 41 37
f 10 38 42
f 39 44 40
f 39 43 44
f 39 45 43
f 39 41 45
f 7 45 41
f 10 42 46
f 43 48 44
f 43 47 48
f 43 49 47
f 43 45 49
f 7 49 45
f 10 46 50
f 47 52 48
f 47 51 52
f 47 53 51
f 47 49 53
f 7 53 49
f 10 50 54
f 51 56 52
f 51 55 56
f 51 57 55
f 51 53 57
f 7 57 53
f 10 54 58
f 55 60 56
f 55 59 60
f 55 61 59
f 55 57 61
f 7 61 57
f 10 58 62
f 59 64 60
f 59 63 64
f 59 65 63
f 59 61 65
f 7 65 61
f 10 62 66
f 63 68 64
f 63 67 68
f 63 69 67
f 63 65 69
f 7 69 65
f 10 66 70
f 67 72 68
f 67 71 72
f 67 73 71
f 67 69 73
f 7 73 69
f 10 70 74
f 71 76 72
f 71 75 76
f 71 77 75
f 71 73 77
f 7 77 73
f 10 74 78
f 75 80 76
f 75 79 80
f 75 81 79
f 75 77 81
f 7 81 77
f 10 78 82
f 79 84 80
f 79 83 84
f 79 85 83
f 79 81 85
f 7 85 81
f 10 82 86
f 83 88 84
f 83 87 88
f 83 89 87
f 83 85 89
f 7 89 85
f 10 86 90
f 87 92 88
f 87 91 92
f 87 93 91
f 87 89 93
f 7 93 89
f 10 90 94
f 91 96 92
f 91 95 96
f 91 97 95
f 91 93 97
f 7 97 93
f 10 94 98
f 95 100 96
f 95 99 100
f 95 101 99
f 95 97 101
f 7 101 97
f 10 98 102
f 99 104 100
f 99 103 104
f 99 105 103
f 99 101 105
f 7 105 101
f 10 102 106
f 100 106 102
f 100 104 106
f 103 108 104
f 103 107 108
f 103 109 107
f 103 105 109
f 7 109 105
f 10 106 110
f 104 110 106
f 104 108 110
f 107 112 108
f 107 111 112
f 107 113 111
f 107 109 113
f 7 113 109
f 10 110 114
f 108 114 110
f 108 112 114
f 111 116 112
f 111 115 116
f 111 117 115
f 111 113 117
f 7 117 113
f 10 114 118
f 112 118 114
f 112 116 118
f 115 120 116
f 115 119 120
f 115 121 119
f 115 117 121
f 7 121 117
f 10 118 122
f 116 122 118
f 116 120 122
f 119 124 120
f 119 123 124
f 119 125 123
f 119 121 125
f 7 125 121
f 10 122 126
f 120 126 122
f 120 124 126
f 123 128 124
f 123 127 128
f 123 129 127
f 123 125 129
f 7 129 125
f 10 126 130
f 124 130 126
f 124 128 130
f 127 132 128
f 127 131 132
f 127 133 131
f 127 129 133
f 7 133 129
f 10 130 134
f 128 134 130
f 128 132 134
f 131 136 132
f 131 135 136
f 131 137 135
f 131 133 137
f 7 137 133
f 10 134 138
f 132 138 134
f 132 136 138
f 135 140 136
f 135 139 140
f 135 141 139
f 135 137 141
f 7 141 137
f 10 138 142
f 136 142 138
f 136 140 142
f 139 144 140
f 139 143 144
f 139 145 143
f 139 141 145
f 7 145 141
f 10 142 146
f 140 146 142
f 140 144 146
f 143 148 144
f 143 147 148
f 143 149 147
f 143 145 149
f 7 149 145
f 10 146 150
f 144 150 146
f 144 148 150
f 147 152 148
f 147 151 152
f 147 153 151
f 147 149 153
f 7 153 149
f 10 150 154
f 148 154 150
f 148 152 154
f 151 156 152
f 151 155 156
f 151 157 155
f 151 153 157
f 7 157 153
f 10 154 158
f 152 158 154
f 152 156 158
f 155 160 156
f 155 159 160
f 155 161 159
f 155 157 161
f 7 161 157
f 10 158 162
f 156 162 158
f 156 160 162
f 159 164 160
f 159 163 164
f 159 165 163
f 159 161 165
f 7 165 161
f 10 162 166
f 160 166 162
f 160 164 166
f 163 168 164
f 163 167 168
f 163 169 167
f 163 165 169
f 7 169 165
f 10 166 170
f 164 170 166
f 164 168 170
f 167 172 168
f 167 171 172
f 167 173 171
f 167 169 173
f 7 173 169
f 10 170 174
f 168 174 170
f 168 172 174
f 171 176 172
f 171 175 176
f 171 177 175
f 171 173 177
f 7 177 173
f 10 174 178
f 172 178 174
f 172 176 178
f 175 180 176
f 175 179 180
f 175 181 179
f 175 177 181
f 7 181 177
f 10 178 182
f 176 182 178
f 176 180 182
f 179 184 180
f 179 183 184
f 179 185 183
f 179 181 185
f 7 185 181
f 10 182 186
f 180 186 182
f 180 184 186
f 183 188 184
f 183 187 188
f 183 189 187
f 183 185 189
f 7 189 185
f 10 186 190
f 184 190 186
f 184 188 190
f 187 192 188
f 187 191 192
f 187 193 191
f 187 189 193
f 7 193 189
f 10 190 194
f 188 194 190
f 188 192 194
f 191 196 192
f 191 195 196
f 191 197 195
f 191 193 197
f 7 197 193
f 10 194 198
f 192 198 194
f 192 196 198
f 195 200 196
f 195 199 200
f 195 201 199
f 195 197 201
f 7 201 197
f 10 198 202
f 196 202 198
f 196 200 202
f 199 204 200
f 199 203 204
f 199 205 203
f 199 201 205
f 7 205 201
f 10 202 206
f 200 206 202
f 200 204 206
f 203 208 204
f 203 207 208
f 203 209 207
f 203 205 209
f 7 209 205
f 10 206 210
f 204 210 206
f 204 208 210
f 207 212 208
f 207 211 212
f 207 213 211
f 207 209 213
f 7 213 209
f 10 210 214
f 208 214 210
f 208 212 214
f 211 216 212
f 211 215 216
f 211 217 215
f 211 213 217
f 7 217 213
f 10 214 218
f 212 218 214
f 212 216 218
f 215 220 216
f 215 219 220
f 215 221 219
f 215 217 221
f 7 221 217
f 10 218 222
f 216 222 218
f 216 220 222
f 219 224 220
f 219 223 224
f 219 225 223
f 219 221 225
f 7 225 221
f 10 222 226
f 220 226 222
f 220 224 226
f 223 228 224
f 223 227 228
f 223 229 227
f 223 225 229
f 7 229 225
f 10 226 230
f 224 230 226
f 224 228 230
f 227 232 228
f 227 231 232
f 227 233 231
f 227 229 233
f 7 233 229
f 10 230 234
f 231 236 232
f 231 235 236
f 231 237 235
f 231 233 237
f 7 237 233
f 10 234 238
f 235 240 236
f 235 239 240
f 235 241 239
f 235 237 241
f 7 241 237
f 10 238 242
f 239 244 240
f 239 243 244
f 239 245 243
f 239 241 245
f 7 245 241
f 10 242 246
f 243 248 244
f 243 247 248
f 243 249 247
f 243 245 249
f 7 249 245
f 10 246 250
f 247 252 248
f 247 251 252
f 247 253 251
f 247 249 253
f 7 253 249
f 10 250 254
f 251 256 252
f 251 255 256
f 251 257 255
f 251 253 257
f 7 257 253
f 10 254 258
f 255 3 256
f 255 1 3
f 255 5 1
f 255 257 5
f 7 5 257
f 10 258 8
f 259 262 261
f 259 260 262
f 259 264 260
f 259 263 264
f 265 264 263
f 268 266 267
f 260 270 262
f 260 269 270
f 260 271 269
f 260 264 271
f 265 271 264
f 268 267 272
f 269 274 270
f 269 273 274
f 269 275 273
f 269 271 275
f 265 275 271
f 268 272 276
f 273 278 274
f 273 277 278
f 273 279 277
f 273 275 279
f 265 279 275
f 268 276 280
f 277 282 278
f 277 281 282
f 277 283 281
f 277 279 283
f 265 283 279
f 268 280 284
f 281 286 282
f 281 285 286
f 281 287 285
f 281 283 287
f 265 287 283
f 268 284 288
f 285 290 286
f 285 289 290
f 285 291 289
f 285 287 291
f 265 291 287
f 268 288 292
f 289 294 290
f 289 293 294
f 289 295 293
f 289 291 295
f 265 295 291
f 268 292 296
f 293 298 294
f 293 297 298
f 293 299 297
f 293 295 299
f 265 299 295
f 268 296 300
f 297 302 298
f 297 301 302
f 297 303 301
f 297 299 303
f 265 303 299
f 268 300 304
f 301 306 302
f 301 305 306
f 301 307 305
f 301 303 307
f 265 307 303
f 268 304 308
f 305 310 306
f 305 309 310
f 305 311 309
f 305 307 311
f 265 311 307
f 268 308 312
f 309 314 310
f 309 313 314
f 309 315 313
f 309 311 315
f 265 315 311
f 268 312 316
f 313 318 314
f 313 317 318
f 313 319 317
f 313 315 319
f 265 319 315
f 268 316 320
f 317 322 318
f 317 321 322
f 317 323 321
f 317 319 323
f 265 323 319
f 268 320 324
f 321 326 322
f 321 325 326
f 321 327 325
f 321 323 327
f 265 327 323
f 268 324 328
f 325 330 326
f 325 329 330
f 325 331 329
f 325 327 331
f 265 331 327
f 268 328 332
f 329 334 330
f 329 333 334
f 329 335 333
f 329 331 335
f 265 335 331
f 268 332 336
f 333 338 334
f 333 337 338
f 333 339 337
f 333 335 339
f 265 339 335
f 268 336 340
f 337 342 338
f 337 341 342
f 337 343 341
f 337 339 343
f 265 343 339
f 268 340 344
f 341 346 342
f 341 345 346
f 341 347 345
f 341 343 347
f 265 347 343
f 268 344 348
f 345 350 346
f 345 349 350
f 345 351 349
f 345 347 351
f 265 351 347
f 268 348 352
f 349 354 350
f 349 353 354
f 349 355 353
f 349 351 355
f 265 355 351
f 268 352 356
f 353 358 354
f 353 357 358
f 353 359 357
f 353 355 359
f 265 359 355
f 268 356 360
f 357 362 358
f 357 361 362
f 357 363 361
f 357 359 363
f 265 363 359
f 268 360 364
f 358 364 360
f 358 362 364
f 361 366 362
f 361 365 366
f 361 367 365
f 361 363 367
f 265 367 363
f 268 364 368
f 362 368 364
f 362 366 368
f 365 370 366
f 365 369 370
f 365 371 369
f 365 367 371
f 265 371 367
f 268 368 372
f 366 372 368
f 366 370 372
f 369 374 370
f 369 373 374
f 369 375 373
f 369 371 375
f 265 375 371
f 268 372 376
f 370 376 372
f 370 374 376
f 373 378 374
f 373 377 378
f 373 379 377
f 373 375 379
f 265 379 375
f 268 376 380
f 374 380 376
f 374 378 380
f 377 382 378
f 377 381 382
f 377 383 381
f 377 379 383
f 265 383 379
f 268 380 384
f 378 384 380
f 378 382 384
f 381 386 382
f 381 385 386
f 381 387 385
f 381 383 387
f 265 387 383
f 268 384 388
f 382 388 384
f 382 386 388
f 385 390 386
f 385 389 390
f 385 391 389
f 385 387 391
f 265 391 387
f 268 388 392
f 386 392 388
f 386 390 392
f 389 394 390
f 389 393 394
f 389 395 393
f 389 391 395
f 265 395 391
f 268 392 396
f 390 396 392
f 390 394 396
f 393 398 394
f 393 397 398
f 393 399 397
f 393 395 399
f 265 399 395
f 268 396 400
f 394 400 396
f 394 398 400
f 397 402 398
f 397 401 402
f 397 403 401
f 397 399 403
f 265 403 399
f 268 400 404
f 398 404 400
f 398 402 404
f 401 406 402
f 401 405 406
f 401 407 405
f 401 403 407
f 265 407 403
f 268 404 408
f 402 408 404
f 402 406 408
f 405 410 406
f 405 409 410
f 405 411 409
f 405 407 411
f 265 411 407
f 268 408 412
f 406 412 408
f 406 410 412
f 409 414 410
f 409 413 414
f 409 415 413
f 409 411 415
f 265 415 411
f 268 412 416
f 410 416 412
f 410 414 416
f 413 418 414
f 413 417 418
f 413 419 417
f 413 415 419
f 265 419 415
f 268 416 420
f 414 420 416
f 414 418 420
f 417 100 418
f 417 421 100
f 417 422 421
f 417 419 422
f 265 422 419
f 268 420 102
f 418 102 420
f 418 100 102
f 421 96 100
f 421 423 96
f 421 424 423
f 421 422 424
f 265 424 422
f 268 102 98
f 423 92 96
f 423 425 92
f 423 426 425
f 423 424 426
f 265 426 424
f 268 98 94
f 425 88 92
f 425 427 88
f 425 428 427
f 425 426 428
f 265 428 426
f 268 94 90
f 427 84 88
f 427 429 84
f 427 430 429
f 427 428 430
f 265 430 428
f 268 90 86
f 429 80 84
f 429 431 80
f 429 432 431
f 429 430 432
f 265 432 430
f 268 86 82
f 431 76 80
f 431 433 76
f 431 434 433
f 431 432 434
f 265 434 432
f 268 82 78
f 433 72 76
f 433 435 72
f 433 436 435
f 433 434 436
f 265 436 434
f 268 78 74
f 435 68 72
f 435 437 68
f 435 438 437
f 435 436 438
f 265 438 436
f 268 74 70
f 437 64 68
f 437 439 64
f 437 440 439
f 437 438 440
f 265 440 438
f 268 70 66
f 439 60 64
f 439 441 60
f 439 442 441
f 439 440 442
f 265 442 440
f 268 66 62
f 441 56 60
f 441 443 56
f 441 444 443
f 441 442 444
f 265 444 442
f 268 62 58
f 443 52 56
f 443 445 52
f 443 446 445
f 443 444 446
f 265 446 444
f 268 58 54
f 445 48 52
f 445 447 48
f 445 448 447
f 445 446 448
f 265 448 446
f 268 54 50
f 447 44 48
f 447 449 44
f 447 450 449
f 447 448 450
f 265 450 448
f 268 50 46
f 449 40 44
f 449 451 40
f 449 452 451
f 449 450 452
f 265 452 450
f 268 46 42
f 451 36 40
f 451 453 36
f 451 454 453
f 451 452 454
f 265 454 452
f 268 42 38
f 453 456 36
f 453 455 456
f 453 457 455
f 453 454 457
f 265 457 454
f 268 38 458
f 455 460 456
f 455 459 460
f 455 461 459
f 455 457 461
f 265 461 457
f 268 458 462
f 459 464 460
f 459 463 464
f 459 465 463
f 459 461 465
f 265 465 461
f 268 462 466
f 463 468 464
f 463 467 468
f 463 469 467
f 463 465 469
f 265 469 465
f 268 466 470
f 467 472 468
f 467 471 472
f 467 473 471
f 467 469 473
f 265 473 469
f 268 470 474
f 471 476 472
f 471 475 476
f 471 477 475
f 471 473 477
f 265 477 473
f 268 474 478
f 475 480 476
f 475 479 480
f 475 481 479
f 475 477 481
f 265 481 477
f 268 478 482
f 479 261 480
f 479 259 261
f 479 263 259
f 479 481 263
f 265 263 481
f 268 482 266
f 483 486 485
f 483 484 486
f 483 488 484
f 483 487 488
f 489 488 487
f 492 490 491
f 484 494 486
f 484 493 494
f 484 495 493
f 484 488 495
f 489 495 488
f 492 491 496
f 493 498 494
f 493 497 498
f 493 499 497
f 493 495 499
f 489 499 495
f 492 496 500
f 497 502 498
f 497 501 502
f 497 503 501
f 497 499 503
f 489 503 499
f 492 500 504
f 501 506 502
f 501 505 506
f 501 507 505
f 501 503 507
f 489 507 503
f 492 504 508
f 505 510 506
f 505 509 510
f 505 511 509
f 505 507 511
f 489 511 507
f 492 508 512
f 509 514 510
f 509 513 514
f 509 515 513
f 509 511 515
f 489 515 511
f 492 512 516
f 513 518 514
f 513 517 518
f 513 519 517
f 513 515 519
f 489 519 515
f 492 516 520
f 517 522 518
f 517 521 522
f 517 523 521
f 517 519 523
f 489 523 519
f 492 520 524
f 521 526 522
f 521 525 526
f 521 527 525
f 521 523 527
f 489 527 523
f 492 524 528
f 525 530 526
f 525 529 530
f 525 531 529
f 525 527 531
f 489 531 527
f 492 528 532
f 529 534 530
f 529 533 534
f 529 535 533
f 529 531 535
f 489 535 531
f 492 532 536
f 533 538 534
f 533 537 538
f 533 539 537
f 533 535 539
f 489 539 535
f 492 536 540
f 537 542 538
f 537 541 542
f 537 543 541
f 537 539 543
f 489 543 539
f 492 540 544
f 541 546 542
f 541 545 546
f 541 547 545
f 541 543 547
f 489 547 543
f 492 544 548
f 545 550 546
f 545 549 550
f 545 551 549
f 545 547 551
f 489 551 547
f 492 548 552
f 549 554 550
f 549 553 554
f 549 555 553
f 549 551 555
f 489 555 551
f 492 552 556
f 553 558 554
f 553 557 558
f 553 559 557
f 553 555 559
f 489 559 555
f 492 556 560
f 557 562 558
f 557 561 562
f 557 563 561
f 557 559 563
f 489 563 559
f 492 560 564
f 561 566 562
f 561 565 566
f 561 567 565
f 561 563 567
f 489 567 563
f 492 564 568
f 565 570 566
f 565 569 570
f 565 571 569
f 565 567 571
f 489 571 567
f 492 568 572
f 569 574 570
f 569 573 574
f 569 575 573
f 569 571 575
f 489 575 571
f 492 572 576
f 573 578 574
f 573 577 578
f 573 579 577
f 573 575 579
f 489 579 575
f 492 576 580
f 577 582 578
f 577 581 582
f 577 583 581
f 577 579 583
f 489 583 579
f 492 580 584
f 581 586 582
f 581 585 586
f 581 587 585
f 581 583 587
f 489 587 583
f 492 584 588
f 582 588 584
f 582 586 588
f 585 590 586
f 585 589 590
f 585 591 589
f 585 587 591
f 489 591 587
f 492 588 592
f 586 592 588
f 586 590 592
f 589 594 590
f 589 593 594
f 589 595 593
f 589 591 595
f 489 595 591
f 492 592 596
f 590 596 592
f 590 594 596
f 593 598 594
f 593 597 598
f 593 599 597
f 593 595 599
f 489 599 595
f 492 596 600
f 594 600 596
f 594 598 600
f 597 602 598
f 597 601 602
f 597 603 601
f 597 599 603
f 489 603 599
f 492 600 604
f 598 604 600
f 598 602 604
f 601 606 602
f 601 605 606
f 601 607 605
f 601 603 607
f 489 607 603
f 492 604 608
f 602 608 604
f 602 606 608
f 605 610 606
f 605 609 610
f 605 611 609
f 605 607 611
f 489 611 607
f 492 608 612
f 606 612 608
f 606 610 612
f 609 614 610
f 609 613 614
f 609 615 613
f 609 611 615
f 489 615 611
f 492 612 616
f 610 616 612
f 610 614 616
f 613 618 614
f 613 617 618
f 613 619 617
f 613 615 619
f 489 619 615
f 492 616 620
f 614 620 616
f 614 618 620
f 617 622 618
f 617 621 622
f 617 623 621
f 617 619 623
f 489 623 619
f 492 620 624
f 618 624 620
f 618 622 624
f 621 626 622
f 621 625 626
f 621 627 625
f 621 623 627
f 489 627 623
f 492 624 628
f 622 628 624
f 622 626 628
f 625 630 626
f 625 629 630
f 625 631 629
f 625 627 631
f 489 631 627
f 492 628 632
f 626 632 628
f 626 630 632
f 629 634 630
f 629 633 634
f 629 635 633
f 629 631 635
f 489 635 631
f 492 632 636
f 630 636 632
f 630 634 636
f 633 638 634
f 633 637 638
f 633 639 637
f 633 635 639
f 489 639 635
f 492 636 640
f 634 640 636
f 634 638 640
f 637 642 638
f 637 641 642
f 637 643 641
f 637 639 643
f 489 643 639
f 492 640 644
f 638 644 640
f 638 642 644
f 641 358 642
f 641 645 358
f 641 646 645
f 641 643 646
f 489 646 643
f 492 644 360
f 642 360 644
f 642 358 360
f 645 354 358
f 645 647 354
f 645 648 647
f 645 646 648
f 489 648 646
f 492 360 356
f 647 350 354
f 647 649 350
f 647 650 649
f 647 648 650
f 489 650 648
f 492 356 352
f 649 346 350
f 649 651 346
f 649 652 651
f 649 650 652
f 489 652 650
f 492 352 348
f 651 342 346
f 651 653 342
f 651 654 653
f 651 652 654
f 489 654 652
f 492 348 344
f 653 338 342
f 653 655 338
f 653 656 655
f 653 654 656
f 489 656 654
f 492 344 340
f 655 334 338
f 655 657 334
f 655 658 657
f 655 656 658
f 489 658 656
f 492 340 336
f 657 330 334
f 657 659 330
f 657 660 659
f 657 658 660
f 489 660 658
f 492 336 332
f 659 326 330
f 659 661 326
f 659 662 661
f 659 660 662
f 489 662 660
f 492 332 328
f 661 322 326
f 661 663 322
f 661 664 663
f 661 662 664
f 489 664 662
f 492 328 324
f 663 318 322
f 663 665 318
f 663 666 665
f 663 664 666
f 489 666 664
f 492 324 320
f 665 314 318
f 665 667 314
f 665 668 667
f 665 666 668
f 489 668 666
f 492 320 316
f 667 310 314
f 667 669 310
f 667 670 669
f 667 668 670
f 489 670 668
f 492 316 312
f 669 306 310
f 669 671 306
f 669 672 671
f 669 670 672
f 489 672 670
f 492 312 308
f 671 302 306
f 671 673 302
f 671 674 673
f 671 672 674
f 489 674 672
f 492 308 304
f 673 298 302
f 673 675 298
f 673 676 675
f 673 674 676
f 489 676 674
f 492 304 300
f 675 294 298
f 675 677 294
f 675 678 677
f 675 676 678
f 489 678 676
f 492 300 296
f 677 680 294
f 677 679 680
f 677 681 679
f 677 678 681
f 489 681 678
f 492 296 682
f 679 684 680
f 679 683 684
f 679 685 683
f 679 681 685
f 489 685 681
f 492 682 686
f 683 688 684
f 683 687 688
f 683 689 687
f 683 685 689
f 489 689 685
f 492 686 690
f 687 692 688
f 687 691 692
f 687 693 691
f 687 689 693
f 489 693 689
f 492 690 694
f 691 696 692
f 691 695 696
f 691 697 695
f 691 693 697
f 489 697 693
f 492 694 698
f 695 700 696
f 695 699 700
f 695 701 699
f 695 697 701
f 489 701 697
f 492 698 702
f 699 704 700
f 699 703 704
f 699 705 703
f 699 701 705
f 489 705 701
f 492 702 706
f 703 485 704
f 703 483 485
f 703 487 483
f 703 705 487
f 489 487 705
f 492 706 490
f 707 710 709
f 707 708 710
f 707 712 708
f 707 711 712
f 713 712 711
f 716 714 715
f 708 718 710
f 708 717 718
f 708 719 717
f 708 712 719
f 713 719 712
f 716 715 720
f 717 722 718
f 717 721 722
f 717 723 721
f 717 719 723
f 713 723 719
f 716 720 724
f 721 726 722
f 721 725 726
f 721 727 725
f 721 723 727
f 713 727 723
f 716 724 728
f 725 730 726
f 725 729 730
f 725 731 729
f 725 727 731
f 713 731 727
f 716 728 732
f 729 734 730
f 729 733 734
f 729 735 733
f 729 731 735
f 713 735 731
f 716 732 736
f 733 738 734
f 733 737 738
f 733 739 737
f 733 735 739
f 713 739 735
f 716 736 740
f 737 742 738
f 737 741 742
f 737 743 741
f 737 739 743
f 713 743 739
f 716 740 744
f 741 746 742
f 741 745 746
f 741 747 745
f 741 743 747
f 713 747 743
f 716 744 748
f 742 748 744
f 742 746 748
f 745 750 746
f 745 749 750
f 745 751 749
f 745 747 751
f 713 751 747
f 716 748 752
f 746 752 748
f 746 750 752
f 749 754 750
f 749 753 754
f 749 755 753
f 749 751 755
f 713 755 751
f 716 752 756
f 750 756 752
f 750 754 756
f 753 758 754
f 753 757 758
f 753 759 757
f 753 755 759
f 713 759 755
f 716 756 760
f 754 760 756
f 754 758 760
f 757 762 758
f 757 761 762
f 757 763 761
f 757 759 763
f 713 763 759
f 716 760 764
f 758 764 760
f 758 762 764
f 761 766 762
f 761 765 766
f 761 767 765
f 761 763 767
f 713 767 763
f 716 764 768
f 762 768 764
f 762 766 768
f 765 770 766
f 765 769 770
f 765 771 769
f 765 767 771
f 713 771 767
f 716 768 772
f 766 772 768
f 766 770 772
f 769 774 770
f 769 773 774
f 769 775 773
f 769 771 775
f 713 775 771
f 716 772 776
f 770 776 772
f 770 774 776
f 773 778 774
f 773 777 778
f 773 779 777
f 773 775 779
f 713 779 775
f 716 776 780
f 774 780 776
f 774 778 780
f 777 782 778
f 777 781 782
f 777 783 781
f 777 779 783
f 713 783 779
f 716 780 784
f 778 784 780
f 778 782 784
f 781 786 782
f 781 785 786
f 781 787 785
f 781 783 787
f 713 787 783
f 716 784 788
f 782 788 784
f 782 786 788
f 785 790 786
f 785 789 790
f 785 791 789
f 785 787 791
f 713 791 787
f 716 788 792
f 786 792 788
f 786 790 792
f 789 794 790
f 789 793 794
f 789 795 793
f 789 791 795
f 713 795 791
f 716 792 796
f 790 796 792
f 790 794 796
f 793 798 794
f 793 797 798
f 793 799 797
f 793 795 799
f 713 799 795
f 716 796 800
f 794 800 796
f 794 798 800
f 797 802 798
f 797 801 802
f 797 803 801
f 797 799 803
f 713 803 799
f 716 800 804
f 798 804 800
f 798 802 804
f 801 806 802
f 801 805 806
f 801 807 805
f 801 803 807
f 713 807 803
f 716 804 808
f 802 808 804
f 802 806 808
f 805 810 806
f 805 809 810
f 805 811 809
f 805 807 811
f 713 811 807
f 716 808 812
f 806 812 808
f 806 810 812
f 809 814 810
f 809 813 814
f 809 815 813
f 809 811 815
f 713 815 811
f 716 812 816
f 810 816 812
f 810 814 816
f 813 818 814
f 813 817 818
f 813 819 817
f 813 815 819
f 713 819 815
f 716 816 820
f 814 820 816
f 814 818 820
f 817 822 818
f 817 821 822
f 817 823 821
f 817 819 823
f 713 823 819
f 716 820 824
f 818 824 820
f 818 822 824
f 821 826 822
f 821 825 826
f 821 827 825
f 821 823 827
f 713 827 823
f 716 824 828
f 822 828 824
f 822 826 828
f 825 830 826
f 825 829 830
f 825 831 829
f 825 827 831
f 713 831 827
f 716 828 832
f 826 832 828
f 826 830 832
f 829 834 830
f 829 833 834
f 829 835 833
f 829 831 835
f 713 835 831
f 716 832 836
f 830 836 832
f 830 834 836
f 833 838 834
f 833 837 838
f 833 839 837
f 833 835 839
f 713 839 835
f 716 836 840
f 834 840 836
f 834 838 840
f 837 842 838
f 837 841 842
f 837 843 841
f 837 839 843
f 713 843 839
f 716 840 844
f 838 844 840
f 838 842 844
f 841 846 842
f 841 845 846
f 841 847 845
f 841 843 847
f 713 847 843
f 716 844 848
f 842 848 844
f 842 846 848
f 845 850 846
f 845 849 850
f 845 851 849
f 845 847 851
f 713 851 847
f 716 848 852
f 846 852 848
f 846 850 852
f 849 854 850
f 849 853 854
f 849 855 853
f 849 851 855
f 713 855 851
f 716 852 856
f 850 856 852
f 850 854 856
f 853 858 854
f 853 857 858
f 853 859 857
f 853 855 859
f 713 859 855
f 716 856 860
f 854 860 856
f 854 858 860
f 857 862 858
f 857 861 862
f 857 863 861
f 857 859 863
f 713 863 859
f 716 860 864
f 858 864 860
f 858 862 864
f 861 866 862
f 861 865 866
f 861 867 865
f 861 863 867
f 713 867 863
f 716 864 868
f 862 868 864
f 862 866 868
f 865 582 866
f 865 869 582
f 865 870 869
f 865 867 870
f 713 870 867
f 716 868 584
f 866 584 868
f 866 582 584
f 869 578 582
f 869 871 578
f 869 872 871
f 869 870 872
f 713 872 870
f 716 584 580
f 871 574 578
f 871 873 574
f 871 874 873
f 871 872 874
f 713 874 872
f 716 580 576
f 873 570 574
f 873 875 570
f 873 876 875
f 873 874 876
f 713 876 874
f 716 576 572
f 875 566 570
f 875 877 566
f 875 878 877
f 875 876 878
f 713 878 876
f 716 572 568
f 877 562 566
f 877 879 562
f 877 880 879
f 877 878 880
f 713 880 878
f 716 568 564
f 879 558 562
f 879 881 558
f 879 882 881
f 879 880 882
f 713 882 880
f 716 564 560
f 881 554 558
f 881 883 554
f 881 884 883
f 881 882 884
f 713 884 882
f 716 560 556
f 883 550 554
f 883 885 550
f 883 886 885
f 883 884 886
f 713 886 884
f 716 556 552
f 885 546 550
f 885 887 546
f 885 888 887
f 885 886 888
f 713 888 886
f 716 552 548
f 887 542 546
f 887 889 542
f 887 890 889
f 887 888 890
f 713 890 888
f 716 548 544
f 889 538 542
f 889 891 538
f 889 892 891
f 889 890 892
f 713 892 890
f 716 544 540
f 891 534 538
f 891 893 534
f 891 894 893
f 891 892 894
f 713 894 892
f 716 540 536
f 893 530 534
f 893 895 530
f 893 896 895
f 893 894 896
f 713 896 894
f 716 536 532
f 895 526 530
f 895 897 526
f 895 898 897
f 895 896 898
f 713 898 896
f 716 532 528
f 897 522 526
f 897 899 522
f 897 900 899
f 897 898 900
f 713 900 898
f 716 528 524
f 899 518 522
f 899 901 518
f 899 902 901
f 899 900 902
f 713 902 900
f 716 524 520
f 901 904 518
f 901 903 904
f 901 905 903
f 901 902 905
f 713 905 902
f 716 520 906
f 903 908 904
f 903 907 908
f 903 909 907
f 903 905 909
f 713 909 905
f 716 906 910
f 907 912 908
f 907 911 912
f 907 913 911
f 907 909 913
f 713 913 909
f 716 910 914
f 911 916 912
f 911 915 916
f 911 917 915
f 911 913 917
f 713 917 913
f 716 914 918
f 915 920 916
f 915 919 920
f 915 921 919
f 915 917 921
f 713 921 917
f 716 918 922
f 919 924 920
f 919 923 924
f 919 925 923
f 919 921 925
f 713 925 921
f 716 922 926
f 923 928 924
f 923 927 928
f 923 929 927
f 923 925 929
f 713 929 925
f 716 926 930
f 927 709 928
f 927 707 709
f 927 711 707
f 927 929 711
f 713 711 929
f 716 930 714
f 931 934 933
f 931 932 934
f 931 936 932
f 931 935 936
f 937 936 935
f 940 938 939
f 932 942 934
f 932 941 942
f 932 943 941
f 932 936 943
f 937 943 936
f 940 939 944
f 941 946 942
f 941 945 946
f 941 947 945
f 941 943 947
f 937 947 943
f 940 944 948
f 945 950 946
f 945 949 950
f 945 951 949
f 945 947 951
f 937 951 947
f 940 948 952
f 949 954 950
f 949 953 954
f 949 955 953
f 949 951 955
f 937 955 951
f 940 952 956
f 953 958 954
f 953 957 958
f 953 959 957
f 953 955 959
f 937 959 955
f 940 956 960
f 957 962 958
f 957 961 962
f 957 963 961
f 957 959 963
f 937 963 959
f 940 960 964
f 961 966 962
f 961 965 966
f 961 967 965
f 961 963 967
f 937 967 963
f 940 964 968
f 965 970 966
f 965 969 970
f 965 971 969
f 965 967 971
f 937 971 967
f 940 968 972
f 969 974 970
f 969 973 974
f 969 975 973
f 969 971 975
f 937 975 971
f 940 972 976
f 973 978 974
f 973 977 978
f 973 979 977
f 973 975 979
f 937 979 975
f 940 976 980
f 977 982 978
f 977 981 982
f 977 983 981
f 977 979 983
f 937 983 979
f 940 980 984
f 981 986 982
f 981 985 986
f 981 987 985
f 981 983 987
f 937 987 983
f 940 984 988
f 985 990 986
f 985 989 990
f 985 991 989
f 985 987 991
f 937 991 987
f 940 988 992
f 989 994 990
f 989 993 994
f 989 995 993
f 989 991 995
f 937 995 991
f 940 992 996
f 993 998 994
f 993 997 998
f 993 999 997
f 993 995 999
f 937 999 995
f 940 996 1000
f 997 1002 998
f 997 1001 1002
f 997 1003 1001
f 997 999 1003
f 937 1003 999
f 940 1000 1004
f 1001 1006 1002
f 1001 1005 1006
f 1001 1007 1005
f 1001 1003 1007
f 937 1007 1003
f 940 1004 1008
f 1005 1010 1006
f 1005 1009 1010
f 1005 1011 1009
f 1005 1007 1011
f 937 1011 1007
f 940 1008 1012
f 1009 1014 1010
f 1009 1013 1014
f 1009 1015 1013
f 1009 1011 1015
f 937 1015 1011
f 940 1012 1016
f 1013 1018 1014
f 1013 1017 1018
f 1013 1019 1017
f 1013 1015 1019
f 937 1019 1015
f 940 1016 1020
f 1017 1022 1018
f 1017 1021 1022
f 1017 1023 1021
f 1017 1019 1023
f 937 1023 1019
f 940 1020 1024
f 1021 1026 1022
f 1021 1025 1026
f 1021 1027 1025
f 1021 1023 1027
f 937 1027 1023
f 940 1024 1028
f 1025 36 1026
f 1025 1029 36
f 1025 1030 1029
f 1025 1027 1030
f 937 1030 1027
f 940 1028 38
f 1029 32 36
f 1029 1031 32
f 1029 1032 1031
f 1029 1030 1032
f 937 1032 1030
f 940 38 34
f 1031 28 32
f 1031 1033 28
f 1031 1034 1033
f 1031 1032 1034
f 937 1034 1032
f 940 34 30
f 1033 24 28
f 1033 1035 24
f 1033 1036 1035
f 1033 1034 1036
f 937 1036 1034
f 940 30 26
f 1035 20 24
f 1035 1037 20
f 1035 1038 1037
f 1035 1036 1038
f 937 1038 1036
f 940 26 22
f 1037 16 20
f 1037 1039 16
f 1037 1040 1039
f 1037 1038 1040
f 937 1040 1038
f 940 22 18
f 1039 12 16
f 1039 1041 12
f 1039 1042 1041
f 1039 1040 1042
f 937 1042 1040
f 940 18 14
f 1041 4 12
f 1041 1043 4
f 1041 1044 1043
f 1041 1042 1044
f 937 1044 1042
f 940 14 9
f 1043 3 4
f 1043 1045 3
f 1043 1046 1045
f 1043 1044 1046
f 937 1046 1044
f 940 9 8
f 1045 256 3
f 1045 1047 256
f 1045 1048 1047
f 1045 1046 1048
f 937 1048 1046
f 940 8 258
f 1047 252 256
f 1047 1049 252
f 1047 1050 1049
f 1047 1048 1050
f 937 1050 1048
f 940 258 254
f 1049 248 252
f 1049 1051 248
f 1049 1052 1051
f 1049 1050 1052
f 937 1052 1050
f 940 254 250
f 1051 244 248
f 1051 1053 244
f 1051 1054 1053
f 1051 1052 1054
f 937 1054 1052
f 940 250 246
f 1053 240 244
f 1053 1055 240
f 1053 1056 1055
f 1053 1054 1056
f 937 1056 1054
f 940 246 242
f 1055 236 240
f 1055 1057 236
f 1055 1058 1057
f 1055 1056 1058
f 937 1058 1056
f 940 242 238
f 1057 232 236
f 1057 1059 232
f 1057 1060 1059
f 1057 1058 1060
f 937 1060 1058
f 940 238 234
f 1059 228 232
f 1059 1061 228
f 1059 1062 1061
f 1059 1060 1062
f 937 1062 1060
f 940 234 230
f 1061 1064 228
f 1061 1063 1064
f 1061 1065 1063
f 1061 1062 1065
f 937 1065 1062
f 940 230 1066
f 228 1066 230
f 228 1064 1066
f 1063 1068 1064
f 1063 1067 1068
f 1063 1069 1067
f 1063 1065 1069
f 937 1069 1065
f 940 1066 1070
f 1064 1070 1066
f 1064 1068 1070
f 1067 1072 1068
f 1067 1071 1072
f 1067 1073 1071
f 1067 1069 1073
f 937 1073 1069
f 940 1070 1074
f 1068 1074 1070
f 1068 1072 1074
f 1071 1076 1072
f 1071 1075 1076
f 1071 1077 1075
f 1071 1073 1077
f 937 1077 1073
f 940 1074 1078
f 1072 1078 1074
f 1072 1076 1078
f 1075 1080 1076
f 1075 1079 1080
f 1075 1081 1079
f 1075 1077 1081
f 937 1081 1077
f 940 1078 1082
f 1076 1082 1078
f 1076 1080 1082
f 1079 1084 1080
f 1079 1083 1084
f 1079 1085 1083
f 1079 1081 1085
f 937 1085 1081
f 940 1082 1086
f 1080 1086 1082
f 1080 1084 1086
f 1083 1088 1084
f 1083 1087 1088
f 1083 1089 1087
f 1083 1085 1089
f 937 1089 1085
f 940 1086 1090
f 1084 1090 1086
f 1084 1088 1090
f 1087 1092 1088
f 1087 1091 1092
f 1087 1093 1091
f 1087 1089 1093
f 937 1093 1089
f 940 1090 1094
f 1088 1094 1090
f 1088 1092 1094
f 1091 1096 1092
f 1091 1095 1096
f 1091 1097 1095
f 1091 1093 1097
f 937 1097 1093
f 940 1094 1098
f 1092 1098 1094
f 1092 1096 1098
f 1095 1100 1096
f 1095 1099 1100
f 1095 1101 1099
f 1095 1097 1101
f 937 1101 1097
f 940 1098 1102
f 1096 1102 1098
f 1096 1100 1102
f 1099 1104 1100
f 1099 1103 1104
f 1099 1105 1103
f 1099 1101 1105
f 937 1105 1101
f 940 1102 1106
f 1100 1106 1102
f 1100 1104 1106
f 1103 1108 1104
f 1103 1107 1108
f 1103 1109 1107
f 1103 1105 1109
f 937 1109 1105
f 940 1106 1110
f 1104 1110 1106
f 1104 1108 1110
f 1107 1112 1108
f 1107 1111 1112
f 1107 1113 1111
f 1107 1109 1113
f 937 1113 1109
f 940 1110 1114
f 1108 1114 1110
f 1108 1112 1114
f 1111 1116 1112
f 1111 1115 1116
f 1111 1117 1115
f 1111 1113 1117
f 937 1117 1113
f 940 1114 1118
f 1112 1118 1114
f 1112 1116 1118
f 1115 1120 1116
f 1115 1119 1120
f 1115 1121 1119
f 1115 1117 1121
f 937 1121 1117
f 940 1118 1122
f 1116 1122 1118
f 1116 1120 1122
f 1119 1124 1120
f 1119 1123 1124
f 1119 1125 1123
f 1119 1121 1125
f 937 1125 1121
f 940 1122 1126
f 1120 1126 1122
f 1120 1124 1126
f 1123 1128 1124
f 1123 1127 1128
f 1123 1129 1127
f 1123 1125 1129
f 937 1129 1125
f 940 1126 1130
f 1127 1132 1128
f 1127 1131 1132
f 1127 1133 1131
f 1127 1129 1133
f 937 1133 1129
f 940 1130 1134
f 1131 1136 1132
f 1131 1135 1136
f 1131 1137 1135
f 1131 1133 1137
f 937 1137 1133
f 940 1134 1138
f 1135 1140 1136
f 1135 1139 1140
f 1135 1141 1139
f 1135 1137 1141
f 937 1141 1137
f 940 1138 1142
f 1139 1144 1140
f 1139 1143 1144
f 1139 1145 1143
f 1139 1141 1145
f 937 1145 1141
f 940 1142 1146
f 1143 1148 1144
f 1143 1147 1148
f 1143 1149 1147
f 1143 1145 1149
f 937 1149 1145
f 940 1146 1150
f 1147 1152 1148
f 1147 1151 1152
f 1147 1153 1151
f 1147 1149 1153
f 937 1153 1149
f 940 1150 1154
f 1151 933 1152
f 1151 931 933
f 1151 935 931
f 1151 1153 935
f 937 935 1153
f 940 1154 938
f 1155 1158 1157
f 1155 1156 1158
f 1155 1160 1156
f 1155 1159 1160
f 1161 1160 1159
f 1164 1162 1163
f 1156 1166 1158
f 1156 1165 1166
f 1156 1167 1165
f 1156 1160 1167
f 1161 1167 1160
f 1164 1163 1168
f 1165 1170 1166
f 1165 1169 1170
f 1165 1171 1169
f 1165 1167 1171
f 1161 1171 1167
f 1164 1168 1172
f 1169 1174 1170
f 1169 1173 1174
f 1169 1175 1173
f 1169 1171 1175
f 1161 1175 1171
f 1164 1172 1176
f 1173 1178 1174
f 1173 1177 1178
f 1173 1179 1177
f 1173 1175 1179
f 1161 1179 1175
f 1164 1176 1180
f 1177 1182 1178
f 1177 1181 1182
f 1177 1183 1181
f 1177 1179 1183
f 1161 1183 1179
f 1164 1180 1184
f 1181 1186 1182
f 1181 1185 1186
f 1181 1187 1185
f 1181 1183 1187
f 1161 1187 1183
f 1164 1184 1188
f 1185 1190 1186
f 1185 1189 1190
f 1185 1191 1189
f 1185 1187 1191
f 1161 1191 1187
f 1164 1188 1192
f 1189 1194 1190
f 1189 1193 1194
f 1189 1195 1193
f 1189 1191 1195
f 1161 1195 1191
f 1164 1192 1196
f 1193 1198 1194
f 1193 1197 1198
f 1193 1199 1197
f 1193 1195 1199
f 1161 1199 1195
f 1164 1196 1200
f 1197 1202 1198
f 1197 1201 1202
f 1197 1203 1201
f 1197 1199 1203
f 1161 1203 1199
f 1164 1200 1204
f 1201 1206 1202
f 1201 1205 1206
f 1201 1207 1205
f 1201 1203 1207
f 1161 1207 1203
f 1164 1204 1208
f 1205 1210 1206
f 1205 1209 1210
f 1205 1211 1209
f 1205 1207 1211
f 1161 1211 1207
f 1164 1208 1212
f 1209 1214 1210
f 1209 1213 1214
f 1209 1215 1213
f 1209 1211 1215
f 1161 1215 1211
f 1164 1212 1216
f 1213 1218 1214
f 1213 1217 1218
f 1213 1219 1217
f 1213 1215 1219
f 1161 1219 1215
f 1164 1216 1220
f 1217 1222 1218
f 1217 1221 1222
f 1217 1223 1221
f 1217 1219 1223
f 1161 1223 1219
f 1164 1220 1224
f 1221 1226 1222
f 1221 1225 1226
f 1221 1227 1225
f 1221 1223 1227
f 1161 1227 1223
f 1164 1224 1228
f 1225 1230 1226
f 1225 1229 1230
f 1225 1231 1229
f 1225 1227 1231
f 1161 1231 1227
f 1164 1228 1232
f 1229 1234 1230
f 1229 1233 1234
f 1229 1235 1233
f 1229 1231 1235
f 1161 1235 1231
f 1164 1232 1236
f 1233 1238 1234
f 1233 1237 1238
f 1233 1239 1237
f 1233 1235 1239
f 1161 1239 1235
f 1164 1236 1240
f 1237 1242 1238
f 1237 1241 1242
f 1237 1243 1241
f 1237 1239 1243
f 1161 1243 1239
f 1164 1240 1244
f 1241 1246 1242
f 1241 1245 1246
f 1241 1247 1245
f 1241 1243 1247
f 1161 1247 1243
f 1164 1244 1248
f 1245 1250 1246
f 1245 1249 1250
f 1245 1251 1249
f 1245 1247 1251
f 1161 1251 1247
f 1164 1248 1252
f 1249 294 1250
f 1249 1253 294
f 1249 1254 1253
f 1249 1251 1254
f 1161 1254 1251
f 1164 1252 296
f 1253 290 294
f 1253 1255 290
f 1253 1256 1255
f 1253 1254 1256
f 1161 1256 1254
f 1164 296 292
f 1255 286 290
f 1255 1257 286
f 1255 1258 1257
f 1255 1256 1258
f 1161 1258 1256
f 1164 292 288
f 1257 282 286
f 1257 1259 282
f 1257 1260 1259
f 1257 1258 1260
f 1161 1260 1258
f 1164 288 284
f 1259 278 282
f 1259 1261 278
f 1259 1262 1261
f 1259 1260 1262
f 1161 1262 1260
f 1164 284 280
f 1261 274 278
f 1261 1263 274
f 1261 1264 1263
f 1261 1262 1264
f 1161 1264 1262
f 1164 280 276
f 1263 270 274
f 1263 1265 270
f 1263 1266 1265
f 1263 1264 1266
f 1161 1266 1264
f 1164 276 272
f 1265 262 270
f 1265 1267 262
f 1265 1268 1267
f 1265 1266 1268
f 1161 1268 1266
f 1164 272 267
f 1267 261 262
f 1267 1269 261
f 1267 1270 1269
f 1267 1268 1270
f 1161 1270 1268
f 1164 267 266
f 1269 480 261
f 1269 1271 480
f 1269 1272 1271
f 1269 1270 1272
f 1161 1272 1270
f 1164 266 482
f 1271 476 480
f 1271 1273 476
f 1271 1274 1273
f 1271 1272 1274
f 1161 1274 1272
f 1164 482 478
f 1273 472 476
f 1273 1275 472
f 1273 1276 1275
f 1273 1274 1276
f 1161 1276 1274
f 1164 478 474
f 1275 468 472
f 1275 1277 468
f 1275 1278 1277
f 1275 1276 1278
f 1161 1278 1276
f 1164 474 470
f 1277 464 468
f 1277 1279 464
f 1277 1280 1279
f 1277 1278 1280
f 1161 1280 1278
f 1164 470 466
f 1279 460 464
f 1279 1281 460
f 1279 1282 1281
f 1279 1280 1282
f 1161 1282 1280
f 1164 466 462
f 1281 456 460
f 1281 1283 456
f 1281 1284 1283
f 1281 1282 1284
f 1161 1284 1282
f 1164 462 458
f 1283 36 456
f 1283 1285 36
f 1283 1286 1285
f 1283 1284 1286
f 1161 1286 1284
f 1164 458 38
f 1285 1026 36
f 1285 1287 1026
f 1285 1288 1287
f 1285 1286 1288
f 1161 1288 1286
f 1164 38 1028
f 1287 1022 1026
f 1287 1289 1022
f 1287 1290 1289
f 1287 1288 1290
f 1161 1290 1288
f 1164 1028 1024
f 1289 1018 1022
f 1289 1291 1018
f 1289 1292 1291
f 1289 1290 1292
f 1161 1292 1290
f 1164 1024 1020
f 1291 1014 1018
f 1291 1293 1014
f 1291 1294 1293
f 1291 1292 1294
f 1161 1294 1292
f 1164 1020 1016
f 1293 1010 1014
f 1293 1295 1010
f 1293 1296 1295
f 1293 1294 1296
f 1161 1296 1294
f 1164 1016 1012
f 1295 1006 1010
f 1295 1297 1006
f 1295 1298 1297
f 1295 1296 1298
f 1161 1298 1296
f 1164 1012 1008
f 1297 1002 1006
f 1297 1299 1002
f 1297 1300 1299
f 1297 1298 1300
f 1161 1300 1298
f 1164 1008 1004
f 1299 998 1002
f 1299 1301 998
f 1299 1302 1301
f 1299 1300 1302
f 1161 1302 1300
f 1164 1004 1000
f 1301 994 998
f 1301 1303 994
f 1301 1304 1303
f 1301 1302 1304
f 1161 1304 1302
f 1164 1000 996
f 1303 990 994
f 1303 1305 990
f 1303 1306 1305
f 1303 1304 1306
f 1161 1306 1304
f 1164 996 992
f 1305 986 990
f 1305 1307 986
f 1305 1308 1307
f 1305 1306 1308
f 1161 1308 1306
f 1164 992 988
f 1307 982 986
f 1307 1309 982
f 1307 1310 1309
f 1307 1308 1310
f 1161 1310 1308
f 1164 988 984
f 1309 978 982
f 1309 1311 978
f 1309 1312 1311
f 1309 1310 1312
f 1161 1312 1310
f 1164 984 980
f 1311 974 978
f 1311 1313 974
f 1311 1314 1313
f 1311 1312 1314
f 1161 1314 1312
f 1164 980 976
f 1313 970 974
f 1313 1315 970
f 1313 1316 1315
f 1313 1314 1316
f 1161 1316 1314
f 1164 976 972
f 1315 966 970
f 1315 1317 966
f 1315 1318 1317
f 1315 1316 1318
f 1161 1318 1316
f 1164 972 968
f 1317 1320 966
f 1317 1319 1320
f 1317 1321 1319
f 1317 1318 1321
f 1161 1321 1318
f 1164 968 1322
f 1319 1324 1320
f 1319 1323 1324
f 1319 1325 1323
f 1319 1321 1325
f 1161 1325 1321
f 1164 1322 1326
f 1323 1328 1324
f 1323 1327 1328
f 1323 1329 1327
f 1323 1325 1329
f 1161 1329 1325
f 1164 1326 1330
f 1327 1332 1328
f 1327 1331 1332
f 1327 1333 1331
f 1327 1329 1333
f 1161 1333 1329
f 1164 1330 1334
f 1331 1336 1332
f 1331 1335 1336
f 1331 1337 1335
f 1331 1333 1337
f 1161 1337 1333
f 1164 1334 1338
f 1335 1340 1336
f 1335 1339 1340
f 1335 1341 1339
f 1335 1337 1341
f 1161 1341 1337
f 1164 1338 1342
f 1339 1344 1340
f 1339 1343 1344
f 1339 1345 1343
f 1339 1341 1345
f 1161 1345 1341
f 1164 1342 1346
f 1343 1157 1344
f 1343 1155 1157
f 1343 1159 1155
f 1343 1345 1159
f 1161 1159 1345
f 1164 1346 1162
f 1347 1350 1349
f 1347 1348 1350
f 1347 1352 1348
f 1347 1351 1352
f 1353 1352 1351
f 1356 1354 1355
f 1348 1358 1350
f 1348 1357 1358
f 1348 1359 1357
f 1348 1352 1359
f 1353 1359 1352
f 1356 1355 1360
f 1357 1362 1358
f 1357 1361 1362
f 1357 1363 1361
f 1357 1359 1363
f 1353 1363 1359
f 1356 1360 1364
f 1361 1366 1362
f 1361 1365 1366
f 1361 1367 1365
f 1361 1363 1367
f 1353 1367 1363
f 1356 1364 1368
f 1365 1370 1366
f 1365 1369 1370
f 1365 1371 1369
f 1365 1367 1371
f 1353 1371 1367
f 1356 1368 1372
f 1369 1374 1370
f 1369 1373 1374
f 1369 1375 1373
f 1369 1371 1375
f 1353 1375 1371
f 1356 1372 1376
f 1373 1378 1374
f 1373 1377 1378
f 1373 1379 1377
f 1373 1375 1379
f 1353 1379 1375
f 1356 1376 1380
f 1377 1382 1378
f 1377 1381 1382
f 1377 1383 1381
f 1377 1379 1383
f 1353 1383 1379
f 1356 1380 1384
f 1381 1386 1382
f 1381 1385 1386
f 1381 1387 1385
f 1381 1383 1387
f 1353 1387 1383
f 1356 1384 1388
f 1385 1390 1386
f 1385 1389 1390
f 1385 1391 1389
f 1385 1387 1391
f 1353 1391 1387
f 1356 1388 1392
f 1389 1394 1390
f 1389 1393 1394
f 1389 1395 1393
f 1389 1391 1395
f 1353 1395 1391
f 1356 1392 1396
f 1393 1398 1394
f 1393 1397 1398
f 1393 1399 1397
f 1393 1395 1399
f 1353 1399 1395
f 1356 1396 1400
f 1397 1402 1398
f 1397 1401 1402
f 1397 1403 1401
f 1397 1399 1403
f 1353 1403 1399
f 1356 1400 1404
f 1401 1406 1402
f 1401 1405 1406
f 1401 1407 1405
f 1401 1403 1407
f 1353 1407 1403
f 1356 1404 1408
f 1405 1410 1406
f 1405 1409 1410
f 1405 1411 1409
f 1405 1407 1411
f 1353 1411 1407
f 1356 1408 1412
f 1409 1414 1410
f 1409 1413 1414
f 1409 1415 1413
f 1409 1411 1415
f 1353 1415 1411
f 1356 1412 1416
f 1413 1418 1414
f 1413 1417 1418
f 1413 1419 1417
f 1413 1415 1419
f 1353 1419 1415
f 1356 1416 1420
f 1417 1422 1418
f 1417 1421 1422
f 1417 1423 1421
f 1417 1419 1423
f 1353 1423 1419
f 1356 1420 1424
f 1421 1426 1422
f 1421 1425 1426
f 1421 1427 1425
f 1421 1423 1427
f 1353 1427 1423
f 1356 1424 1428
f 1425 1430 1426
f 1425 1429 1430
f 1425 1431 1429
f 1425 1427 1431
f 1353 1431 1427
f 1356 1428 1432
f 1429 1434 1430
f 1429 1433 1434
f 1429 1435 1433
f 1429 1431 1435
f 1353 1435 1431
f 1356 1432 1436
f 1433 1438 1434
f 1433 1437 1438
f 1433 1439 1437
f 1433 1435 1439
f 1353 1439 1435
f 1356 1436 1440
f 1437 1442 1438
f 1437 1441 1442
f 1437 1443 1441
f 1437 1439 1443
f 1353 1443 1439
f 1356 1440 1444
f 1441 518 1442
f 1441 1445 518
f 1441 1446 1445
f 1441 1443 1446
f 1353 1446 1443
f 1356 1444 520
f 1445 514 518
f 1445 1447 514
f 1445 1448 1447
f 1445 1446 1448
f 1353 1448 1446
f 1356 520 516
f 1447 510 514
f 1447 1449 510
f 1447 1450 1449
f 1447 1448 1450
f 1353 1450 1448
f 1356 516 512
f 1449 506 510
f 1449 1451 506
f 1449 1452 1451
f 1449 1450 1452
f 1353 1452 1450
f 1356 512 508
f 1451 502 506
f 1451 1453 502
f 1451 1454 1453
f 1451 1452 1454
f 1353 1454 1452
f 1356 508 504
f 1453 498 502
f 1453 1455 498
f 1453 1456 1455
f 1453 1454 1456
f 1353 1456 1454
f 1356 504 500
f 1455 494 498
f 1455 1457 494
f 1455 1458 1457
f 1455 1456 1458
f 1353 1458 1456
f 1356 500 496
f 1457 486 494
f 1457 1459 486
f 1457 1460 1459
f 1457 1458 1460
f 1353 1460 1458
f 1356 496 491
f 1459 485 486
f 1459 1461 485
f 1459 1462 1461
f 1459 1460 1462
f 1353 1462 1460
f 1356 491 490
f 1461 704 485
f 1461 1463 704
f 1461 1464 1463
f 1461 1462 1464
f 1353 1464 1462
f 1356 490 706
f 1463 700 704
f 1463 1465 700
f 1463 1466 1465
f 1463 1464 1466
f 1353 1466 1464
f 1356 706 702
f 1465 696 700
f 1465 1467 696
f 1465 1468 1467
f 1465 1466 1468
f 1353 1468 1466
f 1356 702 698
f 1467 692 696
f 1467 1469 692
f 1467 1470 1469
f 1467 1468 1470
f 1353 1470 1468
f 1356 698 694
f 1469 688 692
f 1469 1471 688
f 1469 1472 1471
f 1469 1470 1472
f 1353 1472 1470
f 1356 694 690
f 1471 684 688
f 1471 1473 684
f 1471 1474 1473
f 1471 1472 1474
f 1353 1474 1472
f 1356 690 686
f 1473 680 684
f 1473 1475 680
f 1473 1476 1475
f 1473 1474 1476
f 1353 1476 1474
f 1356 686 682
f 1475 294 680
f 1475 1477 294
f 1475 1478 1477
f 1475 1476 1478
f 1353 1478 1476
f 1356 682 296
f 1477 1250 294
f 1477 1479 1250
f 1477 1480 1479
f 1477 1478 1480
f 1353 1480 1478
f 1356 296 1252
f 1479 1246 1250
f 1479 1481 1246
f 1479 1482 1481
f 1479 1480 1482
f 1353 1482 1480
f 1356 1252 1248
f 1481 1242 1246
f 1481 1483 1242
f 1481 1484 1483
f 1481 1482 1484
f 1353 1484 1482
f 1356 1248 1244
f 1483 1238 1242
f 1483 1485 1238
f 1483 1486 1485
f 1483 1484 1486
f 1353 1486 1484
f 1356 1244 1240
f 1485 1234 1238
f 1485 1487 1234
f 1485 1488 1487
f 1485 1486 1488
f 1353 1488 1486
f 1356 1240 1236
f 1487 1230 1234
f 1487 1489 1230
f 1487 1490 1489
f 1487 1488 1490
f 1353 1490 1488
f 1356 1236 1232
f 1489 1226 1230
f 1489 1491 1226
f 1489 1492 1491
f 1489 1490 1492
f 1353 1492 1490
f 1356 1232 1228
f 1491 1222 1226
f 1491 1493 1222
f 1491 1494 1493
f 1491 1492 1494
f 1353 1494 1492
f 1356 1228 1224
f 1493 1218 1222
f 1493 1495 1218
f 1493 1496 1495
f 1493 1494 1496
f 1353 1496 1494
f 1356 1224 1220
f 1495 1214 1218
f 1495 1497 1214
f 1495 1498 1497
f 1495 1496 1498
f 1353 1498 1496
f 1356 1220 1216
f 1497 1210 1214
f 1497 1499 1210
f 1497 1500 1499
f 1497 1498 1500
f 1353 1500 1498
f 1356 1216 1212
f 1499 1206 1210
f 1499 1501 1206
f 1499 1502 1501
f 1499 1500 1502
f 1353 1502 1500
f 1356 1212 1208
f 1501 1202 1206
f 1501 1503 1202
f 1501 1504 1503
f 1501 1502 1504
f 1353 1504 1502
f 1356 1208 1204
f 1503 1198 1202
f 1503 1505 1198
f 1503 1506 1505
f 1503 1504 1506
f 1353 1506 1504
f 1356 1204 1200
f 1505 1194 1198
f 1505 1507 1194
f 1505 1508 1507
f 1505 1506 1508
f 1353 1508 1506
f 1356 1200 1196
f 1507 1190 1194
f 1507 1509 1190
f 1507 1510 1509
f 1507 1508 1510
f 1353 1510 1508
f 1356 1196 1192
f 1509 1512 1190
f 1509 1511 1512
f 1509 1513 1511
f 1509 1510 1513
f 1353 1513 1510
f 1356 1192 1514
f 1511 1516 1512
f 1511 1515 1516
f 1511 1517 1515
f 1511 1513 1517
f 1353 1517 1513
f 1356 1514 1518
f 1515 1520 1516
f 1515 1519 1520
f 1515 1521 1519
f 1515 1517 1521
f 1353 1521 1517
f 1356 1518 1522
f 1519 1524 1520
f 1519 1523 1524
f 1519 1525 1523
f 1519 1521 1525
f 1353 1525 1521
f 1356 1522 1526
f 1523 1528 1524
f 1523 1527 1528
f 1523 1529 1527
f 1523 1525 1529
f 1353 1529 1525
f 1356 1526 1530
f 1527 1532 1528
f 1527 1531 1532
f 1527 1533 1531
f 1527 1529 1533
f 1353 1533 1529
f 1356 1530 1534
f 1531 1536 1532
f 1531 1535 1536
f 1531 1537 1535
f 1531 1533 1537
f 1353 1537 1533
f 1356 1534 1538
f 1535 1349 1536
f 1535 1347 1349
f 1535 1351 1347
f 1535 1537 1351
f 1353 1351 1537
f 1356 1538 1354
f 1539 1542 1541
f 1539 1540 1542
f 1539 1544 1540
f 1539 1543 1544
f 1545 1544 1543
f 1548 1546 1547
f 1540 1550 1542
f 1540 1549 1550
f 1540 1551 1549
f 1540 1544 1551
f 1545 1551 1544
f 1548 1547 1552
f 1549 1554 1550
f 1549 1553 1554
f 1549 1555 1553
f 1549 1551 1555
f 1545 1555 1551
f 1548 1552 1556
f 1553 1558 1554
f 1553 1557 1558
f 1553 1559 1557
f 1553 1555 1559
f 1545 1559 1555
f 1548 1556 1560
f 1557 1562 1558
f 1557 1561 1562
f 1557 1563 1561
f 1557 1559 1563
f 1545 1563 1559
f 1548 1560 1564
f 1561 1566 1562
f 1561 1565 1566
f 1561 1567 1565
f 1561 1563 1567
f 1545 1567 1563
f 1548 1564 1568
f 1565 1570 1566
f 1565 1569 1570
f 1565 1571 1569
f 1565 1567 1571
f 1545 1571 1567
f 1548 1568 1572
f 1569 1574 1570
f 1569 1573 1574
f 1569 1575 1573
f 1569 1571 1575
f 1545 1575 1571
f 1548 1572 1576
f 1573 1578 1574
f 1573 1577 1578
f 1573 1579 1577
f 1573 1575 1579
f 1545 1579 1575
f 1548 1576 1580
f 1574 1580 1576
f 1574 1578 1580
f 1577 1582 1578
f 1577 1581 1582
f 1577 1583 1581
f 1577 1579 1583
f 1545 1583 1579
f 1548 1580 1584
f 1578 1584 1580
f 1578 1582 1584
f 1581 1586 1582
f 1581 1585 1586
f 1581 1587 1585
f 1581 1583 1587
f 1545 1587 1583
f 1548 1584 1588
f 1582 1588 1584
f 1582 1586 1588
f 1585 1590 1586
f 1585 1589 1590
f 1585 1591 1589
f 1585 1587 1591
f 1545 1591 1587
f 1548 1588 1592
f 1586 1592 1588
f 1586 1590 1592
f 1589 1594 1590
f 1589 1593 1594
f 1589 1595 1593
f 1589 1591 1595
f 1545 1595 1591
f 1548 1592 1596
f 1590 1596 1592
f 1590 1594 1596
f 1593 1598 1594
f 1593 1597 1598
f 1593 1599 1597
f 1593 1595 1599
f 1545 1599 1595
f 1548 1596 1600
f 1594 1600 1596
f 1594 1598 1600
f 1597 1602 1598
f 1597 1601 1602
f 1597 1603 1601
f 1597 1599 1603
f 1545 1603 1599
f 1548 1600 1604
f 1598 1604 1600
f 1598 1602 1604
f 1601 1606 1602
f 1601 1605 1606
f 1601 1607 1605
f 1601 1603 1607
f 1545 1607 1603
f 1548 1604 1608
f 1602 1608 1604
f 1602 1606 1608
f 1605 1610 1606
f 1605 1609 1610
f 1605 1611 1609
f 1605 1607 1611
f 1545 1611 1607
f 1548 1608 1612
f 1606 1612 1608
f 1606 1610 1612
f 1609 1614 1610
f 1609 1613 1614
f 1609 1615 1613
f 1609 1611 1615
f 1545 1615 1611
f 1548 1612 1616
f 1610 1616 1612
f 1610 1614 1616
f 1613 1618 1614
f 1613 1617 1618
f 1613 1619 1617
f 1613 1615 1619
f 1545 1619 1615
f 1548 1616 1620
f 1614 1620 1616
f 1614 1618 1620
f 1617 1622 1618
f 1617 1621 1622
f 1617 1623 1621
f 1617 1619 1623
f 1545 1623 1619
f 1548 1620 1624
f 1618 1624 1620
f 1618 1622 1624
f 1621 1626 1622
f 1621 1625 1626
f 1621 1627 1625
f 1621 1623 1627
f 1545 1627 1623
f 1548 1624 1628
f 1622 1628 1624
f 1622 1626 1628
f 1625 1630 1626
f 1625 1629 1630
f 1625 1631 1629
f 1625 1627 1631
f 1545 1631 1627
f 1548 1628 1632
f 1626 1632 1628
f 1626 1630 1632
f 1629 1634 1630
f 1629 1633 1634
f 1629 1635 1633
f 1629 1631 1635
f 1545 1635 1631
f 1548 1632 1636
f 1630 1636 1632
f 1630 1634 1636
f 1633 742 1634
f 1633 1637 742
f 1633 1638 1637
f 1633 1635 1638
f 1545 1638 1635
f 1548 1636 744
f 1634 744 1636
f 1634 742 744
f 1637 738 742
f 1637 1639 738
f 1637 1640 1639
f 1637 1638 1640
f 1545 1640 1638
f 1548 744 740
f 1639 734 738
f 1639 1641 734
f 1639 1642 1641
f 1639 1640 1642
f 1545 1642 1640
f 1548 740 736
f 1641 730 734
f 1641 1643 730
f 1641 1644 1643
f 1641 1642 1644
f 1545 1644 1642
f 1548 736 732
f 1643 726 730
f 1643 1645 726
f 1643 1646 1645
f 1643 1644 1646
f 1545 1646 1644
f 1548 732 728
f 1645 722 726
f 1645 1647 722
f 1645 1648 1647
f 1645 1646 1648
f 1545 1648 1646
f 1548 728 724
f 1647 718 722
f 1647 1649 718
f 1647 1650 1649
f 1647 1648 1650
f 1545 1650 1648
f 1548 724 720
f 1649 710 718
f 1649 1651 710
f 1649 1652 1651
f 1649 1650 1652
f 1545 1652 1650
f 1548 720 715
f 1651 709 710
f 1651 1653 709
f 1651 1654 1653
f 1651 1652 1654
f 1545 1654 1652
f 1548 715 714
f 1653 928 709
f 1653 1655 928
f 1653 1656 1655
f 1653 1654 1656
f 1545 1656 1654
f 1548 714 930
f 1655 924 928
f 1655 1657 924
f 1655 1658 1657
f 1655 1656 1658
f 1545 1658 1656
f 1548 930 926
f 1657 920 924
f 1657 1659 920
f 1657 1660 1659
f 1657 1658 1660
f 1545 1660 1658
f 1548 926 922
f 1659 916 920
f 1659 1661 916
f 1659 1662 1661
f 1659 1660 1662
f 1545 1662 1660
f 1548 922 918
f 1661 912 916
f 1661 1663 912
f 1661 1664 1663
f 1661 1662 1664
f 1545 1664 1662
f 1548 918 914
f 1663 908 912
f 1663 1665 908
f 1663 1666 1665
f 1663 1664 1666
f 1545 1666 1664
f 1548 914 910
f 1665 904 908
f 1665 1667 904
f 1665 1668 1667
f 1665 1666 1668
f 1545 1668 1666
f 1548 910 906
f 1667 518 904
f 1667 1669 518
f 1667 1670 1669
f 1667 1668 1670
f 1545 1670 1668
f 1548 906 520
f 1669 1442 518
f 1669 1671 1442
f 1669 1672 1671
f 1669 1670 1672
f 1545 1672 1670
f 1548 520 1444
f 1671 1438 1442
f 1671 1673 1438
f 1671 1674 1673
f 1671 1672 1674
f 1545 1674 1672
f 1548 1444 1440
f 1673 1434 1438
f 1673 1675 1434
f 1673 1676 1675
f 1673 1674 1676
f 1545 1676 1674
f 1548 1440 1436
f 1675 1430 1434
f 1675 1677 1430
f 1675 1678 1677
f 1675 1676 1678
f 1545 1678 1676
f 1548 1436 1432
f 1677 1426 1430
f 1677 1679 1426
f 1677 1680 1679
f 1677 1678 1680
f 1545 1680 1678
f 1548 1432 1428
f 1679 1422 1426
f 1679 1681 1422
f 1679 1682 1681
f 1679 1680 1682
f 1545 1682 1680
f 1548 1428 1424
f 1681 1418 1422
f 1681 1683 1418
f 1681 1684 1683
f 1681 1682 1684
f 1545 1684 1682
f 1548 1424 1420
f 1683 1414 1418
f 1683 1685 1414
f 1683 1686 1685
f 1683 1684 1686
f 1545 1686 1684
f 1548 1420 1416
f 1685 1410 1414
f 1685 1687 1410
f 1685 1688 1687
f 1685 1686 1688
f 1545 1688 1686
f 1548 1416 1412
f 1687 1406 1410
f 1687 1689 1406
f 1687 1690 1689
f 1687 1688 1690
f 1545 1690 1688
f 1548 1412 1408
f 1689 1402 1406
f 1689 1691 1402
f 1689 1692 1691
f 1689 1690 1692
f 1545 1692 1690
f 1548 1408 1404
f 1691 1398 1402
f 1691 1693 1398
f 1691 1694 1693
f 1691 1692 1694
f 1545 1694 1692
f 1548 1404 1400
f 1693 1394 1398
f 1693 1695 1394
f 1693 1696 1695
f 1693 1694 1696
f 1545 1696 1694
f 1548 1400 1396
f 1695 1390 1394
f 1695 1697 1390
f 1695 1698 1697
f 1695 1696 1698
f 1545 1698 1696
f 1548 1396 1392
f 1697 1386 1390
f 1697 1699 1386
f 1697 1700 1699
f 1697 1698 1700
f 1545 1700 1698
f 1548 1392 1388
f 1699 1382 1386
f 1699 1701 1382
f 1699 1702 1701
f 1699 1700 1702
f 1545 1702 1700
f 1548 1388 1384
f 1701 1704 1382
f 1701 1703 1704
f 1701 1705 1703
f 1701 1702 1705
f 1545 1705 1702
f 1548 1384 1706
f 1703 1708 1704
f 1703 1707 1708
f 1703 1709 1707
f 1703 1705 1709
f 1545 1709 1705
f 1548 1706 1710
f 1707 1712 1708
f 1707 1711 1712
f 1707 1713 1711
f 1707 1709 1713
f 1545 1713 1709
f 1548 1710 1714
f 1711 1716 1712
f 1711 1715 1716
f 1711 1717 1715
f 1711 1713 1717
f 1545 1717 1713
f 1548 1714 1718
f 1715 1720 1716
f 1715 1719 1720
f 1715 1721 1719
f 1715 1717 1721
f 1545 1721 1717
f 1548 1718 1722
f 1719 1724 1720
f 1719 1723 1724
f 1719 1725 1723
f 1719 1721 1725
f 1545 1725 1721
f 1548 1722 1726
f 1723 1728 1724
f 1723 1727 1728
f 1723 1729 1727
f 1723 1725 1729
f 1545 1729 1725
f 1548 1726 1730
f 1727 1541 1728
f 1727 1539 1541
f 1727 1543 1539
f 1727 1729 1543
f 1545 1543 1729
f 1548 1730 1546
f 1731 1734 1733
f 1731 1732 1734
f 1731 1736 1732
f 1731 1735 1736
f 1737 1736 1735
f 1740 1738 1739
f 1732 1742 1734
f 1732 1741 1742
f 1732 1743 1741
f 1732 1736 1743
f 1737 1743 1736
f 1740 1739 1744
f 1741 1746 1742
f 1741 1745 1746
f 1741 1747 1745
f 1741 1743 1747
f 1737 1747 1743
f 1740 1744 1748
f 1745 1750 1746
f 1745 1749 1750
f 1745 1751 1749
f 1745 1747 1751
f 1737 1751 1747
f 1740 1748 1752
f 1749 1754 1750
f 1749 1753 1754
f 1749 1755 1753
f 1749 1751 1755
f 1737 1755 1751
f 1740 1752 1756
f 1753 1758 1754
f 1753 1757 1758
f 1753 1759 1757
f 1753 1755 1759
f 1737 1759 1755
f 1740 1756 1760
f 1757 1762 1758
f 1757 1761 1762
f 1757 1763 1761
f 1757 1759 1763
f 1737 1763 1759
f 1740 1760 1764
f 1761 1766 1762
f 1761 1765 1766
f 1761 1767 1765
f 1761 1763 1767
f 1737 1767 1763
f 1740 1764 1768
f 1765 1770 1766
f 1765 1769 1770
f 1765 1771 1769
f 1765 1767 1771
f 1737 1771 1767
f 1740 1768 1772
f 1769 1774 1770
f 1769 1773 1774
f 1769 1775 1773
f 1769 1771 1775
f 1737 1775 1771
f 1740 1772 1776
f 1773 1778 1774
f 1773 1777 1778
f 1773 1779 1777
f 1773 1775 1779
f 1737 1779 1775
f 1740 1776 1780
f 1777 1782 1778
f 1777 1781 1782
f 1777 1783 1781
f 1777 1779 1783
f 1737 1783 1779
f 1740 1780 1784
f 1781 1786 1782
f 1781 1785 1786
f 1781 1787 1785
f 1781 1783 1787
f 1737 1787 1783
f 1740 1784 1788
f 1785 1790 1786
f 1785 1789 1790
f 1785 1791 1789
f 1785 1787 1791
f 1737 1791 1787
f 1740 1788 1792
f 1789 1794 1790
f 1789 1793 1794
f 1789 1795 1793
f 1789 1791 1795
f 1737 1795 1791
f 1740 1792 1796
f 1793 1798 1794
f 1793 1797 1798
f 1793 1799 1797
f 1793 1795 1799
f 1737 1799 1795
f 1740 1796 1800
f 1797 1802 1798
f 1797 1801 1802
f 1797 1803 1801
f 1797 1799 1803
f 1737 1803 1799
f 1740 1800 1804
f 1801 1806 1802
f 1801 1805 1806
f 1801 1807 1805
f 1801 1803 1807
f 1737 1807 1803
f 1740 1804 1808
f 1805 1810 1806
f 1805 1809 1810
f 1805 1811 1809
f 1805 1807 1811
f 1737 1811 1807
f 1740 1808 1812
f 1809 1814 1810
f 1809 1813 1814
f 1809 1815 1813
f 1809 1811 1815
f 1737 1815 1811
f 1740 1812 1816
f 1813 1818 1814
f 1813 1817 1818
f 1813 1819 1817
f 1813 1815 1819
f 1737 1819 1815
f 1740 1816 1820
f 1817 1822 1818
f 1817 1821 1822
f 1817 1823 1821
f 1817 1819 1823
f 1737 1823 1819
f 1740 1820 1824
f 1821 1826 1822
f 1821 1825 1826
f 1821 1827 1825
f 1821 1823 1827
f 1737 1827 1823
f 1740 1824 1828
f 1825 966 1826
f 1825 1829 966
f 1825 1830 1829
f 1825 1827 1830
f 1737 1830 1827
f 1740 1828 968
f 1829 962 966
f 1829 1831 962
f 1829 1832 1831
f 1829 1830 1832
f 1737 1832 1830
f 1740 968 964
f 1831 958 962
f 1831 1833 958
f 1831 1834 1833
f 1831 1832 1834
f 1737 1834 1832
f 1740 964 960
f 1833 954 958
f 1833 1835 954
f 1833 1836 1835
f 1833 1834 1836
f 1737 1836 1834
f 1740 960 956
f 1835 950 954
f 1835 1837 950
f 1835 1838 1837
f 1835 1836 1838
f 1737 1838 1836
f 1740 956 952
f 1837 946 950
f 1837 1839 946
f 1837 1840 1839
f 1837 1838 1840
f 1737 1840 1838
f 1740 952 948
f 1839 942 946
f 1839 1841 942
f 1839 1842 1841
f 1839 1840 1842
f 1737 1842 1840
f 1740 948 944
f 1841 934 942
f 1841 1843 934
f 1841 1844 1843
f 1841 1842 1844
f 1737 1844 1842
f 1740 944 939
f 1843 933 934
f 1843 1845 933
f 1843 1846 1845
f 1843 1844 1846
f 1737 1846 1844
f 1740 939 938
f 1845 1152 933
f 1845 1847 1152
f 1845 1848 1847
f 1845 1846 1848
f 1737 1848 1846
f 1740 938 1154
f 1847 1148 1152
f 1847 1849 1148
f 1847 1850 1849
f 1847 1848 1850
f 1737 1850 1848
f 1740 1154 1150
f 1849 1144 1148
f 1849 1851 1144
f 1849 1852 1851
f 1849 1850 1852
f 1737 1852 1850
f 1740 1150 1146
f 1851 1140 1144
f 1851 1853 1140
f 1851 1854 1853
f 1851 1852 1854
f 1737 1854 1852
f 1740 1146 1142
f 1853 1136 1140
f 1853 1855 1136
f 1853 1856 1855
f 1853 1854 1856
f 1737 1856 1854
f 1740 1142 1138
f 1855 1132 1136
f 1855 1857 1132
f 1855 1858 1857
f 1855 1856 1858
f 1737 1858 1856
f 1740 1138 1134
f 1857 1128 1132
f 1857 1859 1128
f 1857 1860 1859
f 1857 1858 1860
f 1737 1860 1858
f 1740 1134 1130
f 1859 1124 1128
f 1859 1861 1124
f 1859 1862 1861
f 1859 1860 1862
f 1737 1862 1860
f 1740 1130 1126
f 1861 1864 1124
f 1861 1863 1864
f 1861 1865 1863
f 1861 1862 1865
f 1737 1865 1862
f 1740 1126 1866
f 1124 1866 1126
f 1124 1864 1866
f 1863 1868 1864
f 1863 1867 1868
f 1863 1869 1867
f 1863 1865 1869
f 1737 1869 1865
f 1740 1866 1870
f 1864 1870 1866
f 1864 1868 1870
f 1867 1872 1868
f 1867 1871 1872
f 1867 1873 1871
f 1867 1869 1873
f 1737 1873 1869
f 1740 1870 1874
f 1868 1874 1870
f 1868 1872 1874
f 1871 1876 1872
f 1871 1875 1876
f 1871 1877 1875
f 1871 1873 1877
f 1737 1877 1873
f 1740 1874 1878
f 1872 1878 1874
f 1872 1876 1878
f 1875 1880 1876
f 1875 1879 1880
f 1875 1881 1879
f 1875 1877 1881
f 1737 1881 1877
f 1740 1878 1882
f 1876 1882 1878
f 1876 1880 1882
f 1879 1884 1880
f 1879 1883 1884
f 1879 1885 1883
f 1879 1881 1885
f 1737 1885 1881
f 1740 1882 1886
f 1880 1886 1882
f 1880 1884 1886
f 1883 1888 1884
f 1883 1887 1888
f 1883 1889 1887
f 1883 1885 1889
f 1737 1889 1885
f 1740 1886 1890
f 1884 1890 1886
f 1884 1888 1890
f 1887 1892 1888
f 1887 1891 1892
f 1887 1893 1891
f 1887 1889 1893
f 1737 1893 1889
f 1740 1890 1894
f 1888 1894 1890
f 1888 1892 1894
f 1891 1896 1892
f 1891 1895 1896
f 1891 1897 1895
f 1891 1893 1897
f 1737 1897 1893
f 1740 1894 1898
f 1892 1898 1894
f 1892 1896 1898
f 1895 1900 1896
f 1895 1899 1900
f 1895 1901 1899
f 1895 1897 1901
f 1737 1901 1897
f 1740 1898 1902
f 1896 1902 1898
f 1896 1900 1902
f 1899 1904 1900
f 1899 1903 1904
f 1899 1905 1903
f 1899 1901 1905
f 1737 1905 1901
f 1740 1902 1906
f 1900 1906 1902
f 1900 1904 1906
f 1903 1908 1904
f 1903 1907 1908
f 1903 1909 1907
f 1903 1905 1909
f 1737 1909 1905
f 1740 1906 1910
f 1904 1910 1906
f 1904 1908 1910
f 1907 1912 1908
f 1907 1911 1912
f 1907 1913 1911
f 1907 1909 1913
f 1737 1913 1909
f 1740 1910 1914
f 1908 1914 1910
f 1908 1912 1914
f 1911 1916 1912
f 1911 1915 1916
f 1911 1917 1915
f 1911 1913 1917
f 1737 1917 1913
f 1740 1914 1918
f 1912 1918 1914
f 1912 1916 1918
f 1915 1920 1916
f 1915 1919 1920
f 1915 1921 1919
f 1915 1917 1921
f 1737 1921 1917
f 1740 1918 1922
f 1916 1922 1918
f 1916 1920 1922
f 1919 1924 1920
f 1919 1923 1924
f 1919 1925 1923
f 1919 1921 1925
f 1737 1925 1921
f 1740 1922 1926
f 1920 1926 1922
f 1920 1924 1926
f 1923 1928 1924
f 1923 1927 1928
f 1923 1929 1927
f 1923 1925 1929
f 1737 1929 1925
f 1740 1926 1930
f 1927 1932 1928
f 1927 1931 1932
f 1927 1933 1931
f 1927 1929 1933
f 1737 1933 1929
f 1740 1930 1934
f 1931 1936 1932
f 1931 1935 1936
f 1931 1937 1935
f 1931 1933 1937
f 1737 1937 1933
f 1740 1934 1938
f 1935 1940 1936
f 1935 1939 1940
f 1935 1941 1939
f 1935 1937 1941
f 1737 1941 1937
f 1740 1938 1942
f 1939 1944 1940
f 1939 1943 1944
f 1939 1945 1943
f 1939 1941 1945
f 1737 1945 1941
f 1740 1942 1946
f 1943 1948 1944
f 1943 1947 1948
f 1943 1949 1947
f 1943 1945 1949
f 1737 1949 1945
f 1740 1946 1950
f 1947 1952 1948
f 1947 1951 1952
f 1947 1953 1951
f 1947 1949 1953
f 1737 1953 1949
f 1740 1950 1954
f 1951 1733 1952
f 1951 1731 1733
f 1951 1735 1731
f 1951 1953 1735
f 1737 1735 1953
f 1740 1954 1738
f 1955 1958 1957
f 1955 1956 1958
f 1955 1960 1956
f 1955 1959 1960
f 1961 1960 1959
f 1964 1962 1963
f 1956 1966 1958
f 1956 1965 1966
f 1956 1967 1965
f 1956 1960 1967
f 1961 1967 1960
f 1964 1963 1968
f 1965 1970 1966
f 1965 1969 1970
f 1965 1971 1969
f 1965 1967 1971
f 1961 1971 1967
f 1964 1968 1972
f 1969 1974 1970
f 1969 1973 1974
f 1969 1975 1973
f 1969 1971 1975
f 1961 1975 1971
f 1964 1972 1976
f 1973 1978 1974
f 1973 1977 1978
f 1973 1979 1977
f 1973 1975 1979
f 1961 1979 1975
f 1964 1976 1980
f 1977 1982 1978
f 1977 1981 1982
f 1977 1983 1981
f 1977 1979 1983
f 1961 1983 1979
f 1964 1980 1984
f 1981 1986 1982
f 1981 1985 1986
f 1981 1987 1985
f 1981 1983 1987
f 1961 1987 1983
f 1964 1984 1988
f 1985 1990 1986
f 1985 1989 1990
f 1985 1991 1989
f 1985 1987 1991
f 1961 1991 1987
f 1964 1988 1992
f 1989 1994 1990
f 1989 1993 1994
f 1989 1995 1993
f 1989 1991 1995
f 1961 1995 1991
f 1964 1992 1996
f 1993 1998 1994
f 1993 1997 1998
f 1993 1999 1997
f 1993 1995 1999
f 1961 1999 1995
f 1964 1996 2000
f 1997 2002 1998
f 1997 2001 2002
f 1997 2003 2001
f 1997 1999 2003
f 1961 2003 1999
f 1964 2000 2004
f 2001 2006 2002
f 2001 2005 2006
f 2001 2007 2005
f 2001 2003 2007
f 1961 2007 2003
f 1964 2004 2008
f 2005 2010 2006
f 2005 2009 2010
f 2005 2011 2009
f 2005 2007 2011
f 1961 2011 2007
f 1964 2008 2012
f 2009 2014 2010
f 2009 2013 2014
f 2009 2015 2013
f 2009 2011 2015
f 1961 2015 2011
f 1964 2012 2016
f 2013 2018 2014
f 2013 2017 2018
f 2013 2019 2017
f 2013 2015 2019
f 1961 2019 2015
f 1964 2016 2020
f 2017 2022 2018
f 2017 2021 2022
f 2017 2023 2021
f 2017 2019 2023
f 1961 2023 2019
f 1964 2020 2024
f 2021 2026 2022
f 2021 2025 2026
f 2021 2027 2025
f 2021 2023 2027
f 1961 2027 2023
f 1964 2024 2028
f 2025 2030 2026
f 2025 2029 2030
f 2025 2031 2029
f 2025 2027 2031
f 1961 2031 2027
f 1964 2028 2032
f 2029 2034 2030
f 2029 2033 2034
f 2029 2035 2033
f 2029 2031 2035
f 1961 2035 2031
f 1964 2032 2036
f 2033 2038 2034
f 2033 2037 2038
f 2033 2039 2037
f 2033 2035 2039
f 1961 2039 2035
f 1964 2036 2040
f 2037 2042 2038
f 2037 2041 2042
f 2037 2043 2041
f 2037 2039 2043
f 1961 2043 2039
f 1964 2040 2044
f 2041 2046 2042
f 2041 2045 2046
f 2041 2047 2045
f 2041 2043 2047
f 1961 2047 2043
f 1964 2044 2048
f 2045 2050 2046
f 2045 2049 2050
f 2045 2051 2049
f 2045 2047 2051
f 1961 2051 2047
f 1964 2048 2052
f 2049 1190 2050
f 2049 2053 1190
f 2049 2054 2053
f 2049 2051 2054
f 1961 2054 2051
f 1964 2052 1192
f 2053 1186 1190
f 2053 2055 1186
f 2053 2056 2055
f 2053 2054 2056
f 1961 2056 2054
f 1964 1192 1188
f 2055 1182 1186
f 2055 2057 1182
f 2055 2058 2057
f 2055 2056 2058
f 1961 2058 2056
f 1964 1188 1184
f 2057 1178 1182
f 2057 2059 1178
f 2057 2060 2059
f 2057 2058 2060
f 1961 2060 2058
f 1964 1184 1180
f 2059 1174 1178
f 2059 2061 1174
f 2059 2062 2061
f 2059 2060 2062
f 1961 2062 2060
f 1964 1180 1176
f 2061 1170 1174
f 2061 2063 1170
f 2061 2064 2063
f 2061 2062 2064
f 1961 2064 2062
f 1964 1176 1172
f 2063 1166 1170
f 2063 2065 1166
f 2063 2066 2065
f 2063 2064 2066
f 1961 2066 2064
f 1964 1172 1168
f 2065 1158 1166
f 2065 2067 1158
f 2065 2068 2067
f 2065 2066 2068
f 1961 2068 2066
f 1964 1168 1163
f 2067 1157 1158
f 2067 2069 1157
f 2067 2070 2069
f 2067 2068 2070
f 1961 2070 2068
f 1964 1163 1162
f 2069 1344 1157
f 2069 2071 1344
f 2069 2072 2071
f 2069 2070 2072
f 1961 2072 2070
f 1964 1162 1346
f 2071 1340 1344
f 2071 2073 1340
f 2071 2074 2073
f 2071 2072 2074
f 1961 2074 2072
f 1964 1346 1342
f 2073 1336 1340
f 2073 2075 1336
f 2073 2076 2075
f 2073 2074 2076
f 1961 2076 2074
f 1964 1342 1338
f 2075 1332 1336
f 2075 2077 1332
f 2075 2078 2077
f 2075 2076 2078
f 1961 2078 2076
f 1964 1338 1334
f 2077 1328 1332
f 2077 2079 1328
f 2077 2080 2079
f 2077 2078 2080
f 1961 2080 2078
f 1964 1334 1330
f 2079 1324 1328
f 2079 2081 1324
f 2079 2082 2081
f 2079 2080 2082
f 1961 2082 2080
f 1964 1330 1326
f 2081 1320 1324
f 2081 2083 1320
f 2081 2084 2083
f 2081 2082 2084
f 1961 2084 2082
f 1964 1326 1322
f 2083 966 1320
f 2083 2085 966
f 2083 2086 2085
f 2083 2084 2086
f 1961 2086 2084
f 1964 1322 968
f 2085 1826 966
f 2085 2087 1826
f 2085 2088 2087
f 2085 2086 2088
f 1961 2088 2086
f 1964 968 1828
f 2087 1822 1826
f 2087 2089 1822
f 2087 2090 2089
f 2087 2088 2090
f 1961 2090 2088
f 1964 1828 1824
f 2089 1818 1822
f 2089 2091 1818
f 2089 2092 2091
f 2089 2090 2092
f 1961 2092 2090
f 1964 1824 1820
f 2091 1814 1818
f 2091 2093 1814
f 2091 2094 2093
f 2091 2092 2094
f 1961 2094 2092
f 1964 1820 1816
f 2093 1810 1814
f 2093 2095 1810
f 2093 2096 2095
f 2093 2094 2096
f 1961 2096 2094
f 1964 1816 1812
f 2095 1806 1810
f 2095 2097 1806
f 2095 2098 2097
f 2095 2096 2098
f 1961 2098 2096
f 1964 1812 1808
f 2097 1802 1806
f 2097 2099 1802
f 2097 2100 2099
f 2097 2098 2100
f 1961 2100 2098
f 1964 1808 1804
f 2099 1798 1802
f 2099 2101 1798
f 2099 2102 2101
f 2099 2100 2102
f 1961 2102 2100
f 1964 1804 1800
f 2101 1794 1798
f 2101 2103 1794
f 2101 2104 2103
f 2101 2102 2104
f 1961 2104 2102
f 1964 1800 1796
f 2103 1790 1794
f 2103 2105 1790
f 2103 2106 2105
f 2103 2104 2106
f 1961 2106 2104
f 1964 1796 1792
f 2105 1786 1790
f 2105 2107 1786
f 2105 2108 2107
f 2105 2106 2108
f 1961 2108 2106
f 1964 1792 1788
f 2107 1782 1786
f 2107 2109 1782
f 2107 2110 2109
f 2107 2108 2110
f 1961 2110 2108
f 1964 1788 1784
f 2109 1778 1782
f 2109 2111 1778
f 2109 2112 2111
f 2109 2110 2112
f 1961 2112 2110
f 1964 1784 1780
f 2111 1774 1778
f 2111 2113 1774
f 2111 2114 2113
f 2111 2112 2114
f 1961 2114 2112
f 1964 1780 1776
f 2113 1770 1774
f 2113 2115 1770
f 2113 2116 2115
f 2113 2114 2116
f 1961 2116 2114
f 1964 1776 1772
f 2115 1766 1770
f 2115 2117 1766
f 2115 2118 2117
f 2115 2116 2118
f 1961 2118 2116
f 1964 1772 1768
f 2117 2120 1766
f 2117 2119 2120
f 2117 2121 2119
f 2117 2118 2121
f 1961 2121 2118
f 1964 1768 2122
f 2119 2124 2120
f 2119 2123 2124
f 2119 2125 2123
f 2119 2121 2125
f 1961 2125 2121
f 1964 2122 2126
f 2123 2128 2124
f 2123 2127 2128
f 2123 2129 2127
f 2123 2125 2129
f 1961 2129 2125
f 1964 2126 2130
f 2127 2132 2128
f 2127 2131 2132
f 2127 2133 2131
f 2127 2129 2133
f 1961 2133 2129
f 1964 2130 2134
f 2131 2136 2132
f 2131 2135 2136
f 2131 2137 2135
f 2131 2133 2137
f 1961 2137 2133
f 1964 2134 2138
f 2135 2140 2136
f 2135 2139 2140
f 2135 2141 2139
f 2135 2137 2141
f 1961 2141 2137
f 1964 2138 2142
f 2139 2144 2140
f 2139 2143 2144
f 2139 2145 2143
f 2139 2141 2145
f 1961 2145 2141
f 1964 2142 2146
f 2143 1957 2144
f 2143 1955 1957
f 2143 1959 1955
f 2143 2145 1959
f 1961 1959 2145
f 1964 2146 1962
f 2147 2150 2149
f 2147 2148 2150
f 2147 2152 2148
f 2147 2151 2152
f 2153 2152 2151
f 2156 2154 2155
f 2148 2158 2150
f 2148 2157 2158
f 2148 2159 2157
f 2148 2152 2159
f 2153 2159 2152
f 2156 2155 2160
f 2157 2162 2158
f 2157 2161 2162
f 2157 2163 2161
f 2157 2159 2163
f 2153 2163 2159
f 2156 2160 2164
f 2161 2166 2162
f 2161 2165 2166
f 2161 2167 2165
f 2161 2163 2167
f 2153 2167 2163
f 2156 2164 2168
f 2165 2170 2166
f 2165 2169 2170
f 2165 2171 2169
f 2165 2167 2171
f 2153 2171 2167
f 2156 2168 2172
f 2169 2174 2170
f 2169 2173 2174
f 2169 2175 2173
f 2169 2171 2175
f 2153 2175 2171
f 2156 2172 2176
f 2173 2178 2174
f 2173 2177 2178
f 2173 2179 2177
f 2173 2175 2179
f 2153 2179 2175
f 2156 2176 2180
f 2177 2182 2178
f 2177 2181 2182
f 2177 2183 2181
f 2177 2179 2183
f 2153 2183 2179
f 2156 2180 2184
f 2181 2186 2182
f 2181 2185 2186
f 2181 2187 2185
f 2181 2183 2187
f 2153 2187 2183
f 2156 2184 2188
f 2185 2190 2186
f 2185 2189 2190
f 2185 2191 2189
f 2185 2187 2191
f 2153 2191 2187
f 2156 2188 2192
f 2189 2194 2190
f 2189 2193 2194
f 2189 2195 2193
f 2189 2191 2195
f 2153 2195 2191
f 2156 2192 2196
f 2193 2198 2194
f 2193 2197 2198
f 2193 2199 2197
f 2193 2195 2199
f 2153 2199 2195
f 2156 2196 2200
f 2197 2202 2198
f 2197 2201 2202
f 2197 2203 2201
f 2197 2199 2203
f 2153 2203 2199
f 2156 2200 2204
f 2201 2206 2202
f 2201 2205 2206
f 2201 2207 2205
f 2201 2203 2207
f 2153 2207 2203
f 2156 2204 2208
f 2205 2210 2206
f 2205 2209 2210
f 2205 2211 2209
f 2205 2207 2211
f 2153 2211 2207
f 2156 2208 2212
f 2209 2214 2210
f 2209 2213 2214
f 2209 2215 2213
f 2209 2211 2215
f 2153 2215 2211
f 2156 2212 2216
f 2213 2218 2214
f 2213 2217 2218
f 2213 2219 2217
f 2213 2215 2219
f 2153 2219 2215
f 2156 2216 2220
f 2217 2222 2218
f 2217 2221 2222
f 2217 2223 2221
f 2217 2219 2223
f 2153 2223 2219
f 2156 2220 2224
f 2221 2226 2222
f 2221 2225 2226
f 2221 2227 2225
f 2221 2223 2227
f 2153 2227 2223
f 2156 2224 2228
f 2225 2230 2226
f 2225 2229 2230
f 2225 2231 2229
f 2225 2227 2231
f 2153 2231 2227
f 2156 2228 2232
f 2229 2234 2230
f 2229 2233 2234
f 2229 2235 2233
f 2229 2231 2235
f 2153 2235 2231
f 2156 2232 2236
f 2233 2238 2234
f 2233 2237 2238
f 2233 2239 2237
f 2233 2235 2239
f 2153 2239 2235
f 2156 2236 2240
f 2237 2242 2238
f 2237 2241 2242
f 2237 2243 2241
f 2237 2239 2243
f 2153 2243 2239
f 2156 2240 2244
f 2241 1382 2242
f 2241 2245 1382
f 2241 2246 2245
f 2241 2243 2246
f 2153 2246 2243
f 2156 2244 1384
f 2245 1378 1382
f 2245 2247 1378
f 2245 2248 2247
f 2245 2246 2248
f 2153 2248 2246
f 2156 1384 1380
f 2247 1374 1378
f 2247 2249 1374
f 2247 2250 2249
f 2247 2248 2250
f 2153 2250 2248
f 2156 1380 1376
f 2249 1370 1374
f 2249 2251 1370
f 2249 2252 2251
f 2249 2250 2252
f 2153 2252 2250
f 2156 1376 1372
f 2251 1366 1370
f 2251 2253 1366
f 2251 2254 2253
f 2251 2252 2254
f 2153 2254 2252
f 2156 1372 1368
f 2253 1362 1366
f 2253 2255 1362
f 2253 2256 2255
f 2253 2254 2256
f 2153 2256 2254
f 2156 1368 1364
f 2255 1358 1362
f 2255 2257 1358
f 2255 2258 2257
f 2255 2256 2258
f 2153 2258 2256
f 2156 1364 1360
f 2257 1350 1358
f 2257 2259 1350
f 2257 2260 2259
f 2257 2258 2260
f 2153 2260 2258
f 2156 1360 1355
f 2259 1349 1350
f 2259 2261 1349
f 2259 2262 2261
f 2259 2260 2262
f 2153 2262 2260
f 2156 1355 1354
f 2261 1536 1349
f 2261 2263 1536
f 2261 2264 2263
f 2261 2262 2264
f 2153 2264 2262
f 2156 1354 1538
f 2263 1532 1536
f 2263 2265 1532
f 2263 2266 2265
f 2263 2264 2266
f 2153 2266 2264
f 2156 1538 1534
f 2265 1528 1532
f 2265 2267 1528
f 2265 2268 2267
f 2265 2266 2268
f 2153 2268 2266
f 2156 1534 1530
f 2267 1524 1528
f 2267 2269 1524
f 2267 2270 2269
f 2267 2268 2270
f 2153 2270 2268
f 2156 1530 1526
f 2269 1520 1524
f 2269 2271 1520
f 2269 2272 2271
f 2269 2270 2272
f 2153 2272 2270
f 2156 1526 1522
f 2271 1516 1520
f 2271 2273 1516
f 2271 2274 2273
f 2271 2272 2274
f 2153 2274 2272
f 2156 1522 1518
f 2273 1512 1516
f 2273 2275 1512
f 2273 2276 2275
f 2273 2274 2276
f 2153 2276 2274
f 2156 1518 1514
f 2275 1190 1512
f 2275 2277 1190
f 2275 2278 2277
f 2275 2276 2278
f 2153 2278 2276
f 2156 1514 1192
f 2277 2050 1190
f 2277 2279 2050
f 2277 2280 2279
f 2277 2278 2280
f 2153 2280 2278
f 2156 1192 2052
f 2279 2046 2050
f 2279 2281 2046
f 2279 2282 2281
f 2279 2280 2282
f 2153 2282 2280
f 2156 2052 2048
f 2281 2042 2046
f 2281 2283 2042
f 2281 2284 2283
f 2281 2282 2284
f 2153 2284 2282
f 2156 2048 2044
f 2283 2038 2042
f 2283 2285 2038
f 2283 2286 2285
f 2283 2284 2286
f 2153 2286 2284
f 2156 2044 2040
f 2285 2034 2038
f 2285 2287 2034
f 2285 2288 2287
f 2285 2286 2288
f 2153 2288 2286
f 2156 2040 2036
f 2287 2030 2034
f 2287 2289 2030
f 2287 2290 2289
f 2287 2288 2290
f 2153 2290 2288
f 2156 2036 2032
f 2289 2026 2030
f 2289 2291 2026
f 2289 2292 2291
f 2289 2290 2292
f 2153 2292 2290
f 2156 2032 2028
f 2291 2022 2026
f 2291 2293 2022
f 2291 2294 2293
f 2291 2292 2294
f 2153 2294 2292
f 2156 2028 2024
f 2293 2018 2022
f 2293 2295 2018
f 2293 2296 2295
f 2293 2294 2296
f 2153 2296 2294
f 2156 2024 2020
f 2295 2014 2018
f 2295 2297 2014
f 2295 2298 2297
f 2295 2296 2298
f 2153 2298 2296
f 2156 2020 2016
f 2297 2010 2014
f 2297 2299 2010
f 2297 2300 2299
f 2297 2298 2300
f 2153 2300 2298
f 2156 2016 2012
f 2299 2006 2010
f 2299 2301 2006
f 2299 2302 2301
f 2299 2300 2302
f 2153 2302 2300
f 2156 2012 2008
f 2301 2002 2006
f 2301 2303 2002
f 2301 2304 2303
f 2301 2302 2304
f 2153 2304 2302
f 2156 2008 2004
f 2303 1998 2002
f 2303 2305 1998
f 2303 2306 2305
f 2303 2304 2306
f 2153 2306 2304
f 2156 2004 2000
f 2305 1994 1998
f 2305 2307 1994
f 2305 2308 2307
f 2305 2306 2308
f 2153 2308 2306
f 2156 2000 1996
f 2307 1990 1994
f 2307 2309 1990
f 2307 2310 2309
f 2307 2308 2310
f 2153 2310 2308
f 2156 1996 1992
f 2309 2312 1990
f 2309 2311 2312
f 2309 2313 2311
f 2309 2310 2313
f 2153 2313 2310
f 2156 1992 2314
f 2311 2316 2312
f 2311 2315 2316
f 2311 2317 2315
f 2311 2313 2317
f 2153 2317 2313
f 2156 2314 2318
f 2315 2320 2316
f 2315 2319 2320
f 2315 2321 2319
f 2315 2317 2321
f 2153 2321 2317
f 2156 2318 2322
f 2319 2324 2320
f 2319 2323 2324
f 2319 2325 2323
f 2319 2321 2325
f 2153 2325 2321
f 2156 2322 2326
f 2323 2328 2324
f 2323 2327 2328
f 2323 2329 2327
f 2323 2325 2329
f 2153 2329 2325
f 2156 2326 2330
f 2327 2332 2328
f 2327 2331 2332
f 2327 2333 2331
f 2327 2329 2333
f 2153 2333 2329
f 2156 2330 2334
f 2331 2336 2332
f 2331 2335 2336
f 2331 2337 2335
f 2331 2333 2337
f 2153 2337 2333
f 2156 2334 2338
f 2335 2149 2336
f 2335 2147 2149
f 2335 2151 2147
f 2335 2337 2151
f 2153 2151 2337
f 2156 2338 2154
f 2339 2342 2341
f 2339 2340 2342
f 2339 2344 2340
f 2339 2343 2344
f 2345 2344 2343
f 2348 2346 2347
f 2340 2350 2342
f 2340 2349 2350
f 2340 2351 2349
f 2340 2344 2351
f 2345 2351 2344
f 2348 2347 2352
f 2349 2354 2350
f 2349 2353 2354
f 2349 2355 2353
f 2349 2351 2355
f 2345 2355 2351
f 2348 2352 2356
f 2353 2358 2354
f 2353 2357 2358
f 2353 2359 2357
f 2353 2355 2359
f 2345 2359 2355
f 2348 2356 2360
f 2357 2362 2358
f 2357 2361 2362
f 2357 2363 2361
f 2357 2359 2363
f 2345 2363 2359
f 2348 2360 2364
f 2361 2366 2362
f 2361 2365 2366
f 2361 2367 2365
f 2361 2363 2367
f 2345 2367 2363
f 2348 2364 2368
f 2365 2370 2366
f 2365 2369 2370
f 2365 2371 2369
f 2365 2367 2371
f 2345 2371 2367
f 2348 2368 2372
f 2369 2374 2370
f 2369 2373 2374
f 2369 2375 2373
f 2369 2371 2375
f 2345 2375 2371
f 2348 2372 2376
f 2373 2378 2374
f 2373 2377 2378
f 2373 2379 2377
f 2373 2375 2379
f 2345 2379 2375
f 2348 2376 2380
f 2374 2380 2376
f 2374 2378 2380
f 2377 2382 2378
f 2377 2381 2382
f 2377 2383 2381
f 2377 2379 2383
f 2345 2383 2379
f 2348 2380 2384
f 2378 2384 2380
f 2378 2382 2384
f 2381 2386 2382
f 2381 2385 2386
f 2381 2387 2385
f 2381 2383 2387
f 2345 2387 2383
f 2348 2384 2388
f 2382 2388 2384
f 2382 2386 2388
f 2385 2390 2386
f 2385 2389 2390
f 2385 2391 2389
f 2385 2387 2391
f 2345 2391 2387
f 2348 2388 2392
f 2386 2392 2388
f 2386 2390 2392
f 2389 2394 2390
f 2389 2393 2394
f 2389 2395 2393
f 2389 2391 2395
f 2345 2395 2391
f 2348 2392 2396
f 2390 2396 2392
f 2390 2394 2396
f 2393 2398 2394
f 2393 2397 2398
f 2393 2399 2397
f 2393 2395 2399
f 2345 2399 2395
f 2348 2396 2400
f 2394 2400 2396
f 2394 2398 2400
f 2397 2402 2398
f 2397 2401 2402
f 2397 2403 2401
f 2397 2399 2403
f 2345 2403 2399
f 2348 2400 2404
f 2398 2404 2400
f 2398 2402 2404
f 2401 2406 2402
f 2401 2405 2406
f 2401 2407 2405
f 2401 2403 2407
f 2345 2407 2403
f 2348 2404 2408
f 2402 2408 2404
f 2402 2406 2408
f 2405 2410 2406
f 2405 2409 2410
f 2405 2411 2409
f 2405 2407 2411
f 2345 2411 2407
f 2348 2408 2412
f 2406 2412 2408
f 2406 2410 2412
f 2409 2414 2410
f 2409 2413 2414
f 2409 2415 2413
f 2409 2411 2415
f 2345 2415 2411
f 2348 2412 2416
f 2410 2416 2412
f 2410 2414 2416
f 2413 2418 2414
f 2413 2417 2418
f 2413 2419 2417
f 2413 2415 2419
f 2345 2419 2415
f 2348 2416 2420
f 2414 2420 2416
f 2414 2418 2420
f 2417 2422 2418
f 2417 2421 2422
f 2417 2423 2421
f 2417 2419 2423
f 2345 2423 2419
f 2348 2420 2424
f 2418 2424 2420
f 2418 2422 2424
f 2421 2426 2422
f 2421 2425 2426
f 2421 2427 2425
f 2421 2423 2427
f 2345 2427 2423
f 2348 2424 2428
f 2422 2428 2424
f 2422 2426 2428
f 2425 2430 2426
f 2425 2429 2430
f 2425 2431 2429
f 2425 2427 2431
f 2345 2431 2427
f 2348 2428 2432
f 2426 2432 2428
f 2426 2430 2432
f 2429 2434 2430
f 2429 2433 2434
f 2429 2435 2433
f 2429 2431 2435
f 2345 2435 2431
f 2348 2432 2436
f 2430 2436 2432
f 2430 2434 2436
f 2433 1574 2434
f 2433 2437 1574
f 2433 2438 2437
f 2433 2435 2438
f 2345 2438 2435
f 2348 2436 1576
f 2434 1576 2436
f 2434 1574 1576
f 2437 1570 1574
f 2437 2439 1570
f 2437 2440 2439
f 2437 2438 2440
f 2345 2440 2438
f 2348 1576 1572
f 2439 1566 1570
f 2439 2441 1566
f 2439 2442 2441
f 2439 2440 2442
f 2345 2442 2440
f 2348 1572 1568
f 2441 1562 1566
f 2441 2443 1562
f 2441 2444 2443
f 2441 2442 2444
f 2345 2444 2442
f 2348 1568 1564
f 2443 1558 1562
f 2443 2445 1558
f 2443 2446 2445
f 2443 2444 2446
f 2345 2446 2444
f 2348 1564 1560
f 2445 1554 1558
f 2445 2447 1554
f 2445 2448 2447
f 2445 2446 2448
f 2345 2448 2446
f 2348 1560 1556
f 2447 1550 1554
f 2447 2449 1550
f 2447 2450 2449
f 2447 2448 2450
f 2345 2450 2448
f 2348 1556 1552
f 2449 1542 1550
f 2449 2451 1542
f 2449 2452 2451
f 2449 2450 2452
f 2345 2452 2450
f 2348 1552 1547
f 2451 1541 1542
f 2451 2453 1541
f 2451 2454 2453
f 2451 2452 2454
f 2345 2454 2452
f 2348 1547 1546
f 2453 1728 1541
f 2453 2455 1728
f 2453 2456 2455
f 2453 2454 2456
f 2345 2456 2454
f 2348 1546 1730
f 2455 1724 1728
f 2455 2457 1724
f 2455 2458 2457
f 2455 2456 2458
f 2345 2458 2456
f 2348 1730 1726
f 2457 1720 1724
f 2457 2459 1720
f 2457 2460 2459
f 2457 2458 2460
f 2345 2460 2458
f 2348 1726 1722
f 2459 1716 1720
f 2459 2461 1716
f 2459 2462 2461
f 2459 2460 2462
f 2345 2462 2460
f 2348 1722 1718
f 2461 1712 1716
f 2461 2463 1712
f 2461 2464 2463
f 2461 2462 2464
f 2345 2464 2462
f 2348 1718 1714
f 2463 1708 1712
f 2463 2465 1708
f 2463 2466 2465
f 2463 2464 2466
f 2345 2466 2464
f 2348 1714 1710
f 2465 1704 1708
f 2465 2467 1704
f 2465 2468 2467
f 2465 2466 2468
f 2345 2468 2466
f 2348 1710 1706
f 2467 1382 1704
f 2467 2469 1382
f 2467 2470 2469
f 2467 2468 2470
f 2345 2470 2468
f 2348 1706 1384
f 2469 2242 1382
f 2469 2471 2242
f 2469 2472 2471
f 2469 2470 2472
f 2345 2472 2470
f 2348 1384 2244
f 2471 2238 2242
f 2471 2473 2238
f 2471 2474 2473
f 2471 2472 2474
f 2345 2474 2472
f 2348 2244 2240
f 2473 2234 2238
f 2473 2475 2234
f 2473 2476 2475
f 2473 2474 2476
f 2345 2476 2474
f 2348 2240 2236
f 2475 2230 2234
f 2475 2477 2230
f 2475 2478 2477
f 2475 2476 2478
f 2345 2478 2476
f 2348 2236 2232
f 2477 2226 2230
f 2477 2479 2226
f 2477 2480 2479
f 2477 2478 2480
f 2345 2480 2478
f 2348 2232 2228
f 2479 2222 2226
f 2479 2481 2222
f 2479 2482 2481
f 2479 2480 2482
f 2345 2482 2480
f 2348 2228 2224
f 2481 2218 2222
f 2481 2483 2218
f 2481 2484 2483
f 2481 2482 2484
f 2345 2484 2482
f 2348 2224 2220
f 2483 2214 2218
f 2483 2485 2214
f 2483 2486 2485
f 2483 2484 2486
f 2345 2486 2484
f 2348 2220 2216
f 2485 2210 2214
f 2485 2487 2210
f 2485 2488 2487
f 2485 2486 2488
f 2345 2488 2486
f 2348 2216 2212
f 2487 2206 2210
f 2487 2489 2206
f 2487 2490 2489
f 2487 2488 2490
f 2345 2490 2488
f 2348 2212 2208
f 2489 2202 2206
f 2489 2491 2202
f 2489 2492 2491
f 2489 2490 2492
f 2345 2492 2490
f 2348 2208 2204
f 2491 2198 2202
f 2491 2493 2198
f 2491 2494 2493
f 2491 2492 2494
f 2345 2494 2492
f 2348 2204 2200
f 2493 2194 2198
f 2493 2495 2194
f 2493 2496 2495
f 2493 2494 2496
f 2345 2496 2494
f 2348 2200 2196
f 2495 2190 2194
f 2495 2497 2190
f 2495 2498 2497
f 2495 2496 2498
f 2345 2498 2496
f 2348 2196 2192
f 2497 2186 2190
f 2497 2499 2186
f 2497 2500 2499
f 2497 2498 2500
f 2345 2500 2498
f 2348 2192 2188
f 2499 2182 2186
f 2499 2501 2182
f 2499 2502 2501
f 2499 2500 2502
f 2345 2502 2500
f 2348 2188 2184
f 2501 2504 2182
f 2501 2503 2504
f 2501 2505 2503
f 2501 2502 2505
f 2345 2505 2502
f 2348 2184 2506
f 2503 2508 2504
f 2503 2507 2508
f 2503 2509 2507
f 2503 2505 2509
f 2345 2509 2505
f 2348 2506 2510
f 2507 2512 2508
f 2507 2511 2512
f 2507 2513 2511
f 2507 2509 2513
f 2345 2513 2509
f 2348 2510 2514
f 2511 2516 2512
f 2511 2515 2516
f 2511 2517 2515
f 2511 2513 2517
f 2345 2517 2513
f 2348 2514 2518
f 2515 2520 2516
f 2515 2519 2520
f 2515 2521 2519
f 2515 2517 2521
f 2345 2521 2517
f 2348 2518 2522
f 2519 2524 2520
f 2519 2523 2524
f 2519 2525 2523
f 2519 2521 2525
f 2345 2525 2521
f 2348 2522 2526
f 2523 2528 2524
f 2523 2527 2528
f 2523 2529 2527
f 2523 2525 2529
f 2345 2529 2525
f 2348 2526 2530
f 2527 2341 2528
f 2527 2339 2341
f 2527 2343 2339
f 2527 2529 2343
f 2345 2343 2529
f 2348 2530 2346
f 2531 2534 2533
f 2531 2532 2534
f 2531 2536 2532
f 2531 2535 2536
f 2537 2536 2535
f 2540 2538 2539
f 2533 2539 2538
f 2533 2534 2539
f 2532 2542 2534
f 2532 2541 2542
f 2532 2543 2541
f 2532 2536 2543
f 2537 2543 2536
f 2540 2539 2544
f 2534 2544 2539
f 2534 2542 2544
f 2541 2546 2542
f 2541 2545 2546
f 2541 2547 2545
f 2541 2543 2547
f 2537 2547 2543
f 2540 2544 2548
f 2542 2548 2544
f 2542 2546 2548
f 2545 2550 2546
f 2545 2549 2550
f 2545 2551 2549
f 2545 2547 2551
f 2537 2551 2547
f 2540 2548 2552
f 2546 2552 2548
f 2546 2550 2552
f 2549 2554 2550
f 2549 2553 2554
f 2549 2555 2553
f 2549 2551 2555
f 2537 2555 2551
f 2540 2552 2556
f 2550 2556 2552
f 2550 2554 2556
f 2553 2558 2554
f 2553 2557 2558
f 2553 2559 2557
f 2553 2555 2559
f 2537 2559 2555
f 2540 2556 2560
f 2554 2560 2556
f 2554 2558 2560
f 2557 2562 2558
f 2557 2561 2562
f 2557 2563 2561
f 2557 2559 2563
f 2537 2563 2559
f 2540 2560 2564
f 2558 2564 2560
f 2558 2562 2564
f 2561 2566 2562
f 2561 2565 2566
f 2561 2567 2565
f 2561 2563 2567
f 2537 2567 2563
f 2540 2564 2568
f 2562 2568 2564
f 2562 2566 2568
f 2565 2570 2566
f 2565 2569 2570
f 2565 2571 2569
f 2565 2567 2571
f 2537 2571 2567
f 2540 2568 2572
f 2569 2574 2570
f 2569 2573 2574
f 2569 2575 2573
f 2569 2571 2575
f 2537 2575 2571
f 2540 2572 2576
f 2573 2578 2574
f 2573 2577 2578
f 2573 2579 2577
f 2573 2575 2579
f 2537 2579 2575
f 2540 2576 2580
f 2577 2582 2578
f 2577 2581 2582
f 2577 2583 2581
f 2577 2579 2583
f 2537 2583 2579
f 2540 2580 2584
f 2581 2586 2582
f 2581 2585 2586
f 2581 2587 2585
f 2581 2583 2587
f 2537 2587 2583
f 2540 2584 2588
f 2585 2590 2586
f 2585 2589 2590
f 2585 2591 2589
f 2585 2587 2591
f 2537 2591 2587
f 2540 2588 2592
f 2589 2594 2590
f 2589 2593 2594
f 2589 2595 2593
f 2589 2591 2595
f 2537 2595 2591
f 2540 2592 2596
f 2593 2598 2594
f 2593 2597 2598
f 2593 2599 2597
f 2593 2595 2599
f 2537 2599 2595
f 2540 2596 2600
f 2597 2602 2598
f 2597 2601 2602
f 2597 2603 2601
f 2597 2599 2603
f 2537 2603 2599
f 2540 2600 2604
f 2601 2606 2602
f 2601 2605 2606
f 2601 2607 2605
f 2601 2603 2607
f 2537 2607 2603
f 2540 2604 2608
f 2605 2610 2606
f 2605 2609 2610
f 2605 2611 2609
f 2605 2607 2611
f 2537 2611 2607
f 2540 2608 2612
f 2609 2614 2610
f 2609 2613 2614
f 2609 2615 2613
f 2609 2611 2615
f 2537 2615 2611
f 2540 2612 2616
f 2613 2618 2614
f 2613 2617 2618
f 2613 2619 2617
f 2613 2615 2619
f 2537 2619 2615
f 2540 2616 2620
f 2617 2622 2618
f 2617 2621 2622
f 2617 2623 2621
f 2617 2619 2623
f 2537 2623 2619
f 2540 2620 2624
f 2621 2626 2622
f 2621 2625 2626
f 2621 2627 2625
f 2621 2623 2627
f 2537 2627 2623
f 2540 2624 2628
f 2625 1766 2626
f 2625 2629 1766
f 2625 2630 2629
f 2625 2627 2630
f 2537 2630 2627
f 2540 2628 1768
f 2629 1762 1766
f 2629 2631 1762
f 2629 2632 2631
f 2629 2630 2632
f 2537 2632 2630
f 2540 1768 1764
f 2631 1758 1762
f 2631 2633 1758
f 2631 2634 2633
f 2631 2632 2634
f 2537 2634 2632
f 2540 1764 1760
f 2633 1754 1758
f 2633 2635 1754
f 2633 2636 2635
f 2633 2634 2636
f 2537 2636 2634
f 2540 1760 1756
f 2635 1750 1754
f 2635 2637 1750
f 2635 2638 2637
f 2635 2636 2638
f 2537 2638 2636
f 2540 1756 1752
f 2637 1746 1750
f 2637 2639 1746
f 2637 2640 2639
f 2637 2638 2640
f 2537 2640 2638
f 2540 1752 1748
f 2639 1742 1746
f 2639 2641 1742
f 2639 2642 2641
f 2639 2640 2642
f 2537 2642 2640
f 2540 1748 1744
f 2641 1734 1742
f 2641 2643 1734
f 2641 2644 2643
f 2641 2642 2644
f 2537 2644 2642
f 2540 1744 1739
f 2643 1733 1734
f 2643 2645 1733
f 2643 2646 2645
f 2643 2644 2646
f 2537 2646 2644
f 2540 1739 1738
f 2645 1952 1733
f 2645 2647 1952
f 2645 2648 2647
f 2645 2646 2648
f 2537 2648 2646
f 2540 1738 1954
f 2647 1948 1952
f 2647 2649 1948
f 2647 2650 2649
f 2647 2648 2650
f 2537 2650 2648
f 2540 1954 1950
f 2649 1944 1948
f 2649 2651 1944
f 2649 2652 2651
f 2649 2650 2652
f 2537 2652 2650
f 2540 1950 1946
f 2651 1940 1944
f 2651 2653 1940
f 2651 2654 2653
f 2651 2652 2654
f 2537 2654 2652
f 2540 1946 1942
f 2653 1936 1940
f 2653 2655 1936
f 2653 2656 2655
f 2653 2654 2656
f 2537 2656 2654
f 2540 1942 1938
f 2655 1932 1936
f 2655 2657 1932
f 2655 2658 2657
f 2655 2656 2658
f 2537 2658 2656
f 2540 1938 1934
f 2657 1928 1932
f 2657 2659 1928
f 2657 2660 2659
f 2657 2658 2660
f 2537 2660 2658
f 2540 1934 1930
f 2659 1924 1928
f 2659 2661 1924
f 2659 2662 2661
f 2659 2660 2662
f 2537 2662 2660
f 2540 1930 1926
f 2661 2664 1924
f 2661 2663 2664
f 2661 2665 2663
f 2661 2662 2665
f 2537 2665 2662
f 2540 1926 2666
f 1924 2666 1926
f 1924 2664 2666
f 2663 2668 2664
f 2663 2667 2668
f 2663 2669 2667
f 2663 2665 2669
f 2537 2669 2665
f 2540 2666 2670
f 2664 2670 2666
f 2664 2668 2670
f 2667 2672 2668
f 2667 2671 2672
f 2667 2673 2671
f 2667 2669 2673
f 2537 2673 2669
f 2540 2670 2674
f 2668 2674 2670
f 2668 2672 2674
f 2671 2676 2672
f 2671 2675 2676
f 2671 2677 2675
f 2671 2673 2677
f 2537 2677 2673
f 2540 2674 2678
f 2672 2678 2674
f 2672 2676 2678
f 2675 2680 2676
f 2675 2679 2680
f 2675 2681 2679
f 2675 2677 2681
f 2537 2681 2677
f 2540 2678 2682
f 2676 2682 2678
f 2676 2680 2682
f 2679 2684 2680
f 2679 2683 2684
f 2679 2685 2683
f 2679 2681 2685
f 2537 2685 2681
f 2540 2682 2686
f 2680 2686 2682
f 2680 2684 2686
f 2683 2688 2684
f 2683 2687 2688
f 2683 2689 2687
f 2683 2685 2689
f 2537 2689 2685
f 2540 2686 2690
f 2684 2690 2686
f 2684 2688 2690
f 2687 2692 2688
f 2687 2691 2692
f 2687 2693 2691
f 2687 2689 2693
f 2537 2693 2689
f 2540 2690 2694
f 2688 2694 2690
f 2688 2692 2694
f 2691 2696 2692
f 2691 2695 2696
f 2691 2697 2695
f 2691 2693 2697
f 2537 2697 2693
f 2540 2694 2698
f 2692 2698 2694
f 2692 2696 2698
f 2695 2700 2696
f 2695 2699 2700
f 2695 2701 2699
f 2695 2697 2701
f 2537 2701 2697
f 2540 2698 2702
f 2696 2702 2698
f 2696 2700 2702
f 2699 2704 2700
f 2699 2703 2704
f 2699 2705 2703
f 2699 2701 2705
f 2537 2705 2701
f 2540 2702 2706
f 2700 2706 2702
f 2700 2704 2706
f 2703 2708 2704
f 2703 2707 2708
f 2703 2709 2707
f 2703 2705 2709
f 2537 2709 2705
f 2540 2706 2710
f 2704 2710 2706
f 2704 2708 2710
f 2707 2712 2708
f 2707 2711 2712
f 2707 2713 2711
f 2707 2709 2713
f 2537 2713 2709
f 2540 2710 2714
f 2708 2714 2710
f 2708 2712 2714
f 2711 2716 2712
f 2711 2715 2716
f 2711 2717 2715
f 2711 2713 2717
f 2537 2717 2713
f 2540 2714 2718
f 2712 2718 2714
f 2712 2716 2718
f 2715 2720 2716
f 2715 2719 2720
f 2715 2721 2719
f 2715 2717 2721
f 2537 2721 2717
f 2540 2718 2722
f 2716 2722 2718
f 2716 2720 2722
f 2719 2724 2720
f 2719 2723 2724
f 2719 2725 2723
f 2719 2721 2725
f 2537 2725 2721
f 2540 2722 2726
f 2720 2726 2722
f 2720 2724 2726
f 2723 2728 2724
f 2723 2727 2728
f 2723 2729 2727
f 2723 2725 2729
f 2537 2729 2725
f 2540 2726 2730
f 2724 2730 2726
f 2724 2728 2730
f 2727 2732 2728
f 2727 2731 2732
f 2727 2733 2731
f 2727 2729 2733
f 2537 2733 2729
f 2540 2730 2734
f 2728 2734 2730
f 2728 2732 2734
f 2731 2736 2732
f 2731 2735 2736
f 2731 2737 2735
f 2731 2733 2737
f 2537 2737 2733
f 2540 2734 2738
f 2732 2738 2734
f 2732 2736 2738
f 2735 2740 2736
f 2735 2739 2740
f 2735 2741 2739
f 2735 2737 2741
f 2537 2741 2737
f 2540 2738 2742
f 2736 2742 2738
f 2736 2740 2742
f 2739 2744 2740
f 2739 2743 2744
f 2739 2745 2743
f 2739 2741 2745
f 2537 2745 2741
f 2540 2742 2746
f 2740 2746 2742
f 2740 2744 2746
f 2743 2748 2744
f 2743 2747 2748
f 2743 2749 2747
f 2743 2745 2749
f 2537 2749 2745
f 2540 2746 2750
f 2744 2750 2746
f 2744 2748 2750
f 2747 2752 2748
f 2747 2751 2752
f 2747 2753 2751
f 2747 2749 2753
f 2537 2753 2749
f 2540 2750 2754
f 2748 2754 2750
f 2748 2752 2754
f 2751 2533 2752
f 2751 2531 2533
f 2751 2535 2531
f 2751 2753 2535
f 2537 2535 2753
f 2540 2754 2538
f 2752 2538 2754
f 2752 2533 2538
f 2755 2758 2757
f 2755 2756 2758
f 2755 2760 2756
f 2755 2759 2760
f 2761 2760 2759
f 2764 2762 2763
f 2757 2763 2762
f 2757 2758 2763
f 2756 2766 2758
f 2756 2765 2766
f 2756 2767 2765
f 2756 2760 2767
f 2761 2767 2760
f 2764 2763 2768
f 2758 2768 2763
f 2758 2766 2768
f 2765 2770 2766
f 2765 2769 2770
f 2765 2771 2769
f 2765 2767 2771
f 2761 2771 2767
f 2764 2768 2772
f 2766 2772 2768
f 2766 2770 2772
f 2769 2774 2770
f 2769 2773 2774
f 2769 2775 2773
f 2769 2771 2775
f 2761 2775 2771
f 2764 2772 2776
f 2770 2776 2772
f 2770 2774 2776
f 2773 2778 2774
f 2773 2777 2778
f 2773 2779 2777
f 2773 2775 2779
f 2761 2779 2775
f 2764 2776 2780
f 2774 2780 2776
f 2774 2778 2780
f 2777 2782 2778
f 2777 2781 2782
f 2777 2783 2781
f 2777 2779 2783
f 2761 2783 2779
f 2764 2780 2784
f 2778 2784 2780
f 2778 2782 2784
f 2781 2786 2782
f 2781 2785 2786
f 2781 2787 2785
f 2781 2783 2787
f 2761 2787 2783
f 2764 2784 2788
f 2782 2788 2784
f 2782 2786 2788
f 2785 2790 2786
f 2785 2789 2790
f 2785 2791 2789
f 2785 2787 2791
f 2761 2791 2787
f 2764 2788 2792
f 2786 2792 2788
f 2786 2790 2792
f 2789 2794 2790
f 2789 2793 2794
f 2789 2795 2793
f 2789 2791 2795
f 2761 2795 2791
f 2764 2792 2796
f 2793 2798 2794
f 2793 2797 2798
f 2793 2799 2797
f 2793 2795 2799
f 2761 2799 2795
f 2764 2796 2800
f 2797 2802 2798
f 2797 2801 2802
f 2797 2803 2801
f 2797 2799 2803
f 2761 2803 2799
f 2764 2800 2804
f 2801 2806 2802
f 2801 2805 2806
f 2801 2807 2805
f 2801 2803 2807
f 2761 2807 2803
f 2764 2804 2808
f 2805 2810 2806
f 2805 2809 2810
f 2805 2811 2809
f 2805 2807 2811
f 2761 2811 2807
f 2764 2808 2812
f 2809 2814 2810
f 2809 2813 2814
f 2809 2815 2813
f 2809 2811 2815
f 2761 2815 2811
f 2764 2812 2816
f 2813 2818 2814
f 2813 2817 2818
f 2813 2819 2817
f 2813 2815 2819
f 2761 2819 2815
f 2764 2816 2820
f 2817 2822 2818
f 2817 2821 2822
f 2817 2823 2821
f 2817 2819 2823
f 2761 2823 2819
f 2764 2820 2824
f 2821 2826 2822
f 2821 2825 2826
f 2821 2827 2825
f 2821 2823 2827
f 2761 2827 2823
f 2764 2824 2828
f 2825 2830 2826
f 2825 2829 2830
f 2825 2831 2829
f 2825 2827 2831
f 2761 2831 2827
f 2764 2828 2832
f 2829 2834 2830
f 2829 2833 2834
f 2829 2835 2833
f 2829 2831 2835
f 2761 2835 2831
f 2764 2832 2836
f 2833 2838 2834
f 2833 2837 2838
f 2833 2839 2837
f 2833 2835 2839
f 2761 2839 2835
f 2764 2836 2840
f 2837 2842 2838
f 2837 2841 2842
f 2837 2843 2841
f 2837 2839 2843
f 2761 2843 2839
f 2764 2840 2844
f 2841 2846 2842
f 2841 2845 2846
f 2841 2847 2845
f 2841 2843 2847
f 2761 2847 2843
f 2764 2844 2848
f 2845 2850 2846
f 2845 2849 2850
f 2845 2851 2849
f 2845 2847 2851
f 2761 2851 2847
f 2764 2848 2852
f 2849 1990 2850
f 2849 2853 1990
f 2849 2854 2853
f 2849 2851 2854
f 2761 2854 2851
f 2764 2852 1992
f 2853 1986 1990
f 2853 2855 1986
f 2853 2856 2855
f 2853 2854 2856
f 2761 2856 2854
f 2764 1992 1988
f 2855 1982 1986
f 2855 2857 1982
f 2855 2858 2857
f 2855 2856 2858
f 2761 2858 2856
f 2764 1988 1984
f 2857 1978 1982
f 2857 2859 1978
f 2857 2860 2859
f 2857 2858 2860
f 2761 2860 2858
f 2764 1984 1980
f 2859 1974 1978
f 2859 2861 1974
f 2859 2862 2861
f 2859 2860 2862
f 2761 2862 2860
f 2764 1980 1976
f 2861 1970 1974
f 2861 2863 1970
f 2861 2864 2863
f 2861 2862 2864
f 2761 2864 2862
f 2764 1976 1972
f 2863 1966 1970
f 2863 2865 1966
f 2863 2866 2865
f 2863 2864 2866
f 2761 2866 2864
f 2764 1972 1968
f 2865 1958 1966
f 2865 2867 1958
f 2865 2868 2867
f 2865 2866 2868
f 2761 2868 2866
f 2764 1968 1963
f 2867 1957 1958
f 2867 2869 1957
f 2867 2870 2869
f 2867 2868 2870
f 2761 2870 2868
f 2764 1963 1962
f 2869 2144 1957
f 2869 2871 2144
f 2869 2872 2871
f 2869 2870 2872
f 2761 2872 2870
f 2764 1962 2146
f 2871 2140 2144
f 2871 2873 2140
f 2871 2874 2873
f 2871 2872 2874
f 2761 2874 2872
f 2764 2146 2142
f 2873 2136 2140
f 2873 2875 2136
f 2873 2876 2875
f 2873 2874 2876
f 2761 2876 2874
f 2764 2142 2138
f 2875 2132 2136
f 2875 2877 2132
f 2875 2878 2877
f 2875 2876 2878
f 2761 2878 2876
f 2764 2138 2134
f 2877 2128 2132
f 2877 2879 2128
f 2877 2880 2879
f 2877 2878 2880
f 2761 2880 2878
f 2764 2134 2130
f 2879 2124 2128
f 2879 2881 2124
f 2879 2882 2881
f 2879 2880 2882
f 2761 2882 2880
f 2764 2130 2126
f 2881 2120 2124
f 2881 2883 2120
f 2881 2884 2883
f 2881 2882 2884
f 2761 2884 2882
f 2764 2126 2122
f 2883 1766 2120
f 2883 2885 1766
f 2883 2886 2885
f 2883 2884 2886
f 2761 2886 2884
f 2764 2122 1768
f 2885 2626 1766
f 2885 2887 2626
f 2885 2888 2887
f 2885 2886 2888
f 2761 2888 2886
f 2764 1768 2628
f 2887 2622 2626
f 2887 2889 2622
f 2887 2890 2889
f 2887 2888 2890
f 2761 2890 2888
f 2764 2628 2624
f 2889 2618 2622
f 2889 2891 2618
f 2889 2892 2891
f 2889 2890 2892
f 2761 2892 2890
f 2764 2624 2620
f 2891 2614 2618
f 2891 2893 2614
f 2891 2894 2893
f 2891 2892 2894
f 2761 2894 2892
f 2764 2620 2616
f 2893 2610 2614
f 2893 2895 2610
f 2893 2896 2895
f 2893 2894 2896
f 2761 2896 2894
f 2764 2616 2612
f 2895 2606 2610
f 2895 2897 2606
f 2895 2898 2897
f 2895 2896 2898
f 2761 2898 2896
f 2764 2612 2608
f 2897 2602 2606
f 2897 2899 2602
f 2897 2900 2899
f 2897 2898 2900
f 2761 2900 2898
f 2764 2608 2604
f 2899 2598 2602
f 2899 2901 2598
f 2899 2902 2901
f 2899 2900 2902
f 2761 2902 2900
f 2764 2604 2600
f 2901 2594 2598
f 2901 2903 2594
f 2901 2904 2903
f 2901 2902 2904
f 2761 2904 2902
f 2764 2600 2596
f 2903 2590 2594
f 2903 2905 2590
f 2903 2906 2905
f 2903 2904 2906
f 2761 2906 2904
f 2764 2596 2592
f 2905 2586 2590
f 2905 2907 2586
f 2905 2908 2907
f 2905 2906 2908
f 2761 2908 2906
f 2764 2592 2588
f 2907 2582 2586
f 2907 2909 2582
f 2907 2910 2909
f 2907 2908 2910
f 2761 2910 2908
f 2764 2588 2584
f 2909 2578 2582
f 2909 2911 2578
f 2909 2912 2911
f 2909 2910 2912
f 2761 2912 2910
f 2764 2584 2580
f 2911 2574 2578
f 2911 2913 2574
f 2911 2914 2913
f 2911 2912 2914
f 2761 2914 2912
f 2764 2580 2576
f 2913 2570 2574
f 2913 2915 2570
f 2913 2916 2915
f 2913 2914 2916
f 2761 2916 2914
f 2764 2576 2572
f 2915 2566 2570
f 2915 2917 2566
f 2915 2918 2917
f 2915 2916 2918
f 2761 2918 2916
f 2764 2572 2568
f 2917 2920 2566
f 2917 2919 2920
f 2917 2921 2919
f 2917 2918 2921
f 2761 2921 2918
f 2764 2568 2922
f 2566 2922 2568
f 2566 2920 2922
f 2919 2924 2920
f 2919 2923 2924
f 2919 2925 2923
f 2919 2921 2925
f 2761 2925 2921
f 2764 2922 2926
f 2920 2926 2922
f 2920 2924 2926
f 2923 2928 2924
f 2923 2927 2928
f 2923 2929 2927
f 2923 2925 2929
f 2761 2929 2925
f 2764 2926 2930
f 2924 2930 2926
f 2924 2928 2930
f 2927 2932 2928
f 2927 2931 2932
f 2927 2933 2931
f 2927 2929 2933
f 2761 2933 2929
f 2764 2930 2934
f 2928 2934 2930
f 2928 2932 2934
f 2931 2936 2932
f 2931 2935 2936
f 2931 2937 2935
f 2931 2933 2937
f 2761 2937 2933
f 2764 2934 2938
f 2932 2938 2934
f 2932 2936 2938
f 2935 2940 2936
f 2935 2939 2940
f 2935 2941 2939
f 2935 2937 2941
f 2761 2941 2937
f 2764 2938 2942
f 2936 2942 2938
f 2936 2940 2942
f 2939 2944 2940
f 2939 2943 2944
f 2939 2945 2943
f 2939 2941 2945
f 2761 2945 2941
f 2764 2942 2946
f 2940 2946 2942
f 2940 2944 2946
f 2943 2757 2944
f 2943 2755 2757
f 2943 2759 2755
f 2943 2945 2759
f 2761 2759 2945
f 2764 2946 2762
f 2944 2762 2946
f 2944 2757 2762
f 2947 2950 2949
f 2947 2948 2950
f 2947 2952 2948
f 2947 2951 2952
f 2953 2952 2951
f 2956 2954 2955
f 2949 2955 2954
f 2949 2950 2955
f 2948 2958 2950
f 2948 2957 2958
f 2948 2959 2957
f 2948 2952 2959
f 2953 2959 2952
f 2956 2955 2960
f 2950 2960 2955
f 2950 2958 2960
f 2957 2962 2958
f 2957 2961 2962
f 2957 2963 2961
f 2957 2959 2963
f 2953 2963 2959
f 2956 2960 2964
f 2958 2964 2960
f 2958 2962 2964
f 2961 2966 2962
f 2961 2965 2966
f 2961 2967 2965
f 2961 2963 2967
f 2953 2967 2963
f 2956 2964 2968
f 2962 2968 2964
f 2962 2966 2968
f 2965 2970 2966
f 2965 2969 2970
f 2965 2971 2969
f 2965 2967 2971
f 2953 2971 2967
f 2956 2968 2972
f 2966 2972 2968
f 2966 2970 2972
f 2969 2974 2970
f 2969 2973 2974
f 2969 2975 2973
f 2969 2971 2975
f 2953 2975 2971
f 2956 2972 2976
f 2970 2976 2972
f 2970 2974 2976
f 2973 2978 2974
f 2973 2977 2978
f 2973 2979 2977
f 2973 2975 2979
f 2953 2979 2975
f 2956 2976 2980
f 2974 2980 2976
f 2974 2978 2980
f 2977 2982 2978
f 2977 2981 2982
f 2977 2983 2981
f 2977 2979 2983
f 2953 2983 2979
f 2956 2980 2984
f 2978 2984 2980
f 2978 2982 2984
f 2981 2986 2982
f 2981 2985 2986
f 2981 2987 2985
f 2981 2983 2987
f 2953 2987 2983
f 2956 2984 2988
f 2985 2990 2986
f 2985 2989 2990
f 2985 2991 2989
f 2985 2987 2991
f 2953 2991 2987
f 2956 2988 2992
f 2989 2994 2990
f 2989 2993 2994
f 2989 2995 2993
f 2989 2991 2995
f 2953 2995 2991
f 2956 2992 2996
f 2993 2998 2994
f 2993 2997 2998
f 2993 2999 2997
f 2993 2995 2999
f 2953 2999 2995
f 2956 2996 3000
f 2997 3002 2998
f 2997 3001 3002
f 2997 3003 3001
f 2997 2999 3003
f 2953 3003 2999
f 2956 3000 3004
f 3001 3006 3002
f 3001 3005 3006
f 3001 3007 3005
f 3001 3003 3007
f 2953 3007 3003
f 2956 3004 3008
f 3005 3010 3006
f 3005 3009 3010
f 3005 3011 3009
f 3005 3007 3011
f 2953 3011 3007
f 2956 3008 3012
f 3009 3014 3010
f 3009 3013 3014
f 3009 3015 3013
f 3009 3011 3015
f 2953 3015 3011
f 2956 3012 3016
f 3013 3018 3014
f 3013 3017 3018
f 3013 3019 3017
f 3013 3015 3019
f 2953 3019 3015
f 2956 3016 3020
f 3017 3022 3018
f 3017 3021 3022
f 3017 3023 3021
f 3017 3019 3023
f 2953 3023 3019
f 2956 3020 3024
f 3021 3026 3022
f 3021 3025 3026
f 3021 3027 3025
f 3021 3023 3027
f 2953 3027 3023
f 2956 3024 3028
f 3025 3030 3026
f 3025 3029 3030
f 3025 3031 3029
f 3025 3027 3031
f 2953 3031 3027
f 2956 3028 3032
f 3029 3034 3030
f 3029 3033 3034
f 3029 3035 3033
f 3029 3031 3035
f 2953 3035 3031
f 2956 3032 3036
f 3033 3038 3034
f 3033 3037 3038
f 3033 3039 3037
f 3033 3035 3039
f 2953 3039 3035
f 2956 3036 3040
f 3037 3042 3038
f 3037 3041 3042
f 3037 3043 3041
f 3037 3039 3043
f 2953 3043 3039
f 2956 3040 3044
f 3041 2182 3042
f 3041 3045 2182
f 3041 3046 3045
f 3041 3043 3046
f 2953 3046 3043
f 2956 3044 2184
f 3045 2178 2182
f 3045 3047 2178
f 3045 3048 3047
f 3045 3046 3048
f 2953 3048 3046
f 2956 2184 2180
f 3047 2174 2178
f 3047 3049 2174
f 3047 3050 3049
f 3047 3048 3050
f 2953 3050 3048
f 2956 2180 2176
f 3049 2170 2174
f 3049 3051 2170
f 3049 3052 3051
f 3049 3050 3052
f 2953 3052 3050
f 2956 2176 2172
f 3051 2166 2170
f 3051 3053 2166
f 3051 3054 3053
f 3051 3052 3054
f 2953 3054 3052
f 2956 2172 2168
f 3053 2162 2166
f 3053 3055 2162
f 3053 3056 3055
f 3053 3054 3056
f 2953 3056 3054
f 2956 2168 2164
f 3055 2158 2162
f 3055 3057 2158
f 3055 3058 3057
f 3055 3056 3058
f 2953 3058 3056
f 2956 2164 2160
f 3057 2150 2158
f 3057 3059 2150
f 3057 3060 3059
f 3057 3058 3060
f 2953 3060 3058
f 2956 2160 2155
f 3059 2149 2150
f 3059 3061 2149
f 3059 3062 3061
f 3059 3060 3062
f 2953 3062 3060
f 2956 2155 2154
f 3061 2336 2149
f 3061 3063 2336
f 3061 3064 3063
f 3061 3062 3064
f 2953 3064 3062
f 2956 2154 2338
f 3063 2332 2336
f 3063 3065 2332
f 3063 3066 3065
f 3063 3064 3066
f 2953 3066 3064
f 2956 2338 2334
f 3065 2328 2332
f 3065 3067 2328
f 3065 3068 3067
f 3065 3066 3068
f 2953 3068 3066
f 2956 2334 2330
f 3067 2324 2328
f 3067 3069 2324
f 3067 3070 3069
f 3067 3068 3070
f 2953 3070 3068
f 2956 2330 2326
f 3069 2320 2324
f 3069 3071 2320
f 3069 3072 3071
f 3069 3070 3072
f 2953 3072 3070
f 2956 2326 2322
f 3071 2316 2320
f 3071 3073 2316
f 3071 3074 3073
f 3071 3072 3074
f 2953 3074 3072
f 2956 2322 2318
f 3073 2312 2316
f 3073 3075 2312
f 3073 3076 3075
f 3073 3074 3076
f 2953 3076 3074
f 2956 2318 2314
f 3075 1990 2312
f 3075 3077 1990
f 3075 3078 3077
f 3075 3076 3078
f 2953 3078 3076
f 2956 2314 1992
f 3077 2850 1990
f 3077 3079 2850
f 3077 3080 3079
f 3077 3078 3080
f 2953 3080 3078
f 2956 1992 2852
f 3079 2846 2850
f 3079 3081 2846
f 3079 3082 3081
f 3079 3080 3082
f 2953 3082 3080
f 2956 2852 2848
f 3081 2842 2846
f 3081 3083 2842
f 3081 3084 3083
f 3081 3082 3084
f 2953 3084 3082
f 2956 2848 2844
f 3083 2838 2842
f 3083 3085 2838
f 3083 3086 3085
f 3083 3084 3086
f 2953 3086 3084
f 2956 2844 2840
f 3085 2834 2838
f 3085 3087 2834
f 3085 3088 3087
f 3085 3086 3088
f 2953 3088 3086
f 2956 2840 2836
f 3087 2830 2834
f 3087 3089 2830
f 3087 3090 3089
f 3087 3088 3090
f 2953 3090 3088
f 2956 2836 2832
f 3089 2826 2830
f 3089 3091 2826
f 3089 3092 3091
f 3089 3090 3092
f 2953 3092 3090
f 2956 2832 2828
f 3091 2822 2826
f 3091 3093 2822
f 3091 3094 3093
f 3091 3092 3094
f 2953 3094 3092
f 2956 2828 2824
f 3093 2818 2822
f 3093 3095 2818
f 3093 3096 3095
f 3093 3094 3096
f 2953 3096 3094
f 2956 2824 2820
f 3095 2814 2818
f 3095 3097 2814
f 3095 3098 3097
f 3095 3096 3098
f 2953 3098 3096
f 2956 2820 2816
f 3097 2810 2814
f 3097 3099 2810
f 3097 3100 3099
f 3097 3098 3100
f 2953 3100 3098
f 2956 2816 2812
f 3099 2806 2810
f 3099 3101 2806
f 3099 3102 3101
f 3099 3100 3102
f 2953 3102 3100
f 2956 2812 2808
f 3101 2802 2806
f 3101 3103 2802
f 3101 3104 3103
f 3101 3102 3104
f 2953 3104 3102
f 2956 2808 2804
f 3103 2798 2802
f 3103 3105 2798
f 3103 3106 3105
f 3103 3104 3106
f 2953 3106 3104
f 2956 2804 2800
f 3105 2794 2798
f 3105 3107 2794
f 3105 3108 3107
f 3105 3106 3108
f 2953 3108 3106
f 2956 2800 2796
f 3107 2790 2794
f 3107 3109 2790
f 3107 3110 3109
f 3107 3108 3110
f 2953 3110 3108
f 2956 2796 2792
f 3109 3112 2790
f 3109 3111 3112
f 3109 3113 3111
f 3109 3110 3113
f 2953 3113 3110
f 2956 2792 3114
f 2790 3114 2792
f 2790 3112 3114
f 3111 3116 3112
f 3111 3115 3116
f 3111 3117 3115
f 3111 3113 3117
f 2953 3117 3113
f 2956 3114 3118
f 3112 3118 3114
f 3112 3116 3118
f 3115 3120 3116
f 3115 3119 3120
f 3115 3121 3119
f 3115 3117 3121
f 2953 3121 3117
f 2956 3118 3122
f 3116 3122 3118
f 3116 3120 3122
f 3119 3124 3120
f 3119 3123 3124
f 3119 3125 3123
f 3119 3121 3125
f 2953 3125 3121
f 2956 3122 3126
f 3120 3126 3122
f 3120 3124 3126
f 3123 3128 3124
f 3123 3127 3128
f 3123 3129 3127
f 3123 3125 3129
f 2953 3129 3125
f 2956 3126 3130
f 3124 3130 3126
f 3124 3128 3130
f 3127 3132 3128
f 3127 3131 3132
f 3127 3133 3131
f 3127 3129 3133
f 2953 3133 3129
f 2956 3130 3134
f 3128 3134 3130
f 3128 3132 3134
f 3131 3136 3132
f 3131 3135 3136
f 3131 3137 3135
f 3131 3133 3137
f 2953 3137 3133
f 2956 3134 3138
f 3132 3138 3134
f 3132 3136 3138
f 3135 2949 3136
f 3135 2947 2949
f 3135 2951 2947
f 3135 3137 2951
f 2953 2951 3137
f 2956 3138 2954
f 3136 2954 3138
f 3136 2949 2954
f 3139 3142 3141
f 3139 3140 3142
f 3139 3144 3140
f 3139 3143 3144
f 3145 3144 3143
f 3148 3146 3147
f 3141 3147 3146
f 3141 3142 3147
f 3140 3150 3142
f 3140 3149 3150
f 3140 3151 3149
f 3140 3144 3151
f 3145 3151 3144
f 3148 3147 3152
f 3142 3152 3147
f 3142 3150 3152
f 3149 3154 3150
f 3149 3153 3154
f 3149 3155 3153
f 3149 3151 3155
f 3145 3155 3151
f 3148 3152 3156
f 3150 3156 3152
f 3150 3154 3156
f 3153 3158 3154
f 3153 3157 3158
f 3153 3159 3157
f 3153 3155 3159
f 3145 3159 3155
f 3148 3156 3160
f 3154 3160 3156
f 3154 3158 3160
f 3157 3162 3158
f 3157 3161 3162
f 3157 3163 3161
f 3157 3159 3163
f 3145 3163 3159
f 3148 3160 3164
f 3158 3164 3160
f 3158 3162 3164
f 3161 3166 3162
f 3161 3165 3166
f 3161 3167 3165
f 3161 3163 3167
f 3145 3167 3163
f 3148 3164 3168
f 3162 3168 3164
f 3162 3166 3168
f 3165 3170 3166
f 3165 3169 3170
f 3165 3171 3169
f 3165 3167 3171
f 3145 3171 3167
f 3148 3168 3172
f 3166 3172 3168
f 3166 3170 3172
f 3169 3174 3170
f 3169 3173 3174
f 3169 3175 3173
f 3169 3171 3175
f 3145 3175 3171
f 3148 3172 3176
f 3170 3176 3172
f 3170 3174 3176
f 3173 3178 3174
f 3173 3177 3178
f 3173 3179 3177
f 3173 3175 3179
f 3145 3179 3175
f 3148 3176 3180
f 3174 3180 3176
f 3174 3178 3180
f 3177 3182 3178
f 3177 3181 3182
f 3177 3183 3181
f 3177 3179 3183
f 3145 3183 3179
f 3148 3180 3184
f 3178 3184 3180
f 3178 3182 3184
f 3181 3186 3182
f 3181 3185 3186
f 3181 3187 3185
f 3181 3183 3187
f 3145 3187 3183
f 3148 3184 3188
f 3182 3188 3184
f 3182 3186 3188
f 3185 3190 3186
f 3185 3189 3190
f 3185 3191 3189
f 3185 3187 3191
f 3145 3191 3187
f 3148 3188 3192
f 3186 3192 3188
f 3186 3190 3192
f 3189 3194 3190
f 3189 3193 3194
f 3189 3195 3193
f 3189 3191 3195
f 3145 3195 3191
f 3148 3192 3196
f 3190 3196 3192
f 3190 3194 3196
f 3193 3198 3194
f 3193 3197 3198
f 3193 3199 3197
f 3193 3195 3199
f 3145 3199 3195
f 3148 3196 3200
f 3194 3200 3196
f 3194 3198 3200
f 3197 3202 3198
f 3197 3201 3202
f 3197 3203 3201
f 3197 3199 3203
f 3145 3203 3199
f 3148 3200 3204
f 3198 3204 3200
f 3198 3202 3204
f 3201 3206 3202
f 3201 3205 3206
f 3201 3207 3205
f 3201 3203 3207
f 3145 3207 3203
f 3148 3204 3208
f 3202 3208 3204
f 3202 3206 3208
f 3205 3210 3206
f 3205 3209 3210
f 3205 3211 3209
f 3205 3207 3211
f 3145 3211 3207
f 3148 3208 3212
f 3206 3212 3208
f 3206 3210 3212
f 3209 3214 3210
f 3209 3213 3214
f 3209 3215 3213
f 3209 3211 3215
f 3145 3215 3211
f 3148 3212 3216
f 3210 3216 3212
f 3210 3214 3216
f 3213 3218 3214
f 3213 3217 3218
f 3213 3219 3217
f 3213 3215 3219
f 3145 3219 3215
f 3148 3216 3220
f 3214 3220 3216
f 3214 3218 3220
f 3217 3222 3218
f 3217 3221 3222
f 3217 3223 3221
f 3217 3219 3223
f 3145 3223 3219
f 3148 3220 3224
f 3218 3224 3220
f 3218 3222 3224
f 3221 3226 3222
f 3221 3225 3226
f 3221 3227 3225
f 3221 3223 3227
f 3145 3227 3223
f 3148 3224 3228
f 3222 3228 3224
f 3222 3226 3228
f 3225 3230 3226
f 3225 3229 3230
f 3225 3231 3229
f 3225 3227 3231
f 3145 3231 3227
f 3148 3228 3232
f 3226 3232 3228
f 3226 3230 3232
f 3229 3234 3230
f 3229 3233 3234
f 3229 3235 3233
f 3229 3231 3235
f 3145 3235 3231
f 3148 3232 3236
f 3230 3236 3232
f 3230 3234 3236
f 3233 2374 3234
f 3233 3237 2374
f 3233 3238 3237
f 3233 3235 3238
f 3145 3238 3235
f 3148 3236 2376
f 3234 2376 3236
f 3234 2374 2376
f 3237 2370 2374
f 3237 3239 2370
f 3237 3240 3239
f 3237 3238 3240
f 3145 3240 3238
f 3148 2376 2372
f 3239 2366 2370
f 3239 3241 2366
f 3239 3242 3241
f 3239 3240 3242
f 3145 3242 3240
f 3148 2372 2368
f 3241 2362 2366
f 3241 3243 2362
f 3241 3244 3243
f 3241 3242 3244
f 3145 3244 3242
f 3148 2368 2364
f 3243 2358 2362
f 3243 3245 2358
f 3243 3246 3245
f 3243 3244 3246
f 3145 3246 3244
f 3148 2364 2360
f 3245 2354 2358
f 3245 3247 2354
f 3245 3248 3247
f 3245 3246 3248
f 3145 3248 3246
f 3148 2360 2356
f 3247 2350 2354
f 3247 3249 2350
f 3247 3250 3249
f 3247 3248 3250
f 3145 3250 3248
f 3148 2356 2352
f 3249 2342 2350
f 3249 3251 2342
f 3249 3252 3251
f 3249 3250 3252
f 3145 3252 3250
f 3148 2352 2347
f 3251 2341 2342
f 3251 3253 2341
f 3251 3254 3253
f 3251 3252 3254
f 3145 3254 3252
f 3148 2347 2346
f 3253 2528 2341
f 3253 3255 2528
f 3253 3256 3255
f 3253 3254 3256
f 3145 3256 3254
f 3148 2346 2530
f 3255 2524 2528
f 3255 3257 2524
f 3255 3258 3257
f 3255 3256 3258
f 3145 3258 3256
f 3148 2530 2526
f 3257 2520 2524
f 3257 3259 2520
f 3257 3260 3259
f 3257 3258 3260
f 3145 3260 3258
f 3148 2526 2522
f 3259 2516 2520
f 3259 3261 2516
f 3259 3262 3261
f 3259 3260 3262
f 3145 3262 3260
f 3148 2522 2518
f 3261 2512 2516
f 3261 3263 2512
f 3261 3264 3263
f 3261 3262 3264
f 3145 3264 3262
f 3148 2518 2514
f 3263 2508 2512
f 3263 3265 2508
f 3263 3266 3265
f 3263 3264 3266
f 3145 3266 3264
f 3148 2514 2510
f 3265 2504 2508
f 3265 3267 2504
f 3265 3268 3267
f 3265 3266 3268
f 3145 3268 3266
f 3148 2510 2506
f 3267 2182 2504
f 3267 3269 2182
f 3267 3270 3269
f 3267 3268 3270
f 3145 3270 3268
f 3148 2506 2184
f 3269 3042 2182
f 3269 3271 3042
f 3269 3272 3271
f 3269 3270 3272
f 3145 3272 3270
f 3148 2184 3044
f 3271 3038 3042
f 3271 3273 3038
f 3271 3274 3273
f 3271 3272 3274
f 3145 3274 3272
f 3148 3044 3040
f 3273 3034 3038
f 3273 3275 3034
f 3273 3276 3275
f 3273 3274 3276
f 3145 3276 3274
f 3148 3040 3036
f 3275 3030 3034
f 3275 3277 3030
f 3275 3278 3277
f 3275 3276 3278
f 3145 3278 3276
f 3148 3036 3032
f 3277 3026 3030
f 3277 3279 3026
f 3277 3280 3279
f 3277 3278 3280
f 3145 3280 3278
f 3148 3032 3028
f 3279 3022 3026
f 3279 3281 3022
f 3279 3282 3281
f 3279 3280 3282
f 3145 3282 3280
f 3148 3028 3024
f 3281 3018 3022
f 3281 3283 3018
f 3281 3284 3283
f 3281 3282 3284
f 3145 3284 3282
f 3148 3024 3020
f 3283 3014 3018
f 3283 3285 3014
f 3283 3286 3285
f 3283 3284 3286
f 3145 3286 3284
f 3148 3020 3016
f 3285 3010 3014
f 3285 3287 3010
f 3285 3288 3287
f 3285 3286 3288
f 3145 3288 3286
f 3148 3016 3012
f 3287 3006 3010
f 3287 3289 3006
f 3287 3290 3289
f 3287 3288 3290
f 3145 3290 3288
f 3148 3012 3008
f 3289 3002 3006
f 3289 3291 3002
f 3289 3292 3291
f 3289 3290 3292
f 3145 3292 3290
f 3148 3008 3004
f 3291 2998 3002
f 3291 3293 2998
f 3291 3294 3293
f 3291 3292 3294
f 3145 3294 3292
f 3148 3004 3000
f 3293 2994 2998
f 3293 3295 2994
f 3293 3296 3295
f 3293 3294 3296
f 3145 3296 3294
f 3148 3000 2996
f 3295 2990 2994
f 3295 3297 2990
f 3295 3298 3297
f 3295 3296 3298
f 3145 3298 3296
f 3148 2996 2992
f 3297 2986 2990
f 3297 3299 2986
f 3297 3300 3299
f 3297 3298 3300
f 3145 3300 3298
f 3148 2992 2988
f 3299 2982 2986
f 3299 3301 2982
f 3299 3302 3301
f 3299 3300 3302
f 3145 3302 3300
f 3148 2988 2984
f 3301 3304 2982
f 3301 3303 3304
f 3301 3305 3303
f 3301 3302 3305
f 3145 3305 3302
f 3148 2984 3306
f 2982 3306 2984
f 2982 3304 3306
f 3303 3308 3304
f 3303 3307 3308
f 3303 3309 3307
f 3303 3305 3309
f 3145 3309 3305
f 3148 3306 3310
f 3304 3310 3306
f 3304 3308 3310
f 3307 3312 3308
f 3307 3311 3312
f 3307 3313 3311
f 3307 3309 3313
f 3145 3313 3309
f 3148 3310 3314
f 3308 3314 3310
f 3308 3312 3314
f 3311 3316 3312
f 3311 3315 3316
f 3311 3317 3315
f 3311 3313 3317
f 3145 3317 3313
f 3148 3314 3318
f 3312 3318 3314
f 3312 3316 3318
f 3315 3320 3316
f 3315 3319 3320
f 3315 3321 3319
f 3315 3317 3321
f 3145 3321 3317
f 3148 3318 3322
f 3316 3322 3318
f 3316 3320 3322
f 3319 3324 3320
f 3319 3323 3324
f 3319 3325 3323
f 3319 3321 3325
f 3145 3325 3321
f 3148 3322 3326
f 3320 3326 3322
f 3320 3324 3326
f 3323 3328 3324
f 3323 3327 3328
f 3323 3329 3327
f 3323 3325 3329
f 3145 3329 3325
f 3148 3326 3330
f 3324 3330 3326
f 3324 3328 3330
f 3327 3141 3328
f 3327 3139 3141
f 3327 3143 3139
f 3327 3329 3143
f 3145 3143 3329
f 3148 3330 3146
f 3328 3146 3330
f 3328 3141 3146
