# High-relief non-ideal sample: roughness, agglomerates, raised terrace, pits, and scratch.
# Coordinates are nanometres; Y is height.
o surface_rough_nanoclusters
v -100.00000 18.07773 -100.00000
v -96.66667 18.98042 -100.00000
v -93.33333 19.02953 -100.00000
v -90.00000 17.65179 -100.00000
v -86.66667 15.69769 -100.00000
v -83.33333 14.66252 -100.00000
v -80.00000 15.27011 -100.00000
v -76.66667 16.79696 -100.00000
v -73.33333 17.79290 -100.00000
v -70.00000 17.49337 -100.00000
v -66.66667 16.54498 -100.00000
v -63.33333 16.33836 -100.00000
v -60.00000 17.60338 -100.00000
v -56.66667 19.64302 -100.00000
v -53.33333 20.95947 -100.00000
v -50.00000 20.66712 -100.00000
v -46.66667 19.31849 -100.00000
v -43.33333 18.34085 -100.00000
v -40.00000 18.63580 -100.00000
v -36.66667 19.70925 -100.00000
v -33.33333 20.17941 -100.00000
v -30.00000 19.16395 -100.00000
v -26.66667 17.18764 -100.00000
v -23.33333 15.71938 -100.00000
v -20.00000 15.78494 -100.00000
v -16.66667 17.00462 -100.00000
v -13.33333 17.99106 -100.00000
v -10.00000 17.71650 -100.00000
v -6.66667 16.51408 -100.00000
v -3.33333 15.73674 -100.00000
v 0.00000 16.40914 -100.00000
v 3.33333 18.19225 -100.00000
v 6.66667 19.67567 -100.00000
v 10.00000 19.71701 -100.00000
v 13.33333 18.52541 -100.00000
v 16.66667 17.43491 -100.00000
v 20.00000 17.59115 -100.00000
v 23.33333 18.83387 -100.00000
v 26.66667 19.86527 -100.00000
v 30.00000 19.53752 -100.00000
v 33.33333 17.99960 -100.00000
v 36.66667 16.58007 -100.00000
v 40.00000 16.51632 -100.00000
v 43.33333 17.76709 -100.00000
v 46.66667 19.06479 -100.00000
v 50.00000 19.15500 -100.00000
v 53.33333 18.01341 -100.00000
v 56.66667 16.85359 -100.00000
v 60.00000 16.92055 -100.00000
v 63.33333 18.25107 -100.00000
v 66.66667 19.61449 -100.00000
v 70.00000 19.69538 -100.00000
v 73.33333 18.36666 -100.00000
v 76.66667 16.81250 -100.00000
v 80.00000 16.38160 -100.00000
v 83.33333 17.28944 -100.00000
v 86.66667 18.43397 -100.00000
v 90.00000 18.50150 -100.00000
v 93.33333 17.27936 -100.00000
v 96.66667 15.88988 -100.00000
v 100.00000 15.71360 -100.00000
v -100.00000 17.05427 -96.66667
v -96.66667 17.76068 -96.66667
v -93.33333 18.45230 -96.66667
v -90.00000 17.94806 -96.66667
v -86.66667 16.28963 -96.66667
v -83.33333 14.76198 -96.66667
v -80.00000 14.68830 -96.66667
v -76.66667 16.16901 -96.66667
v -73.33333 17.99134 -96.66667
v -70.00000 18.79591 -96.66667
v -66.66667 18.36309 -96.66667
v -63.33333 17.76761 -96.66667
v -60.00000 18.25719 -96.66667
v -56.66667 19.95793 -96.66667
v -53.33333 21.67922 -96.66667
v -50.00000 22.01715 -96.66667
v -46.66667 20.68671 -96.66667
v -43.33333 18.78745 -96.66667
v -40.00000 17.74531 -96.66667
v -36.66667 17.96232 -96.66667
v -33.33333 18.48792 -96.66667
v -30.00000 18.02566 -96.66667
v -26.66667 16.28390 -96.66667
v -23.33333 14.34233 -96.66667
v -20.00000 13.66728 -96.66667
v -16.66667 14.72894 -96.66667
v -13.33333 16.56462 -96.66667
v -10.00000 17.71164 -96.66667
v -6.66667 17.60007 -96.66667
v -3.33333 17.04970 -96.66667
v 0.00000 17.39286 -96.66667
v 3.33333 19.08796 -96.66667
v 6.66667 21.18675 -96.66667
v 10.00000 22.18479 -96.66667
v 13.33333 21.43344 -96.66667
v 16.66667 19.74122 -96.66667
v 20.00000 18.58095 -96.66667
v 23.33333 18.67656 -96.66667
v 26.66667 19.34585 -96.66667
v 30.00000 19.23472 -96.66667
v 33.33333 17.71816 -96.66667
v 36.66667 15.59125 -96.66667
v 40.00000 14.36655 -96.66667
v 43.33333 14.85531 -96.66667
v 46.66667 16.41128 -96.66667
v 50.00000 17.57161 -96.66667
v 53.33333 17.46872 -96.66667
v 56.66667 16.63777 -96.66667
v 60.00000 16.43669 -96.66667
v 63.33333 17.65235 -96.66667
v 66.66667 19.66169 -96.66667
v 70.00000 20.97522 -96.66667
v 73.33333 20.63993 -96.66667
v 76.66667 19.13798 -96.66667
v 80.00000 17.90730 -96.66667
v 83.33333 17.95220 -96.66667
v 86.66667 18.89791 -96.66667
v 90.00000 19.40669 -96.66667
v 93.33333 18.54269 -96.66667
v 96.66667 16.74542 -96.66667
v 100.00000 15.45404 -96.66667
v -100.00000 18.04324 -93.33333
v -96.66667 18.16469 -93.33333
v -93.33333 19.00116 -93.33333
v -90.00000 19.20016 -93.33333
v -86.66667 18.01014 -93.33333
v -83.33333 16.09057 -93.33333
v -80.00000 14.93601 -93.33333
v -76.66667 15.46775 -93.33333
v -73.33333 17.16126 -93.33333
v -70.00000 18.55780 -93.33333
v -66.66667 18.66090 -93.33333
v -63.33333 17.85830 -93.33333
v -60.00000 17.47589 -93.33333
v -56.66667 18.40790 -93.33333
v -53.33333 20.17019 -93.33333
v -50.00000 21.31039 -93.33333
v -46.66667 20.78304 -93.33333
v -43.33333 18.95332 -93.33333
v -40.00000 17.25237 -93.33333
v -36.66667 16.81971 -93.33333
v -33.33333 17.45342 -93.33333
v -30.00000 17.88506 -93.33333
v -26.66667 17.10157 -93.33333
v -23.33333 15.41301 -93.33333
v -20.00000 14.21410 -93.33333
v -16.66667 14.66360 -93.33333
v -13.33333 16.56522 -93.33333
v -10.00000 18.53994 -93.33333
v -6.66667 19.32349 -93.33333
v -3.33333 18.92750 -93.33333
v 0.00000 18.53949 -93.33333
v 3.33333 19.26946 -93.33333
v 6.66667 20.97785 -93.33333
v 10.00000 22.33951 -93.33333
v 13.33333 22.09020 -93.33333
v 16.66667 20.24499 -93.33333
v 20.00000 18.10172 -93.33333
v 23.33333 17.02462 -93.33333
v 26.66667 17.19000 -93.33333
v 30.00000 17.50974 -93.33333
v 33.33333 16.79637 -93.33333
v 36.66667 15.02076 -93.33333
v 40.00000 13.42335 -93.33333
v 43.33333 13.36066 -93.33333
v 46.66667 15.00625 -93.33333
v 50.00000 17.17101 -93.33333
v 53.33333 18.41918 -93.33333
v 56.66667 18.39584 -93.33333
v 60.00000 18.07845 -93.33333
v 63.33333 18.71773 -93.33333
v 66.66667 20.51370 -93.33333
v 70.00000 22.33089 -93.33333
v 73.33333 22.74075 -93.33333
v 76.66667 21.38130 -93.33333
v 80.00000 19.31039 -93.33333
v 83.33333 18.00764 -93.33333
v 86.66667 17.99479 -93.33333
v 90.00000 18.41345 -93.33333
v 93.33333 17.96205 -93.33333
v 96.66667 16.26602 -93.33333
v 100.00000 14.33211 -93.33333
v -100.00000 19.31984 -90.00000
v -96.66667 18.29695 -90.00000
v -93.33333 18.47761 -90.00000
v -90.00000 18.85351 -90.00000
v -86.66667 18.18187 -90.00000
v -83.33333 16.29841 -90.00000
v -80.00000 14.36874 -90.00000
v -76.66667 13.82257 -90.00000
v -73.33333 15.00290 -90.00000
v -70.00000 16.84416 -90.00000
v -66.66667 17.89258 -90.00000
v -63.33333 17.67579 -90.00000
v -60.00000 17.09142 -90.00000
v -56.66667 17.44431 -90.00000
v -53.33333 19.08303 -90.00000
v -50.00000 20.97734 -90.00000
v -46.66667 21.65914 -90.00000
v -43.33333 20.61596 -90.00000
v -40.00000 18.78148 -90.00000
v -36.66667 17.64467 -90.00000
v -33.33333 17.84413 -90.00000
v -30.00000 18.61289 -90.00000
v -26.66667 18.60643 -90.00000
v -23.33333 17.29527 -90.00000
v -20.00000 15.55247 -90.00000
v -16.66667 14.85355 -90.00000
v -13.33333 15.86330 -90.00000
v -10.00000 17.78576 -90.00000
v -6.66667 19.11218 -90.00000
v -3.33333 19.04090 -90.00000
v 0.00000 18.19017 -90.00000
v 3.33333 17.91731 -90.00000
v 6.66667 18.91870 -90.00000
v 10.00000 20.48720 -90.00000
v 13.33333 21.15994 -90.00000
v 16.66667 20.13012 -90.00000
v 20.00000 18.04721 -90.00000
v 23.33333 16.42333 -90.00000
v 26.66667 16.22056 -90.00000
v 30.00000 16.99041 -90.00000
v 33.33333 17.39561 -90.00000
v 36.66667 16.59437 -90.00000
v 40.00000 15.12587 -90.00000
v 43.33333 14.42405 -90.00000
v 46.66667 15.42894 -90.00000
v 50.00000 17.64863 -90.00000
v 53.33333 19.58936 -90.00000
v 56.66667 20.13932 -90.00000
v 60.00000 19.56392 -90.00000
v 63.33333 19.15163 -90.00000
v 66.66667 19.86747 -90.00000
v 70.00000 21.33930 -90.00000
v 73.33333 22.17526 -90.00000
v 76.66667 21.30860 -90.00000
v 80.00000 19.05938 -90.00000
v 83.33333 16.87504 -90.00000
v 86.66667 15.99732 -90.00000
v 90.00000 16.34794 -90.00000
v 93.33333 16.70944 -90.00000
v 96.66667 16.01278 -90.00000
v 100.00000 14.46328 -90.00000
v -100.00000 18.92171 -86.66667
v -96.66667 17.02173 -86.66667
v -93.33333 16.47878 -86.66667
v -90.00000 16.98865 -86.66667
v -86.66667 17.25259 -86.66667
v -83.33333 16.33348 -86.66667
v -80.00000 14.64656 -86.66667
v -76.66667 13.60887 -86.66667
v -73.33333 14.28341 -86.66667
v -70.00000 16.33818 -86.66667
v -66.66667 18.33642 -86.66667
v -63.33333 19.07844 -86.66667
v -60.00000 18.69184 -86.66667
v -56.66667 18.41501 -86.66667
v -53.33333 19.29550 -86.66667
v -50.00000 21.08417 -86.66667
v -46.66667 22.41406 -86.66667
v -43.33333 22.09678 -86.66667
v -40.00000 20.27520 -86.66667
v -36.66667 18.30801 -86.66667
v -33.33333 17.49558 -86.66667
v -30.00000 17.88434 -86.66667
v -26.66667 18.30749 -86.66667
v -23.33333 17.61212 -86.66667
v -20.00000 15.86451 -86.66667
v -16.66667 14.34812 -86.66667
v -13.33333 14.34959 -86.66667
v -10.00000 15.91390 -86.66667
v -6.66667 17.78354 -86.66667
v -3.33333 18.58387 -86.66667
v 0.00000 18.10345 -86.66667
v 3.33333 17.42747 -86.66667
v 6.66667 17.80307 -86.66667
v 10.00000 19.35317 -86.66667
v 13.33333 20.90231 -86.66667
v 16.66667 21.09067 -86.66667
v 20.00000 19.69237 -86.66667
v 23.33333 17.85161 -86.66667
v 26.66667 17.00364 -86.66667
v 30.00000 17.52827 -86.66667
v 33.33333 18.44302 -86.66667
v 36.66667 18.42683 -86.66667
v 40.00000 17.16688 -86.66667
v 43.33333 15.70640 -86.66667
v 46.66667 15.44880 -86.66667
v 50.00000 16.78733 -86.66667
v 53.33333 18.69818 -86.66667
v 56.66667 19.69746 -86.66667
v 60.00000 19.23356 -86.66667
v 63.33333 18.16348 -86.66667
v 66.66667 17.85633 -86.66667
v 70.00000 18.80730 -86.66667
v 73.33333 20.12153 -86.66667
v 76.66667 20.37640 -86.66667
v 80.00000 19.02238 -86.66667
v 83.33333 16.95393 -86.66667
v 86.66667 15.68910 -86.66667
v 90.00000 15.95228 -86.66667
v 93.33333 17.03524 -86.66667
v 96.66667 17.55154 -86.66667
v 100.00000 16.83968 -86.66667
v -100.00000 18.36515 -83.33333
v -96.66667 16.53522 -83.33333
v -93.33333 15.70448 -83.33333
v -90.00000 16.36792 -83.33333
v -86.66667 17.61671 -83.33333
v -83.33333 18.06381 -83.33333
v -80.00000 17.22753 -83.33333
v -76.66667 16.01847 -83.33333
v -73.33333 15.85188 -83.33333
v -70.00000 17.25101 -83.33333
v -66.66667 19.30562 -83.33333
v -63.33333 20.51685 -83.33333
v -60.00000 20.20823 -83.33333
v -56.66667 19.13075 -83.33333
v -53.33333 18.67773 -83.33333
v -50.00000 19.48194 -83.33333
v -46.66667 20.76990 -83.33333
v -43.33333 21.10779 -83.33333
v -40.00000 19.81297 -83.33333
v -36.66667 17.65283 -83.33333
v -33.33333 16.14555 -83.33333
v -30.00000 16.13984 -83.33333
v -26.66667 17.05266 -83.33333
v -23.33333 17.50121 -83.33333
v -20.00000 16.70509 -83.33333
v -16.66667 15.28400 -83.33333
v -13.33333 14.66857 -83.33333
v -10.00000 15.69797 -83.33333
v -6.66667 17.77407 -83.33333
v -3.33333 19.40097 -83.33333
v 0.00000 19.58828 -83.33333
v 3.33333 18.75459 -83.33333
v 6.66667 18.25611 -83.33333
v 10.00000 19.00737 -83.33333
v 13.33333 20.54603 -83.33333
v 16.66667 21.45909 -83.33333
v 20.00000 20.75695 -83.33333
v 23.33333 18.85427 -83.33333
v 26.66667 17.19827 -83.33333
v 30.00000 16.90322 -83.33333
v 33.33333 17.71855 -83.33333
v 36.66667 18.33127 -83.33333
v 40.00000 17.70114 -83.33333
v 43.33333 16.11942 -83.33333
v 46.66667 14.95323 -83.33333
v 50.00000 15.32228 -83.33333
v 53.33333 16.99903 -83.33333
v 56.66667 18.60731 -83.33333
v 60.00000 18.92889 -83.33333
v 63.33333 18.04765 -83.33333
v 66.66667 17.22008 -83.33333
v 70.00000 17.60431 -83.33333
v 73.33333 19.09336 -83.33333
v 76.66667 20.39536 -83.33333
v 80.00000 20.28477 -83.33333
v 83.33333 18.80371 -83.33333
v 86.66667 17.23945 -83.33333
v 90.00000 16.89702 -83.33333
v 93.33333 17.86077 -83.33333
v 96.66667 18.94878 -83.33333
v 100.00000 18.89984 -83.33333
v -100.00000 19.29479 -80.00000
v -96.66667 18.07173 -80.00000
v -93.33333 17.03067 -80.00000
v -90.00000 17.31184 -80.00000
v -86.66667 18.73927 -80.00000
v -83.33333 19.99034 -80.00000
v -80.00000 19.88642 -80.00000
v -76.66667 18.54473 -80.00000
v -73.33333 17.26672 -80.00000
v -70.00000 17.27150 -80.00000
v -66.66667 18.51004 -80.00000
v -63.33333 19.71680 -80.00000
v -60.00000 19.64788 -80.00000
v -56.66667 18.29645 -80.00000
v -53.33333 16.89953 -80.00000
v -50.00000 16.72986 -80.00000
v -46.66667 17.85373 -80.00000
v -43.33333 19.06846 -80.00000
v -40.00000 19.08182 -80.00000
v -36.66667 17.78244 -80.00000
v -33.33333 16.36036 -80.00000
v -30.00000 16.15815 -80.00000
v -26.66667 17.37158 -80.00000
v -23.33333 18.86558 -80.00000
v -20.00000 19.28334 -80.00000
v -16.66667 18.36524 -80.00000
v -13.33333 17.19061 -80.00000
v -10.00000 17.10768 -80.00000
v -6.66667 18.39809 -80.00000
v -3.33333 19.98178 -80.00000
v 0.00000 20.45224 -80.00000
v 3.33333 19.43365 -80.00000
v 6.66667 17.93667 -80.00000
v 10.00000 17.36669 -80.00000
v 13.33333 18.15325 -80.00000
v 16.66667 19.33851 -80.00000
v 20.00000 19.52597 -80.00000
v 23.33333 18.26250 -80.00000
v 26.66667 16.50301 -80.00000
v 30.00000 15.70244 -80.00000
v 33.33333 16.41908 -80.00000
v 36.66667 17.79030 -80.00000
v 40.00000 18.39032 -80.00000
v 43.33333 17.63108 -80.00000
v 46.66667 16.33782 -80.00000
v 50.00000 15.93713 -80.00000
v 53.33333 17.05069 -80.00000
v 56.66667 18.86849 -80.00000
v 60.00000 19.91552 -80.00000
v 63.33333 19.46572 -80.00000
v 66.66667 18.22572 -80.00000
v 70.00000 17.62319 -80.00000
v 73.33333 18.39621 -80.00000
v 76.66667 19.86197 -80.00000
v 80.00000 20.57915 -80.00000
v 83.33333 19.75755 -80.00000
v 86.66667 18.03856 -80.00000
v 90.00000 16.88366 -80.00000
v 93.33333 17.16647 -80.00000
v 96.66667 18.34102 -80.00000
v 100.00000 18.99618 -80.00000
v -100.00000 19.86933 -76.66667
v -96.66667 19.27529 -76.66667
v -93.33333 18.00365 -76.66667
v -90.00000 17.46962 -76.66667
v -86.66667 18.31632 -76.66667
v -83.33333 19.76723 -76.66667
v -80.00000 20.37181 -76.66667
v -76.66667 19.41898 -76.66667
v -73.33333 17.64008 -76.66667
v -70.00000 16.51487 -76.66667
v -66.66667 16.85595 -76.66667
v -63.33333 18.04981 -76.66667
v -60.00000 18.69057 -76.66667
v -56.66667 17.98300 -76.66667
v -53.33333 16.54105 -76.66667
v -50.00000 15.79991 -76.66667
v -46.66667 16.61462 -76.66667
v -43.33333 18.41424 -76.66667
v -40.00000 19.73929 -76.66667
v -36.66667 19.64057 -76.66667
v -33.33333 18.57636 -76.66667
v -30.00000 17.93416 -76.66667
v -26.66667 18.64555 -76.66667
v -23.33333 20.24787 -76.66667
v -20.00000 21.31081 -76.66667
v -16.66667 20.81414 -76.66667
v -13.33333 19.13461 -76.66667
v -10.00000 17.68082 -76.66667
v -6.66667 17.53351 -76.66667
v -3.33333 18.41769 -76.66667
v 0.00000 19.00761 -76.66667
v 3.33333 18.26301 -76.66667
v 6.66667 16.48770 -76.66667
v 10.00000 15.07254 -76.66667
v 13.33333 15.16917 -76.66667
v 16.66667 16.58598 -76.66667
v 20.00000 17.98181 -76.66667
v 23.33333 18.16807 -76.66667
v 26.66667 17.24942 -76.66667
v 30.00000 16.49199 -76.66667
v 33.33333 17.05116 -76.66667
v 36.66667 18.80457 -76.66667
v 40.00000 20.43330 -76.66667
v 43.33333 20.67556 -76.66667
v 46.66667 19.53219 -76.66667
v 50.00000 18.24924 -76.66667
v 53.33333 18.09612 -76.66667
v 56.66667 19.13190 -76.66667
v 60.00000 20.16334 -76.66667
v 63.33333 19.93365 -76.66667
v 66.66667 18.37894 -76.66667
v 70.00000 16.72237 -76.66667
v 73.33333 16.31037 -76.66667
v 76.66667 17.32318 -76.66667
v 80.00000 18.61555 -76.66667
v 83.33333 18.84150 -76.66667
v 86.66667 17.76511 -76.66667
v 90.00000 16.47925 -76.66667
v 93.33333 16.32126 -76.66667
v 96.66667 17.54710 -76.66667
v 100.00000 19.06145 -76.66667
v -100.00000 18.22833 -73.33333
v -96.66667 18.54545 -73.33333
v -93.33333 17.66966 -73.33333
v -90.00000 16.78173 -73.33333
v -86.66667 17.09788 -73.33333
v -83.33333 18.63334 -73.33333
v -80.00000 20.14468 -73.33333
v -76.66667 20.31355 -73.33333
v -73.33333 19.02074 -73.33333
v -70.00000 17.46873 -73.33333
v -66.66667 17.03167 -73.33333
v -63.33333 17.95093 -73.33333
v -60.00000 19.14266 -73.33333
v -56.66667 19.29764 -73.33333
v -53.33333 18.19269 -73.33333
v -50.00000 16.92883 -73.33333
v -46.66667 16.86161 -73.33333
v -43.33333 18.26834 -73.33333
v -40.00000 20.05586 -73.33333
v -36.66667 20.79754 -73.33333
v -33.33333 20.09065 -73.33333
v -30.00000 18.91212 -73.33333
v -26.66667 18.62795 -73.33333
v -23.33333 19.62605 -73.33333
v -20.00000 20.91031 -73.33333
v -16.66667 21.05616 -73.33333
v -13.33333 19.59884 -73.33333
v -10.00000 17.50221 -73.33333
v -6.66667 16.25118 -73.33333
v -3.33333 16.45164 -73.33333
v 0.00000 17.29965 -73.33333
v 3.33333 17.43107 -73.33333
v 6.66667 16.31434 -73.33333
v 10.00000 14.81897 -73.33333
v 13.33333 14.39832 -73.33333
v 16.66667 15.67976 -73.33333
v 20.00000 17.83697 -73.33333
v 23.33333 19.35816 -73.33333
v 26.66667 19.46475 -73.33333
v 30.00000 18.80183 -73.33333
v 33.33333 18.73424 -73.33333
v 36.66667 19.94318 -73.33333
v 40.00000 21.70056 -73.33333
v 43.33333 22.53549 -73.33333
v 46.66667 21.64650 -73.33333
v 50.00000 19.68326 -73.33333
v 53.33333 18.13505 -73.33333
v 56.66667 17.92088 -73.33333
v 60.00000 18.55366 -73.33333
v 63.33333 18.68842 -73.33333
v 66.66667 17.51223 -73.33333
v 70.00000 15.61049 -73.33333
v 73.33333 14.45568 -73.33333
v 76.66667 15.00980 -73.33333
v 80.00000 16.79956 -73.33333
v 83.33333 18.36483 -73.33333
v 86.66667 18.64439 -73.33333
v 90.00000 17.95146 -73.33333
v 93.33333 17.59482 -73.33333
v 96.66667 18.52466 -73.33333
v 100.00000 20.33448 -73.33333
v -100.00000 16.24157 -70.00000
v -96.66667 17.84126 -70.00000
v -93.33333 18.13921 -70.00000
v -90.00000 17.63112 -70.00000
v -86.66667 17.64712 -70.00000
v -83.33333 18.96168 -70.00000
v -80.00000 20.95556 -70.00000
v -76.66667 22.15821 -70.00000
v -73.33333 21.64855 -70.00000
v -70.00000 19.95044 -70.00000
v -66.66667 18.54759 -70.00000
v -63.33333 18.48546 -70.00000
v -60.00000 19.41543 -70.00000
v -56.66667 20.00305 -70.00000
v -53.33333 19.29139 -70.00000
v -50.00000 17.68127 -70.00000
v -46.66667 16.56772 -70.00000
v -43.33333 16.98765 -70.00000
v -40.00000 18.60115 -70.00000
v -36.66667 20.00429 -70.00000
v -33.33333 20.07112 -70.00000
v -30.00000 19.01723 -70.00000
v -26.66667 18.14887 -70.00000
v -23.33333 18.54495 -70.00000
v -20.00000 19.96240 -70.00000
v -16.66667 21.03877 -70.00000
v -13.33333 20.60039 -70.00000
v -10.00000 18.80480 -70.00000
v -6.66667 17.00512 -70.00000
v -3.33333 16.46846 -70.00000
v 0.00000 17.19504 -70.00000
v 3.33333 17.98334 -70.00000
v 6.66667 17.66858 -70.00000
v 10.00000 16.31619 -70.00000
v 13.33333 15.19692 -70.00000
v 16.66667 15.56218 -70.00000
v 20.00000 17.41261 -70.00000
v 23.33333 19.46307 -70.00000
v 26.66667 20.34277 -70.00000
v 30.00000 19.86600 -70.00000
v 33.33333 19.14140 -70.00000
v 36.66667 19.42142 -70.00000
v 40.00000 20.82222 -70.00000
v 43.33333 22.16922 -70.00000
v 46.66667 22.12273 -70.00000
v 50.00000 20.48690 -70.00000
v 53.33333 18.42472 -70.00000
v 56.66667 17.36786 -70.00000
v 60.00000 17.68255 -70.00000
v 63.33333 18.38840 -70.00000
v 66.66667 18.19701 -70.00000
v 70.00000 16.84698 -70.00000
v 73.33333 15.42159 -70.00000
v 76.66667 15.32901 -70.00000
v 80.00000 16.93343 -70.00000
v 83.33333 19.17024 -70.00000
v 86.66667 20.52359 -70.00000
v 90.00000 20.41970 -70.00000
v 93.33333 19.68753 -70.00000
v 96.66667 19.65065 -70.00000
v 100.00000 20.74995 -70.00000
v -100.00000 16.09607 -66.66667
v -96.66667 18.51225 -66.66667
v -93.33333 19.88611 -66.66667
v -90.00000 19.84826 -66.66667
v -86.66667 19.37843 -66.66667
v -83.33333 19.74845 -66.66667
v -80.00000 21.19723 -66.66667
v -76.66667 22.64199 -66.66667
v -73.33333 22.71498 -66.66667
v -70.00000 21.11634 -66.66667
v -66.66667 18.95905 -66.66667
v -63.33333 17.76040 -66.66667
v -60.00000 18.05137 -66.66667
v -56.66667 18.94651 -66.66667
v -53.33333 19.08169 -66.66667
v -50.00000 17.99578 -66.66667
v -46.66667 16.60495 -66.66667
v -43.33333 16.30894 -66.66667
v -40.00000 17.60673 -66.66667
v -36.66667 19.57837 -66.66667
v -33.33333 20.74319 -66.66667
v -30.00000 20.45903 -66.66667
v -26.66667 19.49827 -66.66667
v -23.33333 19.23992 -66.66667
v -20.00000 20.26943 -66.66667
v -16.66667 21.75816 -66.66667
v -13.33333 22.23546 -66.66667
v -10.00000 21.00708 -66.66667
v -6.66667 18.84091 -66.66667
v -3.33333 17.25229 -66.66667
v 0.00000 17.08375 -66.66667
v 3.33333 17.75879 -66.66667
v 6.66667 17.92819 -66.66667
v 10.00000 16.86661 -66.66667
v 13.33333 15.24525 -66.66667
v 16.66667 14.51828 -66.66667
v 20.00000 15.51734 -66.66667
v 23.33333 17.62617 -66.66667
v 26.66667 19.34443 -66.66667
v 30.00000 19.69665 -66.66667
v 33.33333 19.11837 -66.66667
v 36.66667 18.96167 -66.66667
v 40.00000 20.10873 -66.66667
v 43.33333 22.05148 -66.66667
v 46.66667 23.33906 -66.66667
v 50.00000 22.95977 -66.66667
v 53.33333 21.31193 -66.66667
v 56.66667 19.81963 -66.66667
v 60.00000 19.57084 -66.66667
v 63.33333 20.30709 -66.66667
v 66.66667 20.74679 -66.66667
v 70.00000 19.91753 -66.66667
v 73.33333 18.18453 -66.66667
v 76.66667 16.95734 -66.66667
v 80.00000 17.34894 -66.66667
v 83.33333 19.08881 -66.66667
v 86.66667 20.75039 -66.66667
v 90.00000 21.07706 -66.66667
v 93.33333 20.12439 -66.66667
v 96.66667 19.11809 -66.66667
v 100.00000 19.18116 -66.66667
v -100.00000 16.44269 -63.33333
v -96.66667 18.57002 -63.33333
v -93.33333 20.31670 -63.33333
v -90.00000 20.58635 -63.33333
v -86.66667 19.67256 -63.33333
v -83.33333 18.90520 -63.33333
v -80.00000 19.30227 -63.33333
v -76.66667 20.55174 -63.33333
v -73.33333 21.32229 -63.33333
v -70.00000 20.59982 -63.33333
v -66.66667 18.73967 -63.33333
v -63.33333 17.19645 -63.33333
v -60.00000 17.18062 -63.33333
v -56.66667 18.53834 -63.33333
v -53.33333 19.93681 -63.33333
v -50.00000 20.16955 -63.33333
v -46.66667 19.31044 -63.33333
v -43.33333 18.59866 -63.33333
v -40.00000 19.17777 -63.33333
v -36.66667 20.92923 -63.33333
v -33.33333 22.54528 -63.33333
v -30.00000 22.77226 -63.33333
v -26.66667 21.61000 -63.33333
v -23.33333 20.29350 -63.33333
v -20.00000 20.07129 -63.33333
v -16.66667 20.97173 -63.33333
v -13.33333 21.76394 -63.33333
v -10.00000 21.15728 -63.33333
v -6.66667 19.07481 -63.33333
v -3.33333 16.76176 -63.33333
v 0.00000 15.62440 -63.33333
v 3.33333 15.92975 -63.33333
v 6.66667 16.62792 -63.33333
v 10.00000 16.45888 -63.33333
v 13.33333 15.25074 -63.33333
v 16.66667 14.13221 -63.33333
v 20.00000 14.44682 -63.33333
v 23.33333 16.42905 -63.33333
v 26.66667 18.93876 -63.33333
v 30.00000 20.51940 -63.33333
v 33.33333 20.75351 -63.33333
v 36.66667 20.59756 -63.33333
v 40.00000 21.37268 -63.33333
v 43.33333 23.39836 -63.33333
v 46.66667 25.60476 -63.33333
v 50.00000 26.50616 -63.33333
v 53.33333 25.59225 -63.33333
v 56.66667 23.78903 -63.33333
v 60.00000 22.54951 -63.33333
v 63.33333 22.46892 -63.33333
v 66.66667 22.77651 -63.33333
v 70.00000 22.19228 -63.33333
v 73.33333 20.29633 -63.33333
v 76.66667 18.05408 -63.33333
v 80.00000 16.96435 -63.33333
v 83.33333 17.64708 -63.33333
v 86.66667 19.24298 -63.33333
v 90.00000 20.21432 -63.33333
v 93.33333 19.77660 -63.33333
v 96.66667 18.57933 -63.33333
v 100.00000 17.98807 -63.33333
v -100.00000 15.62309 -60.00000
v -96.66667 16.85990 -60.00000
v -93.33333 18.62842 -60.00000
v -90.00000 19.46437 -60.00000
v -86.66667 18.84313 -60.00000
v -83.33333 17.65656 -60.00000
v -80.00000 17.31643 -60.00000
v -76.66667 18.36595 -60.00000
v -73.33333 19.95821 -60.00000
v -70.00000 20.70995 -60.00000
v -66.66667 20.09144 -60.00000
v -63.33333 18.98488 -60.00000
v -60.00000 18.85278 -60.00000
v -56.66667 20.31535 -60.00000
v -53.33333 22.51872 -60.00000
v -50.00000 23.91204 -60.00000
v -46.66667 23.68543 -60.00000
v -43.33333 22.48100 -60.00000
v -40.00000 21.69940 -60.00000
v -36.66667 22.09149 -60.00000
v -33.33333 23.01685 -60.00000
v -30.00000 23.09468 -60.00000
v -26.66667 21.60725 -60.00000
v -23.33333 19.27438 -60.00000
v -20.00000 17.62559 -60.00000
v -16.66667 17.56554 -60.00000
v -13.33333 18.52357 -60.00000
v -10.00000 19.01786 -60.00000
v -6.66667 18.09134 -60.00000
v -3.33333 16.22922 -60.00000
v 0.00000 14.87609 -60.00000
v 3.33333 15.03472 -60.00000
v 6.66667 16.31707 -60.00000
v 10.00000 17.36577 -60.00000
v 13.33333 17.22041 -60.00000
v 16.66667 16.28261 -60.00000
v 20.00000 15.93211 -60.00000
v 23.33333 17.17010 -60.00000
v 26.66667 19.61924 -60.00000
v 30.00000 21.86205 -60.00000
v 33.33333 22.79083 -60.00000
v 36.66667 22.65132 -60.00000
v 40.00000 22.75800 -60.00000
v 43.33333 24.15393 -60.00000
v 46.66667 26.52024 -60.00000
v 50.00000 28.40154 -60.00000
v 53.33333 28.53663 -60.00000
v 56.66667 27.01192 -60.00000
v 60.00000 25.13087 -60.00000
v 63.33333 24.14377 -60.00000
v 66.66667 24.08529 -60.00000
v 70.00000 23.84974 -60.00000
v 73.33333 22.41279 -60.00000
v 76.66667 19.98105 -60.00000
v 80.00000 17.91947 -60.00000
v 83.33333 17.50515 -60.00000
v 86.66667 18.71234 -60.00000
v 90.00000 20.21557 -60.00000
v 93.33333 20.61909 -60.00000
v 96.66667 19.73050 -60.00000
v 100.00000 18.65407 -60.00000
v -100.00000 15.36734 -56.66667
v -96.66667 15.75306 -56.66667
v -93.33333 17.38775 -56.66667
v -90.00000 18.91484 -56.66667
v -86.66667 19.14347 -56.66667
v -83.33333 18.19280 -56.66667
v -80.00000 17.36357 -56.66667
v -76.66667 17.86653 -56.66667
v -73.33333 19.65119 -56.66667
v -70.00000 21.47641 -56.66667
v -66.66667 22.14711 -56.66667
v -63.33333 21.69851 -56.66667
v -60.00000 21.35817 -56.66667
v -56.66667 22.31174 -56.66667
v -53.33333 24.47327 -56.66667
v -50.00000 26.46757 -56.66667
v -46.66667 26.85862 -56.66667
v -43.33333 25.44721 -56.66667
v -40.00000 23.39178 -56.66667
v -36.66667 22.04993 -56.66667
v -33.33333 21.68144 -56.66667
v -30.00000 21.28447 -56.66667
v -26.66667 19.72181 -56.66667
v -23.33333 17.01785 -56.66667
v -20.00000 14.52234 -56.66667
v -16.66667 13.73715 -56.66667
v -13.33333 14.92016 -56.66667
v -10.00000 16.82052 -56.66667
v -6.66667 17.81497 -56.66667
v -3.33333 17.36319 -56.66667
v 0.00000 16.39985 -56.66667
v 3.33333 16.31955 -56.66667
v 6.66667 17.56741 -56.66667
v 10.00000 19.20734 -56.66667
v 13.33333 19.86790 -56.66667
v 16.66667 19.12039 -56.66667
v 20.00000 17.93259 -56.66667
v 23.33333 17.75518 -56.66667
v 26.66667 19.13740 -56.66667
v 30.00000 21.22623 -56.66667
v 33.33333 22.63603 -56.66667
v 36.66667 22.83123 -56.66667
v 40.00000 22.65963 -56.66667
v 43.33333 23.50148 -56.66667
v 46.66667 25.85511 -56.66667
v 50.00000 28.73926 -56.66667
v 53.33333 30.50803 -56.66667
v 56.66667 30.30767 -56.66667
v 60.00000 28.78477 -56.66667
v 63.33333 27.38429 -56.66667
v 66.66667 26.94143 -56.66667
v 70.00000 26.94326 -56.66667
v 73.33333 26.16435 -56.66667
v 76.66667 24.02606 -56.66667
v 80.00000 21.31839 -56.66667
v 83.33333 19.55047 -56.66667
v 86.66667 19.54642 -56.66667
v 90.00000 20.65457 -56.66667
v 93.33333 21.35172 -56.66667
v 96.66667 20.66993 -56.66667
v 100.00000 19.07191 -56.66667
v -100.00000 17.44893 -53.33333
v -96.66667 16.85472 -53.33333
v -93.33333 17.69231 -53.33333
v -90.00000 19.19347 -53.33333
v -86.66667 19.93180 -53.33333
v -83.33333 19.23534 -53.33333
v -80.00000 17.87102 -53.33333
v -76.66667 17.33347 -53.33333
v -73.33333 18.43103 -53.33333
v -70.00000 20.54394 -53.33333
v -66.66667 22.26872 -53.33333
v -63.33333 22.80521 -53.33333
v -60.00000 22.71666 -53.33333
v -56.66667 23.30946 -53.33333
v -53.33333 25.23687 -53.33333
v -50.00000 27.70221 -53.33333
v -46.66667 29.06336 -53.33333
v -43.33333 28.27751 -53.33333
v -40.00000 25.80191 -53.33333
v -36.66667 23.09196 -53.33333
v -33.33333 21.20578 -53.33333
v -30.00000 19.89680 -53.33333
v -26.66667 18.08795 -53.33333
v -23.33333 15.23961 -53.33333
v -20.00000 12.21003 -53.33333
v -16.66667 10.68360 -53.33333
v -13.33333 11.65919 -53.33333
v -10.00000 14.44878 -53.33333
v -6.66667 17.17856 -53.33333
v -3.33333 18.35188 -53.33333
v 0.00000 18.02415 -53.33333
v 3.33333 17.52318 -53.33333
v 6.66667 18.03730 -53.33333
v 10.00000 19.44731 -53.33333
v 13.33333 20.50358 -53.33333
v 16.66667 20.13265 -53.33333
v 20.00000 18.57400 -53.33333
v 23.33333 17.23375 -53.33333
v 26.66667 17.40254 -53.33333
v 30.00000 19.09147 -53.33333
v 33.33333 21.11588 -53.33333
v 36.66667 22.33054 -53.33333
v 40.00000 22.78971 -53.33333
v 43.33333 23.67880 -53.33333
v 46.66667 26.06979 -53.33333
v 50.00000 29.71471 -53.33333
v 53.33333 33.07183 -53.33333
v 56.66667 34.57303 -53.33333
v 60.00000 33.93919 -53.33333
v 63.33333 32.30244 -53.33333
v 66.66667 31.04551 -53.33333
v 70.00000 30.49951 -53.33333
v 73.33333 29.75601 -53.33333
v 76.66667 27.74387 -53.33333
v 80.00000 24.47912 -53.33333
v 83.33333 21.23097 -53.33333
v 86.66667 19.41765 -53.33333
v 90.00000 19.30144 -53.33333
v 93.33333 19.76228 -53.33333
v 96.66667 19.38488 -53.33333
v 100.00000 17.81418 -53.33333
v -100.00000 19.85916 -50.00000
v -96.66667 18.10503 -50.00000
v -93.33333 17.45690 -50.00000
v -90.00000 18.05524 -50.00000
v -86.66667 18.77182 -50.00000
v -83.33333 18.40750 -50.00000
v -80.00000 16.95321 -50.00000
v -76.66667 15.68795 -50.00000
v -73.33333 16.01508 -50.00000
v -70.00000 18.16425 -50.00000
v -66.66667 21.01283 -50.00000
v -63.33333 23.18362 -50.00000
v -60.00000 24.33025 -50.00000
v -56.66667 25.34478 -50.00000
v -53.33333 27.28789 -50.00000
v -50.00000 30.10548 -50.00000
v -46.66667 32.41761 -50.00000
v -43.33333 32.62291 -50.00000
v -40.00000 30.27296 -50.00000
v -36.66667 26.40308 -50.00000
v -33.33333 22.52889 -50.00000
v -30.00000 19.32781 -50.00000
v -26.66667 16.31721 -50.00000
v -23.33333 12.81386 -50.00000
v -20.00000 9.13720 -50.00000
v -16.66667 6.74395 -50.00000
v -13.33333 7.05001 -50.00000
v -10.00000 10.04040 -50.00000
v -6.66667 14.03951 -50.00000
v -3.33333 16.93913 -50.00000
v 0.00000 17.80635 -50.00000
v 3.33333 17.43299 -50.00000
v 6.66667 17.37272 -50.00000
v 10.00000 18.40404 -50.00000
v 13.33333 19.85697 -50.00000
v 16.66667 20.39101 -50.00000
v 20.00000 19.42601 -50.00000
v 23.33333 17.82248 -50.00000
v 26.66667 17.15539 -50.00000
v 30.00000 18.29507 -50.00000
v 33.33333 20.67437 -50.00000
v 36.66667 22.93988 -50.00000
v 40.00000 24.32690 -50.00000
v 43.33333 25.39123 -50.00000
v 46.66667 27.36639 -50.00000
v 50.00000 30.77280 -50.00000
v 53.33333 34.65608 -50.00000
v 56.66667 37.23687 -50.00000
v 60.00000 37.38886 -50.00000
v 63.33333 35.55220 -50.00000
v 66.66667 33.22652 -50.00000
v 70.00000 31.55038 -50.00000
v 73.33333 30.33943 -50.00000
v 76.66667 28.48690 -50.00000
v 80.00000 25.29069 -50.00000
v 83.33333 21.36970 -50.00000
v 86.66667 18.24531 -50.00000
v 90.00000 16.98355 -50.00000
v 93.33333 17.22483 -50.00000
v 96.66667 17.55930 -50.00000
v 100.00000 16.89485 -50.00000
v -100.00000 19.04577 -46.66667
v -96.66667 17.46175 -46.66667
v -93.33333 15.92695 -46.66667
v -90.00000 15.66085 -46.66667
v -86.66667 16.36811 -46.66667
v -83.33333 16.79750 -46.66667
v -80.00000 16.18063 -46.66667
v -76.66667 15.13410 -46.66667
v -73.33333 15.16392 -46.66667
v -70.00000 17.26587 -46.66667
v -66.66667 20.98145 -46.66667
v -63.33333 24.81462 -46.66667
v -60.00000 27.58492 -46.66667
v -56.66667 29.38660 -46.66667
v -53.33333 31.22398 -46.66667
v -50.00000 33.70534 -46.66667
v -46.66667 36.11133 -46.66667
v -43.33333 36.79192 -46.66667
v -40.00000 34.54243 -46.66667
v -36.66667 29.64908 -46.66667
v -33.33333 23.62650 -46.66667
v -30.00000 17.95934 -46.66667
v -26.66667 13.11435 -46.66667
v -23.33333 8.75154 -46.66667
v -20.00000 4.79356 -46.66667
v -16.66667 2.12195 -46.66667
v -13.33333 2.06495 -46.66667
v -10.00000 5.10585 -46.66667
v -6.66667 10.08989 -46.66667
v -3.33333 14.80031 -46.66667
v 0.00000 17.50416 -46.66667
v 3.33333 18.13794 -46.66667
v 6.66667 18.08894 -46.66667
v 10.00000 18.78563 -46.66667
v 13.33333 20.38962 -46.66667
v 16.66667 21.77305 -46.66667
v 20.00000 21.75121 -46.66667
v 23.33333 20.35939 -46.66667
v 26.66667 18.93951 -46.66667
v 30.00000 18.96074 -46.66667
v 33.33333 20.72074 -46.66667
v 36.66667 23.17686 -46.66667
v 40.00000 25.04548 -46.66667
v 43.33333 26.06873 -46.66667
v 46.66667 27.19289 -46.66667
v 50.00000 29.48089 -46.66667
v 53.33333 32.83826 -46.66667
v 56.66667 35.83403 -46.66667
v 60.00000 36.84164 -46.66667
v 63.33333 35.43665 -46.66667
v 66.66667 32.72403 -46.66667
v 70.00000 30.28948 -46.66667
v 73.33333 28.78650 -46.66667
v 76.66667 27.50571 -46.66667
v 80.00000 25.30395 -46.66667
v 83.33333 21.94536 -46.66667
v 86.66667 18.51606 -46.66667
v 90.00000 16.49363 -46.66667
v 93.33333 16.37957 -46.66667
v 96.66667 17.23851 -46.66667
v 100.00000 17.60527 -46.66667
v -100.00000 13.22110 -43.33333
v -96.66667 13.36352 -43.33333
v -93.33333 13.25160 -43.33333
v -90.00000 13.72030 -43.33333
v -86.66667 15.08187 -43.33333
v -83.33333 16.60208 -43.33333
v -80.00000 17.24791 -43.33333
v -76.66667 16.91575 -43.33333
v -73.33333 16.77519 -43.33333
v -70.00000 18.29211 -43.33333
v -66.66667 21.86616 -43.33333
v -63.33333 26.41823 -43.33333
v -60.00000 30.32887 -43.33333
v -56.66667 32.80739 -43.33333
v -53.33333 34.36421 -43.33333
v -50.00000 35.95514 -43.33333
v -46.66667 37.67989 -43.33333
v -43.33333 38.35609 -43.33333
v -40.00000 36.42783 -43.33333
v -36.66667 31.35942 -43.33333
v -33.33333 24.20033 -43.33333
v -30.00000 16.83032 -43.33333
v -26.66667 10.66099 -43.33333
v -23.33333 6.01812 -43.33333
v -20.00000 2.65462 -43.33333
v -16.66667 2.00000 -43.33333
v -13.33333 2.00000 -43.33333
v -10.00000 3.75399 -43.33333
v -6.66667 8.94698 -43.33333
v -3.33333 14.65440 -43.33333
v 0.00000 18.83149 -43.33333
v 3.33333 20.55829 -43.33333
v 6.66667 20.60376 -43.33333
v 10.00000 20.59800 -43.33333
v 13.33333 21.52706 -43.33333
v 16.66667 22.91505 -43.33333
v 20.00000 23.43264 -43.33333
v 23.33333 22.32863 -43.33333
v 26.66667 20.29992 -43.33333
v 30.00000 18.96079 -43.33333
v 33.33333 19.42526 -43.33333
v 36.66667 21.36795 -43.33333
v 40.00000 23.45329 -43.33333
v 43.33333 24.68614 -43.33333
v 46.66667 25.34509 -43.33333
v 50.00000 26.58212 -43.33333
v 53.33333 29.09372 -43.33333
v 56.66667 32.19383 -43.33333
v 60.00000 34.23899 -43.33333
v 63.33333 34.03735 -43.33333
v 66.66667 31.90198 -43.33333
v 70.00000 29.33628 -43.33333
v 73.33333 27.65168 -43.33333
v 76.66667 26.84147 -43.33333
v 80.00000 25.77486 -43.33333
v 83.33333 23.48735 -43.33333
v 86.66667 20.28249 -43.33333
v 90.00000 17.55662 -43.33333
v 93.33333 16.51612 -43.33333
v 96.66667 17.04462 -43.33333
v 100.00000 17.83368 -43.33333
v -100.00000 15.12518 -40.00000
v -96.66667 12.46003 -40.00000
v -93.33333 10.00492 -40.00000
v -90.00000 9.49897 -40.00000
v -86.66667 11.44887 -40.00000
v -83.33333 14.66099 -40.00000
v -80.00000 17.26037 -40.00000
v -76.66667 18.22960 -40.00000
v -73.33333 18.19487 -40.00000
v -70.00000 18.84619 -40.00000
v -66.66667 21.47014 -40.00000
v -63.33333 25.84232 -40.00000
v -60.00000 30.44924 -40.00000
v -56.66667 33.80759 -40.00000
v -53.33333 35.62437 -40.00000
v -50.00000 36.71496 -40.00000
v -46.66667 37.81859 -40.00000
v -43.33333 38.52865 -40.00000
v -40.00000 37.43385 -40.00000
v -36.66667 33.37399 -40.00000
v -33.33333 26.62817 -40.00000
v -30.00000 18.92490 -40.00000
v -26.66667 12.29007 -40.00000
v -23.33333 7.80612 -40.00000
v -20.00000 5.34367 -40.00000
v -16.66667 4.32933 -40.00000
v -13.33333 4.64172 -40.00000
v -10.00000 6.69545 -40.00000
v -6.66667 10.65818 -40.00000
v -3.33333 15.67336 -40.00000
v 0.00000 20.02165 -40.00000
v 3.33333 22.25139 -40.00000
v 6.66667 22.29180 -40.00000
v 10.00000 21.46025 -40.00000
v 13.33333 21.26749 -40.00000
v 16.66667 22.08793 -40.00000
v 20.00000 22.93664 -40.00000
v 23.33333 22.56087 -40.00000
v 26.66667 20.79216 -40.00000
v 30.00000 18.84886 -40.00000
v 33.33333 18.29074 -40.00000
v 36.66667 19.63077 -40.00000
v 40.00000 21.93630 -40.00000
v 43.33333 23.78489 -40.00000
v 46.66667 24.62439 -40.00000
v 50.00000 25.20438 -40.00000
v 53.33333 26.66931 -40.00000
v 56.66667 29.22557 -40.00000
v 60.00000 31.72132 -40.00000
v 63.33333 32.58854 -40.00000
v 66.66667 31.25905 -40.00000
v 70.00000 28.68780 -40.00000
v 73.33333 26.47028 -40.00000
v 76.66667 25.39734 -40.00000
v 80.00000 24.83170 -40.00000
v 83.33333 23.48751 -40.00000
v 86.66667 20.83107 -40.00000
v 90.00000 17.72335 -40.00000
v 93.33333 15.67317 -40.00000
v 96.66667 15.43138 -40.00000
v 100.00000 16.30112 -40.00000
v -100.00000 20.24486 -36.66667
v -96.66667 19.06311 -36.66667
v -93.33333 15.60869 -36.66667
v -90.00000 11.25324 -36.66667
v -86.66667 8.38580 -36.66667
v -83.33333 8.52176 -36.66667
v -80.00000 11.08096 -36.66667
v -76.66667 14.09188 -36.66667
v -73.33333 16.16135 -36.66667
v -70.00000 17.68453 -36.66667
v -66.66667 20.13742 -36.66667
v -63.33333 24.35319 -36.66667
v -60.00000 29.58621 -36.66667
v -56.66667 34.17727 -36.66667
v -53.33333 37.01507 -36.66667
v -50.00000 38.32175 -36.66667
v -46.66667 39.05887 -36.66667
v -43.33333 39.62999 -36.66667
v -40.00000 39.22586 -36.66667
v -36.66667 36.50396 -36.66667
v -33.33333 30.97518 -36.66667
v -30.00000 23.77024 -36.66667
v -26.66667 17.03707 -36.66667
v -23.33333 12.49640 -36.66667
v -20.00000 10.43403 -36.66667
v -16.66667 9.95461 -36.66667
v -13.33333 10.13014 -36.66667
v -10.00000 10.88004 -36.66667
v -6.66667 12.75469 -36.66667
v -3.33333 15.92436 -36.66667
v 0.00000 19.49738 -36.66667
v 3.33333 21.97613 -36.66667
v 6.66667 22.49216 -36.66667
v 10.00000 21.60922 -36.66667
v 13.33333 20.83912 -36.66667
v 16.66667 21.26545 -36.66667
v 20.00000 22.57577 -36.66667
v 23.33333 23.44087 -36.66667
v 26.66667 22.88250 -36.66667
v 30.00000 21.30502 -36.66667
v 33.33333 20.18471 -36.66667
v 36.66667 20.71118 -36.66667
v 40.00000 22.69112 -36.66667
v 43.33333 24.76739 -36.66667
v 46.66667 25.72589 -36.66667
v 50.00000 25.60982 -36.66667
v 53.33333 25.56030 -36.66667
v 56.66667 26.55739 -36.66667
v 60.00000 28.31644 -36.66667
v 63.33333 29.44503 -36.66667
v 66.66667 28.72952 -36.66667
v 70.00000 26.30698 -36.66667
v 73.33333 23.57707 -36.66667
v 76.66667 21.92726 -36.66667
v 80.00000 21.49654 -36.66667
v 83.33333 21.16463 -36.66667
v 86.66667 19.76123 -36.66667
v 90.00000 17.30523 -36.66667
v 93.33333 15.06030 -36.66667
v 96.66667 14.35258 -36.66667
v 100.00000 15.30571 -36.66667
v -100.00000 18.79170 -33.33333
v -96.66667 19.42930 -33.33333
v -93.33333 18.56672 -33.33333
v -90.00000 16.22753 -33.33333
v -86.66667 13.53734 -33.33333
v -83.33333 11.66068 -33.33333
v -80.00000 10.96319 -33.33333
v -76.66667 11.14838 -33.33333
v -73.33333 11.98541 -33.33333
v -70.00000 13.77359 -33.33333
v -66.66667 17.14152 -33.33333
v -63.33333 22.36837 -33.33333
v -60.00000 28.76506 -33.33333
v -56.66667 34.75490 -33.33333
v -53.33333 38.81996 -33.33333
v -50.00000 40.56235 -33.33333
v -46.66667 40.81716 -33.33333
v -43.33333 40.62697 -33.33333
v -40.00000 40.07587 -33.33333
v -36.66667 38.17527 -33.33333
v -33.33333 33.96156 -33.33333
v -30.00000 27.74884 -33.33333
v -26.66667 21.28985 -33.33333
v -23.33333 16.61899 -33.33333
v -20.00000 14.60007 -33.33333
v -16.66667 14.48529 -33.33333
v -13.33333 14.84366 -33.33333
v -10.00000 14.93792 -33.33333
v -6.66667 15.24004 -33.33333
v -3.33333 16.65082 -33.33333
v 0.00000 19.27738 -33.33333
v 3.33333 22.05192 -33.33333
v 6.66667 23.61450 -33.33333
v 10.00000 23.58998 -33.33333
v 13.33333 22.96439 -33.33333
v 16.66667 23.14401 -33.33333
v 20.00000 24.59062 -33.33333
v 23.33333 26.36603 -33.33333
v 26.66667 27.04348 -33.33333
v 30.00000 26.10877 -33.33333
v 33.33333 24.48894 -33.33333
v 36.66667 23.68954 -33.33333
v 40.00000 24.37338 -33.33333
v 43.33333 25.75563 -33.33333
v 46.66667 26.39379 -33.33333
v 50.00000 25.59415 -33.33333
v 53.33333 24.06159 -33.33333
v 56.66667 23.16575 -33.33333
v 60.00000 23.55298 -33.33333
v 63.33333 24.47385 -33.33333
v 66.66667 24.49519 -33.33333
v 70.00000 22.90793 -33.33333
v 73.33333 20.45548 -33.33333
v 76.66667 18.66395 -33.33333
v 80.00000 18.41667 -33.33333
v 83.33333 19.15289 -33.33333
v 86.66667 19.46422 -33.33333
v 90.00000 18.50221 -33.33333
v 93.33333 16.82264 -33.33333
v 96.66667 15.84465 -33.33333
v 100.00000 16.45567 -33.33333
v -100.00000 16.25033 -30.00000
v -96.66667 17.83056 -30.00000
v -93.33333 18.70611 -30.00000
v -90.00000 18.18340 -30.00000
v -86.66667 16.97831 -30.00000
v -83.33333 16.45415 -30.00000
v -80.00000 17.18185 -30.00000
v -76.66667 18.28270 -30.00000
v -73.33333 18.33993 -30.00000
v -70.00000 17.10496 -30.00000
v -66.66667 16.22692 -30.00000
v -63.33333 18.01031 -30.00000
v -60.00000 23.25662 -30.00000
v -56.66667 30.34658 -30.00000
v -53.33333 36.46839 -30.00000
v -50.00000 39.73269 -30.00000
v -46.66667 40.24522 -30.00000
v -43.33333 39.41491 -30.00000
v -40.00000 38.37052 -30.00000
v -36.66667 36.97698 -30.00000
v -33.33333 34.26809 -30.00000
v -30.00000 29.78371 -30.00000
v -26.66667 24.46417 -30.00000
v -23.33333 20.18160 -30.00000
v -20.00000 18.29867 -30.00000
v -16.66667 18.59931 -30.00000
v -13.33333 19.60530 -30.00000
v -10.00000 19.97965 -30.00000
v -6.66667 19.68455 -30.00000
v -3.33333 19.81443 -30.00000
v 0.00000 21.32199 -30.00000
v 3.33333 23.92625 -30.00000
v 6.66667 26.28853 -30.00000
v 10.00000 27.27243 -30.00000
v 13.33333 27.02741 -30.00000
v 16.66667 26.81052 -30.00000
v 20.00000 27.71017 -30.00000
v 23.33333 29.52414 -30.00000
v 26.66667 30.90198 -30.00000
v 30.00000 30.62756 -30.00000
v 33.33333 28.79910 -30.00000
v 36.66667 26.75681 -30.00000
v 40.00000 25.82392 -30.00000
v 43.33333 26.07993 -30.00000
v 46.66667 26.35163 -30.00000
v 50.00000 25.41965 -30.00000
v 53.33333 23.25604 -30.00000
v 56.66667 21.08271 -30.00000
v 60.00000 20.19665 -30.00000
v 63.33333 20.71376 -30.00000
v 66.66667 21.46318 -30.00000
v 70.00000 21.13871 -30.00000
v 73.33333 19.58358 -30.00000
v 76.66667 17.95209 -30.00000
v 80.00000 17.58613 -30.00000
v 83.33333 18.69961 -30.00000
v 86.66667 20.15341 -30.00000
v 90.00000 20.54134 -30.00000
v 93.33333 19.53083 -30.00000
v 96.66667 18.15413 -30.00000
v 100.00000 17.77087 -30.00000
v -100.00000 15.74412 -26.66667
v -96.66667 17.66411 -26.66667
v -93.33333 19.68495 -26.66667
v -90.00000 20.46408 -26.66667
v -86.66667 19.87423 -26.66667
v -83.33333 19.09419 -26.66667
v -80.00000 19.44569 -26.66667
v -76.66667 21.10699 -26.66667
v -73.33333 22.93615 -26.66667
v -70.00000 23.55300 -26.66667
v -66.66667 22.65528 -26.66667
v -63.33333 21.39481 -26.66667
v -60.00000 21.52131 -26.66667
v -56.66667 23.99657 -26.66667
v -53.33333 28.17147 -26.66667
v -50.00000 32.24817 -26.66667
v -46.66667 34.71593 -26.66667
v -43.33333 35.43848 -26.66667
v -40.00000 35.31446 -26.66667
v -36.66667 34.97572 -26.66667
v -33.33333 34.04848 -26.66667
v -30.00000 31.77817 -26.66667
v -26.66667 28.23961 -26.66667
v -23.33333 24.72942 -26.66667
v -20.00000 22.83457 -26.66667
v -16.66667 23.06128 -26.66667
v -13.33333 24.38576 -26.66667
v -10.00000 25.20624 -26.66667
v -6.66667 24.81109 -26.66667
v -3.33333 23.96890 -26.66667
v 0.00000 24.09280 -26.66667
v 3.33333 25.80839 -26.66667
v 6.66667 28.31941 -26.66667
v 10.00000 30.17155 -26.66667
v 13.33333 30.64562 -26.66667
v 16.66667 30.40426 -26.66667
v 20.00000 30.75953 -26.66667
v 23.33333 32.28793 -26.66667
v 26.66667 34.16338 -26.66667
v 30.00000 34.87861 -26.66667
v 33.33333 33.66567 -26.66667
v 36.66667 31.23643 -26.66667
v 40.00000 29.11996 -26.66667
v 43.33333 28.23582 -26.66667
v 46.66667 28.08399 -26.66667
v 50.00000 27.32858 -26.66667
v 53.33333 25.19382 -26.66667
v 56.66667 22.30145 -26.66667
v 60.00000 20.12785 -26.66667
v 63.33333 19.61013 -26.66667
v 66.66667 20.26276 -26.66667
v 70.00000 20.66859 -26.66667
v 73.33333 19.86590 -26.66667
v 76.66667 18.27764 -26.66667
v 80.00000 17.27599 -26.66667
v 83.33333 17.80772 -26.66667
v 86.66667 19.42449 -26.66667
v 90.00000 20.66830 -26.66667
v 93.33333 20.44147 -26.66667
v 96.66667 19.02974 -26.66667
v 100.00000 17.78579 -26.66667
v -100.00000 16.05474 -23.33333
v -96.66667 17.31997 -23.33333
v -93.33333 19.48133 -23.33333
v -90.00000 21.02756 -23.33333
v -86.66667 21.01870 -23.33333
v -83.33333 19.96293 -23.33333
v -80.00000 19.31094 -23.33333
v -76.66667 20.07248 -23.33333
v -73.33333 21.90832 -23.33333
v -70.00000 23.57053 -23.33333
v -66.66667 24.22286 -23.33333
v -63.33333 24.28873 -23.33333
v -60.00000 24.94337 -23.33333
v -56.66667 26.77021 -23.33333
v -53.33333 29.03029 -23.33333
v -50.00000 30.38607 -23.33333
v -46.66667 30.31178 -23.33333
v -43.33333 29.63505 -23.33333
v -40.00000 29.65899 -23.33333
v -36.66667 30.85095 -23.33333
v -33.33333 32.37692 -23.33333
v -30.00000 32.81789 -23.33333
v -26.66667 31.41366 -23.33333
v -23.33333 28.80521 -23.33333
v -20.00000 26.60010 -23.33333
v -16.66667 26.04763 -23.33333
v -13.33333 26.97961 -23.33333
v -10.00000 28.02777 -23.33333
v -6.66667 27.95615 -23.33333
v -3.33333 26.86084 -23.33333
v 0.00000 26.09039 -23.33333
v 3.33333 26.96274 -23.33333
v 6.66667 29.51218 -23.33333
v 10.00000 32.46417 -23.33333
v 13.33333 34.44120 -23.33333
v 16.66667 35.21312 -23.33333
v 20.00000 35.77721 -23.33333
v 23.33333 37.20888 -23.33333
v 26.66667 39.43130 -23.33333
v 30.00000 41.13278 -23.33333
v 33.33333 40.93526 -23.33333
v 36.66667 38.68769 -23.33333
v 40.00000 35.62511 -23.33333
v 43.33333 33.23201 -23.33333
v 46.66667 31.90558 -23.33333
v 50.00000 30.70628 -23.33333
v 53.33333 28.42194 -23.33333
v 56.66667 24.89200 -23.33333
v 60.00000 21.28895 -23.33333
v 63.33333 19.07590 -23.33333
v 66.66667 18.65490 -23.33333
v 70.00000 19.02434 -23.33333
v 73.33333 18.77996 -23.33333
v 76.66667 17.48316 -23.33333
v 80.00000 16.06232 -23.33333
v 83.33333 15.85808 -23.33333
v 86.66667 17.24857 -23.33333
v 90.00000 19.20236 -23.33333
v 93.33333 20.20276 -23.33333
v 96.66667 19.64932 -23.33333
v 100.00000 18.37641 -23.33333
v -100.00000 15.35590 -20.00000
v -96.66667 15.64086 -20.00000
v -93.33333 17.42390 -20.00000
v -90.00000 19.53378 -20.00000
v -86.66667 20.52345 -20.00000
v -83.33333 20.03018 -20.00000
v -80.00000 19.10309 -20.00000
v -76.66667 19.19099 -20.00000
v -73.33333 20.78444 -20.00000
v -70.00000 23.03172 -20.00000
v -66.66667 24.68334 -20.00000
v -63.33333 25.40807 -20.00000
v -60.00000 26.15028 -20.00000
v -56.66667 28.13021 -20.00000
v -53.33333 31.42272 -20.00000
v -50.00000 34.50865 -20.00000
v -46.66667 35.34908 -20.00000
v -43.33333 33.15167 -20.00000
v -40.00000 29.26562 -20.00000
v -36.66667 26.24290 -20.00000
v -33.33333 25.73621 -20.00000
v -30.00000 27.17679 -20.00000
v -26.66667 28.55548 -20.00000
v -23.33333 28.47210 -20.00000
v -20.00000 27.33245 -20.00000
v -16.66667 26.63110 -20.00000
v -13.33333 27.28429 -20.00000
v -10.00000 28.75636 -20.00000
v -6.66667 29.73972 -20.00000
v -3.33333 29.59964 -20.00000
v 0.00000 29.12439 -20.00000
v 3.33333 29.84687 -20.00000
v 6.66667 32.59707 -20.00000
v 10.00000 36.68295 -20.00000
v 13.33333 40.48424 -20.00000
v 16.66667 42.87635 -20.00000
v 20.00000 44.10828 -20.00000
v 23.33333 45.30549 -20.00000
v 26.66667 47.11934 -20.00000
v 30.00000 48.87789 -20.00000
v 33.33333 49.09712 -20.00000
v 36.66667 46.87145 -20.00000
v 40.00000 42.79025 -20.00000
v 43.33333 38.47610 -20.00000
v 46.66667 35.17589 -20.00000
v 50.00000 32.75531 -20.00000
v 53.33333 30.05292 -20.00000
v 56.66667 26.22661 -20.00000
v 60.00000 21.76188 -20.00000
v 63.33333 18.14758 -20.00000
v 66.66667 16.53043 -20.00000
v 70.00000 16.66034 -20.00000
v 73.33333 17.15695 -20.00000
v 76.66667 16.83995 -20.00000
v 80.00000 15.82864 -20.00000
v 83.33333 15.34291 -20.00000
v 86.66667 16.40703 -20.00000
v 90.00000 18.73004 -20.00000
v 93.33333 20.86552 -20.00000
v 96.66667 21.50534 -20.00000
v 100.00000 20.65474 -20.00000
v -100.00000 15.13882 -16.66667
v -96.66667 14.86754 -16.66667
v -93.33333 16.17663 -16.66667
v -90.00000 18.60288 -16.66667
v -86.66667 20.66282 -16.66667
v -83.33333 21.22681 -16.66667
v -80.00000 20.57084 -16.66667
v -76.66667 20.09276 -16.66667
v -73.33333 20.97728 -16.66667
v -70.00000 23.10945 -16.66667
v -66.66667 25.28044 -16.66667
v -63.33333 26.45564 -16.66667
v -60.00000 26.83202 -16.66667
v -56.66667 27.62205 -16.66667
v -53.33333 29.76087 -16.66667
v -50.00000 32.80561 -16.66667
v -46.66667 35.12379 -16.66667
v -43.33333 35.21445 -16.66667
v -40.00000 32.91708 -16.66667
v -36.66667 29.43141 -16.66667
v -33.33333 26.28370 -16.66667
v -30.00000 24.30559 -16.66667
v -26.66667 23.43066 -16.66667
v -23.33333 23.21135 -16.66667
v -20.00000 23.45833 -16.66667
v -16.66667 24.46256 -16.66667
v -13.33333 26.57880 -16.66667
v -10.00000 29.53582 -16.66667
v -6.66667 32.30909 -16.66667
v -3.33333 33.94150 -16.66667
v 0.00000 34.57391 -16.66667
v 3.33333 35.52386 -16.66667
v 6.66667 38.16245 -16.66667
v 10.00000 42.61127 -16.66667
v 13.33333 47.53092 -16.66667
v 16.66667 51.23270 -16.66667
v 20.00000 53.06102 -16.66667
v 23.33333 53.73710 -16.66667
v 26.66667 54.37321 -16.66667
v 30.00000 55.16276 -16.66667
v 33.33333 55.05839 -16.66667
v 36.66667 52.77025 -16.66667
v 40.00000 48.11024 -16.66667
v 43.33333 42.35397 -16.66667
v 46.66667 37.23929 -16.66667
v 50.00000 33.54573 -16.66667
v 53.33333 30.60949 -16.66667
v 56.66667 27.22071 -16.66667
v 60.00000 23.00893 -16.66667
v 63.33333 18.95444 -16.66667
v 66.66667 16.52365 -16.66667
v 70.00000 16.27484 -16.66667
v 73.33333 17.30055 -16.66667
v 76.66667 18.05817 -16.66667
v 80.00000 17.78593 -16.66667
v 83.33333 17.13112 -16.66667
v 86.66667 17.38674 -16.66667
v 90.00000 19.09181 -16.66667
v 93.33333 21.37163 -16.66667
v 96.66667 22.67223 -16.66667
v 100.00000 22.18120 -16.66667
v -100.00000 17.13131 -13.33333
v -96.66667 16.52259 -13.33333
v -93.33333 16.93918 -13.33333
v -90.00000 18.78100 -13.33333
v -86.66667 21.04943 -13.33333
v -83.33333 22.25839 -13.33333
v -80.00000 21.84540 -13.33333
v -76.66667 20.71637 -13.33333
v -73.33333 20.39784 -13.33333
v -70.00000 21.62051 -13.33333
v -66.66667 23.70154 -13.33333
v -63.33333 25.30274 -13.33333
v -60.00000 25.79391 -13.33333
v -56.66667 25.86423 -13.33333
v -53.33333 26.77376 -13.33333
v -50.00000 28.98713 -13.33333
v -46.66667 31.55604 -13.33333
v -43.33333 32.89791 -13.33333
v -40.00000 32.24716 -13.33333
v -36.66667 30.36981 -13.33333
v -33.33333 28.81388 -13.33333
v -30.00000 28.39317 -13.33333
v -26.66667 28.41809 -13.33333
v -23.33333 27.53941 -13.33333
v -20.00000 25.43543 -13.33333
v -16.66667 23.54256 -13.33333
v -13.33333 23.89757 -13.33333
v -10.00000 27.20852 -13.33333
v -6.66667 32.15475 -13.33333
v -3.33333 36.57698 -13.33333
v 0.00000 39.31756 -13.33333
v 3.33333 41.03147 -13.33333
v 6.66667 43.38180 -13.33333
v 10.00000 47.42526 -13.33333
v 13.33333 52.60614 -13.33333
v 16.66667 57.20727 -13.33333
v 20.00000 59.80360 -13.33333
v 23.33333 60.36116 -13.33333
v 26.66667 59.98299 -13.33333
v 30.00000 59.61021 -13.33333
v 33.33333 58.98570 -13.33333
v 36.66667 56.90981 -13.33333
v 40.00000 52.53462 -13.33333
v 43.33333 46.41093 -13.33333
v 46.66667 40.23098 -13.33333
v 50.00000 35.47902 -13.33333
v 53.33333 32.27072 -13.33333
v 56.66667 29.48669 -13.33333
v 60.00000 26.05298 -13.33333
v 63.33333 22.11228 -13.33333
v 66.66667 18.94503 -13.33333
v 70.00000 17.72485 -13.33333
v 73.33333 18.33363 -13.33333
v 76.66667 19.40354 -13.33333
v 80.00000 19.55576 -13.33333
v 83.33333 18.63660 -13.33333
v 86.66667 17.75356 -13.33333
v 90.00000 18.08392 -13.33333
v 93.33333 19.62580 -13.33333
v 96.66667 21.11661 -13.33333
v 100.00000 21.20347 -13.33333
v -100.00000 19.41580 -10.00000
v -96.66667 18.38976 -10.00000
v -93.33333 17.50465 -10.00000
v -90.00000 17.89959 -10.00000
v -86.66667 19.42521 -10.00000
v -83.33333 20.77507 -10.00000
v -80.00000 20.76495 -10.00000
v -76.66667 19.51723 -10.00000
v -73.33333 18.39595 -10.00000
v -70.00000 18.75093 -10.00000
v -66.66667 20.68352 -10.00000
v -63.33333 23.01770 -10.00000
v -60.00000 24.48085 -10.00000
v -56.66667 24.92230 -10.00000
v -53.33333 25.37437 -10.00000
v -50.00000 26.90902 -10.00000
v -46.66667 29.43706 -10.00000
v -43.33333 31.66234 -10.00000
v -40.00000 32.27243 -10.00000
v -36.66667 31.22294 -10.00000
v -33.33333 29.85544 -10.00000
v -30.00000 29.69911 -10.00000
v -26.66667 31.06801 -10.00000
v -23.33333 32.75967 -10.00000
v -20.00000 33.12838 -10.00000
v -16.66667 31.57338 -10.00000
v -13.33333 29.17126 -10.00000
v -10.00000 27.93408 -10.00000
v -6.66667 29.27568 -10.00000
v -3.33333 32.95384 -10.00000
v 0.00000 37.47366 -10.00000
v 3.33333 41.61279 -10.00000
v 6.66667 45.49643 -10.00000
v 10.00000 50.07675 -10.00000
v 13.33333 55.66460 -10.00000
v 16.66667 61.18966 -10.00000
v 20.00000 64.97940 -10.00000
v 23.33333 66.20032 -10.00000
v 26.66667 65.48018 -10.00000
v 30.00000 64.12327 -10.00000
v 33.33333 62.74431 -10.00000
v 36.66667 60.69465 -10.00000
v 40.00000 56.84473 -10.00000
v 43.33333 50.93448 -10.00000
v 46.66667 44.13337 -10.00000
v 50.00000 38.21943 -10.00000
v 53.33333 34.14024 -10.00000
v 56.66667 31.33299 -10.00000
v 60.00000 28.45268 -10.00000
v 63.33333 24.79495 -10.00000
v 66.66667 21.03095 -10.00000
v 70.00000 18.54824 -10.00000
v 73.33333 18.05425 -10.00000
v 76.66667 18.81768 -10.00000
v 80.00000 19.29978 -10.00000
v 83.33333 18.56867 -10.00000
v 86.66667 17.12367 -10.00000
v 90.00000 16.33008 -10.00000
v 93.33333 17.01877 -10.00000
v 96.66667 18.61922 -10.00000
v 100.00000 19.67279 -10.00000
v -100.00000 19.63006 -6.66667
v -96.66667 18.60045 -6.66667
v -93.33333 16.89034 -6.66667
v -90.00000 15.96753 -6.66667
v -86.66667 16.56707 -6.66667
v -83.33333 18.00020 -6.66667
v -80.00000 18.85893 -6.66667
v -76.66667 18.42960 -6.66667
v -73.33333 17.43505 -6.66667
v -70.00000 17.37638 -6.66667
v -66.66667 19.10742 -6.66667
v -63.33333 22.01937 -6.66667
v -60.00000 24.61670 -6.66667
v -56.66667 25.91203 -6.66667
v -53.33333 26.27947 -6.66667
v -50.00000 26.94926 -6.66667
v -46.66667 28.66587 -6.66667
v -43.33333 30.85418 -6.66667
v -40.00000 32.13681 -6.66667
v -36.66667 31.71066 -6.66667
v -33.33333 30.22998 -6.66667
v -30.00000 29.30574 -6.66667
v -26.66667 30.07160 -6.66667
v -23.33333 32.18090 -6.66667
v -20.00000 34.18877 -6.66667
v -16.66667 34.93204 -6.66667
v -13.33333 34.55593 -6.66667
v -10.00000 34.21705 -6.66667
v -6.66667 34.86576 -6.66667
v -3.33333 36.46032 -6.66667
v 0.00000 38.41899 -6.66667
v 3.33333 40.65575 -6.66667
v 6.66667 43.91720 -6.66667
v 10.00000 49.03835 -6.66667
v 13.33333 55.91212 -6.66667
v 16.66667 63.13616 -6.66667
v 20.00000 68.66385 -6.66667
v 23.33333 71.04811 -6.66667
v 26.66667 70.35700 -6.66667
v 30.00000 67.94745 -6.66667
v 33.33333 65.20766 -6.66667
v 36.66667 62.38355 -6.66667
v 40.00000 58.59328 -6.66667
v 43.33333 53.00284 -6.66667
v 46.66667 45.99091 -6.66667
v 50.00000 39.12818 -6.66667
v 53.33333 33.95483 -6.66667
v 56.66667 30.72394 -6.66667
v 60.00000 28.32562 -6.66667
v 63.33333 25.46634 -6.66667
v 66.66667 21.96194 -6.66667
v 70.00000 18.89670 -6.66667
v 73.33333 17.50825 -6.66667
v 76.66667 17.90035 -6.66667
v 80.00000 18.85239 -6.66667
v 83.33333 18.92263 -6.66667
v 86.66667 17.77621 -6.66667
v 90.00000 16.44547 -6.66667
v 93.33333 16.26894 -6.66667
v 96.66667 17.54270 -6.66667
v 100.00000 19.19795 -6.66667
v -100.00000 19.07349 -3.33333
v -96.66667 18.79335 -3.33333
v -93.33333 17.23689 -3.33333
v -90.00000 15.66299 -3.33333
v -86.66667 15.41405 -3.33333
v -83.33333 16.64695 -3.33333
v -80.00000 18.21937 -3.33333
v -76.66667 18.84070 -3.33333
v -73.33333 18.36198 -3.33333
v -70.00000 17.94230 -3.33333
v -66.66667 18.92324 -3.33333
v -63.33333 21.50228 -3.33333
v -60.00000 24.49276 -3.33333
v -56.66667 26.40199 -3.33333
v -53.33333 26.78111 -3.33333
v -50.00000 26.54609 -3.33333
v -46.66667 26.98195 -3.33333
v -43.33333 28.43003 -3.33333
v -40.00000 29.96005 -3.33333
v -36.66667 30.35181 -3.33333
v -33.33333 29.41390 -3.33333
v -30.00000 28.32115 -3.33333
v -26.66667 28.60489 -3.33333
v -23.33333 30.75081 -3.33333
v -20.00000 33.75907 -3.33333
v -16.66667 36.10379 -3.33333
v -13.33333 37.17826 -3.33333
v -10.00000 37.83861 -3.33333
v -6.66667 39.51935 -3.33333
v -3.33333 42.76377 -3.33333
v 0.00000 46.59378 -3.33333
v 3.33333 49.39710 -3.33333
v 6.66667 50.58446 -3.33333
v 10.00000 51.40793 -3.33333
v 13.33333 53.93656 -3.33333
v 16.66667 58.97649 -3.33333
v 20.00000 64.99594 -3.33333
v 23.33333 69.23962 -3.33333
v 26.66667 69.94708 -3.33333
v 30.00000 67.52114 -3.33333
v 33.33333 63.72364 -3.33333
v 36.66667 59.91674 -3.33333
v 40.00000 56.05612 -3.33333
v 43.33333 51.22351 -3.33333
v 46.66667 45.00533 -3.33333
v 50.00000 38.29779 -3.33333
v 53.33333 32.73960 -3.33333
v 56.66667 29.32874 -3.33333
v 60.00000 27.57798 -3.33333
v 63.33333 26.04139 -3.33333
v 66.66667 23.71215 -3.33333
v 70.00000 20.94576 -3.33333
v 73.33333 19.02422 -3.33333
v 76.66667 18.79995 -3.33333
v 80.00000 19.75732 -3.33333
v 83.33333 20.42226 -3.33333
v 86.66667 19.73041 -3.33333
v 90.00000 18.02106 -3.33333
v 93.33333 16.68390 -3.33333
v 96.66667 16.79715 -3.33333
v 100.00000 18.07905 -3.33333
v -100.00000 19.71886 0.00000
v -96.66667 20.23479 0.00000
v -93.33333 19.21489 0.00000
v -90.00000 17.28548 0.00000
v -86.66667 15.95179 0.00000
v -83.33333 16.19327 0.00000
v -80.00000 17.57028 0.00000
v -76.66667 18.70876 0.00000
v -73.33333 18.68487 0.00000
v -70.00000 17.95356 0.00000
v -66.66667 17.90978 0.00000
v -63.33333 19.50626 0.00000
v -60.00000 22.27431 0.00000
v -56.66667 24.70549 0.00000
v -53.33333 25.63071 0.00000
v -50.00000 25.26765 0.00000
v -46.66667 24.93653 0.00000
v -43.33333 25.74351 0.00000
v -40.00000 27.53030 0.00000
v -36.66667 29.11403 0.00000
v -33.33333 29.56480 0.00000
v -30.00000 29.24222 0.00000
v -26.66667 29.54516 0.00000
v -23.33333 31.59284 0.00000
v -20.00000 35.11507 0.00000
v -16.66667 38.64854 0.00000
v -13.33333 40.87787 0.00000
v -10.00000 41.84738 0.00000
v -6.66667 42.88747 0.00000
v -3.33333 45.33327 0.00000
v 0.00000 49.26255 0.00000
v 3.33333 53.43006 0.00000
v 6.66667 56.39430 0.00000
v 10.00000 57.70901 0.00000
v 13.33333 58.10097 0.00000
v 16.66667 58.62727 0.00000
v 20.00000 59.69726 0.00000
v 23.33333 60.76504 0.00000
v 26.66667 60.83657 0.00000
v 30.00000 59.35464 0.00000
v 33.33333 56.70537 0.00000
v 36.66667 53.78900 0.00000
v 40.00000 51.01588 0.00000
v 43.33333 47.85419 0.00000
v 46.66667 43.53317 0.00000
v 50.00000 38.16504 0.00000
v 53.33333 33.00931 0.00000
v 56.66667 29.50074 0.00000
v 60.00000 27.97387 0.00000
v 63.33333 27.35995 0.00000
v 66.66667 26.18856 0.00000
v 70.00000 23.94776 0.00000
v 73.33333 21.49223 0.00000
v 76.66667 20.10836 0.00000
v 80.00000 20.16191 0.00000
v 83.33333 20.66890 0.00000
v 86.66667 20.22173 0.00000
v 90.00000 18.36602 0.00000
v 93.33333 16.07508 0.00000
v 96.66667 14.84710 0.00000
v 100.00000 15.29395 0.00000
v -100.00000 20.18361 3.33333
v -96.66667 20.82304 3.33333
v -93.33333 20.20446 3.33333
v -90.00000 18.14456 3.33333
v -86.66667 15.82556 3.33333
v -83.33333 14.74300 3.33333
v -80.00000 15.34289 3.33333
v -76.66667 16.66949 3.33333
v -73.33333 17.35967 3.33333
v -70.00000 17.00754 3.33333
v -66.66667 16.56337 3.33333
v -63.33333 17.37546 3.33333
v -60.00000 19.81198 3.33333
v -56.66667 22.81428 3.33333
v -53.33333 24.83022 3.33333
v -50.00000 25.23480 3.33333
v -46.66667 24.87227 3.33333
v -43.33333 25.20881 3.33333
v -40.00000 26.93191 3.33333
v -36.66667 29.35800 3.33333
v -33.33333 31.20558 3.33333
v -30.00000 31.94667 3.33333
v -26.66667 32.38677 3.33333
v -23.33333 33.88550 3.33333
v -20.00000 36.97155 3.33333
v -16.66667 40.72340 3.33333
v -13.33333 43.55530 3.33333
v -10.00000 44.67893 3.33333
v -6.66667 44.84317 3.33333
v -3.33333 45.63901 3.33333
v 0.00000 48.03236 3.33333
v 3.33333 51.52080 3.33333
v 6.66667 54.68946 3.33333
v 10.00000 56.57124 3.33333
v 13.33333 57.44020 3.33333
v 16.66667 58.24438 3.33333
v 20.00000 59.27312 3.33333
v 23.33333 59.51659 3.33333
v 26.66667 57.55682 3.33333
v 30.00000 53.18674 3.33333
v 33.33333 47.99605 3.33333
v 36.66667 44.14755 3.33333
v 40.00000 42.52856 3.33333
v 43.33333 42.10218 3.33333
v 46.66667 40.96375 3.33333
v 50.00000 38.01212 3.33333
v 53.33333 33.80229 3.33333
v 56.66667 29.97175 3.33333
v 60.00000 27.79220 3.33333
v 63.33333 27.09702 3.33333
v 66.66667 26.52911 3.33333
v 70.00000 24.87655 3.33333
v 73.33333 22.22388 3.33333
v 76.66667 19.80446 3.33333
v 80.00000 18.71780 3.33333
v 83.33333 18.80276 3.33333
v 86.66667 18.78973 3.33333
v 90.00000 17.57667 3.33333
v 93.33333 15.36531 3.33333
v 96.66667 13.53212 3.33333
v 100.00000 13.34682 3.33333
v -100.00000 18.68213 6.66667
v -96.66667 19.08952 6.66667
v -93.33333 19.04469 6.66667
v -90.00000 17.63001 6.66667
v -86.66667 15.29689 6.66667
v -83.33333 13.53303 6.66667
v -80.00000 13.50648 6.66667
v -76.66667 15.00032 6.66667
v -73.33333 16.67057 6.66667
v -70.00000 17.37100 6.66667
v -66.66667 17.25028 6.66667
v -63.33333 17.55229 6.66667
v -60.00000 19.32024 6.66667
v -56.66667 22.27958 6.66667
v -53.33333 25.00508 6.66667
v -50.00000 26.22723 6.66667
v -46.66667 26.02151 6.66667
v -43.33333 25.73362 6.66667
v -40.00000 26.71742 6.66667
v -36.66667 29.10720 6.66667
v -33.33333 31.79664 6.66667
v -30.00000 33.60926 6.66667
v -26.66667 34.49085 6.66667
v -23.33333 35.54223 6.66667
v -20.00000 37.85166 6.66667
v -16.66667 41.29397 6.66667
v -13.33333 44.51018 6.66667
v -10.00000 46.12741 6.66667
v -6.66667 46.06006 6.66667
v -3.33333 45.63318 6.66667
v 0.00000 46.39214 6.66667
v 3.33333 48.72485 6.66667
v 6.66667 51.59435 6.66667
v 10.00000 53.59194 6.66667
v 13.33333 54.25692 6.66667
v 16.66667 54.37899 6.66667
v 20.00000 54.99853 6.66667
v 23.33333 56.10410 6.66667
v 26.66667 56.33151 6.66667
v 30.00000 54.02523 6.66667
v 33.33333 48.76821 6.66667
v 36.66667 42.03964 6.66667
v 40.00000 36.32808 6.66667
v 43.33333 33.29005 6.66667
v 46.66667 32.49771 6.66667
v 50.00000 32.00091 6.66667
v 53.33333 30.24405 6.66667
v 56.66667 27.43978 6.66667
v 60.00000 25.06051 6.66667
v 63.33333 24.11686 6.66667
v 66.66667 24.08810 6.66667
v 70.00000 23.54941 6.66667
v 73.33333 21.71969 6.66667
v 76.66667 19.26973 6.66667
v 80.00000 17.60290 6.66667
v 83.33333 17.41285 6.66667
v 86.66667 17.99248 6.66667
v 90.00000 17.96085 6.66667
v 93.33333 16.66659 6.66667
v 96.66667 14.87863 6.66667
v 100.00000 14.08081 6.66667
v -100.00000 16.97909 10.00000
v -96.66667 17.27665 10.00000
v -93.33333 18.05833 10.00000
v -90.00000 17.98412 10.00000
v -86.66667 16.61155 10.00000
v -83.33333 14.89871 10.00000
v -80.00000 14.32881 10.00000
v -76.66667 15.50401 10.00000
v -73.33333 17.57652 10.00000
v -70.00000 19.06999 10.00000
v -66.66667 19.29031 10.00000
v -63.33333 18.95215 10.00000
v -60.00000 19.41653 10.00000
v -56.66667 21.29383 10.00000
v -53.33333 23.78898 10.00000
v -50.00000 25.44285 10.00000
v -46.66667 25.55943 10.00000
v -43.33333 24.93337 10.00000
v -40.00000 25.16517 10.00000
v -36.66667 27.21669 10.00000
v -33.33333 30.58414 10.00000
v -30.00000 33.85389 10.00000
v -26.66667 36.08164 10.00000
v -23.33333 37.63940 10.00000
v -20.00000 39.68636 10.00000
v -16.66667 42.82401 10.00000
v -13.33333 46.30293 10.00000
v -10.00000 48.59747 10.00000
v -6.66667 48.82286 10.00000
v -3.33333 47.62614 10.00000
v 0.00000 46.66747 10.00000
v 3.33333 47.16439 10.00000
v 6.66667 48.87285 10.00000
v 10.00000 50.43188 10.00000
v 13.33333 50.70553 10.00000
v 16.66667 49.82567 10.00000
v 20.00000 48.92079 10.00000
v 23.33333 48.83520 10.00000
v 26.66667 49.14567 10.00000
v 30.00000 48.47352 10.00000
v 33.33333 45.79020 10.00000
v 36.66667 41.41287 10.00000
v 40.00000 36.70022 10.00000
v 43.33333 32.79846 10.00000
v 46.66667 29.74792 10.00000
v 50.00000 26.79842 10.00000
v 53.33333 23.47366 10.00000
v 56.66667 20.26948 10.00000
v 60.00000 18.35249 10.00000
v 63.33333 18.50276 10.00000
v 66.66667 20.19933 10.00000
v 70.00000 21.79979 10.00000
v 73.33333 21.84426 10.00000
v 76.66667 20.29731 10.00000
v 80.00000 18.48952 10.00000
v 83.33333 17.80688 10.00000
v 86.66667 18.39830 10.00000
v 90.00000 19.11805 10.00000
v 93.33333 18.72005 10.00000
v 96.66667 17.13070 10.00000
v 100.00000 15.56377 10.00000
v -100.00000 17.31341 13.33333
v -96.66667 17.29984 13.33333
v -93.33333 18.42079 13.33333
v -90.00000 19.40404 13.33333
v -86.66667 19.09712 13.33333
v -83.33333 17.62788 13.33333
v -80.00000 16.31274 13.33333
v -76.66667 16.39826 13.33333
v -73.33333 17.86168 13.33333
v -70.00000 19.43972 13.33333
v -66.66667 19.85809 13.33333
v -63.33333 19.06371 13.33333
v -60.00000 18.26170 13.33333
v -56.66667 18.72766 13.33333
v -53.33333 20.56353 13.33333
v -50.00000 22.62083 13.33333
v -46.66667 23.67346 13.33333
v -43.33333 23.69753 13.33333
v -40.00000 24.00252 13.33333
v -36.66667 26.06679 13.33333
v -33.33333 30.17305 13.33333
v -30.00000 35.12180 13.33333
v -26.66667 39.31339 13.33333
v -23.33333 42.15161 13.33333
v -20.00000 44.35130 13.33333
v -16.66667 46.92740 13.33333
v -13.33333 49.93068 13.33333
v -10.00000 52.19941 13.33333
v -6.66667 52.40500 13.33333
v -3.33333 50.38781 13.33333
v 0.00000 47.46563 13.33333
v 3.33333 45.38575 13.33333
v 6.66667 44.89895 13.33333
v 10.00000 45.23992 13.33333
v 13.33333 44.98593 13.33333
v 16.66667 43.49217 13.33333
v 20.00000 41.46714 13.33333
v 23.33333 40.15709 13.33333
v 26.66667 40.00768 13.33333
v 30.00000 40.16018 13.33333
v 33.33333 39.29806 13.33333
v 36.66667 37.00620 13.33333
v 40.00000 34.25708 13.33333
v 43.33333 32.44740 13.33333
v 46.66667 31.82963 13.33333
v 50.00000 30.90538 13.33333
v 53.33333 27.64446 13.33333
v 56.66667 21.67564 13.33333
v 60.00000 15.28343 13.33333
v 63.33333 11.79509 13.33333
v 66.66667 12.65598 13.33333
v 70.00000 16.19021 13.33333
v 73.33333 19.27592 13.33333
v 76.66667 20.03115 13.33333
v 80.00000 18.93359 13.33333
v 83.33333 17.77074 13.33333
v 86.66667 17.76838 13.33333
v 90.00000 18.59242 13.33333
v 93.33333 18.92281 13.33333
v 96.66667 17.90769 13.33333
v 100.00000 16.08375 13.33333
v -100.00000 18.26461 16.66667
v -96.66667 17.48616 16.66667
v -93.33333 18.09995 16.66667
v -90.00000 19.38301 16.66667
v -86.66667 19.91013 16.66667
v -83.33333 18.96377 16.66667
v -80.00000 17.25562 16.66667
v -76.66667 16.25385 16.66667
v -73.33333 16.77120 16.66667
v -70.00000 18.19115 16.66667
v -66.66667 19.08767 16.66667
v -63.33333 18.63462 16.66667
v -60.00000 17.43193 16.66667
v -56.66667 16.94610 16.66667
v -53.33333 18.11655 16.66667
v -50.00000 20.49339 16.66667
v -46.66667 22.75180 16.66667
v -43.33333 24.08053 16.66667
v -40.00000 25.08311 16.66667
v -36.66667 27.29320 16.66667
v -33.33333 31.71746 16.66667
v -30.00000 37.74294 16.66667
v -26.66667 43.55098 16.66667
v -23.33333 47.67941 16.66667
v -20.00000 50.06811 16.66667
v -16.66667 51.71535 16.66667
v -13.33333 53.40249 16.66667
v -10.00000 54.73450 16.66667
v -6.66667 54.45708 16.66667
v -3.33333 51.75652 16.66667
v 0.00000 47.25998 16.66667
v 3.33333 42.75205 16.66667
v 6.66667 39.85611 16.66667
v 10.00000 38.77212 16.66667
v 13.33333 38.26788 16.66667
v 16.66667 37.04306 16.66667
v 20.00000 35.01212 16.66667
v 23.33333 33.27016 16.66667
v 26.66667 32.88437 16.66667
v 30.00000 33.75280 16.66667
v 33.33333 34.66932 16.66667
v 36.66667 34.52090 16.66667
v 40.00000 33.39395 16.66667
v 43.33333 32.41667 16.66667
v 46.66667 32.40545 16.66667
v 50.00000 32.65619 16.66667
v 53.33333 31.26371 16.66667
v 56.66667 26.91485 16.66667
v 60.00000 20.42316 16.66667
v 63.33333 14.30885 16.66667
v 66.66667 10.80916 16.66667
v 70.00000 10.35269 16.66667
v 73.33333 11.69972 16.66667
v 76.66667 13.17456 16.66667
v 80.00000 13.88390 16.66667
v 83.33333 14.15808 16.66667
v 86.66667 14.90825 16.66667
v 90.00000 16.44072 16.66667
v 93.33333 17.94889 16.66667
v 96.66667 18.29011 16.66667
v 100.00000 17.24188 16.66667
v -100.00000 17.69569 20.00000
v -96.66667 16.40036 20.00000
v -93.33333 16.37345 20.00000
v -90.00000 17.69084 20.00000
v -86.66667 19.14293 20.00000
v -83.33333 19.40172 20.00000
v -80.00000 18.30430 20.00000
v -76.66667 17.00184 20.00000
v -73.33333 16.83022 20.00000
v -70.00000 18.00642 20.00000
v -66.66667 19.42521 20.00000
v -63.33333 19.75700 20.00000
v -60.00000 18.77809 20.00000
v -56.66667 17.63779 20.00000
v -53.33333 17.80464 20.00000
v -50.00000 19.72184 20.00000
v -46.66667 22.48495 20.00000
v -43.33333 24.85489 20.00000
v -40.00000 26.61552 20.00000
v -36.66667 28.93245 20.00000
v -33.33333 33.25824 20.00000
v -30.00000 39.68885 20.00000
v -26.66667 46.59274 20.00000
v -23.33333 51.99435 20.00000
v -20.00000 54.99433 20.00000
v -16.66667 56.13820 20.00000
v -13.33333 56.58466 20.00000
v -10.00000 56.80368 20.00000
v -6.66667 56.06731 20.00000
v -3.33333 53.24403 20.00000
v 0.00000 48.11353 20.00000
v 3.33333 41.96842 20.00000
v 6.66667 36.93978 20.00000
v 10.00000 34.32131 20.00000
v 13.33333 33.50851 20.00000
v 16.66667 32.88521 20.00000
v 20.00000 31.47718 20.00000
v 23.33333 29.74804 20.00000
v 26.66667 28.95675 20.00000
v 30.00000 29.78801 20.00000
v 33.33333 31.61308 20.00000
v 36.66667 33.08507 20.00000
v 40.00000 33.42251 20.00000
v 43.33333 33.02072 20.00000
v 46.66667 32.70076 20.00000
v 50.00000 32.37883 20.00000
v 53.33333 30.74898 20.00000
v 56.66667 26.64085 20.00000
v 60.00000 20.69329 20.00000
v 63.33333 15.26125 20.00000
v 66.66667 12.40487 20.00000
v 70.00000 12.11897 20.00000
v 73.33333 12.59667 20.00000
v 76.66667 12.04870 20.00000
v 80.00000 10.29125 20.00000
v 83.33333 8.79609 20.00000
v 86.66667 9.27841 20.00000
v 90.00000 12.12255 20.00000
v 93.33333 16.00173 20.00000
v 96.66667 18.91121 20.00000
v 100.00000 19.68562 20.00000
v -100.00000 16.90007 23.33333
v -96.66667 15.98101 23.33333
v -93.33333 15.76404 23.33333
v -90.00000 17.06765 23.33333
v -86.66667 19.29375 23.33333
v -83.33333 20.94563 23.33333
v -80.00000 21.02576 23.33333
v -76.66667 19.95457 23.33333
v -73.33333 19.11865 23.33333
v -70.00000 19.49400 23.33333
v -66.66667 20.69307 23.33333
v -63.33333 21.37015 23.33333
v -60.00000 20.59286 23.33333
v -56.66667 18.84293 23.33333
v -53.33333 17.66862 23.33333
v -50.00000 18.32535 23.33333
v -46.66667 20.72722 23.33333
v -43.33333 23.73215 23.33333
v -40.00000 26.48877 23.33333
v -36.66667 29.51489 23.33333
v -33.33333 34.26685 23.33333
v -30.00000 41.31039 23.33333
v -26.66667 49.35474 23.33333
v -23.33333 56.34572 23.33333
v -20.00000 60.75849 23.33333
v -16.66667 62.39847 23.33333
v -13.33333 62.29918 23.33333
v -10.00000 61.57553 23.33333
v -6.66667 60.28347 23.33333
v -3.33333 57.41081 23.33333
v 0.00000 52.01556 23.33333
v 3.33333 44.56395 23.33333
v 6.66667 37.29137 23.33333
v 10.00000 32.51047 23.33333
v 13.33333 30.53537 23.33333
v 16.66667 29.89319 23.33333
v 20.00000 28.94881 23.33333
v 23.33333 27.29497 23.33333
v 26.66667 25.90398 23.33333
v 30.00000 26.01243 23.33333
v 33.33333 27.83454 23.33333
v 36.66667 30.32787 23.33333
v 40.00000 32.16118 23.33333
v 43.33333 32.81844 23.33333
v 46.66667 32.66028 23.33333
v 50.00000 31.94300 23.33333
v 53.33333 30.08274 23.33333
v 56.66667 26.28048 23.33333
v 60.00000 20.88666 23.33333
v 63.33333 15.72152 23.33333
v 66.66667 12.78971 23.33333
v 70.00000 12.78406 23.33333
v 73.33333 14.71999 23.33333
v 76.66667 16.63791 23.33333
v 80.00000 16.77002 23.33333
v 83.33333 14.69683 23.33333
v 86.66667 11.79618 23.33333
v 90.00000 10.33333 23.33333
v 93.33333 11.61425 23.33333
v 96.66667 14.81142 23.33333
v 100.00000 17.72110 23.33333
v -100.00000 17.76841 26.66667
v -96.66667 17.66389 26.66667
v -93.33333 17.36703 26.66667
v -90.00000 18.15251 26.66667
v -86.66667 20.24981 26.66667
v -83.33333 22.52969 26.66667
v -80.00000 23.52514 26.66667
v -76.66667 22.79577 26.66667
v -73.33333 21.30918 26.66667
v -70.00000 20.47248 26.66667
v -66.66667 20.76594 26.66667
v -63.33333 21.31917 26.66667
v -60.00000 20.84894 26.66667
v -56.66667 19.04496 26.66667
v -53.33333 17.04779 26.66667
v -50.00000 16.54508 26.66667
v -46.66667 18.36040 26.66667
v -43.33333 21.91345 26.66667
v -40.00000 26.09782 26.66667
v -36.66667 30.70988 26.66667
v -33.33333 36.74327 26.66667
v -30.00000 44.76999 26.66667
v -26.66667 53.79270 26.66667
v -23.33333 62.10933 26.66667
v -20.00000 68.01670 26.66667
v -16.66667 70.57746 26.66667
v -13.33333 70.27054 26.66667
v -10.00000 68.44487 26.66667
v -6.66667 65.96245 26.66667
v -3.33333 62.36312 26.66667
v 0.00000 56.39229 26.66667
v 3.33333 47.68390 26.66667
v 6.66667 38.21885 26.66667
v 10.00000 30.98554 26.66667
v 13.33333 27.21519 26.66667
v 16.66667 25.97584 26.66667
v 20.00000 25.40924 26.66667
v 23.33333 24.27618 26.66667
v 26.66667 22.85151 26.66667
v 30.00000 22.45766 26.66667
v 33.33333 24.08055 26.66667
v 36.66667 27.36943 26.66667
v 40.00000 30.90624 26.66667
v 43.33333 33.35356 26.66667
v 46.66667 34.26039 26.66667
v 50.00000 33.80218 26.66667
v 53.33333 32.03407 26.66667
v 56.66667 28.78047 26.66667
v 60.00000 24.28808 26.66667
v 63.33333 19.61017 26.66667
v 66.66667 16.11753 26.66667
v 70.00000 14.72439 26.66667
v 73.33333 15.46161 26.66667
v 76.66667 17.41414 26.66667
v 80.00000 19.08906 26.66667
v 83.33333 19.30775 26.66667
v 86.66667 18.02399 26.66667
v 90.00000 16.20827 26.66667
v 93.33333 14.87022 26.66667
v 96.66667 14.24839 26.66667
v 100.00000 13.90941 26.66667
v -100.00000 18.74681 30.00000
v -96.66667 19.24009 30.00000
v -93.33333 18.75458 30.00000
v -90.00000 18.59579 30.00000
v -86.66667 19.75888 30.00000
v -83.33333 21.89027 30.00000
v -80.00000 23.57048 30.00000
v -76.66667 23.64350 30.00000
v -73.33333 22.29678 30.00000
v -70.00000 20.84321 30.00000
v -66.66667 20.42793 30.00000
v -63.33333 20.93550 30.00000
v -60.00000 21.17659 30.00000
v -56.66667 20.17915 30.00000
v -53.33333 18.32207 30.00000
v -50.00000 17.19537 30.00000
v -46.66667 18.31225 30.00000
v -43.33333 21.93164 30.00000
v -40.00000 27.16961 30.00000
v -36.66667 33.28553 30.00000
v -33.33333 40.51681 30.00000
v -30.00000 49.01318 30.00000
v -26.66667 57.97650 30.00000
v -23.33333 66.39963 30.00000
v -20.00000 72.92623 30.00000
v -16.66667 76.14703 30.00000
v -13.33333 75.76586 30.00000
v -10.00000 72.88678 30.00000
v -6.66667 68.92941 30.00000
v -3.33333 64.23417 30.00000
v 0.00000 57.75870 30.00000
v 3.33333 48.58369 30.00000
v 6.66667 38.12829 30.00000
v 10.00000 29.42620 30.00000
v 13.33333 24.27403 30.00000
v 16.66667 22.47174 30.00000
v 20.00000 22.43362 30.00000
v 23.33333 22.39600 30.00000
v 26.66667 21.74953 30.00000
v 30.00000 21.39296 30.00000
v 33.33333 22.73775 30.00000
v 36.66667 26.27305 30.00000
v 40.00000 30.99405 30.00000
v 43.33333 35.12455 30.00000
v 46.66667 37.33467 30.00000
v 50.00000 37.32378 30.00000
v 53.33333 35.48731 30.00000
v 56.66667 32.34632 30.00000
v 60.00000 28.35624 30.00000
v 63.33333 23.99985 30.00000
v 66.66667 19.88533 30.00000
v 70.00000 16.79503 30.00000
v 73.33333 15.48567 30.00000
v 76.66667 16.08215 30.00000
v 80.00000 17.64599 30.00000
v 83.33333 18.71002 30.00000
v 86.66667 18.50145 30.00000
v 90.00000 17.59171 30.00000
v 93.33333 17.19217 30.00000
v 96.66667 17.73781 30.00000
v 100.00000 18.22220 30.00000
v -100.00000 17.76579 33.33333
v -96.66667 18.82180 33.33333
v -93.33333 18.59932 33.33333
v -90.00000 17.96869 33.33333
v -86.66667 18.32775 33.33333
v -83.33333 20.19902 33.33333
v -80.00000 22.67206 33.33333
v -76.66667 24.22956 33.33333
v -73.33333 24.14930 33.33333
v -70.00000 23.12037 33.33333
v -66.66667 22.48995 33.33333
v -63.33333 22.90161 33.33333
v -60.00000 23.68047 33.33333
v -56.66667 23.58340 33.33333
v -53.33333 22.18562 33.33333
v -50.00000 20.53915 33.33333
v -46.66667 20.44330 33.33333
v -43.33333 23.03501 33.33333
v -40.00000 28.10361 33.33333
v -36.66667 34.79263 33.33333
v -33.33333 42.58848 33.33333
v -30.00000 50.91999 33.33333
v -26.66667 58.96728 33.33333
v -23.33333 66.49183 33.33333
v -20.00000 72.88742 33.33333
v -16.66667 76.69850 33.33333
v -13.33333 76.87866 33.33333
v -10.00000 73.85780 33.33333
v -6.66667 69.12734 33.33333
v -3.33333 63.74842 33.33333
v 0.00000 57.28858 33.33333
v 3.33333 48.71145 33.33333
v 6.66667 38.78291 33.33333
v 10.00000 29.98073 33.33333
v 13.33333 24.12609 33.33333
v 16.66667 21.67834 33.33333
v 20.00000 21.73068 33.33333
v 23.33333 22.50746 33.33333
v 26.66667 22.66959 33.33333
v 30.00000 22.36871 33.33333
v 33.33333 22.98731 33.33333
v 36.66667 25.74736 33.33333
v 40.00000 30.44365 33.33333
v 43.33333 35.41364 33.33333
v 46.66667 38.68637 33.33333
v 50.00000 39.23779 33.33333
v 53.33333 37.36241 33.33333
v 56.66667 34.09581 33.33333
v 60.00000 30.34901 33.33333
v 63.33333 26.44438 33.33333
v 66.66667 22.36785 33.33333
v 70.00000 18.46178 33.33333
v 73.33333 15.70820 33.33333
v 76.66667 15.03200 33.33333
v 80.00000 16.26569 33.33333
v 83.33333 18.03675 33.33333
v 86.66667 18.88693 33.33333
v 90.00000 18.53897 33.33333
v 93.33333 18.02312 33.33333
v 96.66667 18.52527 33.33333
v 100.00000 20.08219 33.33333
v -100.00000 16.38458 36.66667
v -96.66667 18.17712 36.66667
v -93.33333 18.87644 36.66667
v -90.00000 18.58931 36.66667
v -86.66667 18.60767 36.66667
v -83.33333 20.12865 36.66667
v -80.00000 23.04455 36.66667
v -76.66667 25.97076 36.66667
v -73.33333 27.47804 36.66667
v -70.00000 27.33524 36.66667
v -66.66667 26.57650 36.66667
v -63.33333 26.36793 36.66667
v -60.00000 26.82257 36.66667
v -56.66667 26.95141 36.66667
v -53.33333 25.80691 36.66667
v -50.00000 23.68873 36.66667
v -46.66667 22.20765 36.66667
v -43.33333 23.12957 36.66667
v -40.00000 27.14855 36.66667
v -36.66667 33.77512 36.66667
v -33.33333 42.01377 36.66667
v -30.00000 50.42554 36.66667
v -26.66667 57.78555 36.66667
v -23.33333 64.35072 36.66667
v -20.00000 70.40890 36.66667
v -16.66667 74.90511 36.66667
v -13.33333 76.32027 36.66667
v -10.00000 74.20066 36.66667
v -6.66667 69.58001 36.66667
v -3.33333 63.88308 36.66667
v 0.00000 57.43773 36.66667
v 3.33333 49.56720 36.66667
v 6.66667 40.63644 36.66667
v 10.00000 32.31874 36.66667
v 13.33333 25.96756 36.66667
v 16.66667 22.39761 36.66667
v 20.00000 21.55762 36.66667
v 23.33333 22.19783 36.66667
v 26.66667 22.68205 36.66667
v 30.00000 22.37021 36.66667
v 33.33333 22.17959 36.66667
v 36.66667 23.69831 36.66667
v 40.00000 27.61102 36.66667
v 43.33333 32.85138 36.66667
v 46.66667 37.22765 36.66667
v 50.00000 38.94872 36.66667
v 53.33333 37.74958 36.66667
v 56.66667 34.76361 36.66667
v 60.00000 31.39219 36.66667
v 63.33333 28.22459 36.66667
v 66.66667 24.97018 36.66667
v 70.00000 21.38994 36.66667
v 73.33333 18.13554 36.66667
v 76.66667 16.43957 36.66667
v 80.00000 16.90286 36.66667
v 83.33333 18.71337 36.66667
v 86.66667 20.21487 36.66667
v 90.00000 20.32436 36.66667
v 93.33333 19.41883 36.66667
v 96.66667 18.83061 36.66667
v 100.00000 19.44957 36.66667
v -100.00000 16.89264 40.00000
v -96.66667 18.93903 40.00000
v -93.33333 20.40362 40.00000
v -90.00000 20.60939 40.00000
v -86.66667 20.31720 40.00000
v -83.33333 21.00794 40.00000
v -80.00000 23.43139 40.00000
v -76.66667 26.81455 40.00000
v -73.33333 29.48892 40.00000
v -70.00000 30.33256 40.00000
v -66.66667 29.65373 40.00000
v -63.33333 28.70758 40.00000
v -60.00000 28.37582 40.00000
v -56.66667 28.34143 40.00000
v -53.33333 27.57825 40.00000
v -50.00000 25.66023 40.00000
v -46.66667 23.57610 40.00000
v -43.33333 23.22715 40.00000
v -40.00000 26.11021 40.00000
v -36.66667 32.45614 40.00000
v -33.33333 41.22290 40.00000
v -30.00000 50.19865 40.00000
v -26.66667 57.41326 40.00000
v -23.33333 63.15186 40.00000
v -20.00000 68.47427 40.00000
v -16.66667 73.08560 40.00000
v -13.33333 75.48029 40.00000
v -10.00000 74.45600 40.00000
v -6.66667 70.24661 40.00000
v -3.33333 64.16971 40.00000
v 0.00000 57.19456 40.00000
v 3.33333 49.36403 40.00000
v 6.66667 41.11528 40.00000
v 10.00000 33.45007 40.00000
v 13.33333 26.94217 40.00000
v 16.66667 22.29989 40.00000
v 20.00000 20.17135 40.00000
v 23.33333 20.15846 40.00000
v 26.66667 20.83624 40.00000
v 30.00000 20.97383 40.00000
v 33.33333 20.71560 40.00000
v 36.66667 21.48601 40.00000
v 40.00000 24.60513 40.00000
v 43.33333 29.84934 40.00000
v 46.66667 35.28723 40.00000
v 50.00000 38.58207 40.00000
v 53.33333 38.64465 40.00000
v 56.66667 36.23192 40.00000
v 60.00000 33.04833 40.00000
v 63.33333 30.24424 40.00000
v 66.66667 27.71929 40.00000
v 70.00000 24.80742 40.00000
v 73.33333 21.49632 40.00000
v 76.66667 18.79755 40.00000
v 80.00000 17.84051 40.00000
v 83.33333 18.65951 40.00000
v 86.66667 19.97903 40.00000
v 90.00000 20.28295 40.00000
v 93.33333 19.15638 40.00000
v 96.66667 17.59938 40.00000
v 100.00000 17.00179 40.00000
v -100.00000 18.05666 43.33333
v -96.66667 19.32372 43.33333
v -93.33333 20.77695 43.33333
v -90.00000 21.23991 43.33333
v -86.66667 20.72410 43.33333
v -83.33333 20.51385 43.33333
v -80.00000 21.96729 43.33333
v -76.66667 25.16927 43.33333
v -73.33333 28.72999 43.33333
v -70.00000 30.93248 43.33333
v -66.66667 31.14843 43.33333
v -63.33333 30.20546 43.33333
v -60.00000 29.41919 43.33333
v -56.66667 29.29007 43.33333
v -53.33333 29.15825 43.33333
v -50.00000 28.13685 43.33333
v -46.66667 26.37208 43.33333
v -43.33333 25.36708 43.33333
v -40.00000 27.06058 43.33333
v -36.66667 32.54324 43.33333
v -33.33333 41.22225 43.33333
v -30.00000 50.49744 43.33333
v -26.66667 57.57591 43.33333
v -23.33333 62.32991 43.33333
v -20.00000 66.26023 43.33333
v -16.66667 69.97943 43.33333
v -13.33333 72.51258 43.33333
v -10.00000 72.32247 43.33333
v -6.66667 68.77856 43.33333
v -3.33333 62.63579 43.33333
v 0.00000 55.12067 43.33333
v 3.33333 47.06178 43.33333
v 6.66667 39.40492 43.33333
v 10.00000 32.84656 43.33333
v 13.33333 27.10477 43.33333
v 16.66667 22.30399 43.33333
v 20.00000 19.34785 43.33333
v 23.33333 18.68850 43.33333
v 26.66667 19.52837 43.33333
v 30.00000 20.44445 43.33333
v 33.33333 20.77080 43.33333
v 36.66667 21.30471 43.33333
v 40.00000 23.54476 43.33333
v 43.33333 28.09509 43.33333
v 46.66667 33.72502 43.33333
v 50.00000 38.02807 43.33333
v 53.33333 39.16791 43.33333
v 56.66667 37.18785 43.33333
v 60.00000 33.74700 43.33333
v 63.33333 30.59029 43.33333
v 66.66667 28.20850 43.33333
v 70.00000 25.88888 43.33333
v 73.33333 22.94078 43.33333
v 76.66667 19.73804 43.33333
v 80.00000 17.49378 43.33333
v 83.33333 17.03514 43.33333
v 86.66667 17.86979 43.33333
v 90.00000 18.53523 43.33333
v 93.33333 17.93071 43.33333
v 96.66667 16.33982 43.33333
v 100.00000 15.13436 43.33333
v -100.00000 17.85047 46.66667
v -96.66667 17.88918 46.66667
v -93.33333 18.96178 46.66667
v -90.00000 19.82717 46.66667
v -86.66667 19.76243 46.66667
v -83.33333 19.41191 46.66667
v -80.00000 20.24702 46.66667
v -76.66667 23.12336 46.66667
v -73.33333 27.31875 46.66667
v -70.00000 30.99739 46.66667
v -66.66667 32.69044 46.66667
v -63.33333 32.41999 46.66667
v -60.00000 31.44992 46.66667
v -56.66667 30.97056 46.66667
v -53.33333 31.02863 46.66667
v -50.00000 30.73398 46.66667
v -46.66667 29.50156 46.66667
v -43.33333 28.08247 46.66667
v -40.00000 28.38442 46.66667
v -36.66667 32.23986 46.66667
v -33.33333 39.88180 46.66667
v -30.00000 48.86159 46.66667
v -26.66667 55.77696 46.66667
v -23.33333 59.79728 46.66667
v -20.00000 62.38604 46.66667
v -16.66667 64.88787 46.66667
v -13.33333 67.16898 46.66667
v -10.00000 67.85266 46.66667
v -6.66667 65.63454 46.66667
v -3.33333 60.39281 46.66667
v 0.00000 53.07831 46.66667
v 3.33333 45.04549 46.66667
v 6.66667 37.97955 46.66667
v 10.00000 32.73429 46.66667
v 13.33333 28.38573 46.66667
v 16.66667 24.19907 46.66667
v 20.00000 20.81430 46.66667
v 23.33333 19.26362 46.66667
v 26.66667 19.61185 46.66667
v 30.00000 20.75240 46.66667
v 33.33333 21.49835 46.66667
v 36.66667 21.81747 46.66667
v 40.00000 22.90811 46.66667
v 43.33333 25.94009 46.66667
v 46.66667 30.62626 46.66667
v 50.00000 35.03852 46.66667
v 53.33333 36.95783 46.66667
v 56.66667 35.59503 46.66667
v 60.00000 32.13337 46.66667
v 63.33333 28.62149 46.66667
v 66.66667 26.27278 46.66667
v 70.00000 24.73268 46.66667
v 73.33333 22.88341 46.66667
v 76.66667 20.26498 46.66667
v 80.00000 17.66503 46.66667
v 83.33333 16.33204 46.66667
v 86.66667 16.65880 46.66667
v 90.00000 17.69477 46.66667
v 93.33333 18.00324 46.66667
v 96.66667 17.03216 46.66667
v 100.00000 15.64675 46.66667
v -100.00000 17.60016 50.00000
v -96.66667 16.75832 50.00000
v -93.33333 17.46488 50.00000
v -90.00000 18.85692 50.00000
v -86.66667 19.74339 50.00000
v -83.33333 19.91291 50.00000
v -80.00000 20.42818 50.00000
v -76.66667 22.57915 50.00000
v -73.33333 26.49256 50.00000
v -70.00000 30.76107 50.00000
v -66.66667 33.49665 50.00000
v -63.33333 33.85113 50.00000
v -60.00000 32.59937 50.00000
v -56.66667 31.27974 50.00000
v -53.33333 30.76038 50.00000
v -50.00000 30.62098 50.00000
v -46.66667 29.91821 50.00000
v -43.33333 28.55812 50.00000
v -40.00000 27.94581 50.00000
v -36.66667 30.26311 50.00000
v -33.33333 36.63662 50.00000
v -30.00000 45.22924 50.00000
v -26.66667 52.42556 50.00000
v -23.33333 56.62214 50.00000
v -20.00000 58.75916 50.00000
v -16.66667 60.46313 50.00000
v -13.33333 62.43959 50.00000
v -10.00000 63.89431 50.00000
v -6.66667 63.25978 50.00000
v -3.33333 59.51781 50.00000
v 0.00000 52.90080 50.00000
v 3.33333 44.84883 50.00000
v 6.66667 37.77662 50.00000
v 10.00000 33.13219 50.00000
v 13.33333 29.82078 50.00000
v 16.66667 26.31007 50.00000
v 20.00000 22.58861 50.00000
v 23.33333 19.83358 50.00000
v 26.66667 18.93727 50.00000
v 30.00000 19.52860 50.00000
v 33.33333 20.37927 50.00000
v 36.66667 20.71121 50.00000
v 40.00000 21.03676 50.00000
v 43.33333 22.61897 50.00000
v 46.66667 26.02037 50.00000
v 50.00000 30.17036 50.00000
v 53.33333 32.95214 50.00000
v 56.66667 32.86667 50.00000
v 60.00000 30.26410 50.00000
v 63.33333 26.99787 50.00000
v 66.66667 24.82441 50.00000
v 70.00000 24.02954 50.00000
v 73.33333 23.50217 50.00000
v 76.66667 22.07404 50.00000
v 80.00000 19.76779 50.00000
v 83.33333 17.75838 50.00000
v 86.66667 17.15048 50.00000
v 90.00000 17.82794 50.00000
v 93.33333 18.53151 50.00000
v 96.66667 18.09083 50.00000
v 100.00000 16.59209 50.00000
v -100.00000 19.21248 53.33333
v -96.66667 17.74625 53.33333
v -93.33333 17.72737 53.33333
v -90.00000 19.01915 53.33333
v -86.66667 20.43412 53.33333
v -83.33333 21.03163 53.33333
v -80.00000 21.12784 53.33333
v -76.66667 21.99561 53.33333
v -73.33333 24.52450 53.33333
v -70.00000 28.15274 53.33333
v -66.66667 31.14940 53.33333
v -63.33333 32.03210 53.33333
v -60.00000 30.80538 53.33333
v -56.66667 28.86697 53.33333
v -53.33333 27.70033 53.33333
v -50.00000 27.62396 53.33333
v -46.66667 27.79131 53.33333
v -43.33333 27.42252 53.33333
v -40.00000 27.08471 53.33333
v -36.66667 28.76196 53.33333
v -33.33333 34.20755 53.33333
v -30.00000 42.43341 53.33333
v -26.66667 50.08683 53.33333
v -23.33333 55.00849 53.33333
v -20.00000 57.33882 53.33333
v -16.66667 58.47137 53.33333
v -13.33333 59.69326 53.33333
v -10.00000 61.04769 53.33333
v -6.66667 61.23921 53.33333
v -3.33333 58.67383 53.33333
v 0.00000 52.69491 53.33333
v 3.33333 44.37328 53.33333
v 6.66667 36.59744 53.33333
v 10.00000 31.64288 53.33333
v 13.33333 28.77580 53.33333
v 16.66667 26.00274 53.33333
v 20.00000 22.49047 53.33333
v 23.33333 19.05783 53.33333
v 26.66667 17.07511 53.33333
v 30.00000 17.03571 53.33333
v 33.33333 18.12491 53.33333
v 36.66667 19.12192 53.33333
v 40.00000 19.67148 53.33333
v 43.33333 20.60392 53.33333
v 46.66667 22.94121 53.33333
v 50.00000 26.56957 53.33333
v 53.33333 29.94836 53.33333
v 56.66667 31.24742 53.33333
v 60.00000 29.89971 53.33333
v 63.33333 27.10557 53.33333
v 66.66667 24.78932 53.33333
v 70.00000 23.96411 53.33333
v 73.33333 24.00674 53.33333
v 76.66667 23.46399 53.33333
v 80.00000 21.56364 53.33333
v 83.33333 18.97294 53.33333
v 86.66667 17.11471 53.33333
v 90.00000 16.75757 53.33333
v 93.33333 17.27984 53.33333
v 96.66667 17.32305 53.33333
v 100.00000 16.17949 53.33333
v -100.00000 21.01805 56.66667
v -96.66667 18.96426 56.66667
v -93.33333 17.78324 56.66667
v -90.00000 18.18207 56.66667
v -86.66667 19.46111 56.66667
v -83.33333 20.33515 56.66667
v -80.00000 20.29011 56.66667
v -76.66667 20.12008 56.66667
v -73.33333 21.10060 56.66667
v -70.00000 23.60639 56.66667
v -66.66667 26.54909 56.66667
v -63.33333 28.23050 56.66667
v -60.00000 27.83231 56.66667
v -56.66667 26.13292 56.66667
v -53.33333 24.77538 56.66667
v -50.00000 24.80040 56.66667
v -46.66667 25.86180 56.66667
v -43.33333 26.88624 56.66667
v -40.00000 27.56536 56.66667
v -36.66667 29.22367 56.66667
v -33.33333 33.78406 56.66667
v -30.00000 41.09477 56.66667
v -26.66667 48.50933 56.66667
v -23.33333 53.78007 56.66667
v -20.00000 56.30017 56.66667
v -16.66667 56.84091 56.66667
v -13.33333 56.84477 56.66667
v -10.00000 57.17578 56.66667
v -6.66667 57.25554 56.66667
v -3.33333 55.42543 56.66667
v 0.00000 50.25625 56.66667
v 3.33333 42.08778 56.66667
v 6.66667 33.81055 56.66667
v 10.00000 28.41648 56.66667
v 13.33333 25.89281 56.66667
v 16.66667 24.24558 56.66667
v 20.00000 21.90406 56.66667
v 23.33333 18.92294 56.66667
v 26.66667 16.61182 56.66667
v 30.00000 16.13907 56.66667
v 33.33333 17.40400 56.66667
v 36.66667 19.20005 56.66667
v 40.00000 20.43896 56.66667
v 43.33333 21.17648 56.66667
v 46.66667 22.39875 56.66667
v 50.00000 24.78576 56.66667
v 53.33333 27.71741 56.66667
v 56.66667 29.57750 56.66667
v 60.00000 29.13596 56.66667
v 63.33333 26.70236 56.66667
v 66.66667 23.92037 56.66667
v 70.00000 22.35588 56.66667
v 73.33333 22.18352 56.66667
v 76.66667 22.18612 56.66667
v 80.00000 21.03580 56.66667
v 83.33333 18.61804 56.66667
v 86.66667 16.14397 56.66667
v 90.00000 14.97699 56.66667
v 93.33333 15.33529 56.66667
v 96.66667 16.13244 56.66667
v 100.00000 16.09587 56.66667
v -100.00000 20.60899 60.00000
v -96.66667 18.57454 60.00000
v -93.33333 16.66180 60.00000
v -90.00000 16.20883 60.00000
v -86.66667 17.27716 60.00000
v -83.33333 18.70026 60.00000
v -80.00000 19.30088 60.00000
v -76.66667 19.06703 60.00000
v -73.33333 19.12488 60.00000
v -70.00000 20.53613 60.00000
v -66.66667 23.11268 60.00000
v -63.33333 25.43916 60.00000
v -60.00000 26.11998 60.00000
v -56.66667 25.06720 60.00000
v -53.33333 23.59117 60.00000
v -50.00000 23.20916 60.00000
v -46.66667 24.33095 60.00000
v -43.33333 26.11346 60.00000
v -40.00000 27.66860 60.00000
v -36.66667 29.45234 60.00000
v -33.33333 33.06261 60.00000
v -30.00000 38.91736 60.00000
v -26.66667 45.32035 60.00000
v -23.33333 50.45403 60.00000
v -20.00000 53.27220 60.00000
v -16.66667 53.73650 60.00000
v -13.33333 52.94199 60.00000
v -10.00000 52.23929 60.00000
v -6.66667 51.92335 60.00000
v -3.33333 50.76328 60.00000
v 0.00000 46.90434 60.00000
v 3.33333 39.80759 60.00000
v 6.66667 31.83662 60.00000
v 10.00000 26.28593 60.00000
v 13.33333 23.95641 60.00000
v 16.66667 23.32566 60.00000
v 20.00000 22.44880 60.00000
v 23.33333 20.50434 60.00000
v 26.66667 18.25444 60.00000
v 30.00000 17.14932 60.00000
v 33.33333 17.88489 60.00000
v 36.66667 19.75140 60.00000
v 40.00000 21.35111 60.00000
v 43.33333 21.93372 60.00000
v 46.66667 22.01525 60.00000
v 50.00000 22.68076 60.00000
v 53.33333 24.29392 60.00000
v 56.66667 25.93504 60.00000
v 60.00000 26.17224 60.00000
v 63.33333 24.44288 60.00000
v 66.66667 21.69224 60.00000
v 70.00000 19.60890 60.00000
v 73.33333 19.14708 60.00000
v 76.66667 19.72724 60.00000
v 80.00000 19.87095 60.00000
v 83.33333 18.65920 60.00000
v 86.66667 16.61919 60.00000
v 90.00000 15.20159 60.00000
v 93.33333 15.37178 60.00000
v 96.66667 16.68811 60.00000
v 100.00000 17.75667 60.00000
v -100.00000 19.17861 63.33333
v -96.66667 18.21290 63.33333
v -93.33333 16.59266 63.33333
v -90.00000 15.82364 63.33333
v -86.66667 16.71500 63.33333
v -83.33333 18.63144 63.33333
v -80.00000 20.13617 63.33333
v -76.66667 20.38590 63.33333
v -73.33333 19.90978 63.33333
v -70.00000 20.01442 63.33333
v -66.66667 21.40866 63.33333
v -63.33333 23.41181 63.33333
v -60.00000 24.54245 63.33333
v -56.66667 23.93369 63.33333
v -53.33333 22.20530 63.33333
v -50.00000 20.94463 63.33333
v -46.66667 21.30375 63.33333
v -43.33333 23.09699 63.33333
v -40.00000 25.32539 63.33333
v -36.66667 27.62570 63.33333
v -33.33333 30.84505 63.33333
v -30.00000 35.50714 63.33333
v -26.66667 40.81401 63.33333
v -23.33333 45.73766 63.33333
v -20.00000 49.20842 63.33333
v -16.66667 50.43367 63.33333
v -13.33333 49.75424 63.33333
v -10.00000 48.48900 63.33333
v -6.66667 47.65351 63.33333
v -3.33333 46.79741 63.33333
v 0.00000 44.16243 63.33333
v 3.33333 38.51235 63.33333
v 6.66667 31.31490 63.33333
v 10.00000 25.61352 63.33333
v 13.33333 22.85788 63.33333
v 16.66667 22.36493 63.33333
v 20.00000 22.36376 63.33333
v 23.33333 21.39012 63.33333
v 26.66667 19.38820 63.33333
v 30.00000 17.60909 63.33333
v 33.33333 17.34615 63.33333
v 36.66667 18.68098 63.33333
v 40.00000 20.41846 63.33333
v 43.33333 21.23609 63.33333
v 46.66667 20.90246 63.33333
v 50.00000 20.37757 63.33333
v 53.33333 20.72580 63.33333
v 56.66667 21.94508 63.33333
v 60.00000 22.89341 63.33333
v 63.33333 22.40381 63.33333
v 66.66667 20.49431 63.33333
v 70.00000 18.46410 63.33333
v 73.33333 17.74099 63.33333
v 76.66667 18.56869 63.33333
v 80.00000 19.79849 63.33333
v 83.33333 19.99655 63.33333
v 86.66667 18.80844 63.33333
v 90.00000 17.27130 63.33333
v 93.33333 16.78118 63.33333
v 96.66667 17.72463 63.33333
v 100.00000 19.10529 63.33333
v -100.00000 18.88505 66.66667
v -96.66667 19.34819 66.66667
v -93.33333 18.52534 66.66667
v -90.00000 17.58922 66.66667
v -86.66667 17.84752 66.66667
v -83.33333 19.45298 66.66667
v -80.00000 21.23785 66.66667
v -76.66667 21.83140 66.66667
v -73.33333 20.96837 66.66667
v -70.00000 19.71338 66.66667
v -66.66667 19.38916 66.66667
v -63.33333 20.26462 66.66667
v -60.00000 21.29417 66.66667
v -56.66667 21.17078 66.66667
v -53.33333 19.66823 66.66667
v -50.00000 17.96168 66.66667
v -46.66667 17.61440 66.66667
v -43.33333 19.23387 66.66667
v -40.00000 22.14938 66.66667
v -36.66667 25.43587 66.66667
v -33.33333 28.96681 66.66667
v -30.00000 32.91067 66.66667
v -26.66667 37.11690 66.66667
v -23.33333 41.47524 66.66667
v -20.00000 45.30162 66.66667
v -16.66667 47.36552 66.66667
v -13.33333 47.13275 66.66667
v -10.00000 45.42142 66.66667
v -6.66667 43.61117 66.66667
v -3.33333 42.17228 66.66667
v 0.00000 40.00352 66.66667
v 3.33333 35.64116 66.66667
v 6.66667 29.54164 66.66667
v 10.00000 23.93233 66.66667
v 13.33333 20.51091 66.66667
v 16.66667 19.54503 66.66667
v 20.00000 19.94265 66.66667
v 23.33333 20.04480 66.66667
v 26.66667 18.96355 66.66667
v 30.00000 17.29748 66.66667
v 33.33333 16.47997 66.66667
v 36.66667 17.35154 66.66667
v 40.00000 19.31819 66.66667
v 43.33333 20.89315 66.66667
v 46.66667 21.07874 66.66667
v 50.00000 20.24216 66.66667
v 53.33333 19.65022 66.66667
v 56.66667 20.14557 66.66667
v 60.00000 21.28134 66.66667
v 63.33333 21.76985 66.66667
v 66.66667 20.80152 66.66667
v 70.00000 18.92491 66.66667
v 73.33333 17.59876 66.66667
v 76.66667 17.82669 66.66667
v 80.00000 19.19507 66.66667
v 83.33333 20.25899 66.66667
v 86.66667 19.91601 66.66667
v 90.00000 18.44427 66.66667
v 93.33333 17.20228 66.66667
v 96.66667 17.28700 66.66667
v 100.00000 18.45889 66.66667
v -100.00000 18.60321 70.00000
v -96.66667 19.97626 70.00000
v -93.33333 19.90463 70.00000
v -90.00000 18.85394 70.00000
v -86.66667 18.20780 70.00000
v -83.33333 18.88128 70.00000
v -80.00000 20.39812 70.00000
v -76.66667 21.33455 70.00000
v -73.33333 20.69786 70.00000
v -70.00000 18.89596 70.00000
v -66.66667 17.35368 70.00000
v -63.33333 17.15286 70.00000
v -60.00000 18.02497 70.00000
v -56.66667 18.67931 70.00000
v -53.33333 18.14351 70.00000
v -50.00000 16.80398 70.00000
v -46.66667 16.12922 70.00000
v -43.33333 17.35543 70.00000
v -40.00000 20.44507 70.00000
v -36.66667 24.34269 70.00000
v -33.33333 28.06288 70.00000
v -30.00000 31.17001 70.00000
v -26.66667 33.83604 70.00000
v -23.33333 36.75530 70.00000
v -20.00000 39.91731 70.00000
v -16.66667 42.13527 70.00000
v -13.33333 42.20699 70.00000
v -10.00000 40.17834 70.00000
v -6.66667 37.32830 70.00000
v -3.33333 34.88505 70.00000
v 0.00000 32.75709 70.00000
v 3.33333 29.79346 70.00000
v 6.66667 25.56978 70.00000
v 10.00000 21.07554 70.00000
v 13.33333 17.71528 70.00000
v 16.66667 16.48399 70.00000
v 20.00000 17.22680 70.00000
v 23.33333 18.58424 70.00000
v 26.66667 19.08712 70.00000
v 30.00000 18.43223 70.00000
v 33.33333 17.66915 70.00000
v 36.66667 18.09213 70.00000
v 40.00000 19.90431 70.00000
v 43.33333 21.94762 70.00000
v 46.66667 22.75651 70.00000
v 50.00000 21.91096 70.00000
v 53.33333 20.38160 70.00000
v 56.66667 19.54711 70.00000
v 60.00000 19.85609 70.00000
v 63.33333 20.44219 70.00000
v 66.66667 20.05891 70.00000
v 70.00000 18.40195 70.00000
v 73.33333 16.50343 70.00000
v 76.66667 15.79177 70.00000
v 80.00000 16.72419 70.00000
v 83.33333 18.32953 70.00000
v 86.66667 19.11931 70.00000
v 90.00000 18.49141 70.00000
v 93.33333 17.26709 70.00000
v 96.66667 16.84366 70.00000
v 100.00000 17.79378 70.00000
v -100.00000 16.54329 73.33333
v -96.66667 18.38730 73.33333
v -93.33333 19.25649 73.33333
v -90.00000 18.73903 73.33333
v -86.66667 17.79704 73.33333
v -83.33333 17.76737 73.33333
v -80.00000 19.00303 73.33333
v -76.66667 20.48749 73.33333
v -73.33333 20.80319 73.33333
v -70.00000 19.51188 73.33333
v -66.66667 17.60097 73.33333
v -63.33333 16.55957 73.33333
v -60.00000 16.98366 73.33333
v -56.66667 18.06726 73.33333
v -53.33333 18.47001 73.33333
v -50.00000 17.70791 73.33333
v -46.66667 16.70493 73.33333
v -43.33333 16.96915 73.33333
v -40.00000 19.20986 73.33333
v -36.66667 22.74844 73.33333
v -33.33333 26.18232 73.33333
v -30.00000 28.45313 73.33333
v -26.66667 29.62866 73.33333
v -23.33333 30.81964 73.33333
v -20.00000 32.74206 73.33333
v -16.66667 34.71064 73.33333
v -13.33333 35.27722 73.33333
v -10.00000 33.68600 73.33333
v -6.66667 30.64998 73.33333
v -3.33333 27.68658 73.33333
v 0.00000 25.67124 73.33333
v 3.33333 24.15764 73.33333
v 6.66667 22.24950 73.33333
v 10.00000 19.69041 73.33333
v 13.33333 17.14287 73.33333
v 16.66667 15.85110 73.33333
v 20.00000 16.53814 73.33333
v 23.33333 18.55196 73.33333
v 26.66667 20.32002 73.33333
v 30.00000 20.73044 73.33333
v 33.33333 20.08739 73.33333
v 36.66667 19.70404 73.33333
v 40.00000 20.52913 73.33333
v 43.33333 22.14673 73.33333
v 46.66667 23.12545 73.33333
v 50.00000 22.37957 73.33333
v 53.33333 20.22065 73.33333
v 56.66667 18.08034 73.33333
v 60.00000 17.17785 73.33333
v 63.33333 17.42793 73.33333
v 66.66667 17.64242 73.33333
v 70.00000 16.80950 73.33333
v 73.33333 15.18061 73.33333
v 76.66667 14.08641 73.33333
v 80.00000 14.65284 73.33333
v 83.33333 16.67257 73.33333
v 86.66667 18.74331 73.33333
v 90.00000 19.55114 73.33333
v 93.33333 19.05902 73.33333
v 96.66667 18.45126 73.33333
v 100.00000 18.89736 73.33333
v -100.00000 14.42878 76.66667
v -96.66667 16.60538 76.66667
v -93.33333 18.63406 76.66667
v -90.00000 19.33058 76.66667
v -86.66667 18.86318 76.66667
v -83.33333 18.49213 76.66667
v -80.00000 19.25124 76.66667
v -76.66667 20.86813 76.66667
v -73.33333 21.98490 76.66667
v -70.00000 21.46875 76.66667
v -66.66667 19.53469 76.66667
v -63.33333 17.58296 76.66667
v -60.00000 16.90479 76.66667
v -56.66667 17.51257 76.66667
v -53.33333 18.22702 76.66667
v -50.00000 17.92679 76.66667
v -46.66667 16.73231 76.66667
v -43.33333 15.96354 76.66667
v -40.00000 16.91388 76.66667
v -36.66667 19.63501 76.66667
v -33.33333 22.86665 76.66667
v -30.00000 25.09229 76.66667
v -26.66667 25.84818 76.66667
v -23.33333 26.09453 76.66667
v -20.00000 27.04518 76.66667
v -16.66667 28.77596 76.66667
v -13.33333 30.08228 76.66667
v -10.00000 29.64403 76.66667
v -6.66667 27.33283 76.66667
v -3.33333 24.38408 76.66667
v 0.00000 22.26511 76.66667
v 3.33333 21.39437 76.66667
v 6.66667 21.00302 76.66667
v 10.00000 20.04980 76.66667
v 13.33333 18.30148 76.66667
v 16.66667 16.72277 76.66667
v 20.00000 16.58346 76.66667
v 23.33333 18.12973 76.66667
v 26.66667 20.22149 76.66667
v 30.00000 21.32460 76.66667
v 33.33333 20.89603 76.66667
v 36.66667 19.81540 76.66667
v 40.00000 19.44706 76.66667
v 43.33333 20.25148 76.66667
v 46.66667 21.30330 76.66667
v 50.00000 21.18892 76.66667
v 53.33333 19.41005 76.66667
v 56.66667 16.92441 76.66667
v 60.00000 15.29323 76.66667
v 63.33333 15.25932 76.66667
v 66.66667 16.13071 76.66667
v 70.00000 16.55489 76.66667
v 73.33333 15.91133 76.66667
v 76.66667 14.95003 76.66667
v 80.00000 15.04748 76.66667
v 83.33333 16.80895 76.66667
v 86.66667 19.39105 76.66667
v 90.00000 21.21864 76.66667
v 93.33333 21.40998 76.66667
v 96.66667 20.53196 76.66667
v 100.00000 19.95935 76.66667
v -100.00000 14.73583 80.00000
v -96.66667 16.65903 80.00000
v -93.33333 19.22761 80.00000
v -90.00000 20.88699 80.00000
v -86.66667 20.94853 80.00000
v -83.33333 20.15954 80.00000
v -80.00000 19.88518 80.00000
v -76.66667 20.71086 80.00000
v -73.33333 21.83669 80.00000
v -70.00000 21.85909 80.00000
v -66.66667 20.17686 80.00000
v -63.33333 17.64567 80.00000
v -60.00000 15.83533 80.00000
v -56.66667 15.60538 80.00000
v -53.33333 16.37860 80.00000
v -50.00000 16.81045 80.00000
v -46.66667 16.19111 80.00000
v -43.33333 15.20416 80.00000
v -40.00000 15.29775 80.00000
v -36.66667 17.27898 80.00000
v -33.33333 20.48270 80.00000
v -30.00000 23.29353 80.00000
v -26.66667 24.57823 80.00000
v -23.33333 24.67134 80.00000
v -20.00000 24.86639 80.00000
v -16.66667 25.99014 80.00000
v -13.33333 27.50613 80.00000
v -10.00000 27.99969 80.00000
v -6.66667 26.56503 80.00000
v -3.33333 23.74015 80.00000
v 0.00000 21.07172 80.00000
v 3.33333 19.74521 80.00000
v 6.66667 19.62161 80.00000
v 10.00000 19.52058 80.00000
v 13.33333 18.46529 80.00000
v 16.66667 16.74481 80.00000
v 20.00000 15.67068 80.00000
v 23.33333 16.25633 80.00000
v 26.66667 18.15368 80.00000
v 30.00000 19.90453 80.00000
v 33.33333 20.27095 80.00000
v 36.66667 19.35497 80.00000
v 40.00000 18.42250 80.00000
v 43.33333 18.60909 80.00000
v 46.66667 19.77474 80.00000
v 50.00000 20.62834 80.00000
v 53.33333 20.00223 80.00000
v 56.66667 18.03228 80.00000
v 60.00000 16.08820 80.00000
v 63.33333 15.51446 80.00000
v 66.66667 16.39997 80.00000
v 70.00000 17.56482 80.00000
v 73.33333 17.76449 80.00000
v 76.66667 16.92707 80.00000
v 80.00000 16.21164 80.00000
v 83.33333 16.83317 80.00000
v 86.66667 18.80793 80.00000
v 90.00000 20.85415 80.00000
v 93.33333 21.55595 80.00000
v 96.66667 20.66534 80.00000
v 100.00000 19.28101 80.00000
v -100.00000 16.28572 83.33333
v -96.66667 17.02019 83.33333
v -93.33333 18.98729 83.33333
v -90.00000 20.81612 83.33333
v -86.66667 21.21080 83.33333
v -83.33333 20.15181 83.33333
v -80.00000 18.86408 83.33333
v -76.66667 18.58951 83.33333
v -73.33333 19.36665 83.33333
v -70.00000 20.01051 83.33333
v -66.66667 19.31103 83.33333
v -63.33333 17.27671 83.33333
v -60.00000 15.20313 83.33333
v -56.66667 14.49188 83.33333
v -53.33333 15.36406 83.33333
v -50.00000 16.71588 83.33333
v -46.66667 17.24995 83.33333
v -43.33333 16.77276 83.33333
v -40.00000 16.38892 83.33333
v -36.66667 17.40106 83.33333
v -33.33333 19.98215 83.33333
v -30.00000 22.90634 83.33333
v -26.66667 24.62961 83.33333
v -23.33333 24.68635 83.33333
v -20.00000 24.01336 83.33333
v -16.66667 23.92283 83.33333
v -13.33333 24.75470 83.33333
v -10.00000 25.52086 83.33333
v -6.66667 24.88908 83.33333
v -3.33333 22.54516 83.33333
v 0.00000 19.59676 83.33333
v 3.33333 17.62056 83.33333
v 6.66667 17.27444 83.33333
v 10.00000 17.78152 83.33333
v 13.33333 17.77821 83.33333
v 16.66667 16.71941 83.33333
v 20.00000 15.43473 83.33333
v 23.33333 15.29027 83.33333
v 26.66667 16.79493 83.33333
v 30.00000 19.02428 83.33333
v 33.33333 20.43407 83.33333
v 36.66667 20.27905 83.33333
v 40.00000 19.26048 83.33333
v 43.33333 18.77718 83.33333
v 46.66667 19.51587 83.33333
v 50.00000 20.76023 83.33333
v 53.33333 21.09466 83.33333
v 56.66667 19.81535 83.33333
v 60.00000 17.66801 83.33333
v 63.33333 16.18570 83.33333
v 66.66667 16.26460 83.33333
v 70.00000 17.35773 83.33333
v 73.33333 18.06405 83.33333
v 76.66667 17.53020 83.33333
v 80.00000 16.29275 83.33333
v 83.33333 15.73885 83.33333
v 86.66667 16.71567 83.33333
v 90.00000 18.65196 83.33333
v 93.33333 20.05689 83.33333
v 96.66667 19.91680 83.33333
v 100.00000 18.63415 83.33333
v -100.00000 16.79943 86.66667
v -96.66667 16.14284 86.66667
v -93.33333 16.99305 86.66667
v -90.00000 18.62428 86.66667
v -86.66667 19.56167 86.66667
v -83.33333 18.99667 86.66667
v -80.00000 17.55495 86.66667
v -76.66667 16.67039 86.66667
v -73.33333 17.17865 86.66667
v -70.00000 18.50425 86.66667
v -66.66667 19.23452 86.66667
v -63.33333 18.51902 86.66667
v -60.00000 16.92602 86.66667
v -56.66667 15.91711 86.66667
v -53.33333 16.44938 86.66667
v -50.00000 18.06634 86.66667
v -46.66667 19.36202 86.66667
v -43.33333 19.36288 86.66667
v -40.00000 18.47729 86.66667
v -36.66667 18.08454 86.66667
v -33.33333 19.16127 86.66667
v -30.00000 21.28197 86.66667
v -26.66667 22.97966 86.66667
v -23.33333 23.12319 86.66667
v -20.00000 21.95949 86.66667
v -16.66667 20.81985 86.66667
v -13.33333 20.79064 86.66667
v -10.00000 21.64716 86.66667
v -6.66667 22.09327 86.66667
v -3.33333 21.07172 86.66667
v 0.00000 18.86131 86.66667
v 3.33333 16.88420 86.66667
v 6.66667 16.40339 86.66667
v 10.00000 17.35939 86.66667
v 13.33333 18.47387 86.66667
v 16.66667 18.52505 86.66667
v 20.00000 17.53753 86.66667
v 23.33333 16.72627 86.66667
v 26.66667 17.26020 86.66667
v 30.00000 19.06085 86.66667
v 33.33333 20.81577 86.66667
v 36.66667 21.20058 86.66667
v 40.00000 20.12217 86.66667
v 43.33333 18.77376 86.66667
v 46.66667 18.45056 86.66667
v 50.00000 19.28338 86.66667
v 53.33333 20.12638 86.66667
v 56.66667 19.70723 86.66667
v 60.00000 17.91384 86.66667
v 63.33333 15.95712 86.66667
v 66.66667 15.24478 86.66667
v 70.00000 16.05886 86.66667
v 73.33333 17.32161 86.66667
v 76.66667 17.67323 86.66667
v 80.00000 16.80689 86.66667
v 83.33333 15.75775 86.66667
v 86.66667 15.86610 86.66667
v 90.00000 17.43052 86.66667
v 93.33333 19.37047 86.66667
v 96.66667 20.23295 86.66667
v 100.00000 19.56580 86.66667
v -100.00000 17.25094 90.00000
v -96.66667 15.87736 90.00000
v -93.33333 15.76403 90.00000
v -90.00000 17.04900 90.00000
v -86.66667 18.56094 90.00000
v -83.33333 18.95682 90.00000
v -80.00000 18.02355 90.00000
v -76.66667 16.87397 90.00000
v -73.33333 16.84647 90.00000
v -70.00000 18.18356 90.00000
v -66.66667 19.78039 90.00000
v -63.33333 20.24981 90.00000
v -60.00000 19.26584 90.00000
v -56.66667 17.87523 90.00000
v -53.33333 17.47412 90.00000
v -50.00000 18.44919 90.00000
v -46.66667 19.80992 90.00000
v -43.33333 20.17011 90.00000
v -40.00000 19.11945 90.00000
v -36.66667 17.64376 90.00000
v -33.33333 17.17981 90.00000
v -30.00000 18.22222 90.00000
v -26.66667 19.84276 90.00000
v -23.33333 20.59157 90.00000
v -20.00000 19.89637 90.00000
v -16.66667 18.59965 90.00000
v -13.33333 18.11564 90.00000
v -10.00000 19.03238 90.00000
v -6.66667 20.52639 90.00000
v -3.33333 21.16303 90.00000
v 0.00000 20.30107 90.00000
v 3.33333 18.72939 90.00000
v 6.66667 17.91183 90.00000
v 10.00000 18.56965 90.00000
v 13.33333 19.98291 90.00000
v 16.66667 20.69592 90.00000
v 20.00000 19.93456 90.00000
v 23.33333 18.35359 90.00000
v 26.66667 17.38882 90.00000
v 30.00000 17.84948 90.00000
v 33.33333 19.12616 90.00000
v 36.66667 19.78814 90.00000
v 40.00000 18.98656 90.00000
v 43.33333 17.29271 90.00000
v 46.66667 16.15180 90.00000
v 50.00000 16.48406 90.00000
v 53.33333 17.79765 90.00000
v 56.66667 18.67877 90.00000
v 60.00000 18.17990 90.00000
v 63.33333 16.75080 90.00000
v 66.66667 15.80284 90.00000
v 70.00000 16.33142 90.00000
v 73.33333 17.94045 90.00000
v 76.66667 19.22115 90.00000
v 80.00000 19.11563 90.00000
v 83.33333 17.93533 90.00000
v 86.66667 17.04158 90.00000
v 90.00000 17.50133 90.00000
v 93.33333 19.03160 90.00000
v 96.66667 20.26370 90.00000
v 100.00000 20.07039 90.00000
v -100.00000 19.39478 93.33333
v -96.66667 17.83218 93.33333
v -93.33333 16.73853 93.33333
v -90.00000 17.07153 93.33333
v -86.66667 18.38374 93.33333
v -83.33333 19.28423 93.33333
v -80.00000 18.81819 93.33333
v -76.66667 17.41462 93.33333
v -73.33333 16.47476 93.33333
v -70.00000 17.00182 93.33333
v -66.66667 18.60996 93.33333
v -63.33333 19.88144 93.33333
v -60.00000 19.72635 93.33333
v -56.66667 18.42148 93.33333
v -53.33333 17.31834 93.33333
v -50.00000 17.50938 93.33333
v -46.66667 18.75706 93.33333
v -43.33333 19.73286 93.33333
v -40.00000 19.33265 93.33333
v -36.66667 17.78224 93.33333
v -33.33333 16.44973 93.33333
v -30.00000 16.54209 93.33333
v -26.66667 17.95383 93.33333
v -23.33333 19.38771 93.33333
v -20.00000 19.62471 93.33333
v -16.66667 18.70421 93.33333
v -13.33333 17.86441 93.33333
v -10.00000 18.30356 93.33333
v -6.66667 19.97489 93.33333
v -3.33333 21.59545 93.33333
v 0.00000 21.86377 93.33333
v 3.33333 20.70098 93.33333
v 6.66667 19.30625 93.33333
v 10.00000 18.97255 93.33333
v 13.33333 19.81996 93.33333
v 16.66667 20.68560 93.33333
v 20.00000 20.27663 93.33333
v 23.33333 18.46070 93.33333
v 26.66667 16.43340 93.33333
v 30.00000 15.59683 93.33333
v 33.33333 16.23972 93.33333
v 36.66667 17.30237 93.33333
v 40.00000 17.45050 93.33333
v 43.33333 16.40503 93.33333
v 46.66667 15.22618 93.33333
v 50.00000 15.27289 93.33333
v 53.33333 16.85351 93.33333
v 56.66667 18.88741 93.33333
v 60.00000 19.91171 93.33333
v 63.33333 19.45576 93.33333
v 66.66667 18.44748 93.33333
v 70.00000 18.26030 93.33333
v 73.33333 19.33592 93.33333
v 76.66667 20.73059 93.33333
v 80.00000 21.02993 93.33333
v 83.33333 19.73973 93.33333
v 86.66667 17.79374 93.33333
v 90.00000 16.67983 93.33333
v 93.33333 17.03300 93.33333
v 96.66667 18.06346 93.33333
v 100.00000 18.37256 93.33333
v -100.00000 21.54706 96.66667
v -96.66667 19.89615 96.66667
v -93.33333 17.75258 96.66667
v -90.00000 16.59426 96.66667
v -86.66667 16.88695 96.66667
v -83.33333 17.70603 96.66667
v -80.00000 17.70968 96.66667
v -76.66667 16.50559 96.66667
v -73.33333 15.07090 96.66667
v -70.00000 14.81167 96.66667
v -66.66667 16.17924 96.66667
v -63.33333 18.19626 96.66667
v -60.00000 19.35983 96.66667
v -56.66667 19.04745 96.66667
v -53.33333 18.06139 96.66667
v -50.00000 17.78856 96.66667
v -46.66667 18.80313 96.66667
v -43.33333 20.28122 96.66667
v -40.00000 20.80158 96.66667
v -36.66667 19.75021 96.66667
v -33.33333 17.95429 96.66667
v -30.00000 16.92051 96.66667
v -26.66667 17.41425 96.66667
v -23.33333 18.75904 96.66667
v -20.00000 19.53286 96.66667
v -16.66667 18.97720 96.66667
v -13.33333 17.74158 96.66667
v -10.00000 17.23663 96.66667
v -6.66667 18.22955 96.66667
v -3.33333 20.05661 96.66667
v 0.00000 21.22634 96.66667
v 3.33333 20.83004 96.66667
v 6.66667 19.38824 96.66667
v 10.00000 18.31142 96.66667
v 13.33333 18.50552 96.66667
v 16.66667 19.48717 96.66667
v 20.00000 19.87309 96.66667
v 23.33333 18.76532 96.66667
v 26.66667 16.67761 96.66667
v 30.00000 15.09363 96.66667
v 33.33333 15.08159 96.66667
v 36.66667 16.30958 96.66667
v 40.00000 17.41531 96.66667
v 43.33333 17.36267 96.66667
v 46.66667 16.45675 96.66667
v 50.00000 16.02506 96.66667
v 53.33333 17.07750 96.66667
v 56.66667 19.25782 96.66667
v 60.00000 21.11676 96.66667
v 63.33333 21.44888 96.66667
v 66.66667 20.39725 96.66667
v 70.00000 19.25618 96.66667
v 73.33333 19.17161 96.66667
v 76.66667 20.01219 96.66667
v 80.00000 20.51473 96.66667
v 83.33333 19.56055 96.66667
v 86.66667 17.33250 96.66667
v 90.00000 15.21617 96.66667
v 93.33333 14.53286 96.66667
v 96.66667 15.33145 96.66667
v 100.00000 16.40905 96.66667
v -100.00000 21.23848 100.00000
v -96.66667 19.92411 100.00000
v -93.33333 17.41940 100.00000
v -90.00000 15.21610 100.00000
v -86.66667 14.53322 100.00000
v -83.33333 15.23000 100.00000
v -80.00000 16.03260 100.00000
v -76.66667 15.84291 100.00000
v -73.33333 14.84463 100.00000
v -70.00000 14.32303 100.00000
v -66.66667 15.37469 100.00000
v -63.33333 17.77080 100.00000
v -60.00000 20.09146 100.00000
v -56.66667 21.01035 100.00000
v -53.33333 20.48766 100.00000
v -50.00000 19.71878 100.00000
v -46.66667 19.89917 100.00000
v -43.33333 21.01868 100.00000
v -40.00000 21.86609 100.00000
v -36.66667 21.23924 100.00000
v -33.33333 19.17520 100.00000
v -30.00000 16.99176 100.00000
v -26.66667 16.08984 100.00000
v -23.33333 16.67451 100.00000
v -20.00000 17.63241 100.00000
v -16.66667 17.67640 100.00000
v -13.33333 16.63459 100.00000
v -10.00000 15.62267 100.00000
v -6.66667 15.93219 100.00000
v -3.33333 17.72360 100.00000
v 0.00000 19.80586 100.00000
v 3.33333 20.72567 100.00000
v 6.66667 20.11181 100.00000
v 10.00000 18.97092 100.00000
v 13.33333 18.65380 100.00000
v 16.66667 19.50769 100.00000
v 20.00000 20.53329 100.00000
v 23.33333 20.38206 100.00000
v 26.66667 18.71773 100.00000
v 30.00000 16.60744 100.00000
v 33.33333 15.55272 100.00000
v 36.66667 16.09659 100.00000
v 40.00000 17.35694 100.00000
v 43.33333 17.93305 100.00000
v 46.66667 17.29436 100.00000
v 50.00000 16.29297 100.00000
v 53.33333 16.30005 100.00000
v 56.66667 17.81326 100.00000
v 60.00000 19.90127 100.00000
v 63.33333 21.03670 100.00000
v 66.66667 20.51430 100.00000
v 70.00000 19.07960 100.00000
v 73.33333 18.16250 100.00000
v 76.66667 18.46911 100.00000
v 80.00000 19.30859 100.00000
v 83.33333 19.31052 100.00000
v 86.66667 17.82769 100.00000
v 90.00000 15.64739 100.00000
v 93.33333 14.30710 100.00000
v 96.66667 14.67210 100.00000
v 100.00000 16.15331 100.00000
f 1 62 63
f 1 63 2
f 2 63 64
f 2 64 3
f 3 64 65
f 3 65 4
f 4 65 66
f 4 66 5
f 5 66 67
f 5 67 6
f 6 67 68
f 6 68 7
f 7 68 69
f 7 69 8
f 8 69 70
f 8 70 9
f 9 70 71
f 9 71 10
f 10 71 72
f 10 72 11
f 11 72 73
f 11 73 12
f 12 73 74
f 12 74 13
f 13 74 75
f 13 75 14
f 14 75 76
f 14 76 15
f 15 76 77
f 15 77 16
f 16 77 78
f 16 78 17
f 17 78 79
f 17 79 18
f 18 79 80
f 18 80 19
f 19 80 81
f 19 81 20
f 20 81 82
f 20 82 21
f 21 82 83
f 21 83 22
f 22 83 84
f 22 84 23
f 23 84 85
f 23 85 24
f 24 85 86
f 24 86 25
f 25 86 87
f 25 87 26
f 26 87 88
f 26 88 27
f 27 88 89
f 27 89 28
f 28 89 90
f 28 90 29
f 29 90 91
f 29 91 30
f 30 91 92
f 30 92 31
f 31 92 93
f 31 93 32
f 32 93 94
f 32 94 33
f 33 94 95
f 33 95 34
f 34 95 96
f 34 96 35
f 35 96 97
f 35 97 36
f 36 97 98
f 36 98 37
f 37 98 99
f 37 99 38
f 38 99 100
f 38 100 39
f 39 100 101
f 39 101 40
f 40 101 102
f 40 102 41
f 41 102 103
f 41 103 42
f 42 103 104
f 42 104 43
f 43 104 105
f 43 105 44
f 44 105 106
f 44 106 45
f 45 106 107
f 45 107 46
f 46 107 108
f 46 108 47
f 47 108 109
f 47 109 48
f 48 109 110
f 48 110 49
f 49 110 111
f 49 111 50
f 50 111 112
f 50 112 51
f 51 112 113
f 51 113 52
f 52 113 114
f 52 114 53
f 53 114 115
f 53 115 54
f 54 115 116
f 54 116 55
f 55 116 117
f 55 117 56
f 56 117 118
f 56 118 57
f 57 118 119
f 57 119 58
f 58 119 120
f 58 120 59
f 59 120 121
f 59 121 60
f 60 121 122
f 60 122 61
f 62 123 124
f 62 124 63
f 63 124 125
f 63 125 64
f 64 125 126
f 64 126 65
f 65 126 127
f 65 127 66
f 66 127 128
f 66 128 67
f 67 128 129
f 67 129 68
f 68 129 130
f 68 130 69
f 69 130 131
f 69 131 70
f 70 131 132
f 70 132 71
f 71 132 133
f 71 133 72
f 72 133 134
f 72 134 73
f 73 134 135
f 73 135 74
f 74 135 136
f 74 136 75
f 75 136 137
f 75 137 76
f 76 137 138
f 76 138 77
f 77 138 139
f 77 139 78
f 78 139 140
f 78 140 79
f 79 140 141
f 79 141 80
f 80 141 142
f 80 142 81
f 81 142 143
f 81 143 82
f 82 143 144
f 82 144 83
f 83 144 145
f 83 145 84
f 84 145 146
f 84 146 85
f 85 146 147
f 85 147 86
f 86 147 148
f 86 148 87
f 87 148 149
f 87 149 88
f 88 149 150
f 88 150 89
f 89 150 151
f 89 151 90
f 90 151 152
f 90 152 91
f 91 152 153
f 91 153 92
f 92 153 154
f 92 154 93
f 93 154 155
f 93 155 94
f 94 155 156
f 94 156 95
f 95 156 157
f 95 157 96
f 96 157 158
f 96 158 97
f 97 158 159
f 97 159 98
f 98 159 160
f 98 160 99
f 99 160 161
f 99 161 100
f 100 161 162
f 100 162 101
f 101 162 163
f 101 163 102
f 102 163 164
f 102 164 103
f 103 164 165
f 103 165 104
f 104 165 166
f 104 166 105
f 105 166 167
f 105 167 106
f 106 167 168
f 106 168 107
f 107 168 169
f 107 169 108
f 108 169 170
f 108 170 109
f 109 170 171
f 109 171 110
f 110 171 172
f 110 172 111
f 111 172 173
f 111 173 112
f 112 173 174
f 112 174 113
f 113 174 175
f 113 175 114
f 114 175 176
f 114 176 115
f 115 176 177
f 115 177 116
f 116 177 178
f 116 178 117
f 117 178 179
f 117 179 118
f 118 179 180
f 118 180 119
f 119 180 181
f 119 181 120
f 120 181 182
f 120 182 121
f 121 182 183
f 121 183 122
f 123 184 185
f 123 185 124
f 124 185 186
f 124 186 125
f 125 186 187
f 125 187 126
f 126 187 188
f 126 188 127
f 127 188 189
f 127 189 128
f 128 189 190
f 128 190 129
f 129 190 191
f 129 191 130
f 130 191 192
f 130 192 131
f 131 192 193
f 131 193 132
f 132 193 194
f 132 194 133
f 133 194 195
f 133 195 134
f 134 195 196
f 134 196 135
f 135 196 197
f 135 197 136
f 136 197 198
f 136 198 137
f 137 198 199
f 137 199 138
f 138 199 200
f 138 200 139
f 139 200 201
f 139 201 140
f 140 201 202
f 140 202 141
f 141 202 203
f 141 203 142
f 142 203 204
f 142 204 143
f 143 204 205
f 143 205 144
f 144 205 206
f 144 206 145
f 145 206 207
f 145 207 146
f 146 207 208
f 146 208 147
f 147 208 209
f 147 209 148
f 148 209 210
f 148 210 149
f 149 210 211
f 149 211 150
f 150 211 212
f 150 212 151
f 151 212 213
f 151 213 152
f 152 213 214
f 152 214 153
f 153 214 215
f 153 215 154
f 154 215 216
f 154 216 155
f 155 216 217
f 155 217 156
f 156 217 218
f 156 218 157
f 157 218 219
f 157 219 158
f 158 219 220
f 158 220 159
f 159 220 221
f 159 221 160
f 160 221 222
f 160 222 161
f 161 222 223
f 161 223 162
f 162 223 224
f 162 224 163
f 163 224 225
f 163 225 164
f 164 225 226
f 164 226 165
f 165 226 227
f 165 227 166
f 166 227 228
f 166 228 167
f 167 228 229
f 167 229 168
f 168 229 230
f 168 230 169
f 169 230 231
f 169 231 170
f 170 231 232
f 170 232 171
f 171 232 233
f 171 233 172
f 172 233 234
f 172 234 173
f 173 234 235
f 173 235 174
f 174 235 236
f 174 236 175
f 175 236 237
f 175 237 176
f 176 237 238
f 176 238 177
f 177 238 239
f 177 239 178
f 178 239 240
f 178 240 179
f 179 240 241
f 179 241 180
f 180 241 242
f 180 242 181
f 181 242 243
f 181 243 182
f 182 243 244
f 182 244 183
f 184 245 246
f 184 246 185
f 185 246 247
f 185 247 186
f 186 247 248
f 186 248 187
f 187 248 249
f 187 249 188
f 188 249 250
f 188 250 189
f 189 250 251
f 189 251 190
f 190 251 252
f 190 252 191
f 191 252 253
f 191 253 192
f 192 253 254
f 192 254 193
f 193 254 255
f 193 255 194
f 194 255 256
f 194 256 195
f 195 256 257
f 195 257 196
f 196 257 258
f 196 258 197
f 197 258 259
f 197 259 198
f 198 259 260
f 198 260 199
f 199 260 261
f 199 261 200
f 200 261 262
f 200 262 201
f 201 262 263
f 201 263 202
f 202 263 264
f 202 264 203
f 203 264 265
f 203 265 204
f 204 265 266
f 204 266 205
f 205 266 267
f 205 267 206
f 206 267 268
f 206 268 207
f 207 268 269
f 207 269 208
f 208 269 270
f 208 270 209
f 209 270 271
f 209 271 210
f 210 271 272
f 210 272 211
f 211 272 273
f 211 273 212
f 212 273 274
f 212 274 213
f 213 274 275
f 213 275 214
f 214 275 276
f 214 276 215
f 215 276 277
f 215 277 216
f 216 277 278
f 216 278 217
f 217 278 279
f 217 279 218
f 218 279 280
f 218 280 219
f 219 280 281
f 219 281 220
f 220 281 282
f 220 282 221
f 221 282 283
f 221 283 222
f 222 283 284
f 222 284 223
f 223 284 285
f 223 285 224
f 224 285 286
f 224 286 225
f 225 286 287
f 225 287 226
f 226 287 288
f 226 288 227
f 227 288 289
f 227 289 228
f 228 289 290
f 228 290 229
f 229 290 291
f 229 291 230
f 230 291 292
f 230 292 231
f 231 292 293
f 231 293 232
f 232 293 294
f 232 294 233
f 233 294 295
f 233 295 234
f 234 295 296
f 234 296 235
f 235 296 297
f 235 297 236
f 236 297 298
f 236 298 237
f 237 298 299
f 237 299 238
f 238 299 300
f 238 300 239
f 239 300 301
f 239 301 240
f 240 301 302
f 240 302 241
f 241 302 303
f 241 303 242
f 242 303 304
f 242 304 243
f 243 304 305
f 243 305 244
f 245 306 307
f 245 307 246
f 246 307 308
f 246 308 247
f 247 308 309
f 247 309 248
f 248 309 310
f 248 310 249
f 249 310 311
f 249 311 250
f 250 311 312
f 250 312 251
f 251 312 313
f 251 313 252
f 252 313 314
f 252 314 253
f 253 314 315
f 253 315 254
f 254 315 316
f 254 316 255
f 255 316 317
f 255 317 256
f 256 317 318
f 256 318 257
f 257 318 319
f 257 319 258
f 258 319 320
f 258 320 259
f 259 320 321
f 259 321 260
f 260 321 322
f 260 322 261
f 261 322 323
f 261 323 262
f 262 323 324
f 262 324 263
f 263 324 325
f 263 325 264
f 264 325 326
f 264 326 265
f 265 326 327
f 265 327 266
f 266 327 328
f 266 328 267
f 267 328 329
f 267 329 268
f 268 329 330
f 268 330 269
f 269 330 331
f 269 331 270
f 270 331 332
f 270 332 271
f 271 332 333
f 271 333 272
f 272 333 334
f 272 334 273
f 273 334 335
f 273 335 274
f 274 335 336
f 274 336 275
f 275 336 337
f 275 337 276
f 276 337 338
f 276 338 277
f 277 338 339
f 277 339 278
f 278 339 340
f 278 340 279
f 279 340 341
f 279 341 280
f 280 341 342
f 280 342 281
f 281 342 343
f 281 343 282
f 282 343 344
f 282 344 283
f 283 344 345
f 283 345 284
f 284 345 346
f 284 346 285
f 285 346 347
f 285 347 286
f 286 347 348
f 286 348 287
f 287 348 349
f 287 349 288
f 288 349 350
f 288 350 289
f 289 350 351
f 289 351 290
f 290 351 352
f 290 352 291
f 291 352 353
f 291 353 292
f 292 353 354
f 292 354 293
f 293 354 355
f 293 355 294
f 294 355 356
f 294 356 295
f 295 356 357
f 295 357 296
f 296 357 358
f 296 358 297
f 297 358 359
f 297 359 298
f 298 359 360
f 298 360 299
f 299 360 361
f 299 361 300
f 300 361 362
f 300 362 301
f 301 362 363
f 301 363 302
f 302 363 364
f 302 364 303
f 303 364 365
f 303 365 304
f 304 365 366
f 304 366 305
f 306 367 368
f 306 368 307
f 307 368 369
f 307 369 308
f 308 369 370
f 308 370 309
f 309 370 371
f 309 371 310
f 310 371 372
f 310 372 311
f 311 372 373
f 311 373 312
f 312 373 374
f 312 374 313
f 313 374 375
f 313 375 314
f 314 375 376
f 314 376 315
f 315 376 377
f 315 377 316
f 316 377 378
f 316 378 317
f 317 378 379
f 317 379 318
f 318 379 380
f 318 380 319
f 319 380 381
f 319 381 320
f 320 381 382
f 320 382 321
f 321 382 383
f 321 383 322
f 322 383 384
f 322 384 323
f 323 384 385
f 323 385 324
f 324 385 386
f 324 386 325
f 325 386 387
f 325 387 326
f 326 387 388
f 326 388 327
f 327 388 389
f 327 389 328
f 328 389 390
f 328 390 329
f 329 390 391
f 329 391 330
f 330 391 392
f 330 392 331
f 331 392 393
f 331 393 332
f 332 393 394
f 332 394 333
f 333 394 395
f 333 395 334
f 334 395 396
f 334 396 335
f 335 396 397
f 335 397 336
f 336 397 398
f 336 398 337
f 337 398 399
f 337 399 338
f 338 399 400
f 338 400 339
f 339 400 401
f 339 401 340
f 340 401 402
f 340 402 341
f 341 402 403
f 341 403 342
f 342 403 404
f 342 404 343
f 343 404 405
f 343 405 344
f 344 405 406
f 344 406 345
f 345 406 407
f 345 407 346
f 346 407 408
f 346 408 347
f 347 408 409
f 347 409 348
f 348 409 410
f 348 410 349
f 349 410 411
f 349 411 350
f 350 411 412
f 350 412 351
f 351 412 413
f 351 413 352
f 352 413 414
f 352 414 353
f 353 414 415
f 353 415 354
f 354 415 416
f 354 416 355
f 355 416 417
f 355 417 356
f 356 417 418
f 356 418 357
f 357 418 419
f 357 419 358
f 358 419 420
f 358 420 359
f 359 420 421
f 359 421 360
f 360 421 422
f 360 422 361
f 361 422 423
f 361 423 362
f 362 423 424
f 362 424 363
f 363 424 425
f 363 425 364
f 364 425 426
f 364 426 365
f 365 426 427
f 365 427 366
f 367 428 429
f 367 429 368
f 368 429 430
f 368 430 369
f 369 430 431
f 369 431 370
f 370 431 432
f 370 432 371
f 371 432 433
f 371 433 372
f 372 433 434
f 372 434 373
f 373 434 435
f 373 435 374
f 374 435 436
f 374 436 375
f 375 436 437
f 375 437 376
f 376 437 438
f 376 438 377
f 377 438 439
f 377 439 378
f 378 439 440
f 378 440 379
f 379 440 441
f 379 441 380
f 380 441 442
f 380 442 381
f 381 442 443
f 381 443 382
f 382 443 444
f 382 444 383
f 383 444 445
f 383 445 384
f 384 445 446
f 384 446 385
f 385 446 447
f 385 447 386
f 386 447 448
f 386 448 387
f 387 448 449
f 387 449 388
f 388 449 450
f 388 450 389
f 389 450 451
f 389 451 390
f 390 451 452
f 390 452 391
f 391 452 453
f 391 453 392
f 392 453 454
f 392 454 393
f 393 454 455
f 393 455 394
f 394 455 456
f 394 456 395
f 395 456 457
f 395 457 396
f 396 457 458
f 396 458 397
f 397 458 459
f 397 459 398
f 398 459 460
f 398 460 399
f 399 460 461
f 399 461 400
f 400 461 462
f 400 462 401
f 401 462 463
f 401 463 402
f 402 463 464
f 402 464 403
f 403 464 465
f 403 465 404
f 404 465 466
f 404 466 405
f 405 466 467
f 405 467 406
f 406 467 468
f 406 468 407
f 407 468 469
f 407 469 408
f 408 469 470
f 408 470 409
f 409 470 471
f 409 471 410
f 410 471 472
f 410 472 411
f 411 472 473
f 411 473 412
f 412 473 474
f 412 474 413
f 413 474 475
f 413 475 414
f 414 475 476
f 414 476 415
f 415 476 477
f 415 477 416
f 416 477 478
f 416 478 417
f 417 478 479
f 417 479 418
f 418 479 480
f 418 480 419
f 419 480 481
f 419 481 420
f 420 481 482
f 420 482 421
f 421 482 483
f 421 483 422
f 422 483 484
f 422 484 423
f 423 484 485
f 423 485 424
f 424 485 486
f 424 486 425
f 425 486 487
f 425 487 426
f 426 487 488
f 426 488 427
f 428 489 490
f 428 490 429
f 429 490 491
f 429 491 430
f 430 491 492
f 430 492 431
f 431 492 493
f 431 493 432
f 432 493 494
f 432 494 433
f 433 494 495
f 433 495 434
f 434 495 496
f 434 496 435
f 435 496 497
f 435 497 436
f 436 497 498
f 436 498 437
f 437 498 499
f 437 499 438
f 438 499 500
f 438 500 439
f 439 500 501
f 439 501 440
f 440 501 502
f 440 502 441
f 441 502 503
f 441 503 442
f 442 503 504
f 442 504 443
f 443 504 505
f 443 505 444
f 444 505 506
f 444 506 445
f 445 506 507
f 445 507 446
f 446 507 508
f 446 508 447
f 447 508 509
f 447 509 448
f 448 509 510
f 448 510 449
f 449 510 511
f 449 511 450
f 450 511 512
f 450 512 451
f 451 512 513
f 451 513 452
f 452 513 514
f 452 514 453
f 453 514 515
f 453 515 454
f 454 515 516
f 454 516 455
f 455 516 517
f 455 517 456
f 456 517 518
f 456 518 457
f 457 518 519
f 457 519 458
f 458 519 520
f 458 520 459
f 459 520 521
f 459 521 460
f 460 521 522
f 460 522 461
f 461 522 523
f 461 523 462
f 462 523 524
f 462 524 463
f 463 524 525
f 463 525 464
f 464 525 526
f 464 526 465
f 465 526 527
f 465 527 466
f 466 527 528
f 466 528 467
f 467 528 529
f 467 529 468
f 468 529 530
f 468 530 469
f 469 530 531
f 469 531 470
f 470 531 532
f 470 532 471
f 471 532 533
f 471 533 472
f 472 533 534
f 472 534 473
f 473 534 535
f 473 535 474
f 474 535 536
f 474 536 475
f 475 536 537
f 475 537 476
f 476 537 538
f 476 538 477
f 477 538 539
f 477 539 478
f 478 539 540
f 478 540 479
f 479 540 541
f 479 541 480
f 480 541 542
f 480 542 481
f 481 542 543
f 481 543 482
f 482 543 544
f 482 544 483
f 483 544 545
f 483 545 484
f 484 545 546
f 484 546 485
f 485 546 547
f 485 547 486
f 486 547 548
f 486 548 487
f 487 548 549
f 487 549 488
f 489 550 551
f 489 551 490
f 490 551 552
f 490 552 491
f 491 552 553
f 491 553 492
f 492 553 554
f 492 554 493
f 493 554 555
f 493 555 494
f 494 555 556
f 494 556 495
f 495 556 557
f 495 557 496
f 496 557 558
f 496 558 497
f 497 558 559
f 497 559 498
f 498 559 560
f 498 560 499
f 499 560 561
f 499 561 500
f 500 561 562
f 500 562 501
f 501 562 563
f 501 563 502
f 502 563 564
f 502 564 503
f 503 564 565
f 503 565 504
f 504 565 566
f 504 566 505
f 505 566 567
f 505 567 506
f 506 567 568
f 506 568 507
f 507 568 569
f 507 569 508
f 508 569 570
f 508 570 509
f 509 570 571
f 509 571 510
f 510 571 572
f 510 572 511
f 511 572 573
f 511 573 512
f 512 573 574
f 512 574 513
f 513 574 575
f 513 575 514
f 514 575 576
f 514 576 515
f 515 576 577
f 515 577 516
f 516 577 578
f 516 578 517
f 517 578 579
f 517 579 518
f 518 579 580
f 518 580 519
f 519 580 581
f 519 581 520
f 520 581 582
f 520 582 521
f 521 582 583
f 521 583 522
f 522 583 584
f 522 584 523
f 523 584 585
f 523 585 524
f 524 585 586
f 524 586 525
f 525 586 587
f 525 587 526
f 526 587 588
f 526 588 527
f 527 588 589
f 527 589 528
f 528 589 590
f 528 590 529
f 529 590 591
f 529 591 530
f 530 591 592
f 530 592 531
f 531 592 593
f 531 593 532
f 532 593 594
f 532 594 533
f 533 594 595
f 533 595 534
f 534 595 596
f 534 596 535
f 535 596 597
f 535 597 536
f 536 597 598
f 536 598 537
f 537 598 599
f 537 599 538
f 538 599 600
f 538 600 539
f 539 600 601
f 539 601 540
f 540 601 602
f 540 602 541
f 541 602 603
f 541 603 542
f 542 603 604
f 542 604 543
f 543 604 605
f 543 605 544
f 544 605 606
f 544 606 545
f 545 606 607
f 545 607 546
f 546 607 608
f 546 608 547
f 547 608 609
f 547 609 548
f 548 609 610
f 548 610 549
f 550 611 612
f 550 612 551
f 551 612 613
f 551 613 552
f 552 613 614
f 552 614 553
f 553 614 615
f 553 615 554
f 554 615 616
f 554 616 555
f 555 616 617
f 555 617 556
f 556 617 618
f 556 618 557
f 557 618 619
f 557 619 558
f 558 619 620
f 558 620 559
f 559 620 621
f 559 621 560
f 560 621 622
f 560 622 561
f 561 622 623
f 561 623 562
f 562 623 624
f 562 624 563
f 563 624 625
f 563 625 564
f 564 625 626
f 564 626 565
f 565 626 627
f 565 627 566
f 566 627 628
f 566 628 567
f 567 628 629
f 567 629 568
f 568 629 630
f 568 630 569
f 569 630 631
f 569 631 570
f 570 631 632
f 570 632 571
f 571 632 633
f 571 633 572
f 572 633 634
f 572 634 573
f 573 634 635
f 573 635 574
f 574 635 636
f 574 636 575
f 575 636 637
f 575 637 576
f 576 637 638
f 576 638 577
f 577 638 639
f 577 639 578
f 578 639 640
f 578 640 579
f 579 640 641
f 579 641 580
f 580 641 642
f 580 642 581
f 581 642 643
f 581 643 582
f 582 643 644
f 582 644 583
f 583 644 645
f 583 645 584
f 584 645 646
f 584 646 585
f 585 646 647
f 585 647 586
f 586 647 648
f 586 648 587
f 587 648 649
f 587 649 588
f 588 649 650
f 588 650 589
f 589 650 651
f 589 651 590
f 590 651 652
f 590 652 591
f 591 652 653
f 591 653 592
f 592 653 654
f 592 654 593
f 593 654 655
f 593 655 594
f 594 655 656
f 594 656 595
f 595 656 657
f 595 657 596
f 596 657 658
f 596 658 597
f 597 658 659
f 597 659 598
f 598 659 660
f 598 660 599
f 599 660 661
f 599 661 600
f 600 661 662
f 600 662 601
f 601 662 663
f 601 663 602
f 602 663 664
f 602 664 603
f 603 664 665
f 603 665 604
f 604 665 666
f 604 666 605
f 605 666 667
f 605 667 606
f 606 667 668
f 606 668 607
f 607 668 669
f 607 669 608
f 608 669 670
f 608 670 609
f 609 670 671
f 609 671 610
f 611 672 673
f 611 673 612
f 612 673 674
f 612 674 613
f 613 674 675
f 613 675 614
f 614 675 676
f 614 676 615
f 615 676 677
f 615 677 616
f 616 677 678
f 616 678 617
f 617 678 679
f 617 679 618
f 618 679 680
f 618 680 619
f 619 680 681
f 619 681 620
f 620 681 682
f 620 682 621
f 621 682 683
f 621 683 622
f 622 683 684
f 622 684 623
f 623 684 685
f 623 685 624
f 624 685 686
f 624 686 625
f 625 686 687
f 625 687 626
f 626 687 688
f 626 688 627
f 627 688 689
f 627 689 628
f 628 689 690
f 628 690 629
f 629 690 691
f 629 691 630
f 630 691 692
f 630 692 631
f 631 692 693
f 631 693 632
f 632 693 694
f 632 694 633
f 633 694 695
f 633 695 634
f 634 695 696
f 634 696 635
f 635 696 697
f 635 697 636
f 636 697 698
f 636 698 637
f 637 698 699
f 637 699 638
f 638 699 700
f 638 700 639
f 639 700 701
f 639 701 640
f 640 701 702
f 640 702 641
f 641 702 703
f 641 703 642
f 642 703 704
f 642 704 643
f 643 704 705
f 643 705 644
f 644 705 706
f 644 706 645
f 645 706 707
f 645 707 646
f 646 707 708
f 646 708 647
f 647 708 709
f 647 709 648
f 648 709 710
f 648 710 649
f 649 710 711
f 649 711 650
f 650 711 712
f 650 712 651
f 651 712 713
f 651 713 652
f 652 713 714
f 652 714 653
f 653 714 715
f 653 715 654
f 654 715 716
f 654 716 655
f 655 716 717
f 655 717 656
f 656 717 718
f 656 718 657
f 657 718 719
f 657 719 658
f 658 719 720
f 658 720 659
f 659 720 721
f 659 721 660
f 660 721 722
f 660 722 661
f 661 722 723
f 661 723 662
f 662 723 724
f 662 724 663
f 663 724 725
f 663 725 664
f 664 725 726
f 664 726 665
f 665 726 727
f 665 727 666
f 666 727 728
f 666 728 667
f 667 728 729
f 667 729 668
f 668 729 730
f 668 730 669
f 669 730 731
f 669 731 670
f 670 731 732
f 670 732 671
f 672 733 734
f 672 734 673
f 673 734 735
f 673 735 674
f 674 735 736
f 674 736 675
f 675 736 737
f 675 737 676
f 676 737 738
f 676 738 677
f 677 738 739
f 677 739 678
f 678 739 740
f 678 740 679
f 679 740 741
f 679 741 680
f 680 741 742
f 680 742 681
f 681 742 743
f 681 743 682
f 682 743 744
f 682 744 683
f 683 744 745
f 683 745 684
f 684 745 746
f 684 746 685
f 685 746 747
f 685 747 686
f 686 747 748
f 686 748 687
f 687 748 749
f 687 749 688
f 688 749 750
f 688 750 689
f 689 750 751
f 689 751 690
f 690 751 752
f 690 752 691
f 691 752 753
f 691 753 692
f 692 753 754
f 692 754 693
f 693 754 755
f 693 755 694
f 694 755 756
f 694 756 695
f 695 756 757
f 695 757 696
f 696 757 758
f 696 758 697
f 697 758 759
f 697 759 698
f 698 759 760
f 698 760 699
f 699 760 761
f 699 761 700
f 700 761 762
f 700 762 701
f 701 762 763
f 701 763 702
f 702 763 764
f 702 764 703
f 703 764 765
f 703 765 704
f 704 765 766
f 704 766 705
f 705 766 767
f 705 767 706
f 706 767 768
f 706 768 707
f 707 768 769
f 707 769 708
f 708 769 770
f 708 770 709
f 709 770 771
f 709 771 710
f 710 771 772
f 710 772 711
f 711 772 773
f 711 773 712
f 712 773 774
f 712 774 713
f 713 774 775
f 713 775 714
f 714 775 776
f 714 776 715
f 715 776 777
f 715 777 716
f 716 777 778
f 716 778 717
f 717 778 779
f 717 779 718
f 718 779 780
f 718 780 719
f 719 780 781
f 719 781 720
f 720 781 782
f 720 782 721
f 721 782 783
f 721 783 722
f 722 783 784
f 722 784 723
f 723 784 785
f 723 785 724
f 724 785 786
f 724 786 725
f 725 786 787
f 725 787 726
f 726 787 788
f 726 788 727
f 727 788 789
f 727 789 728
f 728 789 790
f 728 790 729
f 729 790 791
f 729 791 730
f 730 791 792
f 730 792 731
f 731 792 793
f 731 793 732
f 733 794 795
f 733 795 734
f 734 795 796
f 734 796 735
f 735 796 797
f 735 797 736
f 736 797 798
f 736 798 737
f 737 798 799
f 737 799 738
f 738 799 800
f 738 800 739
f 739 800 801
f 739 801 740
f 740 801 802
f 740 802 741
f 741 802 803
f 741 803 742
f 742 803 804
f 742 804 743
f 743 804 805
f 743 805 744
f 744 805 806
f 744 806 745
f 745 806 807
f 745 807 746
f 746 807 808
f 746 808 747
f 747 808 809
f 747 809 748
f 748 809 810
f 748 810 749
f 749 810 811
f 749 811 750
f 750 811 812
f 750 812 751
f 751 812 813
f 751 813 752
f 752 813 814
f 752 814 753
f 753 814 815
f 753 815 754
f 754 815 816
f 754 816 755
f 755 816 817
f 755 817 756
f 756 817 818
f 756 818 757
f 757 818 819
f 757 819 758
f 758 819 820
f 758 820 759
f 759 820 821
f 759 821 760
f 760 821 822
f 760 822 761
f 761 822 823
f 761 823 762
f 762 823 824
f 762 824 763
f 763 824 825
f 763 825 764
f 764 825 826
f 764 826 765
f 765 826 827
f 765 827 766
f 766 827 828
f 766 828 767
f 767 828 829
f 767 829 768
f 768 829 830
f 768 830 769
f 769 830 831
f 769 831 770
f 770 831 832
f 770 832 771
f 771 832 833
f 771 833 772
f 772 833 834
f 772 834 773
f 773 834 835
f 773 835 774
f 774 835 836
f 774 836 775
f 775 836 837
f 775 837 776
f 776 837 838
f 776 838 777
f 777 838 839
f 777 839 778
f 778 839 840
f 778 840 779
f 779 840 841
f 779 841 780
f 780 841 842
f 780 842 781
f 781 842 843
f 781 843 782
f 782 843 844
f 782 844 783
f 783 844 845
f 783 845 784
f 784 845 846
f 784 846 785
f 785 846 847
f 785 847 786
f 786 847 848
f 786 848 787
f 787 848 849
f 787 849 788
f 788 849 850
f 788 850 789
f 789 850 851
f 789 851 790
f 790 851 852
f 790 852 791
f 791 852 853
f 791 853 792
f 792 853 854
f 792 854 793
f 794 855 856
f 794 856 795
f 795 856 857
f 795 857 796
f 796 857 858
f 796 858 797
f 797 858 859
f 797 859 798
f 798 859 860
f 798 860 799
f 799 860 861
f 799 861 800
f 800 861 862
f 800 862 801
f 801 862 863
f 801 863 802
f 802 863 864
f 802 864 803
f 803 864 865
f 803 865 804
f 804 865 866
f 804 866 805
f 805 866 867
f 805 867 806
f 806 867 868
f 806 868 807
f 807 868 869
f 807 869 808
f 808 869 870
f 808 870 809
f 809 870 871
f 809 871 810
f 810 871 872
f 810 872 811
f 811 872 873
f 811 873 812
f 812 873 874
f 812 874 813
f 813 874 875
f 813 875 814
f 814 875 876
f 814 876 815
f 815 876 877
f 815 877 816
f 816 877 878
f 816 878 817
f 817 878 879
f 817 879 818
f 818 879 880
f 818 880 819
f 819 880 881
f 819 881 820
f 820 881 882
f 820 882 821
f 821 882 883
f 821 883 822
f 822 883 884
f 822 884 823
f 823 884 885
f 823 885 824
f 824 885 886
f 824 886 825
f 825 886 887
f 825 887 826
f 826 887 888
f 826 888 827
f 827 888 889
f 827 889 828
f 828 889 890
f 828 890 829
f 829 890 891
f 829 891 830
f 830 891 892
f 830 892 831
f 831 892 893
f 831 893 832
f 832 893 894
f 832 894 833
f 833 894 895
f 833 895 834
f 834 895 896
f 834 896 835
f 835 896 897
f 835 897 836
f 836 897 898
f 836 898 837
f 837 898 899
f 837 899 838
f 838 899 900
f 838 900 839
f 839 900 901
f 839 901 840
f 840 901 902
f 840 902 841
f 841 902 903
f 841 903 842
f 842 903 904
f 842 904 843
f 843 904 905
f 843 905 844
f 844 905 906
f 844 906 845
f 845 906 907
f 845 907 846
f 846 907 908
f 846 908 847
f 847 908 909
f 847 909 848
f 848 909 910
f 848 910 849
f 849 910 911
f 849 911 850
f 850 911 912
f 850 912 851
f 851 912 913
f 851 913 852
f 852 913 914
f 852 914 853
f 853 914 915
f 853 915 854
f 855 916 917
f 855 917 856
f 856 917 918
f 856 918 857
f 857 918 919
f 857 919 858
f 858 919 920
f 858 920 859
f 859 920 921
f 859 921 860
f 860 921 922
f 860 922 861
f 861 922 923
f 861 923 862
f 862 923 924
f 862 924 863
f 863 924 925
f 863 925 864
f 864 925 926
f 864 926 865
f 865 926 927
f 865 927 866
f 866 927 928
f 866 928 867
f 867 928 929
f 867 929 868
f 868 929 930
f 868 930 869
f 869 930 931
f 869 931 870
f 870 931 932
f 870 932 871
f 871 932 933
f 871 933 872
f 872 933 934
f 872 934 873
f 873 934 935
f 873 935 874
f 874 935 936
f 874 936 875
f 875 936 937
f 875 937 876
f 876 937 938
f 876 938 877
f 877 938 939
f 877 939 878
f 878 939 940
f 878 940 879
f 879 940 941
f 879 941 880
f 880 941 942
f 880 942 881
f 881 942 943
f 881 943 882
f 882 943 944
f 882 944 883
f 883 944 945
f 883 945 884
f 884 945 946
f 884 946 885
f 885 946 947
f 885 947 886
f 886 947 948
f 886 948 887
f 887 948 949
f 887 949 888
f 888 949 950
f 888 950 889
f 889 950 951
f 889 951 890
f 890 951 952
f 890 952 891
f 891 952 953
f 891 953 892
f 892 953 954
f 892 954 893
f 893 954 955
f 893 955 894
f 894 955 956
f 894 956 895
f 895 956 957
f 895 957 896
f 896 957 958
f 896 958 897
f 897 958 959
f 897 959 898
f 898 959 960
f 898 960 899
f 899 960 961
f 899 961 900
f 900 961 962
f 900 962 901
f 901 962 963
f 901 963 902
f 902 963 964
f 902 964 903
f 903 964 965
f 903 965 904
f 904 965 966
f 904 966 905
f 905 966 967
f 905 967 906
f 906 967 968
f 906 968 907
f 907 968 969
f 907 969 908
f 908 969 970
f 908 970 909
f 909 970 971
f 909 971 910
f 910 971 972
f 910 972 911
f 911 972 973
f 911 973 912
f 912 973 974
f 912 974 913
f 913 974 975
f 913 975 914
f 914 975 976
f 914 976 915
f 916 977 978
f 916 978 917
f 917 978 979
f 917 979 918
f 918 979 980
f 918 980 919
f 919 980 981
f 919 981 920
f 920 981 982
f 920 982 921
f 921 982 983
f 921 983 922
f 922 983 984
f 922 984 923
f 923 984 985
f 923 985 924
f 924 985 986
f 924 986 925
f 925 986 987
f 925 987 926
f 926 987 988
f 926 988 927
f 927 988 989
f 927 989 928
f 928 989 990
f 928 990 929
f 929 990 991
f 929 991 930
f 930 991 992
f 930 992 931
f 931 992 993
f 931 993 932
f 932 993 994
f 932 994 933
f 933 994 995
f 933 995 934
f 934 995 996
f 934 996 935
f 935 996 997
f 935 997 936
f 936 997 998
f 936 998 937
f 937 998 999
f 937 999 938
f 938 999 1000
f 938 1000 939
f 939 1000 1001
f 939 1001 940
f 940 1001 1002
f 940 1002 941
f 941 1002 1003
f 941 1003 942
f 942 1003 1004
f 942 1004 943
f 943 1004 1005
f 943 1005 944
f 944 1005 1006
f 944 1006 945
f 945 1006 1007
f 945 1007 946
f 946 1007 1008
f 946 1008 947
f 947 1008 1009
f 947 1009 948
f 948 1009 1010
f 948 1010 949
f 949 1010 1011
f 949 1011 950
f 950 1011 1012
f 950 1012 951
f 951 1012 1013
f 951 1013 952
f 952 1013 1014
f 952 1014 953
f 953 1014 1015
f 953 1015 954
f 954 1015 1016
f 954 1016 955
f 955 1016 1017
f 955 1017 956
f 956 1017 1018
f 956 1018 957
f 957 1018 1019
f 957 1019 958
f 958 1019 1020
f 958 1020 959
f 959 1020 1021
f 959 1021 960
f 960 1021 1022
f 960 1022 961
f 961 1022 1023
f 961 1023 962
f 962 1023 1024
f 962 1024 963
f 963 1024 1025
f 963 1025 964
f 964 1025 1026
f 964 1026 965
f 965 1026 1027
f 965 1027 966
f 966 1027 1028
f 966 1028 967
f 967 1028 1029
f 967 1029 968
f 968 1029 1030
f 968 1030 969
f 969 1030 1031
f 969 1031 970
f 970 1031 1032
f 970 1032 971
f 971 1032 1033
f 971 1033 972
f 972 1033 1034
f 972 1034 973
f 973 1034 1035
f 973 1035 974
f 974 1035 1036
f 974 1036 975
f 975 1036 1037
f 975 1037 976
f 977 1038 1039
f 977 1039 978
f 978 1039 1040
f 978 1040 979
f 979 1040 1041
f 979 1041 980
f 980 1041 1042
f 980 1042 981
f 981 1042 1043
f 981 1043 982
f 982 1043 1044
f 982 1044 983
f 983 1044 1045
f 983 1045 984
f 984 1045 1046
f 984 1046 985
f 985 1046 1047
f 985 1047 986
f 986 1047 1048
f 986 1048 987
f 987 1048 1049
f 987 1049 988
f 988 1049 1050
f 988 1050 989
f 989 1050 1051
f 989 1051 990
f 990 1051 1052
f 990 1052 991
f 991 1052 1053
f 991 1053 992
f 992 1053 1054
f 992 1054 993
f 993 1054 1055
f 993 1055 994
f 994 1055 1056
f 994 1056 995
f 995 1056 1057
f 995 1057 996
f 996 1057 1058
f 996 1058 997
f 997 1058 1059
f 997 1059 998
f 998 1059 1060
f 998 1060 999
f 999 1060 1061
f 999 1061 1000
f 1000 1061 1062
f 1000 1062 1001
f 1001 1062 1063
f 1001 1063 1002
f 1002 1063 1064
f 1002 1064 1003
f 1003 1064 1065
f 1003 1065 1004
f 1004 1065 1066
f 1004 1066 1005
f 1005 1066 1067
f 1005 1067 1006
f 1006 1067 1068
f 1006 1068 1007
f 1007 1068 1069
f 1007 1069 1008
f 1008 1069 1070
f 1008 1070 1009
f 1009 1070 1071
f 1009 1071 1010
f 1010 1071 1072
f 1010 1072 1011
f 1011 1072 1073
f 1011 1073 1012
f 1012 1073 1074
f 1012 1074 1013
f 1013 1074 1075
f 1013 1075 1014
f 1014 1075 1076
f 1014 1076 1015
f 1015 1076 1077
f 1015 1077 1016
f 1016 1077 1078
f 1016 1078 1017
f 1017 1078 1079
f 1017 1079 1018
f 1018 1079 1080
f 1018 1080 1019
f 1019 1080 1081
f 1019 1081 1020
f 1020 1081 1082
f 1020 1082 1021
f 1021 1082 1083
f 1021 1083 1022
f 1022 1083 1084
f 1022 1084 1023
f 1023 1084 1085
f 1023 1085 1024
f 1024 1085 1086
f 1024 1086 1025
f 1025 1086 1087
f 1025 1087 1026
f 1026 1087 1088
f 1026 1088 1027
f 1027 1088 1089
f 1027 1089 1028
f 1028 1089 1090
f 1028 1090 1029
f 1029 1090 1091
f 1029 1091 1030
f 1030 1091 1092
f 1030 1092 1031
f 1031 1092 1093
f 1031 1093 1032
f 1032 1093 1094
f 1032 1094 1033
f 1033 1094 1095
f 1033 1095 1034
f 1034 1095 1096
f 1034 1096 1035
f 1035 1096 1097
f 1035 1097 1036
f 1036 1097 1098
f 1036 1098 1037
f 1038 1099 1100
f 1038 1100 1039
f 1039 1100 1101
f 1039 1101 1040
f 1040 1101 1102
f 1040 1102 1041
f 1041 1102 1103
f 1041 1103 1042
f 1042 1103 1104
f 1042 1104 1043
f 1043 1104 1105
f 1043 1105 1044
f 1044 1105 1106
f 1044 1106 1045
f 1045 1106 1107
f 1045 1107 1046
f 1046 1107 1108
f 1046 1108 1047
f 1047 1108 1109
f 1047 1109 1048
f 1048 1109 1110
f 1048 1110 1049
f 1049 1110 1111
f 1049 1111 1050
f 1050 1111 1112
f 1050 1112 1051
f 1051 1112 1113
f 1051 1113 1052
f 1052 1113 1114
f 1052 1114 1053
f 1053 1114 1115
f 1053 1115 1054
f 1054 1115 1116
f 1054 1116 1055
f 1055 1116 1117
f 1055 1117 1056
f 1056 1117 1118
f 1056 1118 1057
f 1057 1118 1119
f 1057 1119 1058
f 1058 1119 1120
f 1058 1120 1059
f 1059 1120 1121
f 1059 1121 1060
f 1060 1121 1122
f 1060 1122 1061
f 1061 1122 1123
f 1061 1123 1062
f 1062 1123 1124
f 1062 1124 1063
f 1063 1124 1125
f 1063 1125 1064
f 1064 1125 1126
f 1064 1126 1065
f 1065 1126 1127
f 1065 1127 1066
f 1066 1127 1128
f 1066 1128 1067
f 1067 1128 1129
f 1067 1129 1068
f 1068 1129 1130
f 1068 1130 1069
f 1069 1130 1131
f 1069 1131 1070
f 1070 1131 1132
f 1070 1132 1071
f 1071 1132 1133
f 1071 1133 1072
f 1072 1133 1134
f 1072 1134 1073
f 1073 1134 1135
f 1073 1135 1074
f 1074 1135 1136
f 1074 1136 1075
f 1075 1136 1137
f 1075 1137 1076
f 1076 1137 1138
f 1076 1138 1077
f 1077 1138 1139
f 1077 1139 1078
f 1078 1139 1140
f 1078 1140 1079
f 1079 1140 1141
f 1079 1141 1080
f 1080 1141 1142
f 1080 1142 1081
f 1081 1142 1143
f 1081 1143 1082
f 1082 1143 1144
f 1082 1144 1083
f 1083 1144 1145
f 1083 1145 1084
f 1084 1145 1146
f 1084 1146 1085
f 1085 1146 1147
f 1085 1147 1086
f 1086 1147 1148
f 1086 1148 1087
f 1087 1148 1149
f 1087 1149 1088
f 1088 1149 1150
f 1088 1150 1089
f 1089 1150 1151
f 1089 1151 1090
f 1090 1151 1152
f 1090 1152 1091
f 1091 1152 1153
f 1091 1153 1092
f 1092 1153 1154
f 1092 1154 1093
f 1093 1154 1155
f 1093 1155 1094
f 1094 1155 1156
f 1094 1156 1095
f 1095 1156 1157
f 1095 1157 1096
f 1096 1157 1158
f 1096 1158 1097
f 1097 1158 1159
f 1097 1159 1098
f 1099 1160 1161
f 1099 1161 1100
f 1100 1161 1162
f 1100 1162 1101
f 1101 1162 1163
f 1101 1163 1102
f 1102 1163 1164
f 1102 1164 1103
f 1103 1164 1165
f 1103 1165 1104
f 1104 1165 1166
f 1104 1166 1105
f 1105 1166 1167
f 1105 1167 1106
f 1106 1167 1168
f 1106 1168 1107
f 1107 1168 1169
f 1107 1169 1108
f 1108 1169 1170
f 1108 1170 1109
f 1109 1170 1171
f 1109 1171 1110
f 1110 1171 1172
f 1110 1172 1111
f 1111 1172 1173
f 1111 1173 1112
f 1112 1173 1174
f 1112 1174 1113
f 1113 1174 1175
f 1113 1175 1114
f 1114 1175 1176
f 1114 1176 1115
f 1115 1176 1177
f 1115 1177 1116
f 1116 1177 1178
f 1116 1178 1117
f 1117 1178 1179
f 1117 1179 1118
f 1118 1179 1180
f 1118 1180 1119
f 1119 1180 1181
f 1119 1181 1120
f 1120 1181 1182
f 1120 1182 1121
f 1121 1182 1183
f 1121 1183 1122
f 1122 1183 1184
f 1122 1184 1123
f 1123 1184 1185
f 1123 1185 1124
f 1124 1185 1186
f 1124 1186 1125
f 1125 1186 1187
f 1125 1187 1126
f 1126 1187 1188
f 1126 1188 1127
f 1127 1188 1189
f 1127 1189 1128
f 1128 1189 1190
f 1128 1190 1129
f 1129 1190 1191
f 1129 1191 1130
f 1130 1191 1192
f 1130 1192 1131
f 1131 1192 1193
f 1131 1193 1132
f 1132 1193 1194
f 1132 1194 1133
f 1133 1194 1195
f 1133 1195 1134
f 1134 1195 1196
f 1134 1196 1135
f 1135 1196 1197
f 1135 1197 1136
f 1136 1197 1198
f 1136 1198 1137
f 1137 1198 1199
f 1137 1199 1138
f 1138 1199 1200
f 1138 1200 1139
f 1139 1200 1201
f 1139 1201 1140
f 1140 1201 1202
f 1140 1202 1141
f 1141 1202 1203
f 1141 1203 1142
f 1142 1203 1204
f 1142 1204 1143
f 1143 1204 1205
f 1143 1205 1144
f 1144 1205 1206
f 1144 1206 1145
f 1145 1206 1207
f 1145 1207 1146
f 1146 1207 1208
f 1146 1208 1147
f 1147 1208 1209
f 1147 1209 1148
f 1148 1209 1210
f 1148 1210 1149
f 1149 1210 1211
f 1149 1211 1150
f 1150 1211 1212
f 1150 1212 1151
f 1151 1212 1213
f 1151 1213 1152
f 1152 1213 1214
f 1152 1214 1153
f 1153 1214 1215
f 1153 1215 1154
f 1154 1215 1216
f 1154 1216 1155
f 1155 1216 1217
f 1155 1217 1156
f 1156 1217 1218
f 1156 1218 1157
f 1157 1218 1219
f 1157 1219 1158
f 1158 1219 1220
f 1158 1220 1159
f 1160 1221 1222
f 1160 1222 1161
f 1161 1222 1223
f 1161 1223 1162
f 1162 1223 1224
f 1162 1224 1163
f 1163 1224 1225
f 1163 1225 1164
f 1164 1225 1226
f 1164 1226 1165
f 1165 1226 1227
f 1165 1227 1166
f 1166 1227 1228
f 1166 1228 1167
f 1167 1228 1229
f 1167 1229 1168
f 1168 1229 1230
f 1168 1230 1169
f 1169 1230 1231
f 1169 1231 1170
f 1170 1231 1232
f 1170 1232 1171
f 1171 1232 1233
f 1171 1233 1172
f 1172 1233 1234
f 1172 1234 1173
f 1173 1234 1235
f 1173 1235 1174
f 1174 1235 1236
f 1174 1236 1175
f 1175 1236 1237
f 1175 1237 1176
f 1176 1237 1238
f 1176 1238 1177
f 1177 1238 1239
f 1177 1239 1178
f 1178 1239 1240
f 1178 1240 1179
f 1179 1240 1241
f 1179 1241 1180
f 1180 1241 1242
f 1180 1242 1181
f 1181 1242 1243
f 1181 1243 1182
f 1182 1243 1244
f 1182 1244 1183
f 1183 1244 1245
f 1183 1245 1184
f 1184 1245 1246
f 1184 1246 1185
f 1185 1246 1247
f 1185 1247 1186
f 1186 1247 1248
f 1186 1248 1187
f 1187 1248 1249
f 1187 1249 1188
f 1188 1249 1250
f 1188 1250 1189
f 1189 1250 1251
f 1189 1251 1190
f 1190 1251 1252
f 1190 1252 1191
f 1191 1252 1253
f 1191 1253 1192
f 1192 1253 1254
f 1192 1254 1193
f 1193 1254 1255
f 1193 1255 1194
f 1194 1255 1256
f 1194 1256 1195
f 1195 1256 1257
f 1195 1257 1196
f 1196 1257 1258
f 1196 1258 1197
f 1197 1258 1259
f 1197 1259 1198
f 1198 1259 1260
f 1198 1260 1199
f 1199 1260 1261
f 1199 1261 1200
f 1200 1261 1262
f 1200 1262 1201
f 1201 1262 1263
f 1201 1263 1202
f 1202 1263 1264
f 1202 1264 1203
f 1203 1264 1265
f 1203 1265 1204
f 1204 1265 1266
f 1204 1266 1205
f 1205 1266 1267
f 1205 1267 1206
f 1206 1267 1268
f 1206 1268 1207
f 1207 1268 1269
f 1207 1269 1208
f 1208 1269 1270
f 1208 1270 1209
f 1209 1270 1271
f 1209 1271 1210
f 1210 1271 1272
f 1210 1272 1211
f 1211 1272 1273
f 1211 1273 1212
f 1212 1273 1274
f 1212 1274 1213
f 1213 1274 1275
f 1213 1275 1214
f 1214 1275 1276
f 1214 1276 1215
f 1215 1276 1277
f 1215 1277 1216
f 1216 1277 1278
f 1216 1278 1217
f 1217 1278 1279
f 1217 1279 1218
f 1218 1279 1280
f 1218 1280 1219
f 1219 1280 1281
f 1219 1281 1220
f 1221 1282 1283
f 1221 1283 1222
f 1222 1283 1284
f 1222 1284 1223
f 1223 1284 1285
f 1223 1285 1224
f 1224 1285 1286
f 1224 1286 1225
f 1225 1286 1287
f 1225 1287 1226
f 1226 1287 1288
f 1226 1288 1227
f 1227 1288 1289
f 1227 1289 1228
f 1228 1289 1290
f 1228 1290 1229
f 1229 1290 1291
f 1229 1291 1230
f 1230 1291 1292
f 1230 1292 1231
f 1231 1292 1293
f 1231 1293 1232
f 1232 1293 1294
f 1232 1294 1233
f 1233 1294 1295
f 1233 1295 1234
f 1234 1295 1296
f 1234 1296 1235
f 1235 1296 1297
f 1235 1297 1236
f 1236 1297 1298
f 1236 1298 1237
f 1237 1298 1299
f 1237 1299 1238
f 1238 1299 1300
f 1238 1300 1239
f 1239 1300 1301
f 1239 1301 1240
f 1240 1301 1302
f 1240 1302 1241
f 1241 1302 1303
f 1241 1303 1242
f 1242 1303 1304
f 1242 1304 1243
f 1243 1304 1305
f 1243 1305 1244
f 1244 1305 1306
f 1244 1306 1245
f 1245 1306 1307
f 1245 1307 1246
f 1246 1307 1308
f 1246 1308 1247
f 1247 1308 1309
f 1247 1309 1248
f 1248 1309 1310
f 1248 1310 1249
f 1249 1310 1311
f 1249 1311 1250
f 1250 1311 1312
f 1250 1312 1251
f 1251 1312 1313
f 1251 1313 1252
f 1252 1313 1314
f 1252 1314 1253
f 1253 1314 1315
f 1253 1315 1254
f 1254 1315 1316
f 1254 1316 1255
f 1255 1316 1317
f 1255 1317 1256
f 1256 1317 1318
f 1256 1318 1257
f 1257 1318 1319
f 1257 1319 1258
f 1258 1319 1320
f 1258 1320 1259
f 1259 1320 1321
f 1259 1321 1260
f 1260 1321 1322
f 1260 1322 1261
f 1261 1322 1323
f 1261 1323 1262
f 1262 1323 1324
f 1262 1324 1263
f 1263 1324 1325
f 1263 1325 1264
f 1264 1325 1326
f 1264 1326 1265
f 1265 1326 1327
f 1265 1327 1266
f 1266 1327 1328
f 1266 1328 1267
f 1267 1328 1329
f 1267 1329 1268
f 1268 1329 1330
f 1268 1330 1269
f 1269 1330 1331
f 1269 1331 1270
f 1270 1331 1332
f 1270 1332 1271
f 1271 1332 1333
f 1271 1333 1272
f 1272 1333 1334
f 1272 1334 1273
f 1273 1334 1335
f 1273 1335 1274
f 1274 1335 1336
f 1274 1336 1275
f 1275 1336 1337
f 1275 1337 1276
f 1276 1337 1338
f 1276 1338 1277
f 1277 1338 1339
f 1277 1339 1278
f 1278 1339 1340
f 1278 1340 1279
f 1279 1340 1341
f 1279 1341 1280
f 1280 1341 1342
f 1280 1342 1281
f 1282 1343 1344
f 1282 1344 1283
f 1283 1344 1345
f 1283 1345 1284
f 1284 1345 1346
f 1284 1346 1285
f 1285 1346 1347
f 1285 1347 1286
f 1286 1347 1348
f 1286 1348 1287
f 1287 1348 1349
f 1287 1349 1288
f 1288 1349 1350
f 1288 1350 1289
f 1289 1350 1351
f 1289 1351 1290
f 1290 1351 1352
f 1290 1352 1291
f 1291 1352 1353
f 1291 1353 1292
f 1292 1353 1354
f 1292 1354 1293
f 1293 1354 1355
f 1293 1355 1294
f 1294 1355 1356
f 1294 1356 1295
f 1295 1356 1357
f 1295 1357 1296
f 1296 1357 1358
f 1296 1358 1297
f 1297 1358 1359
f 1297 1359 1298
f 1298 1359 1360
f 1298 1360 1299
f 1299 1360 1361
f 1299 1361 1300
f 1300 1361 1362
f 1300 1362 1301
f 1301 1362 1363
f 1301 1363 1302
f 1302 1363 1364
f 1302 1364 1303
f 1303 1364 1365
f 1303 1365 1304
f 1304 1365 1366
f 1304 1366 1305
f 1305 1366 1367
f 1305 1367 1306
f 1306 1367 1368
f 1306 1368 1307
f 1307 1368 1369
f 1307 1369 1308
f 1308 1369 1370
f 1308 1370 1309
f 1309 1370 1371
f 1309 1371 1310
f 1310 1371 1372
f 1310 1372 1311
f 1311 1372 1373
f 1311 1373 1312
f 1312 1373 1374
f 1312 1374 1313
f 1313 1374 1375
f 1313 1375 1314
f 1314 1375 1376
f 1314 1376 1315
f 1315 1376 1377
f 1315 1377 1316
f 1316 1377 1378
f 1316 1378 1317
f 1317 1378 1379
f 1317 1379 1318
f 1318 1379 1380
f 1318 1380 1319
f 1319 1380 1381
f 1319 1381 1320
f 1320 1381 1382
f 1320 1382 1321
f 1321 1382 1383
f 1321 1383 1322
f 1322 1383 1384
f 1322 1384 1323
f 1323 1384 1385
f 1323 1385 1324
f 1324 1385 1386
f 1324 1386 1325
f 1325 1386 1387
f 1325 1387 1326
f 1326 1387 1388
f 1326 1388 1327
f 1327 1388 1389
f 1327 1389 1328
f 1328 1389 1390
f 1328 1390 1329
f 1329 1390 1391
f 1329 1391 1330
f 1330 1391 1392
f 1330 1392 1331
f 1331 1392 1393
f 1331 1393 1332
f 1332 1393 1394
f 1332 1394 1333
f 1333 1394 1395
f 1333 1395 1334
f 1334 1395 1396
f 1334 1396 1335
f 1335 1396 1397
f 1335 1397 1336
f 1336 1397 1398
f 1336 1398 1337
f 1337 1398 1399
f 1337 1399 1338
f 1338 1399 1400
f 1338 1400 1339
f 1339 1400 1401
f 1339 1401 1340
f 1340 1401 1402
f 1340 1402 1341
f 1341 1402 1403
f 1341 1403 1342
f 1343 1404 1405
f 1343 1405 1344
f 1344 1405 1406
f 1344 1406 1345
f 1345 1406 1407
f 1345 1407 1346
f 1346 1407 1408
f 1346 1408 1347
f 1347 1408 1409
f 1347 1409 1348
f 1348 1409 1410
f 1348 1410 1349
f 1349 1410 1411
f 1349 1411 1350
f 1350 1411 1412
f 1350 1412 1351
f 1351 1412 1413
f 1351 1413 1352
f 1352 1413 1414
f 1352 1414 1353
f 1353 1414 1415
f 1353 1415 1354
f 1354 1415 1416
f 1354 1416 1355
f 1355 1416 1417
f 1355 1417 1356
f 1356 1417 1418
f 1356 1418 1357
f 1357 1418 1419
f 1357 1419 1358
f 1358 1419 1420
f 1358 1420 1359
f 1359 1420 1421
f 1359 1421 1360
f 1360 1421 1422
f 1360 1422 1361
f 1361 1422 1423
f 1361 1423 1362
f 1362 1423 1424
f 1362 1424 1363
f 1363 1424 1425
f 1363 1425 1364
f 1364 1425 1426
f 1364 1426 1365
f 1365 1426 1427
f 1365 1427 1366
f 1366 1427 1428
f 1366 1428 1367
f 1367 1428 1429
f 1367 1429 1368
f 1368 1429 1430
f 1368 1430 1369
f 1369 1430 1431
f 1369 1431 1370
f 1370 1431 1432
f 1370 1432 1371
f 1371 1432 1433
f 1371 1433 1372
f 1372 1433 1434
f 1372 1434 1373
f 1373 1434 1435
f 1373 1435 1374
f 1374 1435 1436
f 1374 1436 1375
f 1375 1436 1437
f 1375 1437 1376
f 1376 1437 1438
f 1376 1438 1377
f 1377 1438 1439
f 1377 1439 1378
f 1378 1439 1440
f 1378 1440 1379
f 1379 1440 1441
f 1379 1441 1380
f 1380 1441 1442
f 1380 1442 1381
f 1381 1442 1443
f 1381 1443 1382
f 1382 1443 1444
f 1382 1444 1383
f 1383 1444 1445
f 1383 1445 1384
f 1384 1445 1446
f 1384 1446 1385
f 1385 1446 1447
f 1385 1447 1386
f 1386 1447 1448
f 1386 1448 1387
f 1387 1448 1449
f 1387 1449 1388
f 1388 1449 1450
f 1388 1450 1389
f 1389 1450 1451
f 1389 1451 1390
f 1390 1451 1452
f 1390 1452 1391
f 1391 1452 1453
f 1391 1453 1392
f 1392 1453 1454
f 1392 1454 1393
f 1393 1454 1455
f 1393 1455 1394
f 1394 1455 1456
f 1394 1456 1395
f 1395 1456 1457
f 1395 1457 1396
f 1396 1457 1458
f 1396 1458 1397
f 1397 1458 1459
f 1397 1459 1398
f 1398 1459 1460
f 1398 1460 1399
f 1399 1460 1461
f 1399 1461 1400
f 1400 1461 1462
f 1400 1462 1401
f 1401 1462 1463
f 1401 1463 1402
f 1402 1463 1464
f 1402 1464 1403
f 1404 1465 1466
f 1404 1466 1405
f 1405 1466 1467
f 1405 1467 1406
f 1406 1467 1468
f 1406 1468 1407
f 1407 1468 1469
f 1407 1469 1408
f 1408 1469 1470
f 1408 1470 1409
f 1409 1470 1471
f 1409 1471 1410
f 1410 1471 1472
f 1410 1472 1411
f 1411 1472 1473
f 1411 1473 1412
f 1412 1473 1474
f 1412 1474 1413
f 1413 1474 1475
f 1413 1475 1414
f 1414 1475 1476
f 1414 1476 1415
f 1415 1476 1477
f 1415 1477 1416
f 1416 1477 1478
f 1416 1478 1417
f 1417 1478 1479
f 1417 1479 1418
f 1418 1479 1480
f 1418 1480 1419
f 1419 1480 1481
f 1419 1481 1420
f 1420 1481 1482
f 1420 1482 1421
f 1421 1482 1483
f 1421 1483 1422
f 1422 1483 1484
f 1422 1484 1423
f 1423 1484 1485
f 1423 1485 1424
f 1424 1485 1486
f 1424 1486 1425
f 1425 1486 1487
f 1425 1487 1426
f 1426 1487 1488
f 1426 1488 1427
f 1427 1488 1489
f 1427 1489 1428
f 1428 1489 1490
f 1428 1490 1429
f 1429 1490 1491
f 1429 1491 1430
f 1430 1491 1492
f 1430 1492 1431
f 1431 1492 1493
f 1431 1493 1432
f 1432 1493 1494
f 1432 1494 1433
f 1433 1494 1495
f 1433 1495 1434
f 1434 1495 1496
f 1434 1496 1435
f 1435 1496 1497
f 1435 1497 1436
f 1436 1497 1498
f 1436 1498 1437
f 1437 1498 1499
f 1437 1499 1438
f 1438 1499 1500
f 1438 1500 1439
f 1439 1500 1501
f 1439 1501 1440
f 1440 1501 1502
f 1440 1502 1441
f 1441 1502 1503
f 1441 1503 1442
f 1442 1503 1504
f 1442 1504 1443
f 1443 1504 1505
f 1443 1505 1444
f 1444 1505 1506
f 1444 1506 1445
f 1445 1506 1507
f 1445 1507 1446
f 1446 1507 1508
f 1446 1508 1447
f 1447 1508 1509
f 1447 1509 1448
f 1448 1509 1510
f 1448 1510 1449
f 1449 1510 1511
f 1449 1511 1450
f 1450 1511 1512
f 1450 1512 1451
f 1451 1512 1513
f 1451 1513 1452
f 1452 1513 1514
f 1452 1514 1453
f 1453 1514 1515
f 1453 1515 1454
f 1454 1515 1516
f 1454 1516 1455
f 1455 1516 1517
f 1455 1517 1456
f 1456 1517 1518
f 1456 1518 1457
f 1457 1518 1519
f 1457 1519 1458
f 1458 1519 1520
f 1458 1520 1459
f 1459 1520 1521
f 1459 1521 1460
f 1460 1521 1522
f 1460 1522 1461
f 1461 1522 1523
f 1461 1523 1462
f 1462 1523 1524
f 1462 1524 1463
f 1463 1524 1525
f 1463 1525 1464
f 1465 1526 1527
f 1465 1527 1466
f 1466 1527 1528
f 1466 1528 1467
f 1467 1528 1529
f 1467 1529 1468
f 1468 1529 1530
f 1468 1530 1469
f 1469 1530 1531
f 1469 1531 1470
f 1470 1531 1532
f 1470 1532 1471
f 1471 1532 1533
f 1471 1533 1472
f 1472 1533 1534
f 1472 1534 1473
f 1473 1534 1535
f 1473 1535 1474
f 1474 1535 1536
f 1474 1536 1475
f 1475 1536 1537
f 1475 1537 1476
f 1476 1537 1538
f 1476 1538 1477
f 1477 1538 1539
f 1477 1539 1478
f 1478 1539 1540
f 1478 1540 1479
f 1479 1540 1541
f 1479 1541 1480
f 1480 1541 1542
f 1480 1542 1481
f 1481 1542 1543
f 1481 1543 1482
f 1482 1543 1544
f 1482 1544 1483
f 1483 1544 1545
f 1483 1545 1484
f 1484 1545 1546
f 1484 1546 1485
f 1485 1546 1547
f 1485 1547 1486
f 1486 1547 1548
f 1486 1548 1487
f 1487 1548 1549
f 1487 1549 1488
f 1488 1549 1550
f 1488 1550 1489
f 1489 1550 1551
f 1489 1551 1490
f 1490 1551 1552
f 1490 1552 1491
f 1491 1552 1553
f 1491 1553 1492
f 1492 1553 1554
f 1492 1554 1493
f 1493 1554 1555
f 1493 1555 1494
f 1494 1555 1556
f 1494 1556 1495
f 1495 1556 1557
f 1495 1557 1496
f 1496 1557 1558
f 1496 1558 1497
f 1497 1558 1559
f 1497 1559 1498
f 1498 1559 1560
f 1498 1560 1499
f 1499 1560 1561
f 1499 1561 1500
f 1500 1561 1562
f 1500 1562 1501
f 1501 1562 1563
f 1501 1563 1502
f 1502 1563 1564
f 1502 1564 1503
f 1503 1564 1565
f 1503 1565 1504
f 1504 1565 1566
f 1504 1566 1505
f 1505 1566 1567
f 1505 1567 1506
f 1506 1567 1568
f 1506 1568 1507
f 1507 1568 1569
f 1507 1569 1508
f 1508 1569 1570
f 1508 1570 1509
f 1509 1570 1571
f 1509 1571 1510
f 1510 1571 1572
f 1510 1572 1511
f 1511 1572 1573
f 1511 1573 1512
f 1512 1573 1574
f 1512 1574 1513
f 1513 1574 1575
f 1513 1575 1514
f 1514 1575 1576
f 1514 1576 1515
f 1515 1576 1577
f 1515 1577 1516
f 1516 1577 1578
f 1516 1578 1517
f 1517 1578 1579
f 1517 1579 1518
f 1518 1579 1580
f 1518 1580 1519
f 1519 1580 1581
f 1519 1581 1520
f 1520 1581 1582
f 1520 1582 1521
f 1521 1582 1583
f 1521 1583 1522
f 1522 1583 1584
f 1522 1584 1523
f 1523 1584 1585
f 1523 1585 1524
f 1524 1585 1586
f 1524 1586 1525
f 1526 1587 1588
f 1526 1588 1527
f 1527 1588 1589
f 1527 1589 1528
f 1528 1589 1590
f 1528 1590 1529
f 1529 1590 1591
f 1529 1591 1530
f 1530 1591 1592
f 1530 1592 1531
f 1531 1592 1593
f 1531 1593 1532
f 1532 1593 1594
f 1532 1594 1533
f 1533 1594 1595
f 1533 1595 1534
f 1534 1595 1596
f 1534 1596 1535
f 1535 1596 1597
f 1535 1597 1536
f 1536 1597 1598
f 1536 1598 1537
f 1537 1598 1599
f 1537 1599 1538
f 1538 1599 1600
f 1538 1600 1539
f 1539 1600 1601
f 1539 1601 1540
f 1540 1601 1602
f 1540 1602 1541
f 1541 1602 1603
f 1541 1603 1542
f 1542 1603 1604
f 1542 1604 1543
f 1543 1604 1605
f 1543 1605 1544
f 1544 1605 1606
f 1544 1606 1545
f 1545 1606 1607
f 1545 1607 1546
f 1546 1607 1608
f 1546 1608 1547
f 1547 1608 1609
f 1547 1609 1548
f 1548 1609 1610
f 1548 1610 1549
f 1549 1610 1611
f 1549 1611 1550
f 1550 1611 1612
f 1550 1612 1551
f 1551 1612 1613
f 1551 1613 1552
f 1552 1613 1614
f 1552 1614 1553
f 1553 1614 1615
f 1553 1615 1554
f 1554 1615 1616
f 1554 1616 1555
f 1555 1616 1617
f 1555 1617 1556
f 1556 1617 1618
f 1556 1618 1557
f 1557 1618 1619
f 1557 1619 1558
f 1558 1619 1620
f 1558 1620 1559
f 1559 1620 1621
f 1559 1621 1560
f 1560 1621 1622
f 1560 1622 1561
f 1561 1622 1623
f 1561 1623 1562
f 1562 1623 1624
f 1562 1624 1563
f 1563 1624 1625
f 1563 1625 1564
f 1564 1625 1626
f 1564 1626 1565
f 1565 1626 1627
f 1565 1627 1566
f 1566 1627 1628
f 1566 1628 1567
f 1567 1628 1629
f 1567 1629 1568
f 1568 1629 1630
f 1568 1630 1569
f 1569 1630 1631
f 1569 1631 1570
f 1570 1631 1632
f 1570 1632 1571
f 1571 1632 1633
f 1571 1633 1572
f 1572 1633 1634
f 1572 1634 1573
f 1573 1634 1635
f 1573 1635 1574
f 1574 1635 1636
f 1574 1636 1575
f 1575 1636 1637
f 1575 1637 1576
f 1576 1637 1638
f 1576 1638 1577
f 1577 1638 1639
f 1577 1639 1578
f 1578 1639 1640
f 1578 1640 1579
f 1579 1640 1641
f 1579 1641 1580
f 1580 1641 1642
f 1580 1642 1581
f 1581 1642 1643
f 1581 1643 1582
f 1582 1643 1644
f 1582 1644 1583
f 1583 1644 1645
f 1583 1645 1584
f 1584 1645 1646
f 1584 1646 1585
f 1585 1646 1647
f 1585 1647 1586
f 1587 1648 1649
f 1587 1649 1588
f 1588 1649 1650
f 1588 1650 1589
f 1589 1650 1651
f 1589 1651 1590
f 1590 1651 1652
f 1590 1652 1591
f 1591 1652 1653
f 1591 1653 1592
f 1592 1653 1654
f 1592 1654 1593
f 1593 1654 1655
f 1593 1655 1594
f 1594 1655 1656
f 1594 1656 1595
f 1595 1656 1657
f 1595 1657 1596
f 1596 1657 1658
f 1596 1658 1597
f 1597 1658 1659
f 1597 1659 1598
f 1598 1659 1660
f 1598 1660 1599
f 1599 1660 1661
f 1599 1661 1600
f 1600 1661 1662
f 1600 1662 1601
f 1601 1662 1663
f 1601 1663 1602
f 1602 1663 1664
f 1602 1664 1603
f 1603 1664 1665
f 1603 1665 1604
f 1604 1665 1666
f 1604 1666 1605
f 1605 1666 1667
f 1605 1667 1606
f 1606 1667 1668
f 1606 1668 1607
f 1607 1668 1669
f 1607 1669 1608
f 1608 1669 1670
f 1608 1670 1609
f 1609 1670 1671
f 1609 1671 1610
f 1610 1671 1672
f 1610 1672 1611
f 1611 1672 1673
f 1611 1673 1612
f 1612 1673 1674
f 1612 1674 1613
f 1613 1674 1675
f 1613 1675 1614
f 1614 1675 1676
f 1614 1676 1615
f 1615 1676 1677
f 1615 1677 1616
f 1616 1677 1678
f 1616 1678 1617
f 1617 1678 1679
f 1617 1679 1618
f 1618 1679 1680
f 1618 1680 1619
f 1619 1680 1681
f 1619 1681 1620
f 1620 1681 1682
f 1620 1682 1621
f 1621 1682 1683
f 1621 1683 1622
f 1622 1683 1684
f 1622 1684 1623
f 1623 1684 1685
f 1623 1685 1624
f 1624 1685 1686
f 1624 1686 1625
f 1625 1686 1687
f 1625 1687 1626
f 1626 1687 1688
f 1626 1688 1627
f 1627 1688 1689
f 1627 1689 1628
f 1628 1689 1690
f 1628 1690 1629
f 1629 1690 1691
f 1629 1691 1630
f 1630 1691 1692
f 1630 1692 1631
f 1631 1692 1693
f 1631 1693 1632
f 1632 1693 1694
f 1632 1694 1633
f 1633 1694 1695
f 1633 1695 1634
f 1634 1695 1696
f 1634 1696 1635
f 1635 1696 1697
f 1635 1697 1636
f 1636 1697 1698
f 1636 1698 1637
f 1637 1698 1699
f 1637 1699 1638
f 1638 1699 1700
f 1638 1700 1639
f 1639 1700 1701
f 1639 1701 1640
f 1640 1701 1702
f 1640 1702 1641
f 1641 1702 1703
f 1641 1703 1642
f 1642 1703 1704
f 1642 1704 1643
f 1643 1704 1705
f 1643 1705 1644
f 1644 1705 1706
f 1644 1706 1645
f 1645 1706 1707
f 1645 1707 1646
f 1646 1707 1708
f 1646 1708 1647
f 1648 1709 1710
f 1648 1710 1649
f 1649 1710 1711
f 1649 1711 1650
f 1650 1711 1712
f 1650 1712 1651
f 1651 1712 1713
f 1651 1713 1652
f 1652 1713 1714
f 1652 1714 1653
f 1653 1714 1715
f 1653 1715 1654
f 1654 1715 1716
f 1654 1716 1655
f 1655 1716 1717
f 1655 1717 1656
f 1656 1717 1718
f 1656 1718 1657
f 1657 1718 1719
f 1657 1719 1658
f 1658 1719 1720
f 1658 1720 1659
f 1659 1720 1721
f 1659 1721 1660
f 1660 1721 1722
f 1660 1722 1661
f 1661 1722 1723
f 1661 1723 1662
f 1662 1723 1724
f 1662 1724 1663
f 1663 1724 1725
f 1663 1725 1664
f 1664 1725 1726
f 1664 1726 1665
f 1665 1726 1727
f 1665 1727 1666
f 1666 1727 1728
f 1666 1728 1667
f 1667 1728 1729
f 1667 1729 1668
f 1668 1729 1730
f 1668 1730 1669
f 1669 1730 1731
f 1669 1731 1670
f 1670 1731 1732
f 1670 1732 1671
f 1671 1732 1733
f 1671 1733 1672
f 1672 1733 1734
f 1672 1734 1673
f 1673 1734 1735
f 1673 1735 1674
f 1674 1735 1736
f 1674 1736 1675
f 1675 1736 1737
f 1675 1737 1676
f 1676 1737 1738
f 1676 1738 1677
f 1677 1738 1739
f 1677 1739 1678
f 1678 1739 1740
f 1678 1740 1679
f 1679 1740 1741
f 1679 1741 1680
f 1680 1741 1742
f 1680 1742 1681
f 1681 1742 1743
f 1681 1743 1682
f 1682 1743 1744
f 1682 1744 1683
f 1683 1744 1745
f 1683 1745 1684
f 1684 1745 1746
f 1684 1746 1685
f 1685 1746 1747
f 1685 1747 1686
f 1686 1747 1748
f 1686 1748 1687
f 1687 1748 1749
f 1687 1749 1688
f 1688 1749 1750
f 1688 1750 1689
f 1689 1750 1751
f 1689 1751 1690
f 1690 1751 1752
f 1690 1752 1691
f 1691 1752 1753
f 1691 1753 1692
f 1692 1753 1754
f 1692 1754 1693
f 1693 1754 1755
f 1693 1755 1694
f 1694 1755 1756
f 1694 1756 1695
f 1695 1756 1757
f 1695 1757 1696
f 1696 1757 1758
f 1696 1758 1697
f 1697 1758 1759
f 1697 1759 1698
f 1698 1759 1760
f 1698 1760 1699
f 1699 1760 1761
f 1699 1761 1700
f 1700 1761 1762
f 1700 1762 1701
f 1701 1762 1763
f 1701 1763 1702
f 1702 1763 1764
f 1702 1764 1703
f 1703 1764 1765
f 1703 1765 1704
f 1704 1765 1766
f 1704 1766 1705
f 1705 1766 1767
f 1705 1767 1706
f 1706 1767 1768
f 1706 1768 1707
f 1707 1768 1769
f 1707 1769 1708
f 1709 1770 1771
f 1709 1771 1710
f 1710 1771 1772
f 1710 1772 1711
f 1711 1772 1773
f 1711 1773 1712
f 1712 1773 1774
f 1712 1774 1713
f 1713 1774 1775
f 1713 1775 1714
f 1714 1775 1776
f 1714 1776 1715
f 1715 1776 1777
f 1715 1777 1716
f 1716 1777 1778
f 1716 1778 1717
f 1717 1778 1779
f 1717 1779 1718
f 1718 1779 1780
f 1718 1780 1719
f 1719 1780 1781
f 1719 1781 1720
f 1720 1781 1782
f 1720 1782 1721
f 1721 1782 1783
f 1721 1783 1722
f 1722 1783 1784
f 1722 1784 1723
f 1723 1784 1785
f 1723 1785 1724
f 1724 1785 1786
f 1724 1786 1725
f 1725 1786 1787
f 1725 1787 1726
f 1726 1787 1788
f 1726 1788 1727
f 1727 1788 1789
f 1727 1789 1728
f 1728 1789 1790
f 1728 1790 1729
f 1729 1790 1791
f 1729 1791 1730
f 1730 1791 1792
f 1730 1792 1731
f 1731 1792 1793
f 1731 1793 1732
f 1732 1793 1794
f 1732 1794 1733
f 1733 1794 1795
f 1733 1795 1734
f 1734 1795 1796
f 1734 1796 1735
f 1735 1796 1797
f 1735 1797 1736
f 1736 1797 1798
f 1736 1798 1737
f 1737 1798 1799
f 1737 1799 1738
f 1738 1799 1800
f 1738 1800 1739
f 1739 1800 1801
f 1739 1801 1740
f 1740 1801 1802
f 1740 1802 1741
f 1741 1802 1803
f 1741 1803 1742
f 1742 1803 1804
f 1742 1804 1743
f 1743 1804 1805
f 1743 1805 1744
f 1744 1805 1806
f 1744 1806 1745
f 1745 1806 1807
f 1745 1807 1746
f 1746 1807 1808
f 1746 1808 1747
f 1747 1808 1809
f 1747 1809 1748
f 1748 1809 1810
f 1748 1810 1749
f 1749 1810 1811
f 1749 1811 1750
f 1750 1811 1812
f 1750 1812 1751
f 1751 1812 1813
f 1751 1813 1752
f 1752 1813 1814
f 1752 1814 1753
f 1753 1814 1815
f 1753 1815 1754
f 1754 1815 1816
f 1754 1816 1755
f 1755 1816 1817
f 1755 1817 1756
f 1756 1817 1818
f 1756 1818 1757
f 1757 1818 1819
f 1757 1819 1758
f 1758 1819 1820
f 1758 1820 1759
f 1759 1820 1821
f 1759 1821 1760
f 1760 1821 1822
f 1760 1822 1761
f 1761 1822 1823
f 1761 1823 1762
f 1762 1823 1824
f 1762 1824 1763
f 1763 1824 1825
f 1763 1825 1764
f 1764 1825 1826
f 1764 1826 1765
f 1765 1826 1827
f 1765 1827 1766
f 1766 1827 1828
f 1766 1828 1767
f 1767 1828 1829
f 1767 1829 1768
f 1768 1829 1830
f 1768 1830 1769
f 1770 1831 1832
f 1770 1832 1771
f 1771 1832 1833
f 1771 1833 1772
f 1772 1833 1834
f 1772 1834 1773
f 1773 1834 1835
f 1773 1835 1774
f 1774 1835 1836
f 1774 1836 1775
f 1775 1836 1837
f 1775 1837 1776
f 1776 1837 1838
f 1776 1838 1777
f 1777 1838 1839
f 1777 1839 1778
f 1778 1839 1840
f 1778 1840 1779
f 1779 1840 1841
f 1779 1841 1780
f 1780 1841 1842
f 1780 1842 1781
f 1781 1842 1843
f 1781 1843 1782
f 1782 1843 1844
f 1782 1844 1783
f 1783 1844 1845
f 1783 1845 1784
f 1784 1845 1846
f 1784 1846 1785
f 1785 1846 1847
f 1785 1847 1786
f 1786 1847 1848
f 1786 1848 1787
f 1787 1848 1849
f 1787 1849 1788
f 1788 1849 1850
f 1788 1850 1789
f 1789 1850 1851
f 1789 1851 1790
f 1790 1851 1852
f 1790 1852 1791
f 1791 1852 1853
f 1791 1853 1792
f 1792 1853 1854
f 1792 1854 1793
f 1793 1854 1855
f 1793 1855 1794
f 1794 1855 1856
f 1794 1856 1795
f 1795 1856 1857
f 1795 1857 1796
f 1796 1857 1858
f 1796 1858 1797
f 1797 1858 1859
f 1797 1859 1798
f 1798 1859 1860
f 1798 1860 1799
f 1799 1860 1861
f 1799 1861 1800
f 1800 1861 1862
f 1800 1862 1801
f 1801 1862 1863
f 1801 1863 1802
f 1802 1863 1864
f 1802 1864 1803
f 1803 1864 1865
f 1803 1865 1804
f 1804 1865 1866
f 1804 1866 1805
f 1805 1866 1867
f 1805 1867 1806
f 1806 1867 1868
f 1806 1868 1807
f 1807 1868 1869
f 1807 1869 1808
f 1808 1869 1870
f 1808 1870 1809
f 1809 1870 1871
f 1809 1871 1810
f 1810 1871 1872
f 1810 1872 1811
f 1811 1872 1873
f 1811 1873 1812
f 1812 1873 1874
f 1812 1874 1813
f 1813 1874 1875
f 1813 1875 1814
f 1814 1875 1876
f 1814 1876 1815
f 1815 1876 1877
f 1815 1877 1816
f 1816 1877 1878
f 1816 1878 1817
f 1817 1878 1879
f 1817 1879 1818
f 1818 1879 1880
f 1818 1880 1819
f 1819 1880 1881
f 1819 1881 1820
f 1820 1881 1882
f 1820 1882 1821
f 1821 1882 1883
f 1821 1883 1822
f 1822 1883 1884
f 1822 1884 1823
f 1823 1884 1885
f 1823 1885 1824
f 1824 1885 1886
f 1824 1886 1825
f 1825 1886 1887
f 1825 1887 1826
f 1826 1887 1888
f 1826 1888 1827
f 1827 1888 1889
f 1827 1889 1828
f 1828 1889 1890
f 1828 1890 1829
f 1829 1890 1891
f 1829 1891 1830
f 1831 1892 1893
f 1831 1893 1832
f 1832 1893 1894
f 1832 1894 1833
f 1833 1894 1895
f 1833 1895 1834
f 1834 1895 1896
f 1834 1896 1835
f 1835 1896 1897
f 1835 1897 1836
f 1836 1897 1898
f 1836 1898 1837
f 1837 1898 1899
f 1837 1899 1838
f 1838 1899 1900
f 1838 1900 1839
f 1839 1900 1901
f 1839 1901 1840
f 1840 1901 1902
f 1840 1902 1841
f 1841 1902 1903
f 1841 1903 1842
f 1842 1903 1904
f 1842 1904 1843
f 1843 1904 1905
f 1843 1905 1844
f 1844 1905 1906
f 1844 1906 1845
f 1845 1906 1907
f 1845 1907 1846
f 1846 1907 1908
f 1846 1908 1847
f 1847 1908 1909
f 1847 1909 1848
f 1848 1909 1910
f 1848 1910 1849
f 1849 1910 1911
f 1849 1911 1850
f 1850 1911 1912
f 1850 1912 1851
f 1851 1912 1913
f 1851 1913 1852
f 1852 1913 1914
f 1852 1914 1853
f 1853 1914 1915
f 1853 1915 1854
f 1854 1915 1916
f 1854 1916 1855
f 1855 1916 1917
f 1855 1917 1856
f 1856 1917 1918
f 1856 1918 1857
f 1857 1918 1919
f 1857 1919 1858
f 1858 1919 1920
f 1858 1920 1859
f 1859 1920 1921
f 1859 1921 1860
f 1860 1921 1922
f 1860 1922 1861
f 1861 1922 1923
f 1861 1923 1862
f 1862 1923 1924
f 1862 1924 1863
f 1863 1924 1925
f 1863 1925 1864
f 1864 1925 1926
f 1864 1926 1865
f 1865 1926 1927
f 1865 1927 1866
f 1866 1927 1928
f 1866 1928 1867
f 1867 1928 1929
f 1867 1929 1868
f 1868 1929 1930
f 1868 1930 1869
f 1869 1930 1931
f 1869 1931 1870
f 1870 1931 1932
f 1870 1932 1871
f 1871 1932 1933
f 1871 1933 1872
f 1872 1933 1934
f 1872 1934 1873
f 1873 1934 1935
f 1873 1935 1874
f 1874 1935 1936
f 1874 1936 1875
f 1875 1936 1937
f 1875 1937 1876
f 1876 1937 1938
f 1876 1938 1877
f 1877 1938 1939
f 1877 1939 1878
f 1878 1939 1940
f 1878 1940 1879
f 1879 1940 1941
f 1879 1941 1880
f 1880 1941 1942
f 1880 1942 1881
f 1881 1942 1943
f 1881 1943 1882
f 1882 1943 1944
f 1882 1944 1883
f 1883 1944 1945
f 1883 1945 1884
f 1884 1945 1946
f 1884 1946 1885
f 1885 1946 1947
f 1885 1947 1886
f 1886 1947 1948
f 1886 1948 1887
f 1887 1948 1949
f 1887 1949 1888
f 1888 1949 1950
f 1888 1950 1889
f 1889 1950 1951
f 1889 1951 1890
f 1890 1951 1952
f 1890 1952 1891
f 1892 1953 1954
f 1892 1954 1893
f 1893 1954 1955
f 1893 1955 1894
f 1894 1955 1956
f 1894 1956 1895
f 1895 1956 1957
f 1895 1957 1896
f 1896 1957 1958
f 1896 1958 1897
f 1897 1958 1959
f 1897 1959 1898
f 1898 1959 1960
f 1898 1960 1899
f 1899 1960 1961
f 1899 1961 1900
f 1900 1961 1962
f 1900 1962 1901
f 1901 1962 1963
f 1901 1963 1902
f 1902 1963 1964
f 1902 1964 1903
f 1903 1964 1965
f 1903 1965 1904
f 1904 1965 1966
f 1904 1966 1905
f 1905 1966 1967
f 1905 1967 1906
f 1906 1967 1968
f 1906 1968 1907
f 1907 1968 1969
f 1907 1969 1908
f 1908 1969 1970
f 1908 1970 1909
f 1909 1970 1971
f 1909 1971 1910
f 1910 1971 1972
f 1910 1972 1911
f 1911 1972 1973
f 1911 1973 1912
f 1912 1973 1974
f 1912 1974 1913
f 1913 1974 1975
f 1913 1975 1914
f 1914 1975 1976
f 1914 1976 1915
f 1915 1976 1977
f 1915 1977 1916
f 1916 1977 1978
f 1916 1978 1917
f 1917 1978 1979
f 1917 1979 1918
f 1918 1979 1980
f 1918 1980 1919
f 1919 1980 1981
f 1919 1981 1920
f 1920 1981 1982
f 1920 1982 1921
f 1921 1982 1983
f 1921 1983 1922
f 1922 1983 1984
f 1922 1984 1923
f 1923 1984 1985
f 1923 1985 1924
f 1924 1985 1986
f 1924 1986 1925
f 1925 1986 1987
f 1925 1987 1926
f 1926 1987 1988
f 1926 1988 1927
f 1927 1988 1989
f 1927 1989 1928
f 1928 1989 1990
f 1928 1990 1929
f 1929 1990 1991
f 1929 1991 1930
f 1930 1991 1992
f 1930 1992 1931
f 1931 1992 1993
f 1931 1993 1932
f 1932 1993 1994
f 1932 1994 1933
f 1933 1994 1995
f 1933 1995 1934
f 1934 1995 1996
f 1934 1996 1935
f 1935 1996 1997
f 1935 1997 1936
f 1936 1997 1998
f 1936 1998 1937
f 1937 1998 1999
f 1937 1999 1938
f 1938 1999 2000
f 1938 2000 1939
f 1939 2000 2001
f 1939 2001 1940
f 1940 2001 2002
f 1940 2002 1941
f 1941 2002 2003
f 1941 2003 1942
f 1942 2003 2004
f 1942 2004 1943
f 1943 2004 2005
f 1943 2005 1944
f 1944 2005 2006
f 1944 2006 1945
f 1945 2006 2007
f 1945 2007 1946
f 1946 2007 2008
f 1946 2008 1947
f 1947 2008 2009
f 1947 2009 1948
f 1948 2009 2010
f 1948 2010 1949
f 1949 2010 2011
f 1949 2011 1950
f 1950 2011 2012
f 1950 2012 1951
f 1951 2012 2013
f 1951 2013 1952
f 1953 2014 2015
f 1953 2015 1954
f 1954 2015 2016
f 1954 2016 1955
f 1955 2016 2017
f 1955 2017 1956
f 1956 2017 2018
f 1956 2018 1957
f 1957 2018 2019
f 1957 2019 1958
f 1958 2019 2020
f 1958 2020 1959
f 1959 2020 2021
f 1959 2021 1960
f 1960 2021 2022
f 1960 2022 1961
f 1961 2022 2023
f 1961 2023 1962
f 1962 2023 2024
f 1962 2024 1963
f 1963 2024 2025
f 1963 2025 1964
f 1964 2025 2026
f 1964 2026 1965
f 1965 2026 2027
f 1965 2027 1966
f 1966 2027 2028
f 1966 2028 1967
f 1967 2028 2029
f 1967 2029 1968
f 1968 2029 2030
f 1968 2030 1969
f 1969 2030 2031
f 1969 2031 1970
f 1970 2031 2032
f 1970 2032 1971
f 1971 2032 2033
f 1971 2033 1972
f 1972 2033 2034
f 1972 2034 1973
f 1973 2034 2035
f 1973 2035 1974
f 1974 2035 2036
f 1974 2036 1975
f 1975 2036 2037
f 1975 2037 1976
f 1976 2037 2038
f 1976 2038 1977
f 1977 2038 2039
f 1977 2039 1978
f 1978 2039 2040
f 1978 2040 1979
f 1979 2040 2041
f 1979 2041 1980
f 1980 2041 2042
f 1980 2042 1981
f 1981 2042 2043
f 1981 2043 1982
f 1982 2043 2044
f 1982 2044 1983
f 1983 2044 2045
f 1983 2045 1984
f 1984 2045 2046
f 1984 2046 1985
f 1985 2046 2047
f 1985 2047 1986
f 1986 2047 2048
f 1986 2048 1987
f 1987 2048 2049
f 1987 2049 1988
f 1988 2049 2050
f 1988 2050 1989
f 1989 2050 2051
f 1989 2051 1990
f 1990 2051 2052
f 1990 2052 1991
f 1991 2052 2053
f 1991 2053 1992
f 1992 2053 2054
f 1992 2054 1993
f 1993 2054 2055
f 1993 2055 1994
f 1994 2055 2056
f 1994 2056 1995
f 1995 2056 2057
f 1995 2057 1996
f 1996 2057 2058
f 1996 2058 1997
f 1997 2058 2059
f 1997 2059 1998
f 1998 2059 2060
f 1998 2060 1999
f 1999 2060 2061
f 1999 2061 2000
f 2000 2061 2062
f 2000 2062 2001
f 2001 2062 2063
f 2001 2063 2002
f 2002 2063 2064
f 2002 2064 2003
f 2003 2064 2065
f 2003 2065 2004
f 2004 2065 2066
f 2004 2066 2005
f 2005 2066 2067
f 2005 2067 2006
f 2006 2067 2068
f 2006 2068 2007
f 2007 2068 2069
f 2007 2069 2008
f 2008 2069 2070
f 2008 2070 2009
f 2009 2070 2071
f 2009 2071 2010
f 2010 2071 2072
f 2010 2072 2011
f 2011 2072 2073
f 2011 2073 2012
f 2012 2073 2074
f 2012 2074 2013
f 2014 2075 2076
f 2014 2076 2015
f 2015 2076 2077
f 2015 2077 2016
f 2016 2077 2078
f 2016 2078 2017
f 2017 2078 2079
f 2017 2079 2018
f 2018 2079 2080
f 2018 2080 2019
f 2019 2080 2081
f 2019 2081 2020
f 2020 2081 2082
f 2020 2082 2021
f 2021 2082 2083
f 2021 2083 2022
f 2022 2083 2084
f 2022 2084 2023
f 2023 2084 2085
f 2023 2085 2024
f 2024 2085 2086
f 2024 2086 2025
f 2025 2086 2087
f 2025 2087 2026
f 2026 2087 2088
f 2026 2088 2027
f 2027 2088 2089
f 2027 2089 2028
f 2028 2089 2090
f 2028 2090 2029
f 2029 2090 2091
f 2029 2091 2030
f 2030 2091 2092
f 2030 2092 2031
f 2031 2092 2093
f 2031 2093 2032
f 2032 2093 2094
f 2032 2094 2033
f 2033 2094 2095
f 2033 2095 2034
f 2034 2095 2096
f 2034 2096 2035
f 2035 2096 2097
f 2035 2097 2036
f 2036 2097 2098
f 2036 2098 2037
f 2037 2098 2099
f 2037 2099 2038
f 2038 2099 2100
f 2038 2100 2039
f 2039 2100 2101
f 2039 2101 2040
f 2040 2101 2102
f 2040 2102 2041
f 2041 2102 2103
f 2041 2103 2042
f 2042 2103 2104
f 2042 2104 2043
f 2043 2104 2105
f 2043 2105 2044
f 2044 2105 2106
f 2044 2106 2045
f 2045 2106 2107
f 2045 2107 2046
f 2046 2107 2108
f 2046 2108 2047
f 2047 2108 2109
f 2047 2109 2048
f 2048 2109 2110
f 2048 2110 2049
f 2049 2110 2111
f 2049 2111 2050
f 2050 2111 2112
f 2050 2112 2051
f 2051 2112 2113
f 2051 2113 2052
f 2052 2113 2114
f 2052 2114 2053
f 2053 2114 2115
f 2053 2115 2054
f 2054 2115 2116
f 2054 2116 2055
f 2055 2116 2117
f 2055 2117 2056
f 2056 2117 2118
f 2056 2118 2057
f 2057 2118 2119
f 2057 2119 2058
f 2058 2119 2120
f 2058 2120 2059
f 2059 2120 2121
f 2059 2121 2060
f 2060 2121 2122
f 2060 2122 2061
f 2061 2122 2123
f 2061 2123 2062
f 2062 2123 2124
f 2062 2124 2063
f 2063 2124 2125
f 2063 2125 2064
f 2064 2125 2126
f 2064 2126 2065
f 2065 2126 2127
f 2065 2127 2066
f 2066 2127 2128
f 2066 2128 2067
f 2067 2128 2129
f 2067 2129 2068
f 2068 2129 2130
f 2068 2130 2069
f 2069 2130 2131
f 2069 2131 2070
f 2070 2131 2132
f 2070 2132 2071
f 2071 2132 2133
f 2071 2133 2072
f 2072 2133 2134
f 2072 2134 2073
f 2073 2134 2135
f 2073 2135 2074
f 2075 2136 2137
f 2075 2137 2076
f 2076 2137 2138
f 2076 2138 2077
f 2077 2138 2139
f 2077 2139 2078
f 2078 2139 2140
f 2078 2140 2079
f 2079 2140 2141
f 2079 2141 2080
f 2080 2141 2142
f 2080 2142 2081
f 2081 2142 2143
f 2081 2143 2082
f 2082 2143 2144
f 2082 2144 2083
f 2083 2144 2145
f 2083 2145 2084
f 2084 2145 2146
f 2084 2146 2085
f 2085 2146 2147
f 2085 2147 2086
f 2086 2147 2148
f 2086 2148 2087
f 2087 2148 2149
f 2087 2149 2088
f 2088 2149 2150
f 2088 2150 2089
f 2089 2150 2151
f 2089 2151 2090
f 2090 2151 2152
f 2090 2152 2091
f 2091 2152 2153
f 2091 2153 2092
f 2092 2153 2154
f 2092 2154 2093
f 2093 2154 2155
f 2093 2155 2094
f 2094 2155 2156
f 2094 2156 2095
f 2095 2156 2157
f 2095 2157 2096
f 2096 2157 2158
f 2096 2158 2097
f 2097 2158 2159
f 2097 2159 2098
f 2098 2159 2160
f 2098 2160 2099
f 2099 2160 2161
f 2099 2161 2100
f 2100 2161 2162
f 2100 2162 2101
f 2101 2162 2163
f 2101 2163 2102
f 2102 2163 2164
f 2102 2164 2103
f 2103 2164 2165
f 2103 2165 2104
f 2104 2165 2166
f 2104 2166 2105
f 2105 2166 2167
f 2105 2167 2106
f 2106 2167 2168
f 2106 2168 2107
f 2107 2168 2169
f 2107 2169 2108
f 2108 2169 2170
f 2108 2170 2109
f 2109 2170 2171
f 2109 2171 2110
f 2110 2171 2172
f 2110 2172 2111
f 2111 2172 2173
f 2111 2173 2112
f 2112 2173 2174
f 2112 2174 2113
f 2113 2174 2175
f 2113 2175 2114
f 2114 2175 2176
f 2114 2176 2115
f 2115 2176 2177
f 2115 2177 2116
f 2116 2177 2178
f 2116 2178 2117
f 2117 2178 2179
f 2117 2179 2118
f 2118 2179 2180
f 2118 2180 2119
f 2119 2180 2181
f 2119 2181 2120
f 2120 2181 2182
f 2120 2182 2121
f 2121 2182 2183
f 2121 2183 2122
f 2122 2183 2184
f 2122 2184 2123
f 2123 2184 2185
f 2123 2185 2124
f 2124 2185 2186
f 2124 2186 2125
f 2125 2186 2187
f 2125 2187 2126
f 2126 2187 2188
f 2126 2188 2127
f 2127 2188 2189
f 2127 2189 2128
f 2128 2189 2190
f 2128 2190 2129
f 2129 2190 2191
f 2129 2191 2130
f 2130 2191 2192
f 2130 2192 2131
f 2131 2192 2193
f 2131 2193 2132
f 2132 2193 2194
f 2132 2194 2133
f 2133 2194 2195
f 2133 2195 2134
f 2134 2195 2196
f 2134 2196 2135
f 2136 2197 2198
f 2136 2198 2137
f 2137 2198 2199
f 2137 2199 2138
f 2138 2199 2200
f 2138 2200 2139
f 2139 2200 2201
f 2139 2201 2140
f 2140 2201 2202
f 2140 2202 2141
f 2141 2202 2203
f 2141 2203 2142
f 2142 2203 2204
f 2142 2204 2143
f 2143 2204 2205
f 2143 2205 2144
f 2144 2205 2206
f 2144 2206 2145
f 2145 2206 2207
f 2145 2207 2146
f 2146 2207 2208
f 2146 2208 2147
f 2147 2208 2209
f 2147 2209 2148
f 2148 2209 2210
f 2148 2210 2149
f 2149 2210 2211
f 2149 2211 2150
f 2150 2211 2212
f 2150 2212 2151
f 2151 2212 2213
f 2151 2213 2152
f 2152 2213 2214
f 2152 2214 2153
f 2153 2214 2215
f 2153 2215 2154
f 2154 2215 2216
f 2154 2216 2155
f 2155 2216 2217
f 2155 2217 2156
f 2156 2217 2218
f 2156 2218 2157
f 2157 2218 2219
f 2157 2219 2158
f 2158 2219 2220
f 2158 2220 2159
f 2159 2220 2221
f 2159 2221 2160
f 2160 2221 2222
f 2160 2222 2161
f 2161 2222 2223
f 2161 2223 2162
f 2162 2223 2224
f 2162 2224 2163
f 2163 2224 2225
f 2163 2225 2164
f 2164 2225 2226
f 2164 2226 2165
f 2165 2226 2227
f 2165 2227 2166
f 2166 2227 2228
f 2166 2228 2167
f 2167 2228 2229
f 2167 2229 2168
f 2168 2229 2230
f 2168 2230 2169
f 2169 2230 2231
f 2169 2231 2170
f 2170 2231 2232
f 2170 2232 2171
f 2171 2232 2233
f 2171 2233 2172
f 2172 2233 2234
f 2172 2234 2173
f 2173 2234 2235
f 2173 2235 2174
f 2174 2235 2236
f 2174 2236 2175
f 2175 2236 2237
f 2175 2237 2176
f 2176 2237 2238
f 2176 2238 2177
f 2177 2238 2239
f 2177 2239 2178
f 2178 2239 2240
f 2178 2240 2179
f 2179 2240 2241
f 2179 2241 2180
f 2180 2241 2242
f 2180 2242 2181
f 2181 2242 2243
f 2181 2243 2182
f 2182 2243 2244
f 2182 2244 2183
f 2183 2244 2245
f 2183 2245 2184
f 2184 2245 2246
f 2184 2246 2185
f 2185 2246 2247
f 2185 2247 2186
f 2186 2247 2248
f 2186 2248 2187
f 2187 2248 2249
f 2187 2249 2188
f 2188 2249 2250
f 2188 2250 2189
f 2189 2250 2251
f 2189 2251 2190
f 2190 2251 2252
f 2190 2252 2191
f 2191 2252 2253
f 2191 2253 2192
f 2192 2253 2254
f 2192 2254 2193
f 2193 2254 2255
f 2193 2255 2194
f 2194 2255 2256
f 2194 2256 2195
f 2195 2256 2257
f 2195 2257 2196
f 2197 2258 2259
f 2197 2259 2198
f 2198 2259 2260
f 2198 2260 2199
f 2199 2260 2261
f 2199 2261 2200
f 2200 2261 2262
f 2200 2262 2201
f 2201 2262 2263
f 2201 2263 2202
f 2202 2263 2264
f 2202 2264 2203
f 2203 2264 2265
f 2203 2265 2204
f 2204 2265 2266
f 2204 2266 2205
f 2205 2266 2267
f 2205 2267 2206
f 2206 2267 2268
f 2206 2268 2207
f 2207 2268 2269
f 2207 2269 2208
f 2208 2269 2270
f 2208 2270 2209
f 2209 2270 2271
f 2209 2271 2210
f 2210 2271 2272
f 2210 2272 2211
f 2211 2272 2273
f 2211 2273 2212
f 2212 2273 2274
f 2212 2274 2213
f 2213 2274 2275
f 2213 2275 2214
f 2214 2275 2276
f 2214 2276 2215
f 2215 2276 2277
f 2215 2277 2216
f 2216 2277 2278
f 2216 2278 2217
f 2217 2278 2279
f 2217 2279 2218
f 2218 2279 2280
f 2218 2280 2219
f 2219 2280 2281
f 2219 2281 2220
f 2220 2281 2282
f 2220 2282 2221
f 2221 2282 2283
f 2221 2283 2222
f 2222 2283 2284
f 2222 2284 2223
f 2223 2284 2285
f 2223 2285 2224
f 2224 2285 2286
f 2224 2286 2225
f 2225 2286 2287
f 2225 2287 2226
f 2226 2287 2288
f 2226 2288 2227
f 2227 2288 2289
f 2227 2289 2228
f 2228 2289 2290
f 2228 2290 2229
f 2229 2290 2291
f 2229 2291 2230
f 2230 2291 2292
f 2230 2292 2231
f 2231 2292 2293
f 2231 2293 2232
f 2232 2293 2294
f 2232 2294 2233
f 2233 2294 2295
f 2233 2295 2234
f 2234 2295 2296
f 2234 2296 2235
f 2235 2296 2297
f 2235 2297 2236
f 2236 2297 2298
f 2236 2298 2237
f 2237 2298 2299
f 2237 2299 2238
f 2238 2299 2300
f 2238 2300 2239
f 2239 2300 2301
f 2239 2301 2240
f 2240 2301 2302
f 2240 2302 2241
f 2241 2302 2303
f 2241 2303 2242
f 2242 2303 2304
f 2242 2304 2243
f 2243 2304 2305
f 2243 2305 2244
f 2244 2305 2306
f 2244 2306 2245
f 2245 2306 2307
f 2245 2307 2246
f 2246 2307 2308
f 2246 2308 2247
f 2247 2308 2309
f 2247 2309 2248
f 2248 2309 2310
f 2248 2310 2249
f 2249 2310 2311
f 2249 2311 2250
f 2250 2311 2312
f 2250 2312 2251
f 2251 2312 2313
f 2251 2313 2252
f 2252 2313 2314
f 2252 2314 2253
f 2253 2314 2315
f 2253 2315 2254
f 2254 2315 2316
f 2254 2316 2255
f 2255 2316 2317
f 2255 2317 2256
f 2256 2317 2318
f 2256 2318 2257
f 2258 2319 2320
f 2258 2320 2259
f 2259 2320 2321
f 2259 2321 2260
f 2260 2321 2322
f 2260 2322 2261
f 2261 2322 2323
f 2261 2323 2262
f 2262 2323 2324
f 2262 2324 2263
f 2263 2324 2325
f 2263 2325 2264
f 2264 2325 2326
f 2264 2326 2265
f 2265 2326 2327
f 2265 2327 2266
f 2266 2327 2328
f 2266 2328 2267
f 2267 2328 2329
f 2267 2329 2268
f 2268 2329 2330
f 2268 2330 2269
f 2269 2330 2331
f 2269 2331 2270
f 2270 2331 2332
f 2270 2332 2271
f 2271 2332 2333
f 2271 2333 2272
f 2272 2333 2334
f 2272 2334 2273
f 2273 2334 2335
f 2273 2335 2274
f 2274 2335 2336
f 2274 2336 2275
f 2275 2336 2337
f 2275 2337 2276
f 2276 2337 2338
f 2276 2338 2277
f 2277 2338 2339
f 2277 2339 2278
f 2278 2339 2340
f 2278 2340 2279
f 2279 2340 2341
f 2279 2341 2280
f 2280 2341 2342
f 2280 2342 2281
f 2281 2342 2343
f 2281 2343 2282
f 2282 2343 2344
f 2282 2344 2283
f 2283 2344 2345
f 2283 2345 2284
f 2284 2345 2346
f 2284 2346 2285
f 2285 2346 2347
f 2285 2347 2286
f 2286 2347 2348
f 2286 2348 2287
f 2287 2348 2349
f 2287 2349 2288
f 2288 2349 2350
f 2288 2350 2289
f 2289 2350 2351
f 2289 2351 2290
f 2290 2351 2352
f 2290 2352 2291
f 2291 2352 2353
f 2291 2353 2292
f 2292 2353 2354
f 2292 2354 2293
f 2293 2354 2355
f 2293 2355 2294
f 2294 2355 2356
f 2294 2356 2295
f 2295 2356 2357
f 2295 2357 2296
f 2296 2357 2358
f 2296 2358 2297
f 2297 2358 2359
f 2297 2359 2298
f 2298 2359 2360
f 2298 2360 2299
f 2299 2360 2361
f 2299 2361 2300
f 2300 2361 2362
f 2300 2362 2301
f 2301 2362 2363
f 2301 2363 2302
f 2302 2363 2364
f 2302 2364 2303
f 2303 2364 2365
f 2303 2365 2304
f 2304 2365 2366
f 2304 2366 2305
f 2305 2366 2367
f 2305 2367 2306
f 2306 2367 2368
f 2306 2368 2307
f 2307 2368 2369
f 2307 2369 2308
f 2308 2369 2370
f 2308 2370 2309
f 2309 2370 2371
f 2309 2371 2310
f 2310 2371 2372
f 2310 2372 2311
f 2311 2372 2373
f 2311 2373 2312
f 2312 2373 2374
f 2312 2374 2313
f 2313 2374 2375
f 2313 2375 2314
f 2314 2375 2376
f 2314 2376 2315
f 2315 2376 2377
f 2315 2377 2316
f 2316 2377 2378
f 2316 2378 2317
f 2317 2378 2379
f 2317 2379 2318
f 2319 2380 2381
f 2319 2381 2320
f 2320 2381 2382
f 2320 2382 2321
f 2321 2382 2383
f 2321 2383 2322
f 2322 2383 2384
f 2322 2384 2323
f 2323 2384 2385
f 2323 2385 2324
f 2324 2385 2386
f 2324 2386 2325
f 2325 2386 2387
f 2325 2387 2326
f 2326 2387 2388
f 2326 2388 2327
f 2327 2388 2389
f 2327 2389 2328
f 2328 2389 2390
f 2328 2390 2329
f 2329 2390 2391
f 2329 2391 2330
f 2330 2391 2392
f 2330 2392 2331
f 2331 2392 2393
f 2331 2393 2332
f 2332 2393 2394
f 2332 2394 2333
f 2333 2394 2395
f 2333 2395 2334
f 2334 2395 2396
f 2334 2396 2335
f 2335 2396 2397
f 2335 2397 2336
f 2336 2397 2398
f 2336 2398 2337
f 2337 2398 2399
f 2337 2399 2338
f 2338 2399 2400
f 2338 2400 2339
f 2339 2400 2401
f 2339 2401 2340
f 2340 2401 2402
f 2340 2402 2341
f 2341 2402 2403
f 2341 2403 2342
f 2342 2403 2404
f 2342 2404 2343
f 2343 2404 2405
f 2343 2405 2344
f 2344 2405 2406
f 2344 2406 2345
f 2345 2406 2407
f 2345 2407 2346
f 2346 2407 2408
f 2346 2408 2347
f 2347 2408 2409
f 2347 2409 2348
f 2348 2409 2410
f 2348 2410 2349
f 2349 2410 2411
f 2349 2411 2350
f 2350 2411 2412
f 2350 2412 2351
f 2351 2412 2413
f 2351 2413 2352
f 2352 2413 2414
f 2352 2414 2353
f 2353 2414 2415
f 2353 2415 2354
f 2354 2415 2416
f 2354 2416 2355
f 2355 2416 2417
f 2355 2417 2356
f 2356 2417 2418
f 2356 2418 2357
f 2357 2418 2419
f 2357 2419 2358
f 2358 2419 2420
f 2358 2420 2359
f 2359 2420 2421
f 2359 2421 2360
f 2360 2421 2422
f 2360 2422 2361
f 2361 2422 2423
f 2361 2423 2362
f 2362 2423 2424
f 2362 2424 2363
f 2363 2424 2425
f 2363 2425 2364
f 2364 2425 2426
f 2364 2426 2365
f 2365 2426 2427
f 2365 2427 2366
f 2366 2427 2428
f 2366 2428 2367
f 2367 2428 2429
f 2367 2429 2368
f 2368 2429 2430
f 2368 2430 2369
f 2369 2430 2431
f 2369 2431 2370
f 2370 2431 2432
f 2370 2432 2371
f 2371 2432 2433
f 2371 2433 2372
f 2372 2433 2434
f 2372 2434 2373
f 2373 2434 2435
f 2373 2435 2374
f 2374 2435 2436
f 2374 2436 2375
f 2375 2436 2437
f 2375 2437 2376
f 2376 2437 2438
f 2376 2438 2377
f 2377 2438 2439
f 2377 2439 2378
f 2378 2439 2440
f 2378 2440 2379
f 2380 2441 2442
f 2380 2442 2381
f 2381 2442 2443
f 2381 2443 2382
f 2382 2443 2444
f 2382 2444 2383
f 2383 2444 2445
f 2383 2445 2384
f 2384 2445 2446
f 2384 2446 2385
f 2385 2446 2447
f 2385 2447 2386
f 2386 2447 2448
f 2386 2448 2387
f 2387 2448 2449
f 2387 2449 2388
f 2388 2449 2450
f 2388 2450 2389
f 2389 2450 2451
f 2389 2451 2390
f 2390 2451 2452
f 2390 2452 2391
f 2391 2452 2453
f 2391 2453 2392
f 2392 2453 2454
f 2392 2454 2393
f 2393 2454 2455
f 2393 2455 2394
f 2394 2455 2456
f 2394 2456 2395
f 2395 2456 2457
f 2395 2457 2396
f 2396 2457 2458
f 2396 2458 2397
f 2397 2458 2459
f 2397 2459 2398
f 2398 2459 2460
f 2398 2460 2399
f 2399 2460 2461
f 2399 2461 2400
f 2400 2461 2462
f 2400 2462 2401
f 2401 2462 2463
f 2401 2463 2402
f 2402 2463 2464
f 2402 2464 2403
f 2403 2464 2465
f 2403 2465 2404
f 2404 2465 2466
f 2404 2466 2405
f 2405 2466 2467
f 2405 2467 2406
f 2406 2467 2468
f 2406 2468 2407
f 2407 2468 2469
f 2407 2469 2408
f 2408 2469 2470
f 2408 2470 2409
f 2409 2470 2471
f 2409 2471 2410
f 2410 2471 2472
f 2410 2472 2411
f 2411 2472 2473
f 2411 2473 2412
f 2412 2473 2474
f 2412 2474 2413
f 2413 2474 2475
f 2413 2475 2414
f 2414 2475 2476
f 2414 2476 2415
f 2415 2476 2477
f 2415 2477 2416
f 2416 2477 2478
f 2416 2478 2417
f 2417 2478 2479
f 2417 2479 2418
f 2418 2479 2480
f 2418 2480 2419
f 2419 2480 2481
f 2419 2481 2420
f 2420 2481 2482
f 2420 2482 2421
f 2421 2482 2483
f 2421 2483 2422
f 2422 2483 2484
f 2422 2484 2423
f 2423 2484 2485
f 2423 2485 2424
f 2424 2485 2486
f 2424 2486 2425
f 2425 2486 2487
f 2425 2487 2426
f 2426 2487 2488
f 2426 2488 2427
f 2427 2488 2489
f 2427 2489 2428
f 2428 2489 2490
f 2428 2490 2429
f 2429 2490 2491
f 2429 2491 2430
f 2430 2491 2492
f 2430 2492 2431
f 2431 2492 2493
f 2431 2493 2432
f 2432 2493 2494
f 2432 2494 2433
f 2433 2494 2495
f 2433 2495 2434
f 2434 2495 2496
f 2434 2496 2435
f 2435 2496 2497
f 2435 2497 2436
f 2436 2497 2498
f 2436 2498 2437
f 2437 2498 2499
f 2437 2499 2438
f 2438 2499 2500
f 2438 2500 2439
f 2439 2500 2501
f 2439 2501 2440
f 2441 2502 2503
f 2441 2503 2442
f 2442 2503 2504
f 2442 2504 2443
f 2443 2504 2505
f 2443 2505 2444
f 2444 2505 2506
f 2444 2506 2445
f 2445 2506 2507
f 2445 2507 2446
f 2446 2507 2508
f 2446 2508 2447
f 2447 2508 2509
f 2447 2509 2448
f 2448 2509 2510
f 2448 2510 2449
f 2449 2510 2511
f 2449 2511 2450
f 2450 2511 2512
f 2450 2512 2451
f 2451 2512 2513
f 2451 2513 2452
f 2452 2513 2514
f 2452 2514 2453
f 2453 2514 2515
f 2453 2515 2454
f 2454 2515 2516
f 2454 2516 2455
f 2455 2516 2517
f 2455 2517 2456
f 2456 2517 2518
f 2456 2518 2457
f 2457 2518 2519
f 2457 2519 2458
f 2458 2519 2520
f 2458 2520 2459
f 2459 2520 2521
f 2459 2521 2460
f 2460 2521 2522
f 2460 2522 2461
f 2461 2522 2523
f 2461 2523 2462
f 2462 2523 2524
f 2462 2524 2463
f 2463 2524 2525
f 2463 2525 2464
f 2464 2525 2526
f 2464 2526 2465
f 2465 2526 2527
f 2465 2527 2466
f 2466 2527 2528
f 2466 2528 2467
f 2467 2528 2529
f 2467 2529 2468
f 2468 2529 2530
f 2468 2530 2469
f 2469 2530 2531
f 2469 2531 2470
f 2470 2531 2532
f 2470 2532 2471
f 2471 2532 2533
f 2471 2533 2472
f 2472 2533 2534
f 2472 2534 2473
f 2473 2534 2535
f 2473 2535 2474
f 2474 2535 2536
f 2474 2536 2475
f 2475 2536 2537
f 2475 2537 2476
f 2476 2537 2538
f 2476 2538 2477
f 2477 2538 2539
f 2477 2539 2478
f 2478 2539 2540
f 2478 2540 2479
f 2479 2540 2541
f 2479 2541 2480
f 2480 2541 2542
f 2480 2542 2481
f 2481 2542 2543
f 2481 2543 2482
f 2482 2543 2544
f 2482 2544 2483
f 2483 2544 2545
f 2483 2545 2484
f 2484 2545 2546
f 2484 2546 2485
f 2485 2546 2547
f 2485 2547 2486
f 2486 2547 2548
f 2486 2548 2487
f 2487 2548 2549
f 2487 2549 2488
f 2488 2549 2550
f 2488 2550 2489
f 2489 2550 2551
f 2489 2551 2490
f 2490 2551 2552
f 2490 2552 2491
f 2491 2552 2553
f 2491 2553 2492
f 2492 2553 2554
f 2492 2554 2493
f 2493 2554 2555
f 2493 2555 2494
f 2494 2555 2556
f 2494 2556 2495
f 2495 2556 2557
f 2495 2557 2496
f 2496 2557 2558
f 2496 2558 2497
f 2497 2558 2559
f 2497 2559 2498
f 2498 2559 2560
f 2498 2560 2499
f 2499 2560 2561
f 2499 2561 2500
f 2500 2561 2562
f 2500 2562 2501
f 2502 2563 2564
f 2502 2564 2503
f 2503 2564 2565
f 2503 2565 2504
f 2504 2565 2566
f 2504 2566 2505
f 2505 2566 2567
f 2505 2567 2506
f 2506 2567 2568
f 2506 2568 2507
f 2507 2568 2569
f 2507 2569 2508
f 2508 2569 2570
f 2508 2570 2509
f 2509 2570 2571
f 2509 2571 2510
f 2510 2571 2572
f 2510 2572 2511
f 2511 2572 2573
f 2511 2573 2512
f 2512 2573 2574
f 2512 2574 2513
f 2513 2574 2575
f 2513 2575 2514
f 2514 2575 2576
f 2514 2576 2515
f 2515 2576 2577
f 2515 2577 2516
f 2516 2577 2578
f 2516 2578 2517
f 2517 2578 2579
f 2517 2579 2518
f 2518 2579 2580
f 2518 2580 2519
f 2519 2580 2581
f 2519 2581 2520
f 2520 2581 2582
f 2520 2582 2521
f 2521 2582 2583
f 2521 2583 2522
f 2522 2583 2584
f 2522 2584 2523
f 2523 2584 2585
f 2523 2585 2524
f 2524 2585 2586
f 2524 2586 2525
f 2525 2586 2587
f 2525 2587 2526
f 2526 2587 2588
f 2526 2588 2527
f 2527 2588 2589
f 2527 2589 2528
f 2528 2589 2590
f 2528 2590 2529
f 2529 2590 2591
f 2529 2591 2530
f 2530 2591 2592
f 2530 2592 2531
f 2531 2592 2593
f 2531 2593 2532
f 2532 2593 2594
f 2532 2594 2533
f 2533 2594 2595
f 2533 2595 2534
f 2534 2595 2596
f 2534 2596 2535
f 2535 2596 2597
f 2535 2597 2536
f 2536 2597 2598
f 2536 2598 2537
f 2537 2598 2599
f 2537 2599 2538
f 2538 2599 2600
f 2538 2600 2539
f 2539 2600 2601
f 2539 2601 2540
f 2540 2601 2602
f 2540 2602 2541
f 2541 2602 2603
f 2541 2603 2542
f 2542 2603 2604
f 2542 2604 2543
f 2543 2604 2605
f 2543 2605 2544
f 2544 2605 2606
f 2544 2606 2545
f 2545 2606 2607
f 2545 2607 2546
f 2546 2607 2608
f 2546 2608 2547
f 2547 2608 2609
f 2547 2609 2548
f 2548 2609 2610
f 2548 2610 2549
f 2549 2610 2611
f 2549 2611 2550
f 2550 2611 2612
f 2550 2612 2551
f 2551 2612 2613
f 2551 2613 2552
f 2552 2613 2614
f 2552 2614 2553
f 2553 2614 2615
f 2553 2615 2554
f 2554 2615 2616
f 2554 2616 2555
f 2555 2616 2617
f 2555 2617 2556
f 2556 2617 2618
f 2556 2618 2557
f 2557 2618 2619
f 2557 2619 2558
f 2558 2619 2620
f 2558 2620 2559
f 2559 2620 2621
f 2559 2621 2560
f 2560 2621 2622
f 2560 2622 2561
f 2561 2622 2623
f 2561 2623 2562
f 2563 2624 2625
f 2563 2625 2564
f 2564 2625 2626
f 2564 2626 2565
f 2565 2626 2627
f 2565 2627 2566
f 2566 2627 2628
f 2566 2628 2567
f 2567 2628 2629
f 2567 2629 2568
f 2568 2629 2630
f 2568 2630 2569
f 2569 2630 2631
f 2569 2631 2570
f 2570 2631 2632
f 2570 2632 2571
f 2571 2632 2633
f 2571 2633 2572
f 2572 2633 2634
f 2572 2634 2573
f 2573 2634 2635
f 2573 2635 2574
f 2574 2635 2636
f 2574 2636 2575
f 2575 2636 2637
f 2575 2637 2576
f 2576 2637 2638
f 2576 2638 2577
f 2577 2638 2639
f 2577 2639 2578
f 2578 2639 2640
f 2578 2640 2579
f 2579 2640 2641
f 2579 2641 2580
f 2580 2641 2642
f 2580 2642 2581
f 2581 2642 2643
f 2581 2643 2582
f 2582 2643 2644
f 2582 2644 2583
f 2583 2644 2645
f 2583 2645 2584
f 2584 2645 2646
f 2584 2646 2585
f 2585 2646 2647
f 2585 2647 2586
f 2586 2647 2648
f 2586 2648 2587
f 2587 2648 2649
f 2587 2649 2588
f 2588 2649 2650
f 2588 2650 2589
f 2589 2650 2651
f 2589 2651 2590
f 2590 2651 2652
f 2590 2652 2591
f 2591 2652 2653
f 2591 2653 2592
f 2592 2653 2654
f 2592 2654 2593
f 2593 2654 2655
f 2593 2655 2594
f 2594 2655 2656
f 2594 2656 2595
f 2595 2656 2657
f 2595 2657 2596
f 2596 2657 2658
f 2596 2658 2597
f 2597 2658 2659
f 2597 2659 2598
f 2598 2659 2660
f 2598 2660 2599
f 2599 2660 2661
f 2599 2661 2600
f 2600 2661 2662
f 2600 2662 2601
f 2601 2662 2663
f 2601 2663 2602
f 2602 2663 2664
f 2602 2664 2603
f 2603 2664 2665
f 2603 2665 2604
f 2604 2665 2666
f 2604 2666 2605
f 2605 2666 2667
f 2605 2667 2606
f 2606 2667 2668
f 2606 2668 2607
f 2607 2668 2669
f 2607 2669 2608
f 2608 2669 2670
f 2608 2670 2609
f 2609 2670 2671
f 2609 2671 2610
f 2610 2671 2672
f 2610 2672 2611
f 2611 2672 2673
f 2611 2673 2612
f 2612 2673 2674
f 2612 2674 2613
f 2613 2674 2675
f 2613 2675 2614
f 2614 2675 2676
f 2614 2676 2615
f 2615 2676 2677
f 2615 2677 2616
f 2616 2677 2678
f 2616 2678 2617
f 2617 2678 2679
f 2617 2679 2618
f 2618 2679 2680
f 2618 2680 2619
f 2619 2680 2681
f 2619 2681 2620
f 2620 2681 2682
f 2620 2682 2621
f 2621 2682 2683
f 2621 2683 2622
f 2622 2683 2684
f 2622 2684 2623
f 2624 2685 2686
f 2624 2686 2625
f 2625 2686 2687
f 2625 2687 2626
f 2626 2687 2688
f 2626 2688 2627
f 2627 2688 2689
f 2627 2689 2628
f 2628 2689 2690
f 2628 2690 2629
f 2629 2690 2691
f 2629 2691 2630
f 2630 2691 2692
f 2630 2692 2631
f 2631 2692 2693
f 2631 2693 2632
f 2632 2693 2694
f 2632 2694 2633
f 2633 2694 2695
f 2633 2695 2634
f 2634 2695 2696
f 2634 2696 2635
f 2635 2696 2697
f 2635 2697 2636
f 2636 2697 2698
f 2636 2698 2637
f 2637 2698 2699
f 2637 2699 2638
f 2638 2699 2700
f 2638 2700 2639
f 2639 2700 2701
f 2639 2701 2640
f 2640 2701 2702
f 2640 2702 2641
f 2641 2702 2703
f 2641 2703 2642
f 2642 2703 2704
f 2642 2704 2643
f 2643 2704 2705
f 2643 2705 2644
f 2644 2705 2706
f 2644 2706 2645
f 2645 2706 2707
f 2645 2707 2646
f 2646 2707 2708
f 2646 2708 2647
f 2647 2708 2709
f 2647 2709 2648
f 2648 2709 2710
f 2648 2710 2649
f 2649 2710 2711
f 2649 2711 2650
f 2650 2711 2712
f 2650 2712 2651
f 2651 2712 2713
f 2651 2713 2652
f 2652 2713 2714
f 2652 2714 2653
f 2653 2714 2715
f 2653 2715 2654
f 2654 2715 2716
f 2654 2716 2655
f 2655 2716 2717
f 2655 2717 2656
f 2656 2717 2718
f 2656 2718 2657
f 2657 2718 2719
f 2657 2719 2658
f 2658 2719 2720
f 2658 2720 2659
f 2659 2720 2721
f 2659 2721 2660
f 2660 2721 2722
f 2660 2722 2661
f 2661 2722 2723
f 2661 2723 2662
f 2662 2723 2724
f 2662 2724 2663
f 2663 2724 2725
f 2663 2725 2664
f 2664 2725 2726
f 2664 2726 2665
f 2665 2726 2727
f 2665 2727 2666
f 2666 2727 2728
f 2666 2728 2667
f 2667 2728 2729
f 2667 2729 2668
f 2668 2729 2730
f 2668 2730 2669
f 2669 2730 2731
f 2669 2731 2670
f 2670 2731 2732
f 2670 2732 2671
f 2671 2732 2733
f 2671 2733 2672
f 2672 2733 2734
f 2672 2734 2673
f 2673 2734 2735
f 2673 2735 2674
f 2674 2735 2736
f 2674 2736 2675
f 2675 2736 2737
f 2675 2737 2676
f 2676 2737 2738
f 2676 2738 2677
f 2677 2738 2739
f 2677 2739 2678
f 2678 2739 2740
f 2678 2740 2679
f 2679 2740 2741
f 2679 2741 2680
f 2680 2741 2742
f 2680 2742 2681
f 2681 2742 2743
f 2681 2743 2682
f 2682 2743 2744
f 2682 2744 2683
f 2683 2744 2745
f 2683 2745 2684
f 2685 2746 2747
f 2685 2747 2686
f 2686 2747 2748
f 2686 2748 2687
f 2687 2748 2749
f 2687 2749 2688
f 2688 2749 2750
f 2688 2750 2689
f 2689 2750 2751
f 2689 2751 2690
f 2690 2751 2752
f 2690 2752 2691
f 2691 2752 2753
f 2691 2753 2692
f 2692 2753 2754
f 2692 2754 2693
f 2693 2754 2755
f 2693 2755 2694
f 2694 2755 2756
f 2694 2756 2695
f 2695 2756 2757
f 2695 2757 2696
f 2696 2757 2758
f 2696 2758 2697
f 2697 2758 2759
f 2697 2759 2698
f 2698 2759 2760
f 2698 2760 2699
f 2699 2760 2761
f 2699 2761 2700
f 2700 2761 2762
f 2700 2762 2701
f 2701 2762 2763
f 2701 2763 2702
f 2702 2763 2764
f 2702 2764 2703
f 2703 2764 2765
f 2703 2765 2704
f 2704 2765 2766
f 2704 2766 2705
f 2705 2766 2767
f 2705 2767 2706
f 2706 2767 2768
f 2706 2768 2707
f 2707 2768 2769
f 2707 2769 2708
f 2708 2769 2770
f 2708 2770 2709
f 2709 2770 2771
f 2709 2771 2710
f 2710 2771 2772
f 2710 2772 2711
f 2711 2772 2773
f 2711 2773 2712
f 2712 2773 2774
f 2712 2774 2713
f 2713 2774 2775
f 2713 2775 2714
f 2714 2775 2776
f 2714 2776 2715
f 2715 2776 2777
f 2715 2777 2716
f 2716 2777 2778
f 2716 2778 2717
f 2717 2778 2779
f 2717 2779 2718
f 2718 2779 2780
f 2718 2780 2719
f 2719 2780 2781
f 2719 2781 2720
f 2720 2781 2782
f 2720 2782 2721
f 2721 2782 2783
f 2721 2783 2722
f 2722 2783 2784
f 2722 2784 2723
f 2723 2784 2785
f 2723 2785 2724
f 2724 2785 2786
f 2724 2786 2725
f 2725 2786 2787
f 2725 2787 2726
f 2726 2787 2788
f 2726 2788 2727
f 2727 2788 2789
f 2727 2789 2728
f 2728 2789 2790
f 2728 2790 2729
f 2729 2790 2791
f 2729 2791 2730
f 2730 2791 2792
f 2730 2792 2731
f 2731 2792 2793
f 2731 2793 2732
f 2732 2793 2794
f 2732 2794 2733
f 2733 2794 2795
f 2733 2795 2734
f 2734 2795 2796
f 2734 2796 2735
f 2735 2796 2797
f 2735 2797 2736
f 2736 2797 2798
f 2736 2798 2737
f 2737 2798 2799
f 2737 2799 2738
f 2738 2799 2800
f 2738 2800 2739
f 2739 2800 2801
f 2739 2801 2740
f 2740 2801 2802
f 2740 2802 2741
f 2741 2802 2803
f 2741 2803 2742
f 2742 2803 2804
f 2742 2804 2743
f 2743 2804 2805
f 2743 2805 2744
f 2744 2805 2806
f 2744 2806 2745
f 2746 2807 2808
f 2746 2808 2747
f 2747 2808 2809
f 2747 2809 2748
f 2748 2809 2810
f 2748 2810 2749
f 2749 2810 2811
f 2749 2811 2750
f 2750 2811 2812
f 2750 2812 2751
f 2751 2812 2813
f 2751 2813 2752
f 2752 2813 2814
f 2752 2814 2753
f 2753 2814 2815
f 2753 2815 2754
f 2754 2815 2816
f 2754 2816 2755
f 2755 2816 2817
f 2755 2817 2756
f 2756 2817 2818
f 2756 2818 2757
f 2757 2818 2819
f 2757 2819 2758
f 2758 2819 2820
f 2758 2820 2759
f 2759 2820 2821
f 2759 2821 2760
f 2760 2821 2822
f 2760 2822 2761
f 2761 2822 2823
f 2761 2823 2762
f 2762 2823 2824
f 2762 2824 2763
f 2763 2824 2825
f 2763 2825 2764
f 2764 2825 2826
f 2764 2826 2765
f 2765 2826 2827
f 2765 2827 2766
f 2766 2827 2828
f 2766 2828 2767
f 2767 2828 2829
f 2767 2829 2768
f 2768 2829 2830
f 2768 2830 2769
f 2769 2830 2831
f 2769 2831 2770
f 2770 2831 2832
f 2770 2832 2771
f 2771 2832 2833
f 2771 2833 2772
f 2772 2833 2834
f 2772 2834 2773
f 2773 2834 2835
f 2773 2835 2774
f 2774 2835 2836
f 2774 2836 2775
f 2775 2836 2837
f 2775 2837 2776
f 2776 2837 2838
f 2776 2838 2777
f 2777 2838 2839
f 2777 2839 2778
f 2778 2839 2840
f 2778 2840 2779
f 2779 2840 2841
f 2779 2841 2780
f 2780 2841 2842
f 2780 2842 2781
f 2781 2842 2843
f 2781 2843 2782
f 2782 2843 2844
f 2782 2844 2783
f 2783 2844 2845
f 2783 2845 2784
f 2784 2845 2846
f 2784 2846 2785
f 2785 2846 2847
f 2785 2847 2786
f 2786 2847 2848
f 2786 2848 2787
f 2787 2848 2849
f 2787 2849 2788
f 2788 2849 2850
f 2788 2850 2789
f 2789 2850 2851
f 2789 2851 2790
f 2790 2851 2852
f 2790 2852 2791
f 2791 2852 2853
f 2791 2853 2792
f 2792 2853 2854
f 2792 2854 2793
f 2793 2854 2855
f 2793 2855 2794
f 2794 2855 2856
f 2794 2856 2795
f 2795 2856 2857
f 2795 2857 2796
f 2796 2857 2858
f 2796 2858 2797
f 2797 2858 2859
f 2797 2859 2798
f 2798 2859 2860
f 2798 2860 2799
f 2799 2860 2861
f 2799 2861 2800
f 2800 2861 2862
f 2800 2862 2801
f 2801 2862 2863
f 2801 2863 2802
f 2802 2863 2864
f 2802 2864 2803
f 2803 2864 2865
f 2803 2865 2804
f 2804 2865 2866
f 2804 2866 2805
f 2805 2866 2867
f 2805 2867 2806
f 2807 2868 2869
f 2807 2869 2808
f 2808 2869 2870
f 2808 2870 2809
f 2809 2870 2871
f 2809 2871 2810
f 2810 2871 2872
f 2810 2872 2811
f 2811 2872 2873
f 2811 2873 2812
f 2812 2873 2874
f 2812 2874 2813
f 2813 2874 2875
f 2813 2875 2814
f 2814 2875 2876
f 2814 2876 2815
f 2815 2876 2877
f 2815 2877 2816
f 2816 2877 2878
f 2816 2878 2817
f 2817 2878 2879
f 2817 2879 2818
f 2818 2879 2880
f 2818 2880 2819
f 2819 2880 2881
f 2819 2881 2820
f 2820 2881 2882
f 2820 2882 2821
f 2821 2882 2883
f 2821 2883 2822
f 2822 2883 2884
f 2822 2884 2823
f 2823 2884 2885
f 2823 2885 2824
f 2824 2885 2886
f 2824 2886 2825
f 2825 2886 2887
f 2825 2887 2826
f 2826 2887 2888
f 2826 2888 2827
f 2827 2888 2889
f 2827 2889 2828
f 2828 2889 2890
f 2828 2890 2829
f 2829 2890 2891
f 2829 2891 2830
f 2830 2891 2892
f 2830 2892 2831
f 2831 2892 2893
f 2831 2893 2832
f 2832 2893 2894
f 2832 2894 2833
f 2833 2894 2895
f 2833 2895 2834
f 2834 2895 2896
f 2834 2896 2835
f 2835 2896 2897
f 2835 2897 2836
f 2836 2897 2898
f 2836 2898 2837
f 2837 2898 2899
f 2837 2899 2838
f 2838 2899 2900
f 2838 2900 2839
f 2839 2900 2901
f 2839 2901 2840
f 2840 2901 2902
f 2840 2902 2841
f 2841 2902 2903
f 2841 2903 2842
f 2842 2903 2904
f 2842 2904 2843
f 2843 2904 2905
f 2843 2905 2844
f 2844 2905 2906
f 2844 2906 2845
f 2845 2906 2907
f 2845 2907 2846
f 2846 2907 2908
f 2846 2908 2847
f 2847 2908 2909
f 2847 2909 2848
f 2848 2909 2910
f 2848 2910 2849
f 2849 2910 2911
f 2849 2911 2850
f 2850 2911 2912
f 2850 2912 2851
f 2851 2912 2913
f 2851 2913 2852
f 2852 2913 2914
f 2852 2914 2853
f 2853 2914 2915
f 2853 2915 2854
f 2854 2915 2916
f 2854 2916 2855
f 2855 2916 2917
f 2855 2917 2856
f 2856 2917 2918
f 2856 2918 2857
f 2857 2918 2919
f 2857 2919 2858
f 2858 2919 2920
f 2858 2920 2859
f 2859 2920 2921
f 2859 2921 2860
f 2860 2921 2922
f 2860 2922 2861
f 2861 2922 2923
f 2861 2923 2862
f 2862 2923 2924
f 2862 2924 2863
f 2863 2924 2925
f 2863 2925 2864
f 2864 2925 2926
f 2864 2926 2865
f 2865 2926 2927
f 2865 2927 2866
f 2866 2927 2928
f 2866 2928 2867
f 2868 2929 2930
f 2868 2930 2869
f 2869 2930 2931
f 2869 2931 2870
f 2870 2931 2932
f 2870 2932 2871
f 2871 2932 2933
f 2871 2933 2872
f 2872 2933 2934
f 2872 2934 2873
f 2873 2934 2935
f 2873 2935 2874
f 2874 2935 2936
f 2874 2936 2875
f 2875 2936 2937
f 2875 2937 2876
f 2876 2937 2938
f 2876 2938 2877
f 2877 2938 2939
f 2877 2939 2878
f 2878 2939 2940
f 2878 2940 2879
f 2879 2940 2941
f 2879 2941 2880
f 2880 2941 2942
f 2880 2942 2881
f 2881 2942 2943
f 2881 2943 2882
f 2882 2943 2944
f 2882 2944 2883
f 2883 2944 2945
f 2883 2945 2884
f 2884 2945 2946
f 2884 2946 2885
f 2885 2946 2947
f 2885 2947 2886
f 2886 2947 2948
f 2886 2948 2887
f 2887 2948 2949
f 2887 2949 2888
f 2888 2949 2950
f 2888 2950 2889
f 2889 2950 2951
f 2889 2951 2890
f 2890 2951 2952
f 2890 2952 2891
f 2891 2952 2953
f 2891 2953 2892
f 2892 2953 2954
f 2892 2954 2893
f 2893 2954 2955
f 2893 2955 2894
f 2894 2955 2956
f 2894 2956 2895
f 2895 2956 2957
f 2895 2957 2896
f 2896 2957 2958
f 2896 2958 2897
f 2897 2958 2959
f 2897 2959 2898
f 2898 2959 2960
f 2898 2960 2899
f 2899 2960 2961
f 2899 2961 2900
f 2900 2961 2962
f 2900 2962 2901
f 2901 2962 2963
f 2901 2963 2902
f 2902 2963 2964
f 2902 2964 2903
f 2903 2964 2965
f 2903 2965 2904
f 2904 2965 2966
f 2904 2966 2905
f 2905 2966 2967
f 2905 2967 2906
f 2906 2967 2968
f 2906 2968 2907
f 2907 2968 2969
f 2907 2969 2908
f 2908 2969 2970
f 2908 2970 2909
f 2909 2970 2971
f 2909 2971 2910
f 2910 2971 2972
f 2910 2972 2911
f 2911 2972 2973
f 2911 2973 2912
f 2912 2973 2974
f 2912 2974 2913
f 2913 2974 2975
f 2913 2975 2914
f 2914 2975 2976
f 2914 2976 2915
f 2915 2976 2977
f 2915 2977 2916
f 2916 2977 2978
f 2916 2978 2917
f 2917 2978 2979
f 2917 2979 2918
f 2918 2979 2980
f 2918 2980 2919
f 2919 2980 2981
f 2919 2981 2920
f 2920 2981 2982
f 2920 2982 2921
f 2921 2982 2983
f 2921 2983 2922
f 2922 2983 2984
f 2922 2984 2923
f 2923 2984 2985
f 2923 2985 2924
f 2924 2985 2986
f 2924 2986 2925
f 2925 2986 2987
f 2925 2987 2926
f 2926 2987 2988
f 2926 2988 2927
f 2927 2988 2989
f 2927 2989 2928
f 2929 2990 2991
f 2929 2991 2930
f 2930 2991 2992
f 2930 2992 2931
f 2931 2992 2993
f 2931 2993 2932
f 2932 2993 2994
f 2932 2994 2933
f 2933 2994 2995
f 2933 2995 2934
f 2934 2995 2996
f 2934 2996 2935
f 2935 2996 2997
f 2935 2997 2936
f 2936 2997 2998
f 2936 2998 2937
f 2937 2998 2999
f 2937 2999 2938
f 2938 2999 3000
f 2938 3000 2939
f 2939 3000 3001
f 2939 3001 2940
f 2940 3001 3002
f 2940 3002 2941
f 2941 3002 3003
f 2941 3003 2942
f 2942 3003 3004
f 2942 3004 2943
f 2943 3004 3005
f 2943 3005 2944
f 2944 3005 3006
f 2944 3006 2945
f 2945 3006 3007
f 2945 3007 2946
f 2946 3007 3008
f 2946 3008 2947
f 2947 3008 3009
f 2947 3009 2948
f 2948 3009 3010
f 2948 3010 2949
f 2949 3010 3011
f 2949 3011 2950
f 2950 3011 3012
f 2950 3012 2951
f 2951 3012 3013
f 2951 3013 2952
f 2952 3013 3014
f 2952 3014 2953
f 2953 3014 3015
f 2953 3015 2954
f 2954 3015 3016
f 2954 3016 2955
f 2955 3016 3017
f 2955 3017 2956
f 2956 3017 3018
f 2956 3018 2957
f 2957 3018 3019
f 2957 3019 2958
f 2958 3019 3020
f 2958 3020 2959
f 2959 3020 3021
f 2959 3021 2960
f 2960 3021 3022
f 2960 3022 2961
f 2961 3022 3023
f 2961 3023 2962
f 2962 3023 3024
f 2962 3024 2963
f 2963 3024 3025
f 2963 3025 2964
f 2964 3025 3026
f 2964 3026 2965
f 2965 3026 3027
f 2965 3027 2966
f 2966 3027 3028
f 2966 3028 2967
f 2967 3028 3029
f 2967 3029 2968
f 2968 3029 3030
f 2968 3030 2969
f 2969 3030 3031
f 2969 3031 2970
f 2970 3031 3032
f 2970 3032 2971
f 2971 3032 3033
f 2971 3033 2972
f 2972 3033 3034
f 2972 3034 2973
f 2973 3034 3035
f 2973 3035 2974
f 2974 3035 3036
f 2974 3036 2975
f 2975 3036 3037
f 2975 3037 2976
f 2976 3037 3038
f 2976 3038 2977
f 2977 3038 3039
f 2977 3039 2978
f 2978 3039 3040
f 2978 3040 2979
f 2979 3040 3041
f 2979 3041 2980
f 2980 3041 3042
f 2980 3042 2981
f 2981 3042 3043
f 2981 3043 2982
f 2982 3043 3044
f 2982 3044 2983
f 2983 3044 3045
f 2983 3045 2984
f 2984 3045 3046
f 2984 3046 2985
f 2985 3046 3047
f 2985 3047 2986
f 2986 3047 3048
f 2986 3048 2987
f 2987 3048 3049
f 2987 3049 2988
f 2988 3049 3050
f 2988 3050 2989
f 2990 3051 3052
f 2990 3052 2991
f 2991 3052 3053
f 2991 3053 2992
f 2992 3053 3054
f 2992 3054 2993
f 2993 3054 3055
f 2993 3055 2994
f 2994 3055 3056
f 2994 3056 2995
f 2995 3056 3057
f 2995 3057 2996
f 2996 3057 3058
f 2996 3058 2997
f 2997 3058 3059
f 2997 3059 2998
f 2998 3059 3060
f 2998 3060 2999
f 2999 3060 3061
f 2999 3061 3000
f 3000 3061 3062
f 3000 3062 3001
f 3001 3062 3063
f 3001 3063 3002
f 3002 3063 3064
f 3002 3064 3003
f 3003 3064 3065
f 3003 3065 3004
f 3004 3065 3066
f 3004 3066 3005
f 3005 3066 3067
f 3005 3067 3006
f 3006 3067 3068
f 3006 3068 3007
f 3007 3068 3069
f 3007 3069 3008
f 3008 3069 3070
f 3008 3070 3009
f 3009 3070 3071
f 3009 3071 3010
f 3010 3071 3072
f 3010 3072 3011
f 3011 3072 3073
f 3011 3073 3012
f 3012 3073 3074
f 3012 3074 3013
f 3013 3074 3075
f 3013 3075 3014
f 3014 3075 3076
f 3014 3076 3015
f 3015 3076 3077
f 3015 3077 3016
f 3016 3077 3078
f 3016 3078 3017
f 3017 3078 3079
f 3017 3079 3018
f 3018 3079 3080
f 3018 3080 3019
f 3019 3080 3081
f 3019 3081 3020
f 3020 3081 3082
f 3020 3082 3021
f 3021 3082 3083
f 3021 3083 3022
f 3022 3083 3084
f 3022 3084 3023
f 3023 3084 3085
f 3023 3085 3024
f 3024 3085 3086
f 3024 3086 3025
f 3025 3086 3087
f 3025 3087 3026
f 3026 3087 3088
f 3026 3088 3027
f 3027 3088 3089
f 3027 3089 3028
f 3028 3089 3090
f 3028 3090 3029
f 3029 3090 3091
f 3029 3091 3030
f 3030 3091 3092
f 3030 3092 3031
f 3031 3092 3093
f 3031 3093 3032
f 3032 3093 3094
f 3032 3094 3033
f 3033 3094 3095
f 3033 3095 3034
f 3034 3095 3096
f 3034 3096 3035
f 3035 3096 3097
f 3035 3097 3036
f 3036 3097 3098
f 3036 3098 3037
f 3037 3098 3099
f 3037 3099 3038
f 3038 3099 3100
f 3038 3100 3039
f 3039 3100 3101
f 3039 3101 3040
f 3040 3101 3102
f 3040 3102 3041
f 3041 3102 3103
f 3041 3103 3042
f 3042 3103 3104
f 3042 3104 3043
f 3043 3104 3105
f 3043 3105 3044
f 3044 3105 3106
f 3044 3106 3045
f 3045 3106 3107
f 3045 3107 3046
f 3046 3107 3108
f 3046 3108 3047
f 3047 3108 3109
f 3047 3109 3048
f 3048 3109 3110
f 3048 3110 3049
f 3049 3110 3111
f 3049 3111 3050
f 3051 3112 3113
f 3051 3113 3052
f 3052 3113 3114
f 3052 3114 3053
f 3053 3114 3115
f 3053 3115 3054
f 3054 3115 3116
f 3054 3116 3055
f 3055 3116 3117
f 3055 3117 3056
f 3056 3117 3118
f 3056 3118 3057
f 3057 3118 3119
f 3057 3119 3058
f 3058 3119 3120
f 3058 3120 3059
f 3059 3120 3121
f 3059 3121 3060
f 3060 3121 3122
f 3060 3122 3061
f 3061 3122 3123
f 3061 3123 3062
f 3062 3123 3124
f 3062 3124 3063
f 3063 3124 3125
f 3063 3125 3064
f 3064 3125 3126
f 3064 3126 3065
f 3065 3126 3127
f 3065 3127 3066
f 3066 3127 3128
f 3066 3128 3067
f 3067 3128 3129
f 3067 3129 3068
f 3068 3129 3130
f 3068 3130 3069
f 3069 3130 3131
f 3069 3131 3070
f 3070 3131 3132
f 3070 3132 3071
f 3071 3132 3133
f 3071 3133 3072
f 3072 3133 3134
f 3072 3134 3073
f 3073 3134 3135
f 3073 3135 3074
f 3074 3135 3136
f 3074 3136 3075
f 3075 3136 3137
f 3075 3137 3076
f 3076 3137 3138
f 3076 3138 3077
f 3077 3138 3139
f 3077 3139 3078
f 3078 3139 3140
f 3078 3140 3079
f 3079 3140 3141
f 3079 3141 3080
f 3080 3141 3142
f 3080 3142 3081
f 3081 3142 3143
f 3081 3143 3082
f 3082 3143 3144
f 3082 3144 3083
f 3083 3144 3145
f 3083 3145 3084
f 3084 3145 3146
f 3084 3146 3085
f 3085 3146 3147
f 3085 3147 3086
f 3086 3147 3148
f 3086 3148 3087
f 3087 3148 3149
f 3087 3149 3088
f 3088 3149 3150
f 3088 3150 3089
f 3089 3150 3151
f 3089 3151 3090
f 3090 3151 3152
f 3090 3152 3091
f 3091 3152 3153
f 3091 3153 3092
f 3092 3153 3154
f 3092 3154 3093
f 3093 3154 3155
f 3093 3155 3094
f 3094 3155 3156
f 3094 3156 3095
f 3095 3156 3157
f 3095 3157 3096
f 3096 3157 3158
f 3096 3158 3097
f 3097 3158 3159
f 3097 3159 3098
f 3098 3159 3160
f 3098 3160 3099
f 3099 3160 3161
f 3099 3161 3100
f 3100 3161 3162
f 3100 3162 3101
f 3101 3162 3163
f 3101 3163 3102
f 3102 3163 3164
f 3102 3164 3103
f 3103 3164 3165
f 3103 3165 3104
f 3104 3165 3166
f 3104 3166 3105
f 3105 3166 3167
f 3105 3167 3106
f 3106 3167 3168
f 3106 3168 3107
f 3107 3168 3169
f 3107 3169 3108
f 3108 3169 3170
f 3108 3170 3109
f 3109 3170 3171
f 3109 3171 3110
f 3110 3171 3172
f 3110 3172 3111
f 3112 3173 3174
f 3112 3174 3113
f 3113 3174 3175
f 3113 3175 3114
f 3114 3175 3176
f 3114 3176 3115
f 3115 3176 3177
f 3115 3177 3116
f 3116 3177 3178
f 3116 3178 3117
f 3117 3178 3179
f 3117 3179 3118
f 3118 3179 3180
f 3118 3180 3119
f 3119 3180 3181
f 3119 3181 3120
f 3120 3181 3182
f 3120 3182 3121
f 3121 3182 3183
f 3121 3183 3122
f 3122 3183 3184
f 3122 3184 3123
f 3123 3184 3185
f 3123 3185 3124
f 3124 3185 3186
f 3124 3186 3125
f 3125 3186 3187
f 3125 3187 3126
f 3126 3187 3188
f 3126 3188 3127
f 3127 3188 3189
f 3127 3189 3128
f 3128 3189 3190
f 3128 3190 3129
f 3129 3190 3191
f 3129 3191 3130
f 3130 3191 3192
f 3130 3192 3131
f 3131 3192 3193
f 3131 3193 3132
f 3132 3193 3194
f 3132 3194 3133
f 3133 3194 3195
f 3133 3195 3134
f 3134 3195 3196
f 3134 3196 3135
f 3135 3196 3197
f 3135 3197 3136
f 3136 3197 3198
f 3136 3198 3137
f 3137 3198 3199
f 3137 3199 3138
f 3138 3199 3200
f 3138 3200 3139
f 3139 3200 3201
f 3139 3201 3140
f 3140 3201 3202
f 3140 3202 3141
f 3141 3202 3203
f 3141 3203 3142
f 3142 3203 3204
f 3142 3204 3143
f 3143 3204 3205
f 3143 3205 3144
f 3144 3205 3206
f 3144 3206 3145
f 3145 3206 3207
f 3145 3207 3146
f 3146 3207 3208
f 3146 3208 3147
f 3147 3208 3209
f 3147 3209 3148
f 3148 3209 3210
f 3148 3210 3149
f 3149 3210 3211
f 3149 3211 3150
f 3150 3211 3212
f 3150 3212 3151
f 3151 3212 3213
f 3151 3213 3152
f 3152 3213 3214
f 3152 3214 3153
f 3153 3214 3215
f 3153 3215 3154
f 3154 3215 3216
f 3154 3216 3155
f 3155 3216 3217
f 3155 3217 3156
f 3156 3217 3218
f 3156 3218 3157
f 3157 3218 3219
f 3157 3219 3158
f 3158 3219 3220
f 3158 3220 3159
f 3159 3220 3221
f 3159 3221 3160
f 3160 3221 3222
f 3160 3222 3161
f 3161 3222 3223
f 3161 3223 3162
f 3162 3223 3224
f 3162 3224 3163
f 3163 3224 3225
f 3163 3225 3164
f 3164 3225 3226
f 3164 3226 3165
f 3165 3226 3227
f 3165 3227 3166
f 3166 3227 3228
f 3166 3228 3167
f 3167 3228 3229
f 3167 3229 3168
f 3168 3229 3230
f 3168 3230 3169
f 3169 3230 3231
f 3169 3231 3170
f 3170 3231 3232
f 3170 3232 3171
f 3171 3232 3233
f 3171 3233 3172
f 3173 3234 3235
f 3173 3235 3174
f 3174 3235 3236
f 3174 3236 3175
f 3175 3236 3237
f 3175 3237 3176
f 3176 3237 3238
f 3176 3238 3177
f 3177 3238 3239
f 3177 3239 3178
f 3178 3239 3240
f 3178 3240 3179
f 3179 3240 3241
f 3179 3241 3180
f 3180 3241 3242
f 3180 3242 3181
f 3181 3242 3243
f 3181 3243 3182
f 3182 3243 3244
f 3182 3244 3183
f 3183 3244 3245
f 3183 3245 3184
f 3184 3245 3246
f 3184 3246 3185
f 3185 3246 3247
f 3185 3247 3186
f 3186 3247 3248
f 3186 3248 3187
f 3187 3248 3249
f 3187 3249 3188
f 3188 3249 3250
f 3188 3250 3189
f 3189 3250 3251
f 3189 3251 3190
f 3190 3251 3252
f 3190 3252 3191
f 3191 3252 3253
f 3191 3253 3192
f 3192 3253 3254
f 3192 3254 3193
f 3193 3254 3255
f 3193 3255 3194
f 3194 3255 3256
f 3194 3256 3195
f 3195 3256 3257
f 3195 3257 3196
f 3196 3257 3258
f 3196 3258 3197
f 3197 3258 3259
f 3197 3259 3198
f 3198 3259 3260
f 3198 3260 3199
f 3199 3260 3261
f 3199 3261 3200
f 3200 3261 3262
f 3200 3262 3201
f 3201 3262 3263
f 3201 3263 3202
f 3202 3263 3264
f 3202 3264 3203
f 3203 3264 3265
f 3203 3265 3204
f 3204 3265 3266
f 3204 3266 3205
f 3205 3266 3267
f 3205 3267 3206
f 3206 3267 3268
f 3206 3268 3207
f 3207 3268 3269
f 3207 3269 3208
f 3208 3269 3270
f 3208 3270 3209
f 3209 3270 3271
f 3209 3271 3210
f 3210 3271 3272
f 3210 3272 3211
f 3211 3272 3273
f 3211 3273 3212
f 3212 3273 3274
f 3212 3274 3213
f 3213 3274 3275
f 3213 3275 3214
f 3214 3275 3276
f 3214 3276 3215
f 3215 3276 3277
f 3215 3277 3216
f 3216 3277 3278
f 3216 3278 3217
f 3217 3278 3279
f 3217 3279 3218
f 3218 3279 3280
f 3218 3280 3219
f 3219 3280 3281
f 3219 3281 3220
f 3220 3281 3282
f 3220 3282 3221
f 3221 3282 3283
f 3221 3283 3222
f 3222 3283 3284
f 3222 3284 3223
f 3223 3284 3285
f 3223 3285 3224
f 3224 3285 3286
f 3224 3286 3225
f 3225 3286 3287
f 3225 3287 3226
f 3226 3287 3288
f 3226 3288 3227
f 3227 3288 3289
f 3227 3289 3228
f 3228 3289 3290
f 3228 3290 3229
f 3229 3290 3291
f 3229 3291 3230
f 3230 3291 3292
f 3230 3292 3231
f 3231 3292 3293
f 3231 3293 3232
f 3232 3293 3294
f 3232 3294 3233
f 3234 3295 3296
f 3234 3296 3235
f 3235 3296 3297
f 3235 3297 3236
f 3236 3297 3298
f 3236 3298 3237
f 3237 3298 3299
f 3237 3299 3238
f 3238 3299 3300
f 3238 3300 3239
f 3239 3300 3301
f 3239 3301 3240
f 3240 3301 3302
f 3240 3302 3241
f 3241 3302 3303
f 3241 3303 3242
f 3242 3303 3304
f 3242 3304 3243
f 3243 3304 3305
f 3243 3305 3244
f 3244 3305 3306
f 3244 3306 3245
f 3245 3306 3307
f 3245 3307 3246
f 3246 3307 3308
f 3246 3308 3247
f 3247 3308 3309
f 3247 3309 3248
f 3248 3309 3310
f 3248 3310 3249
f 3249 3310 3311
f 3249 3311 3250
f 3250 3311 3312
f 3250 3312 3251
f 3251 3312 3313
f 3251 3313 3252
f 3252 3313 3314
f 3252 3314 3253
f 3253 3314 3315
f 3253 3315 3254
f 3254 3315 3316
f 3254 3316 3255
f 3255 3316 3317
f 3255 3317 3256
f 3256 3317 3318
f 3256 3318 3257
f 3257 3318 3319
f 3257 3319 3258
f 3258 3319 3320
f 3258 3320 3259
f 3259 3320 3321
f 3259 3321 3260
f 3260 3321 3322
f 3260 3322 3261
f 3261 3322 3323
f 3261 3323 3262
f 3262 3323 3324
f 3262 3324 3263
f 3263 3324 3325
f 3263 3325 3264
f 3264 3325 3326
f 3264 3326 3265
f 3265 3326 3327
f 3265 3327 3266
f 3266 3327 3328
f 3266 3328 3267
f 3267 3328 3329
f 3267 3329 3268
f 3268 3329 3330
f 3268 3330 3269
f 3269 3330 3331
f 3269 3331 3270
f 3270 3331 3332
f 3270 3332 3271
f 3271 3332 3333
f 3271 3333 3272
f 3272 3333 3334
f 3272 3334 3273
f 3273 3334 3335
f 3273 3335 3274
f 3274 3335 3336
f 3274 3336 3275
f 3275 3336 3337
f 3275 3337 3276
f 3276 3337 3338
f 3276 3338 3277
f 3277 3338 3339
f 3277 3339 3278
f 3278 3339 3340
f 3278 3340 3279
f 3279 3340 3341
f 3279 3341 3280
f 3280 3341 3342
f 3280 3342 3281
f 3281 3342 3343
f 3281 3343 3282
f 3282 3343 3344
f 3282 3344 3283
f 3283 3344 3345
f 3283 3345 3284
f 3284 3345 3346
f 3284 3346 3285
f 3285 3346 3347
f 3285 3347 3286
f 3286 3347 3348
f 3286 3348 3287
f 3287 3348 3349
f 3287 3349 3288
f 3288 3349 3350
f 3288 3350 3289
f 3289 3350 3351
f 3289 3351 3290
f 3290 3351 3352
f 3290 3352 3291
f 3291 3352 3353
f 3291 3353 3292
f 3292 3353 3354
f 3292 3354 3293
f 3293 3354 3355
f 3293 3355 3294
f 3295 3356 3357
f 3295 3357 3296
f 3296 3357 3358
f 3296 3358 3297
f 3297 3358 3359
f 3297 3359 3298
f 3298 3359 3360
f 3298 3360 3299
f 3299 3360 3361
f 3299 3361 3300
f 3300 3361 3362
f 3300 3362 3301
f 3301 3362 3363
f 3301 3363 3302
f 3302 3363 3364
f 3302 3364 3303
f 3303 3364 3365
f 3303 3365 3304
f 3304 3365 3366
f 3304 3366 3305
f 3305 3366 3367
f 3305 3367 3306
f 3306 3367 3368
f 3306 3368 3307
f 3307 3368 3369
f 3307 3369 3308
f 3308 3369 3370
f 3308 3370 3309
f 3309 3370 3371
f 3309 3371 3310
f 3310 3371 3372
f 3310 3372 3311
f 3311 3372 3373
f 3311 3373 3312
f 3312 3373 3374
f 3312 3374 3313
f 3313 3374 3375
f 3313 3375 3314
f 3314 3375 3376
f 3314 3376 3315
f 3315 3376 3377
f 3315 3377 3316
f 3316 3377 3378
f 3316 3378 3317
f 3317 3378 3379
f 3317 3379 3318
f 3318 3379 3380
f 3318 3380 3319
f 3319 3380 3381
f 3319 3381 3320
f 3320 3381 3382
f 3320 3382 3321
f 3321 3382 3383
f 3321 3383 3322
f 3322 3383 3384
f 3322 3384 3323
f 3323 3384 3385
f 3323 3385 3324
f 3324 3385 3386
f 3324 3386 3325
f 3325 3386 3387
f 3325 3387 3326
f 3326 3387 3388
f 3326 3388 3327
f 3327 3388 3389
f 3327 3389 3328
f 3328 3389 3390
f 3328 3390 3329
f 3329 3390 3391
f 3329 3391 3330
f 3330 3391 3392
f 3330 3392 3331
f 3331 3392 3393
f 3331 3393 3332
f 3332 3393 3394
f 3332 3394 3333
f 3333 3394 3395
f 3333 3395 3334
f 3334 3395 3396
f 3334 3396 3335
f 3335 3396 3397
f 3335 3397 3336
f 3336 3397 3398
f 3336 3398 3337
f 3337 3398 3399
f 3337 3399 3338
f 3338 3399 3400
f 3338 3400 3339
f 3339 3400 3401
f 3339 3401 3340
f 3340 3401 3402
f 3340 3402 3341
f 3341 3402 3403
f 3341 3403 3342
f 3342 3403 3404
f 3342 3404 3343
f 3343 3404 3405
f 3343 3405 3344
f 3344 3405 3406
f 3344 3406 3345
f 3345 3406 3407
f 3345 3407 3346
f 3346 3407 3408
f 3346 3408 3347
f 3347 3408 3409
f 3347 3409 3348
f 3348 3409 3410
f 3348 3410 3349
f 3349 3410 3411
f 3349 3411 3350
f 3350 3411 3412
f 3350 3412 3351
f 3351 3412 3413
f 3351 3413 3352
f 3352 3413 3414
f 3352 3414 3353
f 3353 3414 3415
f 3353 3415 3354
f 3354 3415 3416
f 3354 3416 3355
f 3356 3417 3418
f 3356 3418 3357
f 3357 3418 3419
f 3357 3419 3358
f 3358 3419 3420
f 3358 3420 3359
f 3359 3420 3421
f 3359 3421 3360
f 3360 3421 3422
f 3360 3422 3361
f 3361 3422 3423
f 3361 3423 3362
f 3362 3423 3424
f 3362 3424 3363
f 3363 3424 3425
f 3363 3425 3364
f 3364 3425 3426
f 3364 3426 3365
f 3365 3426 3427
f 3365 3427 3366
f 3366 3427 3428
f 3366 3428 3367
f 3367 3428 3429
f 3367 3429 3368
f 3368 3429 3430
f 3368 3430 3369
f 3369 3430 3431
f 3369 3431 3370
f 3370 3431 3432
f 3370 3432 3371
f 3371 3432 3433
f 3371 3433 3372
f 3372 3433 3434
f 3372 3434 3373
f 3373 3434 3435
f 3373 3435 3374
f 3374 3435 3436
f 3374 3436 3375
f 3375 3436 3437
f 3375 3437 3376
f 3376 3437 3438
f 3376 3438 3377
f 3377 3438 3439
f 3377 3439 3378
f 3378 3439 3440
f 3378 3440 3379
f 3379 3440 3441
f 3379 3441 3380
f 3380 3441 3442
f 3380 3442 3381
f 3381 3442 3443
f 3381 3443 3382
f 3382 3443 3444
f 3382 3444 3383
f 3383 3444 3445
f 3383 3445 3384
f 3384 3445 3446
f 3384 3446 3385
f 3385 3446 3447
f 3385 3447 3386
f 3386 3447 3448
f 3386 3448 3387
f 3387 3448 3449
f 3387 3449 3388
f 3388 3449 3450
f 3388 3450 3389
f 3389 3450 3451
f 3389 3451 3390
f 3390 3451 3452
f 3390 3452 3391
f 3391 3452 3453
f 3391 3453 3392
f 3392 3453 3454
f 3392 3454 3393
f 3393 3454 3455
f 3393 3455 3394
f 3394 3455 3456
f 3394 3456 3395
f 3395 3456 3457
f 3395 3457 3396
f 3396 3457 3458
f 3396 3458 3397
f 3397 3458 3459
f 3397 3459 3398
f 3398 3459 3460
f 3398 3460 3399
f 3399 3460 3461
f 3399 3461 3400
f 3400 3461 3462
f 3400 3462 3401
f 3401 3462 3463
f 3401 3463 3402
f 3402 3463 3464
f 3402 3464 3403
f 3403 3464 3465
f 3403 3465 3404
f 3404 3465 3466
f 3404 3466 3405
f 3405 3466 3467
f 3405 3467 3406
f 3406 3467 3468
f 3406 3468 3407
f 3407 3468 3469
f 3407 3469 3408
f 3408 3469 3470
f 3408 3470 3409
f 3409 3470 3471
f 3409 3471 3410
f 3410 3471 3472
f 3410 3472 3411
f 3411 3472 3473
f 3411 3473 3412
f 3412 3473 3474
f 3412 3474 3413
f 3413 3474 3475
f 3413 3475 3414
f 3414 3475 3476
f 3414 3476 3415
f 3415 3476 3477
f 3415 3477 3416
f 3417 3478 3479
f 3417 3479 3418
f 3418 3479 3480
f 3418 3480 3419
f 3419 3480 3481
f 3419 3481 3420
f 3420 3481 3482
f 3420 3482 3421
f 3421 3482 3483
f 3421 3483 3422
f 3422 3483 3484
f 3422 3484 3423
f 3423 3484 3485
f 3423 3485 3424
f 3424 3485 3486
f 3424 3486 3425
f 3425 3486 3487
f 3425 3487 3426
f 3426 3487 3488
f 3426 3488 3427
f 3427 3488 3489
f 3427 3489 3428
f 3428 3489 3490
f 3428 3490 3429
f 3429 3490 3491
f 3429 3491 3430
f 3430 3491 3492
f 3430 3492 3431
f 3431 3492 3493
f 3431 3493 3432
f 3432 3493 3494
f 3432 3494 3433
f 3433 3494 3495
f 3433 3495 3434
f 3434 3495 3496
f 3434 3496 3435
f 3435 3496 3497
f 3435 3497 3436
f 3436 3497 3498
f 3436 3498 3437
f 3437 3498 3499
f 3437 3499 3438
f 3438 3499 3500
f 3438 3500 3439
f 3439 3500 3501
f 3439 3501 3440
f 3440 3501 3502
f 3440 3502 3441
f 3441 3502 3503
f 3441 3503 3442
f 3442 3503 3504
f 3442 3504 3443
f 3443 3504 3505
f 3443 3505 3444
f 3444 3505 3506
f 3444 3506 3445
f 3445 3506 3507
f 3445 3507 3446
f 3446 3507 3508
f 3446 3508 3447
f 3447 3508 3509
f 3447 3509 3448
f 3448 3509 3510
f 3448 3510 3449
f 3449 3510 3511
f 3449 3511 3450
f 3450 3511 3512
f 3450 3512 3451
f 3451 3512 3513
f 3451 3513 3452
f 3452 3513 3514
f 3452 3514 3453
f 3453 3514 3515
f 3453 3515 3454
f 3454 3515 3516
f 3454 3516 3455
f 3455 3516 3517
f 3455 3517 3456
f 3456 3517 3518
f 3456 3518 3457
f 3457 3518 3519
f 3457 3519 3458
f 3458 3519 3520
f 3458 3520 3459
f 3459 3520 3521
f 3459 3521 3460
f 3460 3521 3522
f 3460 3522 3461
f 3461 3522 3523
f 3461 3523 3462
f 3462 3523 3524
f 3462 3524 3463
f 3463 3524 3525
f 3463 3525 3464
f 3464 3525 3526
f 3464 3526 3465
f 3465 3526 3527
f 3465 3527 3466
f 3466 3527 3528
f 3466 3528 3467
f 3467 3528 3529
f 3467 3529 3468
f 3468 3529 3530
f 3468 3530 3469
f 3469 3530 3531
f 3469 3531 3470
f 3470 3531 3532
f 3470 3532 3471
f 3471 3532 3533
f 3471 3533 3472
f 3472 3533 3534
f 3472 3534 3473
f 3473 3534 3535
f 3473 3535 3474
f 3474 3535 3536
f 3474 3536 3475
f 3475 3536 3537
f 3475 3537 3476
f 3476 3537 3538
f 3476 3538 3477
f 3478 3539 3540
f 3478 3540 3479
f 3479 3540 3541
f 3479 3541 3480
f 3480 3541 3542
f 3480 3542 3481
f 3481 3542 3543
f 3481 3543 3482
f 3482 3543 3544
f 3482 3544 3483
f 3483 3544 3545
f 3483 3545 3484
f 3484 3545 3546
f 3484 3546 3485
f 3485 3546 3547
f 3485 3547 3486
f 3486 3547 3548
f 3486 3548 3487
f 3487 3548 3549
f 3487 3549 3488
f 3488 3549 3550
f 3488 3550 3489
f 3489 3550 3551
f 3489 3551 3490
f 3490 3551 3552
f 3490 3552 3491
f 3491 3552 3553
f 3491 3553 3492
f 3492 3553 3554
f 3492 3554 3493
f 3493 3554 3555
f 3493 3555 3494
f 3494 3555 3556
f 3494 3556 3495
f 3495 3556 3557
f 3495 3557 3496
f 3496 3557 3558
f 3496 3558 3497
f 3497 3558 3559
f 3497 3559 3498
f 3498 3559 3560
f 3498 3560 3499
f 3499 3560 3561
f 3499 3561 3500
f 3500 3561 3562
f 3500 3562 3501
f 3501 3562 3563
f 3501 3563 3502
f 3502 3563 3564
f 3502 3564 3503
f 3503 3564 3565
f 3503 3565 3504
f 3504 3565 3566
f 3504 3566 3505
f 3505 3566 3567
f 3505 3567 3506
f 3506 3567 3568
f 3506 3568 3507
f 3507 3568 3569
f 3507 3569 3508
f 3508 3569 3570
f 3508 3570 3509
f 3509 3570 3571
f 3509 3571 3510
f 3510 3571 3572
f 3510 3572 3511
f 3511 3572 3573
f 3511 3573 3512
f 3512 3573 3574
f 3512 3574 3513
f 3513 3574 3575
f 3513 3575 3514
f 3514 3575 3576
f 3514 3576 3515
f 3515 3576 3577
f 3515 3577 3516
f 3516 3577 3578
f 3516 3578 3517
f 3517 3578 3579
f 3517 3579 3518
f 3518 3579 3580
f 3518 3580 3519
f 3519 3580 3581
f 3519 3581 3520
f 3520 3581 3582
f 3520 3582 3521
f 3521 3582 3583
f 3521 3583 3522
f 3522 3583 3584
f 3522 3584 3523
f 3523 3584 3585
f 3523 3585 3524
f 3524 3585 3586
f 3524 3586 3525
f 3525 3586 3587
f 3525 3587 3526
f 3526 3587 3588
f 3526 3588 3527
f 3527 3588 3589
f 3527 3589 3528
f 3528 3589 3590
f 3528 3590 3529
f 3529 3590 3591
f 3529 3591 3530
f 3530 3591 3592
f 3530 3592 3531
f 3531 3592 3593
f 3531 3593 3532
f 3532 3593 3594
f 3532 3594 3533
f 3533 3594 3595
f 3533 3595 3534
f 3534 3595 3596
f 3534 3596 3535
f 3535 3596 3597
f 3535 3597 3536
f 3536 3597 3598
f 3536 3598 3537
f 3537 3598 3599
f 3537 3599 3538
f 3539 3600 3601
f 3539 3601 3540
f 3540 3601 3602
f 3540 3602 3541
f 3541 3602 3603
f 3541 3603 3542
f 3542 3603 3604
f 3542 3604 3543
f 3543 3604 3605
f 3543 3605 3544
f 3544 3605 3606
f 3544 3606 3545
f 3545 3606 3607
f 3545 3607 3546
f 3546 3607 3608
f 3546 3608 3547
f 3547 3608 3609
f 3547 3609 3548
f 3548 3609 3610
f 3548 3610 3549
f 3549 3610 3611
f 3549 3611 3550
f 3550 3611 3612
f 3550 3612 3551
f 3551 3612 3613
f 3551 3613 3552
f 3552 3613 3614
f 3552 3614 3553
f 3553 3614 3615
f 3553 3615 3554
f 3554 3615 3616
f 3554 3616 3555
f 3555 3616 3617
f 3555 3617 3556
f 3556 3617 3618
f 3556 3618 3557
f 3557 3618 3619
f 3557 3619 3558
f 3558 3619 3620
f 3558 3620 3559
f 3559 3620 3621
f 3559 3621 3560
f 3560 3621 3622
f 3560 3622 3561
f 3561 3622 3623
f 3561 3623 3562
f 3562 3623 3624
f 3562 3624 3563
f 3563 3624 3625
f 3563 3625 3564
f 3564 3625 3626
f 3564 3626 3565
f 3565 3626 3627
f 3565 3627 3566
f 3566 3627 3628
f 3566 3628 3567
f 3567 3628 3629
f 3567 3629 3568
f 3568 3629 3630
f 3568 3630 3569
f 3569 3630 3631
f 3569 3631 3570
f 3570 3631 3632
f 3570 3632 3571
f 3571 3632 3633
f 3571 3633 3572
f 3572 3633 3634
f 3572 3634 3573
f 3573 3634 3635
f 3573 3635 3574
f 3574 3635 3636
f 3574 3636 3575
f 3575 3636 3637
f 3575 3637 3576
f 3576 3637 3638
f 3576 3638 3577
f 3577 3638 3639
f 3577 3639 3578
f 3578 3639 3640
f 3578 3640 3579
f 3579 3640 3641
f 3579 3641 3580
f 3580 3641 3642
f 3580 3642 3581
f 3581 3642 3643
f 3581 3643 3582
f 3582 3643 3644
f 3582 3644 3583
f 3583 3644 3645
f 3583 3645 3584
f 3584 3645 3646
f 3584 3646 3585
f 3585 3646 3647
f 3585 3647 3586
f 3586 3647 3648
f 3586 3648 3587
f 3587 3648 3649
f 3587 3649 3588
f 3588 3649 3650
f 3588 3650 3589
f 3589 3650 3651
f 3589 3651 3590
f 3590 3651 3652
f 3590 3652 3591
f 3591 3652 3653
f 3591 3653 3592
f 3592 3653 3654
f 3592 3654 3593
f 3593 3654 3655
f 3593 3655 3594
f 3594 3655 3656
f 3594 3656 3595
f 3595 3656 3657
f 3595 3657 3596
f 3596 3657 3658
f 3596 3658 3597
f 3597 3658 3659
f 3597 3659 3598
f 3598 3659 3660
f 3598 3660 3599
f 3600 3661 3662
f 3600 3662 3601
f 3601 3662 3663
f 3601 3663 3602
f 3602 3663 3664
f 3602 3664 3603
f 3603 3664 3665
f 3603 3665 3604
f 3604 3665 3666
f 3604 3666 3605
f 3605 3666 3667
f 3605 3667 3606
f 3606 3667 3668
f 3606 3668 3607
f 3607 3668 3669
f 3607 3669 3608
f 3608 3669 3670
f 3608 3670 3609
f 3609 3670 3671
f 3609 3671 3610
f 3610 3671 3672
f 3610 3672 3611
f 3611 3672 3673
f 3611 3673 3612
f 3612 3673 3674
f 3612 3674 3613
f 3613 3674 3675
f 3613 3675 3614
f 3614 3675 3676
f 3614 3676 3615
f 3615 3676 3677
f 3615 3677 3616
f 3616 3677 3678
f 3616 3678 3617
f 3617 3678 3679
f 3617 3679 3618
f 3618 3679 3680
f 3618 3680 3619
f 3619 3680 3681
f 3619 3681 3620
f 3620 3681 3682
f 3620 3682 3621
f 3621 3682 3683
f 3621 3683 3622
f 3622 3683 3684
f 3622 3684 3623
f 3623 3684 3685
f 3623 3685 3624
f 3624 3685 3686
f 3624 3686 3625
f 3625 3686 3687
f 3625 3687 3626
f 3626 3687 3688
f 3626 3688 3627
f 3627 3688 3689
f 3627 3689 3628
f 3628 3689 3690
f 3628 3690 3629
f 3629 3690 3691
f 3629 3691 3630
f 3630 3691 3692
f 3630 3692 3631
f 3631 3692 3693
f 3631 3693 3632
f 3632 3693 3694
f 3632 3694 3633
f 3633 3694 3695
f 3633 3695 3634
f 3634 3695 3696
f 3634 3696 3635
f 3635 3696 3697
f 3635 3697 3636
f 3636 3697 3698
f 3636 3698 3637
f 3637 3698 3699
f 3637 3699 3638
f 3638 3699 3700
f 3638 3700 3639
f 3639 3700 3701
f 3639 3701 3640
f 3640 3701 3702
f 3640 3702 3641
f 3641 3702 3703
f 3641 3703 3642
f 3642 3703 3704
f 3642 3704 3643
f 3643 3704 3705
f 3643 3705 3644
f 3644 3705 3706
f 3644 3706 3645
f 3645 3706 3707
f 3645 3707 3646
f 3646 3707 3708
f 3646 3708 3647
f 3647 3708 3709
f 3647 3709 3648
f 3648 3709 3710
f 3648 3710 3649
f 3649 3710 3711
f 3649 3711 3650
f 3650 3711 3712
f 3650 3712 3651
f 3651 3712 3713
f 3651 3713 3652
f 3652 3713 3714
f 3652 3714 3653
f 3653 3714 3715
f 3653 3715 3654
f 3654 3715 3716
f 3654 3716 3655
f 3655 3716 3717
f 3655 3717 3656
f 3656 3717 3718
f 3656 3718 3657
f 3657 3718 3719
f 3657 3719 3658
f 3658 3719 3720
f 3658 3720 3659
f 3659 3720 3721
f 3659 3721 3660
